kommune;kommunenavn;aargang;funksjon;eid_areal_m2;portefoljeareal_m2;drift_kr;energi_kr;renhold_kr;vedlikehold_kr;forvaltning_kr;drift_kr_m2;energi_kr_m2;renhold_kr_m2;ovrig_drift_kr_m2;vedlikehold_kr_m2;forvaltning_kr_m2;dv_kr_m2;fdv_kr_m2;energibruk_kwh;kwh_m2;fornybarandel;implisitt_energipris_kr_kwh;flagg_kostnad;flagg_energi
0301;Oslo - Oslove;2021;130;38273.0;2215313.0;40465000.0;11096000.0;-4364000.0;36161000.0;347871000.0;1057.2727510255272;289.9171739868837;-114.02294045410603;881.3785174927494;944.8174953622658;157.0301803853451;2002.090246387793;2159.120426773138;5441000.0;142.16288244976877;1.0;2.0393310053299025;renhold_urimelig_lav;
1101;Eigersund;2021;130;3377.0;49605.0;2752000.0;1112000.0;596000.0;-56000.0;5857000.0;814.9244891915902;329.28634883032277;176.4880071068996;309.1501332543678;-16.58276576843352;118.07277492188287;798.3417234231566;916.4144983450395;534000.0;158.12851643470535;1.0;2.0823970037453186;vedlikehold_negativ;
1103;Stavanger;2021;130;54874.0;654771.0;23854000.0;2917000.0;7537000.0;6229000.0;56814000.0;434.7049604548602;53.15814411196559;137.3510223420928;244.19579400080184;113.51459707693989;86.76926742326707;548.2195575318001;634.9888249550671;6684000.0;121.80631993293727;0.9902752842609216;0.43641532016756435;;implisitt_pris_utenfor
1106;Haugesund;2021;130;5658.0;135720.0;10712000.0;2522000.0;2497000.0;2919000.0;2390000.0;1893.2484977023682;445.74054436196536;441.32202191587135;1006.1859314245316;515.9066808059385;17.60978485116416;2409.155178508307;2426.764963359471;2592000.0;458.11240721102865;1.0;0.9729938271604938;;kwh_uteligger
1108;Sandnes;2021;130;13430.0;293027.0;12641000.0;1067000.0;2722000.0;-2875000.0;26812000.0;941.2509307520477;79.44899478778854;202.68056589724497;659.1213700670141;-214.0729709605361;91.5001006733168;727.1779597915115;818.6780604648283;1818000.0;135.3685778108712;1.0;0.5869086908690869;vedlikehold_negativ;
1111;Sokndal;2021;130;3800.0;22253.0;3691000.0;1079000.0;887000.0;94000.0;933000.0;971.3157894736842;283.94736842105266;233.42105263157896;453.94736842105266;24.736842105263158;41.926931200287605;996.0526315789474;1037.979562779235;897000.0;236.05263157894737;1.0;1.2028985507246377;;
1112;Lund;2021;130;2238.0;23592.0;774000.0;436000.0;90000.0;1000.0;67000.0;345.84450402144773;194.81680071492403;40.21447721179624;110.81322609472744;0.44682752457551383;2.8399457443201084;346.29133154602323;349.13127729034335;330000.0;147.45308310991956;1.0;1.3212121212121213;renhold_urimelig_lav;
1114;Bjerkreim;2021;130;1772.0;17774.0;1210000.0;333000.0;426000.0;49000.0;277000.0;682.8442437923251;187.9232505643341;240.40632054176072;254.51467268623026;27.65237020316027;15.584561719365364;710.4966139954853;726.0811757148507;236000.0;133.18284424379232;1.0;1.4110169491525426;;
1119;Hå;2021;130;7075.0;88382.0;6324000.0;1516000.0;1956000.0;1612000.0;1608000.0;893.851590106007;214.2756183745583;276.46643109540634;403.1095406360424;227.84452296819788;18.193749858568488;1121.696113074205;1139.8898629327734;828000.0;117.03180212014134;1.0;1.8309178743961352;;
1120;Klepp;2021;130;4155.0;88416.0;2302000.0;810000.0;722000.0;35000.0;2884000.0;554.0312876052948;194.94584837545128;173.7665463297232;185.31889290012035;8.42358604091456;32.61853058269996;562.4548736462094;595.0734042289093;866000.0;208.42358604091456;1.0;0.9353348729792149;;
1121;Time;2021;130;7530.0;87156.0;2192000.0;477000.0;535000.0;170000.0;7226000.0;291.1022576361222;63.34661354581673;71.04913678618858;156.70650730411685;22.57636122177955;82.9088071962917;313.6786188579017;396.58742605419343;981000.0;130.27888446215138;0.9745158002038736;0.48623853211009177;;implisitt_pris_utenfor
1122;Gjesdal;2021;130;5956.0;62152.0;2180000.0;506000.0;427000.0;136000.0;2981000.0;366.01746138347886;84.95634654130289;71.69241101410343;209.36870382807254;22.834116856950974;47.96305830866263;388.85157824042983;436.8146365490925;791000.0;132.80725319006044;1.0;0.6396965865992416;;
1124;Sola;2021;130;16317.0;175554.0;10511000.0;3895000.0;1836000.0;4814000.0;12830000.0;644.1747870319299;238.708095850953;112.52068394925537;292.9460072317215;295.02972360115217;73.08292605124349;939.204510633082;1012.2874366843255;1754000.0;107.49525035239321;1.0;2.2206385404789053;;
1127;Randaberg;2021;130;6884.0;64168.0;-3181000.0;-5538000.0;1485000.0;463000.0;1693000.0;-462.08599651365483;-804.4741429401511;215.71760604299826;126.67054038349796;67.25740848343986;26.383867348210945;-394.828588030215;-368.444720682004;1000000.0;145.2643811737362;1.0;-5.537999999999999;drift_null|drift_urimelig_lav|energi_urimelig_lav;implisitt_pris_utenfor
1130;Strand;2021;130;6602.0;83447.0;3530000.0;1021000.0;610000.0;720000.0;1252000.0;534.6864586488942;154.65010602847622;92.3962435625568;287.64010905786125;109.0578612541654;15.003535178017184;643.7443199030597;658.7478550810769;656000.0;99.36382914268404;1.0;1.5564024390243902;;
1133;Hjelmeland;2021;130;2738.0;26169.0;593000.0;-199000.0;-1448000.0;391000.0;607000.0;216.58144631117605;-72.68078889700512;-528.8531775018262;818.1154127100073;142.80496712929144;23.195383851121555;359.3864134404675;382.58179729158906;325000.0;118.69978086194303;1.0;-0.6123076923076923;energi_urimelig_lav|renhold_urimelig_lav;implisitt_pris_utenfor
1134;Suldal;2021;130;4710.0;36909.0;2497000.0;802000.0;674000.0;530000.0;1096000.0;530.1486199575371;170.276008492569;143.09978768577494;216.7728237791932;112.52653927813164;29.694654420331084;642.6751592356688;672.3698136559999;670000.0;142.25053078556263;1.0;1.1970149253731344;;
1135;Sauda;2021;130;960.0;26048.0;978000.0;189000.0;405000.0;128000.0;130000.0;1018.75;196.875;421.875;400.0;133.33333333333334;4.990786240786241;1152.0833333333333;1157.0741195741195;160000.0;166.66666666666666;1.0;1.1812500000000001;;
1144;Kvitsøy;2021;130;363.0;6554.0;880000.0;200000.0;92000.0;162000.0;144000.0;2424.242424242424;550.9641873278237;253.4435261707989;1619.8347107438017;446.2809917355372;21.97131522734208;2870.5234159779616;2892.4947312053037;114000.0;314.0495867768595;1.0;1.7543859649122806;areal_for_lite;areal_for_lite
1145;Bokn;2021;130;1600.0;11268.0;557000.0;119000.0;99000.0;589000.0;133000.0;348.125;74.375;61.875;211.875;368.125;11.803336883209088;716.25;728.0533368832091;210000.0;131.25;1.0;0.5666666666666667;;
1146;Tysvær;2021;130;5640.0;65010.0;1337000.0;260000.0;267000.0;200000.0;4974000.0;237.05673758865248;46.09929078014184;47.340425531914896;143.61702127659575;35.46099290780142;76.51130595293031;272.5177304964539;349.0290364493842;861000.0;152.6595744680851;1.0;0.3019744483159117;renhold_urimelig_lav;implisitt_pris_utenfor
1149;Karmøy;2021;130;6245.0;164404.0;2686000.0;806000.0;450000.0;1164000.0;6813000.0;430.1040832666133;129.0632506004804;72.05764611689351;228.98318654923938;186.38911128903123;41.44059755237099;616.4931945556445;657.9337921080155;829000.0;132.74619695756604;1.0;0.9722557297949338;;
1151;Utsira;2021;130;640.0;3280.0;588000.0;120000.0;102000.0;163000.0;78000.0;918.75;187.5;159.375;571.875;254.6875;23.78048780487805;1173.4375;1197.217987804878;133000.0;207.8125;1.0;0.9022556390977443;;
1160;Vindafjord;2021;130;4811.0;50120.0;2847000.0;927000.0;505000.0;434000.0;2635000.0;591.7688630222407;192.68343379754728;104.96778216586988;294.11764705882354;90.20993556433174;52.57382282521947;681.9787985865725;734.552621411792;598000.0;124.29848264394097;1.0;1.5501672240802675;;
1505;Kristiansund;2021;130;6702.0;113101.0;5190000.0;1971000.0;939000.0;4260000.0;8049000.0;774.3957027752909;294.09131602506716;140.10743061772604;340.19695613249775;635.6311548791406;71.16647951830664;1410.0268576544315;1481.1933371727382;1193000.0;178.0065652044166;1.0;1.6521374685666388;;
1506;Molde;2021;130;4550.0;165430.0;10570000.0;1921000.0;2677000.0;1299000.0;10595000.0;2323.076923076923;422.1978021978022;588.3516483516484;1312.5274725274726;285.4945054945055;64.0452154990026;2608.5714285714284;2672.616644070431;424000.0;93.18681318681318;1.0;4.530660377358491;;implisitt_pris_utenfor
1507;Ålesund (2020-2023);2021;130;5218.0;244468.0;9589000.0;1011000.0;3718000.0;5930000.0;16723000.0;1837.6772709850518;193.75239555385204;712.5335377539287;931.3913376772709;1136.4507474128018;68.40568090711258;2974.128018397854;3042.5336993049664;4817000.0;923.1506324262169;1.0;0.20988166908864436;DV_uteligger_hoy;kwh_urimelig_hoy|implisitt_pris_utenfor
1511;Vanylven;2021;130;1800.0;21076.0;652000.0;169000.0;299000.0;27000.0;157000.0;362.22222222222223;93.88888888888889;166.11111111111111;102.22222222222223;15.0;7.44923135319795;377.22222222222223;384.6714535754202;192000.0;106.66666666666667;1.0;0.8802083333333333;;
1514;Sande;2021;130;1607.0;23917.0;1153000.0;222000.0;419000.0;133000.0;870000.0;717.4859987554449;138.14561294337275;260.73428749222154;318.6060983198507;82.76291225886746;36.37579964042313;800.2489110143124;836.6247106547355;238000.0;148.10205351586808;1.0;0.9327731092436975;;
1515;Herøy (Møre og Romsdal);2021;130;3875.0;45916.0;1068000.0;319000.0;2000.0;604000.0;5413000.0;275.61290322580646;82.3225806451613;0.5161290322580645;192.7741935483871;155.8709677419355;117.88918895374161;431.48387096774195;549.3730599214836;531000.0;137.03225806451613;1.0;0.60075329566855;renhold_urimelig_lav;
1516;Ulstein;2021;130;5721.0;49406.0;928000.0;329000.0;123000.0;136000.0;3945000.0;162.20940395035834;57.507428771193844;21.499737808075512;83.20223737108897;23.772067820311136;79.84860138444724;185.98147177066946;265.8300731551167;680000.0;118.86033910155567;1.0;0.4838235294117647;drift_urimelig_lav|renhold_urimelig_lav;implisitt_pris_utenfor
1517;Hareid;2021;130;7278.0;41277.0;3733000.0;629000.0;0.0;1255000.0;5484000.0;512.9156361637813;86.42484198955756;0.0;426.4907941742237;172.4374828249519;132.8584926230104;685.3531189887332;818.2116116117436;956000.0;131.35476779334982;1.0;0.6579497907949791;renhold_urimelig_lav;
1520;Ørsta;2021;130;8557.0;62596.0;1788000.0;630000.0;552000.0;1112000.0;3143000.0;208.9517354212925;73.62393362159635;64.50858945892251;70.81921234077363;129.95208601145262;50.210876094319126;338.90382143274513;389.11469752706427;780000.0;91.15344162673834;1.0;0.8076923076923077;;
1525;Stranda;2021;130;359.0;32077.0;1639000.0;498000.0;762000.0;0.0;80000.0;4565.459610027855;1387.1866295264624;2122.5626740947077;1055.7103064066853;0.0;2.4939988153505626;4565.459610027855;4567.953608843206;84000.0;233.983286908078;1.0;5.928571428571429;areal_for_lite;areal_for_lite|implisitt_pris_utenfor
1528;Sykkylven;2021;130;1457.0;29485.0;766000.0;48000.0;290000.0;106000.0;1365000.0;525.7378174330817;32.94440631434454;199.03912148249827;293.75428963623887;72.7522306108442;46.29472613193149;598.4900480439259;644.7847741758574;240000.0;164.7220315717227;1.0;0.19999999999999998;energi_urimelig_lav;implisitt_pris_utenfor
1531;Sula;2021;130;3436.0;49373.0;726000.0;255000.0;175000.0;227000.0;4073000.0;211.29220023282886;74.21420256111757;50.93131548311991;86.14668218859138;66.06519208381839;82.49448078909525;277.3573923166473;359.8518731057425;378000.0;110.011641443539;1.0;0.6746031746031745;;
1532;Giske;2021;130;5176.0;42930.0;2010000.0;574000.0;520000.0;481000.0;1398000.0;388.3307573415765;110.89644513137559;100.46367851622875;176.9706336939722;92.92890262751159;32.56464011180992;481.2596599690881;513.824300080898;673000.0;130.02318392581142;1.0;0.8528974739970284;;
1535;Vestnes;2021;130;6231.0;47292.0;1665000.0;588000.0;598000.0;176000.0;5342000.0;267.21232546942707;94.36687530091478;95.97175413256299;76.87369603594928;28.245867437008506;112.95779413008543;295.45819290643556;408.41598703652096;1117000.0;179.26496549510512;1.0;0.5264100268576545;;
1539;Rauma;2021;130;6407.0;52665.0;2664000.0;900000.0;775000.0;201000.0;1719000.0;415.79522397377866;140.47135945060091;120.96144841579522;154.36241610738256;31.371936943967537;32.64027342637425;447.16716091774623;479.80743434412045;999000.0;155.923208990167;1.0;0.9009009009009009;;
1547;Aukra;2021;130;1925.0;24230.0;817000.0;335000.0;256000.0;95000.0;686000.0;424.4155844155844;174.02597402597402;132.98701298701297;117.40259740259741;49.35064935064935;28.31200990507635;473.76623376623377;502.07824367131013;691000.0;358.961038961039;1.0;0.48480463096960924;;implisitt_pris_utenfor
1554;Averøy;2021;130;742.0;21461.0;1549000.0;240000.0;395000.0;243000.0;1406000.0;2087.6010781671157;323.45013477088946;532.345013477089;1231.8059299191375;327.4932614555256;65.51418852802759;2415.0943396226417;2480.6085281506694;68000.0;91.64420485175202;1.0;3.5294117647058822;;implisitt_pris_utenfor
1557;Gjemnes;2021;130;1260.0;18282.0;834000.0;297000.0;265000.0;104000.0;474000.0;661.9047619047619;235.71428571428572;210.31746031746033;215.87301587301587;82.53968253968254;25.927141450607156;744.4444444444445;770.3715858950516;536000.0;425.3968253968254;1.0;0.5541044776119403;;kwh_uteligger
1560;Tingvoll;2021;130;2575.0;26639.0;1761000.0;439000.0;382000.0;89000.0;1747000.0;683.8834951456311;170.48543689320388;148.3495145631068;365.0485436893204;34.56310679611651;65.58053981005293;718.4466019417475;784.0271417518004;392000.0;152.23300970873785;1.0;1.1198979591836735;;
1563;Sunndal;2021;130;3700.0;47587.0;811000.0;293000.0;200000.0;679000.0;3511000.0;219.1891891891892;79.1891891891892;54.054054054054056;85.94594594594595;183.51351351351352;73.780654380398;402.7027027027027;476.4833570831007;449000.0;121.35135135135135;1.0;0.6525612472160357;;
1566;Surnadal;2021;130;3960.0;33305.0;3742000.0;484000.0;1030000.0;27000.0;949000.0;944.9494949494949;122.22222222222223;260.1010101010101;562.6262626262626;6.818181818181818;28.494220087074012;951.7676767676768;980.2618968547508;398000.0;100.5050505050505;1.0;1.2160804020100504;;
1573;Smøla;2021;130;1890.0;15864.0;1099000.0;217000.0;377000.0;416000.0;0.0;581.4814814814815;114.81481481481481;199.47089947089947;267.1957671957672;220.1058201058201;0.0;801.5873015873016;801.5873015873016;251000.0;132.8042328042328;1.0;0.8645418326693226;;
1576;Aure;2021;130;2880.0;24457.0;6768000.0;440000.0;515000.0;2012000.0;0.0;2350.0;152.77777777777777;178.81944444444446;2018.4027777777778;698.6111111111111;0.0;3048.6111111111113;3048.6111111111113;340000.0;118.05555555555556;1.0;1.2941176470588234;DV_uteligger_hoy;
1577;Volda;2021;130;5466.0;50666.0;2581000.0;512000.0;958000.0;341000.0;9732000.0;472.19173069886574;93.66995975118917;175.26527625320162;203.25649469447492;62.3856567874131;192.0814747562468;534.5773874862788;726.6588622425256;690000.0;126.23490669593853;1.0;0.7420289855072464;;
1578;Fjord;2021;130;6076.0;36681.0;2342000.0;353000.0;978000.0;111000.0;0.0;385.45095457537855;58.09743252139565;160.9611586570112;166.3923633969717;18.26859776168532;0.0;403.7195523370639;403.7195523370639;593000.0;97.59710335747202;1.0;0.5952782462057336;;
1579;Hustadvika;2021;130;3029.0;62784.0;1530000.0;464000.0;544000.0;132000.0;3551000.0;505.11720039617035;153.18586992406736;179.59722680752725;172.33410366457576;43.578738857708814;56.558995922528034;548.6959392538791;605.2549351764072;396000.0;130.73621657312646;1.0;1.1717171717171717;;
1804;Bodø;2021;130;21311.0;237514.0;8813000.0;2653000.0;2356000.0;1120000.0;38952000.0;413.54230209750835;124.48970015484961;110.55323541832857;178.49936652433016;52.55501853502886;163.99875375767323;466.09732063253716;630.0960743902103;2895000.0;135.8453380883112;1.0;0.9164075993091538;;
1806;Narvik;2021;130;16949.0;131797.0;5393000.0;1191000.0;39000.0;123000.0;8372000.0;318.1898637087734;70.26963242669184;2.301020709186383;245.61921057289516;7.257065313587822;63.52193145519246;325.4469290223612;388.9688604775537;4237000.0;249.9852498672488;0.8428133113051688;0.28109511446778385;renhold_urimelig_lav;implisitt_pris_utenfor
1811;Bindal;2021;130;2288.0;11717.0;1601000.0;283000.0;730000.0;145000.0;319000.0;699.7377622377622;123.68881118881119;319.05594405594405;256.993006993007;63.37412587412587;27.225398992916276;763.1118881118881;790.3372871048044;364000.0;159.0909090909091;1.0;0.7774725274725275;;
1812;Sømna;2021;130;1202.0;15456.0;1281000.0;185000.0;261000.0;97000.0;0.0;1065.7237936772046;153.91014975041597;217.13810316139768;694.675540765391;80.69883527454243;0.0;1146.4226289517471;1146.4226289517471;187000.0;155.57404326123128;1.0;0.9893048128342246;;
1813;Brønnøy;2021;130;4567.0;45663.0;1726000.0;324000.0;0.0;508000.0;2110000.0;377.9286183490256;70.9437267352748;0.0;306.98489161375085;111.23275673308518;46.2080897006329;489.1613750821108;535.3694647827436;785000.0;171.88526384935406;1.0;0.4127388535031847;renhold_urimelig_lav;implisitt_pris_utenfor
1815;Vega;2021;130;1700.0;12500.0;691000.0;201000.0;0.0;106000.0;0.0;406.47058823529414;118.23529411764706;0.0;288.2352941176471;62.35294117647059;0.0;468.8235294117647;468.8235294117647;206000.0;121.17647058823529;1.0;0.9757281553398058;renhold_urimelig_lav;
1816;Vevelstad;2021;130;990.0;4662.0;346000.0;94000.0;0.0;190000.0;0.0;349.4949494949495;94.94949494949495;0.0;254.54545454545453;191.91919191919192;0.0;541.4141414141415;541.4141414141415;94000.0;94.94949494949495;1.0;1.0;renhold_urimelig_lav;
1818;Herøy (Nordland);2021;130;1811.0;12524.0;1438000.0;242000.0;567000.0;234000.0;20000.0;794.0364439536168;133.62782992821644;313.0866924351187;347.3219215902816;129.21038100496963;1.5969338869370808;923.2468249585864;924.8437588455236;305000.0;168.4152401987852;1.0;0.7934426229508196;;
1820;Alstahaug;2021;130;9900.0;50587.0;4054000.0;1069000.0;1260000.0;1216000.0;4634000.0;409.4949494949495;107.97979797979798;127.27272727272727;174.24242424242425;122.82828282828282;91.60456243698974;532.3232323232323;623.927794760222;1540000.0;155.55555555555554;1.0;0.6941558441558442;;
1822;Leirfjord;2021;130;1270.0;10178.0;990000.0;283000.0;152000.0;40000.0;976000.0;779.5275590551181;222.83464566929135;119.68503937007874;437.00787401574803;31.496062992125985;95.89310277068186;811.0236220472441;906.9167248179259;350000.0;275.59055118110234;1.0;0.8085714285714287;;
1824;Vefsn;2021;130;7200.0;75600.0;3424000.0;569000.0;593000.0;909000.0;6383000.0;475.55555555555554;79.02777777777777;82.36111111111111;314.1666666666667;126.25;84.43121693121694;601.8055555555555;686.2367724867725;1217000.0;169.02777777777777;1.0;0.4675431388660641;;implisitt_pris_utenfor
1826;Hattfjelldal - Aarborte;2021;130;3057.0;18371.0;1227000.0;262000.0;273000.0;509000.0;626000.0;401.3738959764475;85.70493948315342;89.30323846908735;226.36571802420673;166.50310762185148;34.07544499482881;567.877003598299;601.9524485931278;737000.0;241.0860320575728;1.0;0.35549525101763907;;implisitt_pris_utenfor
1827;Dønna;2021;130;2140.0;13640.0;1610000.0;371000.0;320000.0;246000.0;1715000.0;752.3364485981308;173.3644859813084;149.53271028037383;429.4392523364486;114.95327102803738;125.73313782991202;867.2897196261682;993.0228574560803;102000.0;47.66355140186916;1.0;3.6372549019607843;;kwh_urimelig_lav|implisitt_pris_utenfor
1832;Hemnes;2021;130;2310.0;34733.0;2362000.0;180000.0;995000.0;488000.0;348000.0;1022.5108225108225;77.92207792207792;430.7359307359307;513.8528138528138;211.25541125541125;10.019290012380157;1233.7662337662337;1243.7855237786139;783000.0;338.961038961039;1.0;0.22988505747126434;;implisitt_pris_utenfor
1833;Rana;2021;130;4713.0;105614.0;1548000.0;645000.0;474000.0;193000.0;8412000.0;328.45321451304903;136.85550604710375;100.57288351368555;91.0248249522597;40.95056227455973;79.64853144469483;369.40377678760876;449.0523082323036;846000.0;179.50350095480584;1.0;0.7624113475177305;;
1834;Lurøy;2021;130;2469.0;22619.0;988000.0;443000.0;85000.0;841000.0;0.0;400.1620089104901;179.42486836776024;34.426893479141356;186.3102470635885;340.6237343053868;0.0;740.7857432158769;740.7857432158769;319000.0;129.20210611583636;1.0;1.38871473354232;renhold_urimelig_lav;
1835;Træna;2021;130;535.0;5050.0;1340000.0;0.0;111000.0;11000.0;193000.0;2504.6728971962616;0.0;207.47663551401868;2297.196261682243;20.560747663551403;38.21782178217822;2525.233644859813;2563.4514666419914;100000.0;186.9158878504673;1.0;0.0;energi_urimelig_lav;implisitt_pris_utenfor
1836;Rødøy;2021;130;1140.0;15719.0;655000.0;117000.0;277000.0;175000.0;0.0;574.561403508772;102.63157894736842;242.98245614035088;228.94736842105263;153.50877192982455;0.0;728.0701754385965;728.0701754385965;123000.0;107.89473684210526;1.0;0.951219512195122;;
1837;Meløy;2021;130;2714.0;41893.0;1611000.0;435000.0;443000.0;46000.0;3287000.0;593.5887988209286;160.28002947678704;163.2277081798084;270.0810611643331;16.949152542372882;78.46179552669898;610.5379513633014;688.9997468900004;427000.0;157.33235077376565;1.0;1.018735362997658;;
1838;Gildeskål;2021;130;2259.0;23660.0;2300000.0;571000.0;382000.0;2000.0;940000.0;1018.1496237273129;252.7667109340416;169.10137228862328;596.2815405046481;0.8853474988933157;39.7295012679628;1019.0349712262063;1058.764472494169;435000.0;192.56308100929616;1.0;1.3126436781609194;;
1839;Beiarn;2021;130;2160.0;11285.0;1311000.0;304000.0;785000.0;231000.0;707000.0;606.9444444444445;140.74074074074073;363.4259259259259;102.77777777777777;106.94444444444444;62.64953478068232;713.8888888888889;776.5384236695712;470000.0;217.59259259259258;1.0;0.6468085106382979;;
1840;Saltdal;2021;130;1797.0;32861.0;3111000.0;333000.0;670000.0;272000.0;1309000.0;1731.2186978297161;185.30884808013354;372.8436282693378;1173.0662214802448;151.3633834168058;39.83445421624418;1882.582081246522;1922.4165354627662;392000.0;218.14134668892598;1.0;0.8494897959183674;;
1841;Fauske - Fuossko;2021;130;4233.0;43007.0;2390000.0;607000.0;810000.0;100000.0;13079000.0;564.611386723364;143.3971178832979;191.35364989369242;229.86061894637373;23.623907394283016;304.11328388401887;588.2352941176471;892.3485780016659;1006000.0;237.65650838648713;1.0;0.6033797216699801;;
1845;Sørfold;2021;130;3459.0;20055.0;2502000.0;322000.0;1305000.0;239000.0;166000.0;723.3304423243712;93.0904885805146;377.27666955767563;252.96328418618097;69.095114194854;8.277237596609325;792.4255565192252;800.7027941158345;766000.0;221.45128649898814;1.0;0.4203655352480418;;implisitt_pris_utenfor
1848;Steigen;2021;130;2650.0;21590.0;1161000.0;404000.0;253000.0;60000.0;8795000.0;438.1132075471698;152.45283018867926;95.47169811320755;190.18867924528303;22.641509433962263;407.36452061139414;460.75471698113205;868.1192375925261;437000.0;164.9056603773585;1.0;0.9244851258581237;;
1853;Evenes - Evenássi;2021;130;1421.0;12921.0;749000.0;187000.0;59000.0;53000.0;373000.0;527.0935960591133;131.59746657283603;41.52005629838142;353.97607318789585;37.29767769176636;28.867734695457006;564.3912737508797;593.2590084463367;217000.0;152.70935960591132;1.0;0.8617511520737328;renhold_urimelig_lav;
1856;Røst;2021;130;850.0;9556.0;420000.0;76000.0;136000.0;72000.0;322000.0;494.11764705882354;89.41176470588235;160.0;244.7058823529412;84.70588235294117;33.696107157806615;578.8235294117648;612.5196365695714;85000.0;100.0;1.0;0.8941176470588235;;
1857;Værøy;2021;130;1100.0;7950.0;568000.0;83000.0;188000.0;47000.0;18000.0;516.3636363636364;75.45454545454545;170.9090909090909;270.0;42.72727272727273;2.2641509433962264;559.0909090909091;561.3550600343053;65000.0;59.09090909090909;1.0;1.2769230769230768;;kwh_uteligger
1859;Flakstad;2021;130;2200.0;5733.0;1637000.0;370000.0;0.0;1328000.0;178000.0;744.0909090909091;168.1818181818182;0.0;575.9090909090909;603.6363636363636;31.048316762602475;1347.7272727272727;1378.7755894898753;379000.0;172.27272727272728;1.0;0.9762532981530343;renhold_urimelig_lav;
1860;Vestvågøy;2021;130;7212.0;63217.0;3016000.0;1105000.0;1120000.0;825000.0;2130000.0;418.19190238491404;153.21686078757625;155.2967276760954;109.67831392124238;114.39267886855241;33.69346852903491;532.5845812534665;566.2780497825014;987000.0;136.85524126455906;1.0;1.1195542046605877;;
1865;Vågan;2021;130;6045.0;62482.0;3057000.0;1734000.0;806000.0;327000.0;5473000.0;505.7071960297767;286.848635235732;133.33333333333334;85.52522746071133;54.09429280397023;87.59322684933261;559.8014888337469;647.3947156830795;1556000.0;257.40281224152193;1.0;1.1143958868894601;;
1866;Hadsel;2021;130;6772.0;50530.0;3278000.0;899000.0;1039000.0;234000.0;3502000.0;484.05197873597166;132.75251033668044;153.425871234495;197.87359716479622;34.55404607206143;69.3053631506036;518.6060248080331;587.9113879586367;961000.0;141.90785587714117;1.0;0.9354838709677419;;
1867;Bø;2021;130;1912.0;23899.0;1437000.0;401000.0;222000.0;84000.0;0.0;751.5690376569038;209.72803347280336;116.10878661087867;425.73221757322176;43.93305439330544;0.0;795.5020920502092;795.5020920502092;433000.0;226.46443514644352;1.0;0.9260969976905312;;
1868;Øksnes;2021;130;4665.0;29364.0;1510000.0;865000.0;848000.0;396000.0;2889000.0;323.6870310825295;185.42336548767418;181.7792068595927;-43.51554126473741;84.88745980707395;98.38577850429097;408.57449088960345;506.9602693938944;859000.0;184.13719185423366;1.0;1.0069848661233993;drift_mindre_enn_delposter;
1870;Sortland - Suortá;2021;130;5289.0;63621.0;3557000.0;693000.0;849000.0;345000.0;4155000.0;672.5278880695784;131.02665910380034;160.5218377765173;380.97939118926075;65.22972206466251;65.30862451077475;737.7576101342408;803.0662346450156;755000.0;142.74910190962376;1.0;0.9178807947019867;;
1871;Andøy;2021;130;2302.0;28902.0;1553000.0;916000.0;314000.0;62000.0;39000.0;674.6307558644656;397.9148566463944;136.40312771503042;140.31277150304084;26.93310165073849;1.3493875856342121;701.5638575152042;702.9132451008384;787000.0;341.876629018245;1.0;1.1639135959339262;;
1874;Moskenes;2021;130;905.0;5990.0;572000.0;256000.0;0.0;191000.0;0.0;632.0441988950276;282.8729281767956;0.0;349.17127071823205;211.04972375690608;0.0;843.0939226519337;843.0939226519337;223000.0;246.40883977900552;1.0;1.1479820627802693;renhold_urimelig_lav;
1875;Hamarøy - Hábmer;2021;130;2930.0;22253.0;2668000.0;783000.0;556000.0;185000.0;1171000.0;910.5802047781569;267.23549488054607;189.76109215017064;453.58361774744026;63.13993174061434;52.622118366063006;973.7201365187714;1026.3422548848343;1129000.0;385.32423208191125;1.0;0.6935341009743136;;
3001;Halden (2020-2023);2021;130;3460.0;126251.0;5934000.0;2268000.0;982000.0;1050000.0;7465000.0;1715.028901734104;655.4913294797688;283.8150289017341;775.7225433526012;303.46820809248555;59.128244528756206;2018.4971098265896;2077.6253543553457;1853000.0;535.5491329479769;1.0;1.2239611440906637;;kwh_urimelig_hoy
3002;Moss (2020-2023);2021;130;12522.0;187399.0;8828000.0;2322000.0;1204000.0;1282000.0;17061000.0;704.9992014055263;185.43363679923334;96.15077463663951;423.4147899696534;102.3798115317042;91.04104077396357;807.3790129372305;898.4200537111941;1216000.0;97.109088005111;1.0;1.9095394736842104;;
3003;Sarpsborg (2020-2023);2021;130;23666.0;232054.0;9823000.0;3327000.0;3045000.0;1690000.0;18112000.0;415.0680300853545;140.58142482886842;128.66559621397786;145.82100904250825;71.41046226654272;78.0507985210339;486.4784923518972;564.5292908729311;2959000.0;125.03169103355025;1.0;1.1243663399797228;;
3004;Fredrikstad (2020-2023);2021;130;30884.0;364968.0;17050000.0;6659000.0;7005000.0;6923000.0;29939000.0;552.0657945861935;215.61326253076027;226.81647454992876;109.63605750550447;224.1613780598368;82.03184936761579;776.2271726460303;858.2590220136461;3904000.0;126.40849630876829;1.0;1.7056864754098362;;
3005;Drammen (2020-2023);2021;130;23515.0;371581.0;12509000.0;2690000.0;3815000.0;3101000.0;46645000.0;531.9583244737402;114.39506697852434;162.2368700829258;255.32638741229002;131.87327237933235;125.53117624421054;663.8315968530725;789.362773097283;3651000.0;155.26259834148416;1.0;0.7367844426184607;;
3006;Kongsberg (2020-2023);2021;130;5425.0;100544.0;6419000.0;1811000.0;1175000.0;3317000.0;22091000.0;1183.225806451613;333.82488479262673;216.58986175115209;632.8110599078341;611.4285714285714;219.7147517504774;1794.6543778801843;2014.3691296306617;1019000.0;187.83410138248848;1.0;1.777232580961727;;
3007;Ringerike (2020-2023);2021;130;9742.0;112722.0;5065000.0;989000.0;915000.0;815000.0;5097000.0;519.9137754054609;101.51919523711763;93.92321905152946;324.4713611168138;83.6583863683022;45.21743758982275;603.5721617737631;648.7895993635859;1854000.0;190.30999794703345;1.0;0.5334412081984897;;
3011;Hvaler (2020-2023);2021;130;2799.0;20789.0;1155000.0;180000.0;412000.0;104000.0;2634000.0;412.64737406216506;64.30868167202573;147.1954269381922;201.14326545194712;37.15612718828153;126.70162104959354;449.8035012504466;576.5051223000401;544000.0;194.35512683101106;1.0;0.3308823529411765;;implisitt_pris_utenfor
3012;Aremark (2020-2023);2021;130;1205.0;15974.0;402000.0;132000.0;98000.0;154000.0;331000.0;333.6099585062241;109.54356846473028;81.32780082987551;142.73858921161826;127.80082987551867;20.72117190434456;461.41078838174275;482.1319602860873;132000.0;109.54356846473028;1.0;1.0;;
3013;Marker (2020-2023);2021;130;3400.0;22820.0;1412000.0;172000.0;94000.0;92000.0;648000.0;415.29411764705884;50.588235294117645;27.647058823529413;337.05882352941177;27.058823529411764;28.396143733567047;442.3529411764706;470.74908491003765;316000.0;92.94117647058823;0.9208860759493671;0.5443037974683544;renhold_urimelig_lav;
3014;Indre Østfold (2020-2023);2021;130;1150.0;181573.0;5136000.0;1080000.0;1232000.0;7248000.0;13128000.0;4466.086956521739;939.1304347826087;1071.304347826087;2455.6521739130435;6302.608695652174;72.30149857082276;10768.695652173914;10840.997150744737;220000.0;191.30434782608697;1.0;4.909090909090909;DV_uteligger_hoy;implisitt_pris_utenfor
3015;Skiptvet (2020-2023);2021;130;2694.0;26884.0;1078000.0;437000.0;181000.0;452000.0;656000.0;400.1484780994803;162.21232368225688;67.18634001484781;170.74981440237565;167.78025241276913;24.401130784109508;567.9287305122494;592.3298612963589;609000.0;226.05790645879733;1.0;0.7175697865353038;;
3016;Rakkestad (2020-2023);2021;130;5015.0;39440.0;2815000.0;770000.0;433000.0;233000.0;2165000.0;561.3160518444666;153.5393818544367;86.34097706879362;321.4356929212363;46.46061814556331;54.893509127789045;607.7766699900299;662.6701791178189;378000.0;75.37387836490528;1.0;2.037037037037037;;
3017;Råde (2020-2023);2021;130;3607.0;52036.0;1639000.0;606000.0;493000.0;840000.0;2276000.0;454.39423343498754;168.00665372886056;136.678680343776;149.708899362351;232.88051011921263;43.73894995772158;687.2747435542002;731.0136935119218;855000.0;237.03909065705574;1.0;0.7087719298245614;;
3018;Våler (Viken) (2020-2023);2021;130;3345.0;24122.0;2806000.0;180000.0;15000.0;386000.0;2717000.0;838.863976083707;53.81165919282511;4.484304932735426;780.5680119581465;115.39611360239162;112.63576817842633;954.2600896860987;1066.895857864525;325000.0;97.15994020926756;1.0;0.5538461538461539;renhold_urimelig_lav;
3019;Vestby (2020-2023);2021;130;6887.0;89611.0;1749000.0;316000.0;207000.0;736000.0;8550000.0;253.95673007114854;45.88354871497023;30.056628430376072;178.01655292580224;106.86801219689269;95.41239356775395;360.82474226804123;456.2371358357952;1162000.0;168.72368229998548;0.8123924268502581;0.27194492254733216;renhold_urimelig_lav;implisitt_pris_utenfor
3020;Nordre Follo (2020-2023);2021;130;12628.0;278863.0;15403000.0;2079000.0;2650000.0;3781000.0;17559000.0;1219.7497624326893;164.6341463414634;209.85112448527082;845.2644916059551;299.41400063351284;62.966402857317036;1519.1637630662021;1582.1301659235191;1302000.0;103.10421286031043;1.0;1.596774193548387;;
3021;Ås (2020-2023);2021;130;2671.0;115705.0;5465000.0;1442000.0;0.0;422000.0;10131000.0;2046.0501684762262;539.8727068513665;0.0;1506.1774616248597;157.9932609509547;87.55887818158247;2204.043429427181;2291.602307608763;1038000.0;388.6184949457132;1.0;1.3892100192678227;renhold_urimelig_lav;
3022;Frogn (2020-2023);2021;130;5512.0;77237.0;6583000.0;1627000.0;972000.0;713000.0;4038000.0;1194.3033381712628;295.1741654571843;176.3425253991292;722.7866473149492;129.35413642960813;52.28064269715292;1323.6574746008707;1375.9381172980236;1653000.0;299.8911465892598;1.0;0.984271022383545;;
3023;Nesodden (2020-2023);2021;130;9073.0;77106.0;2812000.0;324000.0;133000.0;225000.0;6276000.0;309.93056320952275;35.710349388294944;14.65887798963959;259.5613358315882;24.798853741871486;81.39444401213913;334.7294169513942;416.1238609635334;944000.0;104.04496858811859;1.0;0.3432203389830509;energi_urimelig_lav|renhold_urimelig_lav;implisitt_pris_utenfor
3024;Bærum (2020-2023);2021;130;30569.0;562346.0;29957000.0;6849000.0;4259000.0;3285000.0;66754000.0;979.9797180149825;224.0505086852694;139.32415191861037;616.6050574111027;107.46180771369689;118.7062769184808;1087.4415257286794;1206.1478026471602;8065000.0;263.8293696228205;1.0;0.8492250464972102;;
3025;Asker (2020-2023);2021;130;21750.0;415578.0;22734000.0;5430000.0;5817000.0;3597000.0;60721000.0;1045.2413793103449;249.6551724137931;267.44827586206895;528.1379310344828;165.3793103448276;146.11216185649866;1210.6206896551723;1356.732851511671;3693000.0;169.79310344827587;0.9807744381261847;1.470349309504468;;
3026;Aurskog-Høland (2020-2023);2021;130;7382.0;79557.0;7005000.0;1595000.0;2930000.0;512000.0;8174000.0;948.9298293145489;216.06610674613927;396.9114061230019;335.95231644540775;69.35789758872934;102.74394459318476;1018.2877269032782;1121.0316714964629;1372000.0;185.85749119479817;1.0;1.162536443148688;;
3027;Rælingen (2020-2023);2021;130;2554.0;89176.0;2161000.0;-1251000.0;1047000.0;641000.0;5834000.0;846.123727486296;-489.8198903680501;409.9451840250587;925.9984338292874;250.9788566953798;65.42118955772854;1097.1025841816759;1162.5237737394043;775000.0;303.4455755677369;1.0;-1.6141935483870966;energi_urimelig_lav;implisitt_pris_utenfor
3028;Enebakk (2020-2023);2021;130;5738.0;50105.0;3677000.0;106000.0;409000.0;683000.0;3373000.0;640.8156151969328;18.473335657023352;71.27919135587312;551.0630881840362;119.03102126176368;67.31863087516216;759.8466364586964;827.1652673338585;836000.0;145.6953642384106;1.0;0.12679425837320574;energi_urimelig_lav;implisitt_pris_utenfor
3029;Lørenskog (2020-2023);2021;130;11517.0;176304.0;10597000.0;1699000.0;1565000.0;12755000.0;8985000.0;920.118086307198;147.52105583051141;135.8860814448207;636.710949031866;1107.4932708170531;50.963109175061255;2027.611357124251;2078.5744662993125;1718000.0;149.17079100460188;1.0;0.9889406286379512;;
3030;Lillestrøm (2020-2023);2021;130;36335.0;408816.0;20803000.0;3901000.0;5101000.0;6661000.0;30063000.0;572.5333700288977;107.36204761249483;140.3880555937801;324.7832668226228;183.32186596945095;73.53675002935306;755.8552359983487;829.3919860277017;4269000.0;117.49002339342232;1.0;0.913797142187866;;
3031;Nittedal (2020-2023);2021;130;10368.0;103478.0;16623000.0;1951000.0;988000.0;3959000.0;8558000.0;1603.298611111111;188.17515432098764;95.29320987654322;1319.8302469135801;381.8479938271605;82.70356984093237;1985.1466049382716;2067.850174779204;1862000.0;179.59104938271605;1.0;1.047798066595059;;
3032;Gjerdrum (2020-2023);2021;130;3194.0;33234.0;1346000.0;250000.0;320000.0;540000.0;65132000.0;421.4151534126487;78.27175954915467;100.18785222291797;242.9555416405761;169.06700062617406;1959.800204609737;590.4821540388228;2550.2823586485597;437000.0;136.81903569192235;1.0;0.5720823798627003;;
3033;Ullensaker (2020-2023);2021;130;12920.0;177946.0;13633000.0;4530000.0;808000.0;2278000.0;11556000.0;1055.185758513932;350.61919504643964;62.538699690402474;642.0278637770898;176.31578947368422;64.94104953188045;1231.501547987616;1296.4425975194965;4460000.0;345.2012383900929;1.0;1.015695067264574;;
3034;Nes (2020-2023);2021;130;5928.0;81564.0;2108000.0;1129000.0;449000.0;211000.0;11144000.0;355.60053981106614;190.45209176788123;75.74224021592443;89.40620782726046;35.59379217273954;136.6289049090285;391.1943319838057;527.8232368928342;1144000.0;192.98245614035088;1.0;0.9868881118881119;;
3035;Eidsvoll (2020-2023);2021;130;4823.0;94127.0;5907000.0;1566000.0;1883000.0;1628000.0;4672000.0;1224.756375699772;324.6941737507775;390.4208998548621;509.6413020941323;337.54924320962056;49.63506751516568;1562.3056189093925;1611.9406864245582;1243000.0;257.7234086668049;1.0;1.2598551890587286;;
3036;Nannestad (2020-2023);2021;130;3893.0;55077.0;6245000.0;757000.0;414000.0;188000.0;2510000.0;1604.1613151810943;194.45157975854096;106.34472129463138;1303.365014127922;48.291805805291546;45.572562049494344;1652.4531209863858;1698.02568303588;406000.0;104.28975083483175;1.0;1.8645320197044333;;
3037;Hurdal (2020-2023);2021;130;2500.0;14305.0;2365000.0;546000.0;293000.0;281000.0;575000.0;946.0;218.4;117.2;610.4;112.4;40.19573575672842;1058.4;1098.5957357567286;516000.0;206.4;1.0;1.058139534883721;;
3038;Hole (2020-2023);2021;130;4050.0;30306.0;1516000.0;468000.0;681000.0;505000.0;2473000.0;374.320987654321;115.55555555555556;168.14814814814815;90.61728395061728;124.69135802469135;81.60100310169604;499.01234567901236;580.6133487807084;400000.0;98.76543209876543;1.0;1.17;;
3039;Flå (2020-2023);2021;130;0.0;12194.0;107000.0;25000.0;0.0;0.0;747000.0;;;;;;;;;0.0;;;;areal_mangler;areal_mangler|kwh_mangler
3041;Gol (2020-2023);2021;130;6936.0;37004.0;3374000.0;0.0;1785000.0;0.0;2410000.0;486.44752018454443;0.0;257.3529411764706;229.09457900807382;0.0;65.12809426007999;486.44752018454443;551.5756144446244;1025000.0;147.77970011534026;1.0;0.0;energi_urimelig_lav;implisitt_pris_utenfor
3042;Hemsedal (2020-2023);2021;130;2823.0;19908.0;1265000.0;148000.0;462000.0;1112000.0;1562000.0;448.10485299326956;52.426496634785686;163.65568544102018;232.0226709174637;393.907190931633;78.46092023307213;842.0120439249026;920.4729641579747;442000.0;156.57102373361673;1.0;0.334841628959276;;implisitt_pris_utenfor
3043;Ål (2020-2023);2021;130;3515.0;38655.0;1063000.0;234000.0;449000.0;482000.0;3016000.0;302.4182076813656;66.57183499288763;127.73826458036984;108.10810810810811;137.12660028449503;78.02354158582331;439.54480796586057;517.5683495516839;357000.0;101.56472261735419;1.0;0.6554621848739497;;
3044;Hol (2020-2023);2021;130;2495.0;34127.0;1306000.0;184000.0;380000.0;205000.0;5233000.0;523.4468937875752;73.74749498997996;152.30460921843687;297.3947895791583;82.16432865731463;153.33899844697746;605.6112224448898;758.9502208918673;500000.0;200.40080160320642;1.0;0.368;;implisitt_pris_utenfor
3045;Sigdal (2020-2023);2021;130;3130.0;28717.0;1721000.0;529000.0;437000.0;112000.0;1720000.0;549.8402555910543;169.00958466453673;139.61661341853036;241.2140575079872;35.78274760383387;59.894835811540204;585.6230031948882;645.5178390064284;481000.0;153.6741214057508;1.0;1.0997920997920996;;
3046;Krødsherad (2020-2023);2021;130;2878.0;19464.0;1750000.0;565000.0;491000.0;194000.0;1807000.0;608.0611535788743;196.31688672689367;170.60458651841557;241.13968033356497;67.40792216817235;92.83806000822031;675.4690757470465;768.3071357552668;313000.0;108.7560806115358;1.0;1.8051118210862618;;
3047;Modum (2020-2023);2021;130;8390.0;70020.0;4314000.0;685000.0;767000.0;834000.0;4717000.0;514.1835518474375;81.64481525625744;91.41835518474375;341.12038140643625;99.40405244338498;67.3664667237932;613.5876042908224;680.9540710146156;1616000.0;192.61025029797378;1.0;0.4238861386138614;;implisitt_pris_utenfor
3048;Øvre Eiker (2020-2023);2021;130;12075.0;88251.0;6251000.0;912000.0;893000.0;2522000.0;7361000.0;517.6811594202899;75.527950310559;73.9544513457557;368.19875776397515;208.86128364389234;83.40981971875672;726.5424430641822;809.9522627829389;2468000.0;204.38923395445136;0.9991896272285251;0.36952998379254454;;implisitt_pris_utenfor
3049;Lier (2020-2023);2021;130;9059.0;116301.0;6132000.0;2013000.0;1135000.0;765000.0;16563000.0;676.8959046252346;222.2099569488906;125.28976708245943;329.39618059388454;84.4464068881775;142.41494054221374;761.342311513412;903.7572520556257;1236000.0;136.43890054089854;1.0;1.6286407766990292;;
3050;Flesberg (2020-2023);2021;130;3458.0;27158.0;1347000.0;206000.0;285000.0;206000.0;1669000.0;389.5315211104685;59.57200694042799;82.41758241758242;247.54193175245805;59.57200694042799;61.455188158185436;449.1035280508965;510.5587162090819;310000.0;89.64719491035281;1.0;0.664516129032258;;
3051;Rollag (2020-2023);2021;130;4816.0;19514.0;1226000.0;485000.0;394000.0;115000.0;2035000.0;254.56810631229237;100.70598006644518;81.81063122923588;72.0514950166113;23.87873754152824;104.28410372040587;278.4468438538206;382.7309475742265;1047000.0;217.40033222591362;1.0;0.46322827125119387;;implisitt_pris_utenfor
3052;Nore og Uvdal (2020-2023);2021;130;2548.0;27490.0;3235000.0;289000.0;1705000.0;98000.0;2839000.0;1269.6232339089481;113.42229199372056;669.1522762951334;487.0486656200942;38.46153846153846;103.27391778828665;1308.0847723704867;1411.3586901587732;328000.0;128.72841444270017;1.0;0.8810975609756097;;
3053;Jevnaker (2020-2023);2021;130;3983.0;42032.0;2301000.0;563000.0;645000.0;509000.0;2882000.0;577.7052473010294;141.35074064775296;161.93823750941502;274.4162691438614;127.79312076324379;68.56680624286258;705.4983680642731;774.0651743071357;604000.0;151.64448907858397;1.0;0.9321192052980134;;
3054;Lunner (2020-2023);2021;130;2314.0;47640.0;332000.0;470000.0;542000.0;1265000.0;2797000.0;143.47450302506482;203.1114952463267;234.22644770959377;-293.86343993085563;546.6724286949006;58.71116708648195;690.1469317199654;748.8580988064474;383000.0;165.514261019879;1.0;1.227154046997389;drift_mindre_enn_delposter|drift_urimelig_lav;
3401;Kongsvinger;2021;130;2941.0;73422.0;3353000.0;793000.0;833000.0;1296000.0;9719000.0;1140.0884053043183;269.63617817069024;283.2369942196532;587.2152329139749;440.6664399863992;132.37176867968728;1580.7548452907174;1713.1266139704046;614000.0;208.7725263515811;1.0;1.2915309446254073;;
3403;Hamar;2021;130;10445.0;181233.0;5376000.0;1343000.0;695000.0;657000.0;11485000.0;514.6960268070848;128.5782671134514;66.53901388224031;319.578745811393;62.90090952608904;63.371461047381;577.5969363331737;640.9683973805547;1377000.0;131.8334131163236;1.0;0.9753086419753085;;
3405;Lillehammer;2021;130;9200.0;129175.0;12548000.0;1945000.0;3507000.0;847000.0;16288000.0;1363.9130434782608;211.41304347826087;381.19565217391306;771.304347826087;92.06521739130434;126.0925101606348;1455.9782608695652;1582.0707710302001;1381000.0;150.1086956521739;1.0;1.4083997103548154;;
3407;Gjøvik;2021;130;25003.0;137294.0;5744000.0;1119000.0;1719000.0;75000.0;10905000.0;229.732432108147;44.754629444466666;68.7517497900252;116.22605287365516;2.9996400431948165;79.42808862732531;232.73207215134184;312.16016077866715;1401000.0;56.03327600687918;1.0;0.7987152034261242;;kwh_uteligger
3411;Ringsaker;2021;130;11483.0;157711.0;9642000.0;2182000.0;1359000.0;4434000.0;16683000.0;839.6760428459462;190.0200296089872;118.34886353740312;531.3071496995559;386.1360271706;105.78209509799571;1225.8120700165462;1331.594165114542;2233000.0;194.4613776887573;1.0;0.9771607702642184;;
3412;Løten;2021;130;4891.0;40121.0;3518000.0;454000.0;494000.0;39000.0;1129000.0;719.2803107748927;92.82355346554897;101.00184011449602;525.4549171948477;7.973829482723369;28.139876872460807;727.2541402576161;755.3940171300769;793000.0;162.13453281537517;1.0;0.5725094577553594;;
3413;Stange;2021;130;8330.0;93880.0;6383000.0;974000.0;946000.0;932000.0;10489000.0;766.266506602641;116.92677070828331;113.56542617046819;535.7743097238896;111.88475390156063;111.72773753728164;878.1512605042017;989.8789980414833;571000.0;68.54741896758703;1.0;1.7057793345008756;;
3414;Nord-Odal;2021;130;2730.0;27906.0;934000.0;383000.0;292000.0;126000.0;9407000.0;342.12454212454213;140.2930402930403;106.95970695970696;94.87179487179488;46.15384615384615;337.0959650254426;388.27838827838826;725.3743533038308;361000.0;132.23443223443223;1.0;1.0609418282548477;;
3415;Sør-Odal;2021;130;5400.0;38573.0;2100000.0;729000.0;560000.0;910000.0;4921000.0;388.8888888888889;135.0;103.70370370370371;150.1851851851852;168.5185185185185;127.57628392917326;557.4074074074074;684.9836913365807;691000.0;127.96296296296296;1.0;1.0549927641099854;;
3416;Eidskog;2021;130;5131.0;30825.0;2794000.0;1269000.0;193000.0;868000.0;4534000.0;544.5332293899825;247.32021048528551;37.61450009744689;259.59851880725006;169.16780354706685;147.08840227088402;713.7010329370493;860.7894352079333;1297000.0;252.77723640615864;1.0;0.9784117193523516;renhold_urimelig_lav;
3417;Grue;2021;130;3060.0;29581.0;2077000.0;396000.0;562000.0;191000.0;2453000.0;678.7581699346405;129.41176470588235;183.66013071895424;365.6862745098039;62.41830065359477;82.92485041073662;741.1764705882352;824.1013209989719;444000.0;145.09803921568627;1.0;0.8918918918918919;;
3418;Åsnes;2021;130;6850.0;44150.0;2361000.0;1063000.0;200000.0;2274000.0;2298000.0;344.6715328467153;155.1824817518248;29.197080291970803;160.2919708029197;331.97080291970804;52.04983012457531;676.6423357664233;728.6921658909987;994000.0;145.1094890510949;1.0;1.0694164989939636;renhold_urimelig_lav;
3419;Våler (Innlandet);2021;130;3537.0;30216.0;1904000.0;621000.0;333000.0;67000.0;2057000.0;538.3093016680803;175.57251908396947;94.14758269720102;268.5891998869098;18.94260672886627;68.07651575324331;557.2519083969465;625.3284241501899;686000.0;193.9496748657054;1.0;0.9052478134110787;;
3420;Elverum;2021;130;9886.0;106928.0;6850000.0;2607000.0;1627000.0;760000.0;7534000.0;692.899049160429;263.70625126441433;164.5761683188347;264.6166295771799;76.87639085575562;70.45862636540475;769.7754400161845;840.2340663815892;1547000.0;156.4839166498078;1.0;1.685197155785391;;
3421;Trysil;2021;130;3642.0;30860.0;6225000.0;856000.0;1478000.0;908000.0;2469000.0;1709.2257001647447;235.03569467325644;405.82097748489844;1068.3690280065898;249.31356397583744;80.00648088139987;1958.5392641405822;2038.5457450219822;700000.0;192.20208676551346;1.0;1.2228571428571429;;
3422;Åmot;2021;130;3980.0;26728.0;3657000.0;838000.0;279000.0;110000.0;4515000.0;918.8442211055276;210.55276381909547;70.10050251256281;638.1909547738693;27.63819095477387;168.923974857827;946.4824120603015;1115.4063869181284;710000.0;178.39195979899498;1.0;1.180281690140845;;
3423;Stor-Elvdal;2021;130;2173.0;18614.0;669000.0;273000.0;145000.0;79000.0;1706000.0;307.8693051081454;125.63276576161988;66.72802577082375;115.5085135757018;36.35526921306949;91.65144514881273;344.2245743212149;435.87601947002764;216000.0;99.40174873446848;1.0;1.2638888888888888;;
3424;Rendalen;2021;130;2302.0;14052.0;624000.0;447000.0;0.0;35000.0;9875000.0;271.06863596872284;194.17897480451782;0.0;76.88966116420504;15.20417028670721;702.7469399373755;286.27280625543005;989.0197461928055;326000.0;141.6159860990443;1.0;1.3711656441717792;renhold_urimelig_lav;
3425;Engerdal;2021;130;2560.0;14710.0;1545000.0;450000.0;262000.0;189000.0;1018000.0;603.515625;175.78125;102.34375;325.390625;73.828125;69.20462270564242;677.34375;746.5483727056425;289000.0;112.890625;1.0;1.5570934256055364;;
3426;Tolga;2021;130;3090.0;15619.0;863000.0;414000.0;107000.0;150000.0;1502000.0;279.2880258899676;133.98058252427185;34.627831715210355;110.67961165048544;48.54368932038835;96.16492733209553;327.831715210356;423.9966425424515;620000.0;200.6472491909385;1.0;0.6677419354838711;renhold_urimelig_lav;
3427;Tynset;2021;130;3530.0;48593.0;1017000.0;404000.0;176000.0;561000.0;3068000.0;288.10198300283287;114.44759206798867;49.858356940509914;123.79603399433428;158.92351274787535;63.13666577490585;447.0254957507082;510.16216152561407;615000.0;174.22096317280455;1.0;0.656910569105691;renhold_urimelig_lav;
3428;Alvdal;2021;130;2760.0;25082.0;1372000.0;418000.0;506000.0;134000.0;-23000.0;497.1014492753623;151.44927536231884;183.33333333333334;162.31884057971016;48.55072463768116;-0.9169922653695878;545.6521739130435;544.7351816476739;440000.0;159.42028985507247;1.0;0.95;;
3429;Folldal;2021;130;2046.0;10547.0;-2240000.0;135000.0;-2608000.0;46000.0;414000.0;-1094.8191593352883;65.98240469208211;-1274.6823069403715;113.88074291300097;22.482893450635387;39.25286811415568;-1072.336265884653;-1033.0833977704972;237000.0;115.8357771260997;0.9831223628691983;0.569620253164557;drift_null|drift_urimelig_lav|renhold_urimelig_lav;
3430;Os;2021;130;1842.0;14398.0;317000.0;0.0;300000.0;11000.0;509000.0;172.09554831704668;0.0;162.86644951140065;9.229098805646037;5.971769815418024;35.35213224058897;178.06731813246472;213.41945037305368;397000.0;215.52660152008687;1.0;0.0;drift_urimelig_lav|energi_urimelig_lav;implisitt_pris_utenfor
3431;Dovre;2021;130;1274.0;21599.0;850000.0;157000.0;226000.0;117000.0;661000.0;667.1899529042386;123.23390894819467;177.39403453689167;366.5620094191523;91.83673469387755;30.603268669845825;759.0266875981162;789.629956267962;220000.0;172.6844583987441;1.0;0.7136363636363636;;
3432;Lesja;2021;130;3751.0;20730.0;1571000.0;395000.0;551000.0;65000.0;803000.0;418.8216475606505;105.30525193281791;146.89416155691816;166.62223407091443;17.3287123433751;38.736131210805596;436.1503599040256;474.8864911148312;402000.0;107.17142095441216;1.0;0.9825870646766168;;
3433;Skjåk;2021;130;3157.0;19390.0;1086000.0;196000.0;277000.0;467000.0;1864000.0;343.9974659486855;62.08425720620843;87.74152676591702;194.17168197656002;147.9252454862211;96.13202681794739;491.92271143490655;588.0547382528539;545000.0;172.6322458029775;1.0;0.3596330275229358;;implisitt_pris_utenfor
3434;Lom;2021;130;0.0;20627.0;1049000.0;209000.0;607000.0;63000.0;1060000.0;;;;;;;;;0.0;;;;areal_mangler;areal_mangler|kwh_mangler
3435;Vågå;2021;130;3000.0;23647.0;1310000.0;446000.0;245000.0;739000.0;1045000.0;436.6666666666667;148.66666666666666;81.66666666666667;206.33333333333334;246.33333333333334;44.191652218040346;683.0;727.1916522180403;468000.0;156.0;1.0;0.9529914529914529;;
3436;Nord-Fron;2021;130;5147.0;38923.0;3896000.0;1043000.0;1072000.0;226000.0;3184000.0;756.9457936662134;202.64231591218186;208.27666601904022;346.02681173499127;43.90907324655139;81.80253320658737;800.8548669127647;882.657400119352;731000.0;142.02448027977462;1.0;1.426812585499316;;
3437;Sel;2021;130;4600.0;40770.0;1997000.0;495000.0;658000.0;56000.0;2062000.0;434.1304347826087;107.6086956521739;143.04347826086956;183.47826086956522;12.173913043478262;50.576404218788326;446.30434782608694;496.8807520448753;652000.0;141.7391304347826;1.0;0.7592024539877301;;
3438;Sør-Fron;2021;130;4146.0;31943.0;2930000.0;817000.0;667000.0;788000.0;262000.0;706.7052580800772;197.05740472744813;160.87795465508924;348.7698986975398;190.0627110467921;8.202110008452555;896.7679691268693;904.9700791353218;794000.0;191.50988904968645;1.0;1.0289672544080604;;
3439;Ringebu;2021;130;3800.0;25646.0;1119000.0;337000.0;243000.0;94000.0;2973000.0;294.4736842105263;88.6842105263158;63.94736842105263;141.8421052631579;24.736842105263158;115.92451064493488;319.2105263157895;435.1350369607244;459000.0;120.78947368421052;1.0;0.7342047930283225;;
3440;Øyer;2021;130;4717.0;35522.0;3855000.0;1178000.0;901000.0;123000.0;557000.0;817.2567309730761;249.73500105999577;191.01123595505618;376.51049395802414;26.075895696417213;15.680423399583356;843.3326266694933;859.0130500690766;805000.0;170.65931736273055;1.0;1.4633540372670808;;
3441;Gausdal;2021;130;4465.0;36197.0;1415000.0;320000.0;327000.0;99000.0;4421000.0;316.9092945128779;71.66853303471444;73.23628219484883;172.00447928331468;22.17245240761478;122.13719369008481;339.0817469204927;461.21894061057753;777000.0;174.02015677491602;1.0;0.4118404118404118;;implisitt_pris_utenfor
3442;Østre Toten;2021;130;7370.0;69416.0;4224000.0;835000.0;672000.0;334000.0;8371000.0;573.1343283582089;113.29715061058344;91.18046132971506;368.65671641791045;45.31886024423338;120.59179439898583;618.4531886024423;739.0449830014281;1167000.0;158.34464043419268;1.0;0.7155098543273349;;
3443;Vestre Toten;2021;130;9993.0;71452.0;5406000.0;1168000.0;1492000.0;251000.0;6060000.0;540.9786850795557;116.88181727209046;149.30451315921144;274.79235464825376;25.11758230761533;84.81218160443375;566.096267387171;650.9084489916047;1238000.0;123.88672070449314;1.0;0.9434571890145396;;
3446;Gran;2021;130;9755.0;74189.0;2311000.0;422000.0;294000.0;304000.0;3912000.0;236.90415171706817;43.25986673500769;30.138390568939005;163.50589441312147;31.16350589441312;52.73018911159336;268.0676576114813;320.79784672307466;1242000.0;127.31932342388518;1.0;0.3397745571658616;renhold_urimelig_lav;implisitt_pris_utenfor
3447;Søndre Land;2021;130;3962.0;28150.0;1836000.0;339000.0;743000.0;244000.0;2679000.0;463.4023220595659;85.56284704694599;187.53154972236246;190.30792529025746;61.58505805148915;95.16873889875666;524.987380111055;620.1561190098116;704000.0;177.68803634528015;1.0;0.48153409090909094;;implisitt_pris_utenfor
3448;Nordre Land;2021;130;5655.0;45062.0;4643000.0;1352000.0;1569000.0;71000.0;1283000.0;821.0433244916004;239.08045977011494;277.45358090185675;304.50928381962865;12.5552608311229;28.471883183169854;833.5985853227232;862.0704685058931;955000.0;168.87709991158266;1.0;1.4157068062827225;;
3449;Sør-Aurdal;2021;130;4263.0;23638.0;2105000.0;624000.0;525000.0;361000.0;2474000.0;493.7837203847056;146.37579169598874;123.15270935960591;224.25521932911096;84.6821487215576;104.6619849395042;578.4658691062632;683.1278540457674;520000.0;121.97982641332395;1.0;1.2;;
3450;Etnedal;2021;130;1160.0;12405.0;525000.0;127000.0;237000.0;13000.0;876000.0;452.58620689655174;109.48275862068965;204.31034482758622;138.79310344827587;11.206896551724139;70.61668681983072;463.7931034482759;534.4097902681066;145000.0;125.0;1.0;0.8758620689655172;;
3451;Nord-Aurdal;2021;130;3896.0;26827.0;3184000.0;593000.0;378000.0;211000.0;2011000.0;817.2484599589322;152.20739219712524;97.02258726899385;568.0184804928132;54.158110882956876;74.96179222425168;871.4065708418891;946.3683630661408;837000.0;214.8357289527721;1.0;0.7084826762246116;;
3452;Vestre Slidre;2021;130;1820.0;11388.0;950000.0;275000.0;277000.0;107000.0;0.0;521.978021978022;151.0989010989011;152.1978021978022;218.6813186813187;58.79120879120879;0.0;580.7692307692307;580.7692307692307;330000.0;181.3186813186813;1.0;0.8333333333333334;;
3453;Øystre Slidre;2021;130;3098.0;22962.0;1774000.0;475000.0;402000.0;215000.0;394000.0;572.6275016139444;153.32472562943835;129.76113621691414;289.541639767592;69.39961265332472;17.158784078041982;642.0271142672692;659.1858983453112;411000.0;132.66623628147192;1.0;1.1557177615571776;;
3454;Vang;2021;130;1400.0;18100.0;1827000.0;123000.0;278000.0;54000.0;418000.0;1305.0;87.85714285714286;198.57142857142858;1018.5714285714286;38.57142857142857;23.093922651933703;1343.5714285714287;1366.6653512233624;202000.0;144.28571428571428;1.0;0.608910891089109;;
3801;Horten (2020-2023);2021;130;6989.0;126939.0;2526000.0;805000.0;792000.0;263000.0;6314000.0;361.42509658034055;115.18099871226212;113.32093289454858;132.92316497352982;37.630562312204894;49.740426504068886;399.0556588925454;448.7960853966143;973000.0;139.21877235656032;1.0;0.8273381294964027;;
3802;Holmestrand (2020-2023);2021;130;11283.0;109877.0;4345000.0;1377000.0;927000.0;301000.0;2491000.0;385.0926172117345;122.04201010369583;82.15900026588673;180.8916068421519;26.67730213595675;22.670804626992002;411.7699193476912;434.4407239746832;1747000.0;154.83470708144998;0.929593589009731;0.7882083571837436;;
3803;Tønsberg (2020-2023);2021;130;12760.0;222529.0;9823000.0;2104000.0;3187000.0;1192000.0;15150000.0;769.8275862068965;164.89028213166145;249.76489028213166;355.17241379310343;93.41692789968653;68.08101415995219;863.2445141065831;931.3255282665352;1975000.0;154.78056426332287;1.0;1.0653164556962027;;
3804;Sandefjord (2020-2023);2021;130;13618.0;258944.0;10468000.0;3037000.0;1601000.0;-320000.0;18026000.0;768.6885005140256;223.013658393303;117.56498751652225;428.10985460420034;-23.498311058892643;69.6135071675729;745.1901894551329;814.8036966227058;2542000.0;186.66470847407842;1.0;1.1947285601888278;vedlikehold_negativ;
3805;Larvik (2020-2023);2021;130;3824.0;186460.0;4364000.0;948000.0;807000.0;997000.0;6408000.0;1141.2133891213389;247.907949790795;211.03556485355648;682.2698744769874;260.72175732217573;34.3666201866352;1401.9351464435147;1436.3017666301498;617000.0;161.34937238493723;1.0;1.5364667747163696;;
3806;Porsgrunn (2020-2023);2021;130;22708.0;206454.0;6909000.0;2044000.0;690000.0;1805000.0;11586000.0;304.25400739827376;90.01233045622688;30.385767130526688;183.85590981152018;79.48740531971112;56.119038623615914;383.7414127179849;439.86045134160076;2355000.0;103.70794433679761;1.0;0.8679405520169851;renhold_urimelig_lav;
3807;Skien (2020-2023);2021;130;7568.0;238486.0;23943000.0;3936000.0;2417000.0;4681000.0;11919000.0;3163.715644820296;520.0845665961945;319.3710359408034;2324.260042283298;618.5253699788584;49.9777764732521;3782.2410147991545;3832.2187912724066;1164000.0;153.80549682875264;1.0;3.381443298969072;DV_uteligger_hoy;implisitt_pris_utenfor
3808;Notodden (2020-2023);2021;130;4877.0;57399.0;2361000.0;905000.0;605000.0;306000.0;1842000.0;484.1090834529424;185.56489645273734;124.05167110928849;174.49251589091654;62.74348985031782;32.0911514137877;546.8525733032602;578.9437247170479;788000.0;161.5747385687923;1.0;1.148477157360406;;
3811;Færder (2020-2023);2021;130;2775.0;84923.0;5440000.0;1994000.0;1924000.0;2757000.0;11822000.0;1960.3603603603603;718.5585585585585;693.3333333333334;548.4684684684685;993.5135135135135;139.2084594279524;2953.873873873874;3093.082333301826;2523000.0;909.1891891891892;1.0;0.7903289734443123;DV_uteligger_hoy;kwh_urimelig_hoy
3812;Siljan (2020-2023);2021;130;1533.0;11398.0;609000.0;173000.0;162000.0;13000.0;249000.0;397.26027397260276;112.85061969993477;105.67514677103718;178.7345075016308;8.48010437051533;21.84593788383927;405.7403783431181;427.58631622695736;168000.0;109.58904109589041;1.0;1.0297619047619049;;
3813;Bamble (2020-2023);2021;130;8126.0;65288.0;4633000.0;356000.0;2142000.0;729000.0;7953000.0;570.1452128968742;43.80999261629338;263.59832635983264;262.73689392074823;89.71203544179178;121.81411591716702;659.857248338666;781.6713642558329;290000.0;35.687915333497415;1.0;1.2275862068965517;;kwh_urimelig_lav
3814;Kragerø (2020-2023);2021;130;1888.0;45693.0;4268000.0;733000.0;773000.0;1683000.0;1868000.0;2260.593220338983;388.24152542372883;409.4279661016949;1462.9237288135594;891.4194915254237;40.881535464950865;3152.012711864407;3192.8942473293578;229000.0;121.29237288135593;1.0;3.200873362445415;DV_uteligger_hoy;implisitt_pris_utenfor
3815;Drangedal (2020-2023);2021;130;2100.0;17578.0;4265000.0;506000.0;1812000.0;974000.0;207000.0;2030.952380952381;240.95238095238096;862.8571428571429;927.1428571428571;463.8095238095238;11.776083741039937;2494.7619047619046;2506.5379885029447;356000.0;169.52380952380952;1.0;1.4213483146067416;;
3816;Nome (2020-2023);2021;130;3556.0;38384.0;2961000.0;258000.0;582000.0;617000.0;2170000.0;832.6771653543307;72.55343082114736;163.66704161979752;596.4566929133858;173.5095613048369;56.53397248853689;1006.1867266591676;1062.7206991477044;411000.0;115.5793025871766;1.0;0.6277372262773723;;
3817;Midt-Telemark (2020-2023);2021;130;3092.0;41977.0;1532000.0;253000.0;362000.0;80000.0;5023000.0;495.47218628719276;81.82406209573092;117.07632600258732;296.57179818887454;25.873221216041397;119.66076661028659;521.3454075032341;641.0061741135207;420000.0;135.83441138421733;1.0;0.6023809523809525;;
3818;Tinn (2020-2023);2021;130;6928.0;48237.0;2296000.0;835000.0;170000.0;565000.0;3229000.0;331.40877598152423;120.52540415704388;24.53810623556582;186.34526558891454;81.55311778290994;66.94031552542654;412.9618937644342;479.9022092898607;994000.0;143.4757505773672;1.0;0.8400402414486923;renhold_urimelig_lav;
3819;Hjartdal (2020-2023);2021;130;1350.0;9882.0;1282000.0;357000.0;468000.0;75000.0;67000.0;949.6296296296297;264.44444444444446;346.6666666666667;338.51851851851853;55.55555555555556;6.780004047763611;1005.1851851851852;1011.9651892329488;287000.0;212.59259259259258;1.0;1.2439024390243905;;
3820;Seljord (2020-2023);2021;130;1147.0;13647.0;708000.0;203000.0;262000.0;417000.0;1199000.0;617.2624237140366;176.9834350479512;228.42197035745423;211.8570183086312;363.55710549258936;87.85813731955741;980.8195292066259;1068.6776665261834;246000.0;214.4725370531822;1.0;0.8252032520325204;;
3821;Kviteseid (2020-2023);2021;130;2700.0;16887.0;1894000.0;515000.0;486000.0;12000.0;409000.0;701.4814814814815;190.74074074074073;180.0;330.74074074074076;4.444444444444445;24.21981405815124;705.925925925926;730.1457399840772;400000.0;148.14814814814815;1.0;1.2874999999999999;;
3822;Nissedal (2020-2023);2021;130;890.0;11270.0;769000.0;144000.0;331000.0;83000.0;384000.0;864.0449438202247;161.79775280898878;371.91011235955057;330.3370786516854;93.25842696629213;34.07275953859805;957.3033707865169;991.3761303251149;;;;;;kwh_mangler
3823;Fyresdal (2020-2023);2021;130;0.0;13421.0;577000.0;0.0;404000.0;0.0;349000.0;;;;;;;;;0.0;;;;areal_mangler;areal_mangler|kwh_mangler
3824;Tokke (2020-2023);2021;130;3300.0;23590.0;1256000.0;512000.0;200000.0;79000.0;470000.0;380.6060606060606;155.15151515151516;60.60606060606061;164.84848484848484;23.939393939393938;19.923696481559983;404.54545454545456;424.46915102701456;592000.0;179.3939393939394;1.0;0.8648648648648648;;
3825;Vinje (2020-2023);2021;130;2836.0;41213.0;1661000.0;777000.0;302000.0;153000.0;340000.0;585.6840620592384;273.97743300423133;106.48801128349788;205.21861777150917;53.94922425952045;8.24982408463349;639.6332863187588;647.8831104033923;520000.0;183.35684062059238;1.0;1.4942307692307695;;
4201;Risør;2021;130;3022.0;38927.0;1920000.0;571000.0;496000.0;147000.0;3813000.0;635.3408338848445;188.94771674387823;164.1297154202515;282.26340172071474;48.6432825943084;97.95257790222725;683.9841164791529;781.9366943813802;645000.0;213.43481138318995;0.986046511627907;0.8852713178294573;;
4202;Grimstad;2021;130;5400.0;88952.0;5904000.0;616000.0;1460000.0;190000.0;10078000.0;1093.3333333333333;114.07407407407408;270.3703703703704;708.8888888888889;35.18518518518518;113.29705908804749;1128.5185185185185;1241.815577606566;599000.0;110.92592592592592;1.0;1.0283806343906512;;
4203;Arendal;2021;130;10321.0;183159.0;8903000.0;3136000.0;1865000.0;1433000.0;15469000.0;862.6102121887415;303.8465264993702;180.6995446177696;378.06414107160157;138.84313535510125;84.45667425570133;1001.4533475438426;1085.910021799544;2155000.0;208.79759713206084;1.0;1.4552204176334107;;
4204;Kristiansand;2021;130;34154.0;482421.0;30839000.0;4943000.0;8992000.0;3994000.0;49466000.0;902.9396263980793;144.72682555483985;263.2780933419219;494.9347075013176;116.9409146805645;102.53699569463187;1019.8805410786438;1122.4175367732757;4241000.0;124.1728640861978;1.0;1.165526998349446;;
4205;Lindesnes;2021;130;5849.0;204652.0;5163000.0;926000.0;1244000.0;1196000.0;4765000.0;882.7149940160712;158.31766113865618;212.68592921866986;511.7114036587451;204.4793981877244;23.283427476887596;1087.1943922037956;1110.4778196806833;1510000.0;258.16378868182596;1.0;0.6132450331125827;;
4206;Farsund;2021;130;2775.0;49072.0;948000.0;378000.0;312000.0;21000.0;3791000.0;341.6216216216216;136.21621621621622;112.43243243243244;92.97297297297297;7.5675675675675675;77.25383110531465;349.18918918918916;426.4430202945038;361000.0;130.0900900900901;1.0;1.0470914127423823;;
4207;Flekkefjord;2021;130;0.0;51181.0;2309000.0;1008000.0;419000.0;198000.0;972000.0;;;;;;;;;361000.0;;1.0;;areal_mangler;areal_mangler
4211;Gjerstad;2021;130;2984.0;19203.0;2422000.0;805000.0;9000.0;613000.0;926000.0;811.6621983914209;269.7721179624665;3.0160857908847185;538.8739946380697;205.4289544235925;48.221632036660935;1017.0911528150134;1065.3127848516742;619000.0;207.4396782841823;1.0;1.3004846526655898;renhold_urimelig_lav;
4212;Vegårshei;2021;130;2480.0;15651.0;757000.0;360000.0;143000.0;8000.0;209000.0;305.241935483871;145.16129032258064;57.66129032258065;102.41935483870968;3.225806451612903;13.35377931122612;308.46774193548384;321.82152124670995;313000.0;126.20967741935483;1.0;1.1501597444089458;;
4213;Tvedestrand;2021;130;884.0;31936.0;478000.0;170000.0;146000.0;53000.0;2023000.0;540.7239819004525;192.30769230769232;165.15837104072398;183.2579185520362;59.95475113122172;63.34544088176353;600.6787330316743;664.0241739134378;76000.0;85.97285067873302;1.0;2.2368421052631584;;
4214;Froland;2021;130;2380.0;38509.0;2716000.0;573000.0;888000.0;130000.0;5580000.0;1141.1764705882354;240.7563025210084;373.109243697479;527.3109243697479;54.621848739495796;144.9011919291594;1195.7983193277312;1340.6995112568907;509000.0;213.8655462184874;1.0;1.12573673870334;;
4215;Lillesand;2021;130;3837.0;57422.0;702000.0;170000.0;212000.0;54000.0;2312000.0;182.95543393275997;44.30544696377378;55.25149856658848;83.3984884023977;14.073494917904613;40.26331371251437;197.02892885066458;237.29224256317895;532000.0;138.64998696898618;1.0;0.31954887218045114;drift_urimelig_lav;implisitt_pris_utenfor
4216;Birkenes;2021;130;3837.0;57422.0;3970000.0;296000.0;593000.0;888000.0;990000.0;1034.6624967422465;77.14360177221788;154.54782382069325;802.9710711493354;231.43080531665365;17.240778795583573;1266.0933020589002;1283.3340808544838;490000.0;127.70393536617149;1.0;0.6040816326530611;;
4217;Åmli;2021;130;1470.0;14216.0;1468000.0;265000.0;57000.0;79000.0;388000.0;998.6394557823129;180.2721088435374;38.775510204081634;779.5918367346939;53.74149659863946;27.293190770962298;1052.3809523809523;1079.6741431519147;364000.0;247.61904761904762;1.0;0.728021978021978;renhold_urimelig_lav;
4218;Iveland;2021;130;1372.0;12071.0;484000.0;77000.0;44000.0;74000.0;1613000.0;352.76967930029156;56.12244897959184;32.06997084548105;264.5772594752187;53.93586005830904;133.62604589512054;406.70553935860056;540.3315852537211;182000.0;132.6530612244898;1.0;0.42307692307692313;renhold_urimelig_lav;implisitt_pris_utenfor
4219;Evje og Hornnes;2021;130;1350.0;27367.0;725000.0;231000.0;199000.0;7000.0;702000.0;537.0370370370371;171.11111111111111;147.40740740740742;218.5185185185185;5.185185185185185;25.65133189607922;542.2222222222222;567.8735541183014;131000.0;97.03703703703704;1.0;1.7633587786259541;;
4220;Bygland;2021;130;650.0;15636.0;1678000.0;462000.0;397000.0;15000.0;459000.0;2581.5384615384614;710.7692307692307;610.7692307692307;1260.0;23.076923076923077;29.35533384497314;2604.6153846153848;2633.970718460358;475000.0;730.7692307692307;1.0;0.9726315789473684;;kwh_urimelig_hoy
4221;Valle;2021;130;1209.0;14237.0;1335000.0;249000.0;525000.0;366000.0;933000.0;1104.2183622828784;205.95533498759306;434.24317617866006;464.0198511166253;302.72952853598014;65.53346912973238;1406.9478908188585;1472.4813599485908;490000.0;405.29363110008273;1.0;0.5081632653061224;;kwh_uteligger
4222;Bykle;2021;130;2000.0;20819.0;2233000.0;509000.0;362000.0;73000.0;38000.0;1116.5;254.5;181.0;681.0;36.5;1.8252557759738701;1153.0;1154.8252557759738;452000.0;226.0;1.0;1.1261061946902655;;
4223;Vennesla;2021;130;3500.0;70751.0;2046000.0;476000.0;534000.0;204000.0;3755000.0;584.5714285714286;136.0;152.57142857142858;296.0;58.285714285714285;53.073454792158415;642.8571428571429;695.9305976493013;403000.0;115.14285714285714;1.0;1.1811414392059554;;
4224;Åseral;2021;130;2780.0;11913.0;2124000.0;211000.0;958000.0;2330000.0;325000.0;764.0287769784172;75.89928057553956;344.6043165467626;343.52517985611513;838.1294964028777;27.28112146394695;1602.158273381295;1629.4393948452418;161000.0;57.9136690647482;1.0;1.31055900621118;;kwh_uteligger
4225;Lyngdal;2021;130;4366.0;63403.0;2942000.0;920000.0;367000.0;159000.0;1367000.0;673.843334860284;210.71919377004122;84.05863490609254;379.06550618415025;36.4177737059093;21.560493982934563;710.2611085661933;731.8216025491279;648000.0;148.41960604672468;1.0;1.4197530864197532;;
4226;Hægebostad;2021;130;1200.0;11693.0;378000.0;115000.0;123000.0;21000.0;230000.0;315.0;95.83333333333333;102.5;116.66666666666667;17.5;19.669887967159838;332.5;352.16988796715987;122000.0;101.66666666666667;1.0;0.9426229508196721;;
4227;Kvinesdal;2021;130;3743.0;48605.0;2778000.0;406000.0;894000.0;85000.0;531000.0;742.185412770505;108.46914239914507;238.84584557841305;394.87042479294684;22.709056906224955;10.924801975105442;764.8944696767298;775.8192716518353;658000.0;175.79481699171788;1.0;0.6170212765957447;;
4601;Bergen;2021;130;49928.0;905824.0;31949000.0;10405000.0;3930000.0;5939000.0;121624000.0;639.9014580996635;208.40009613843935;78.71334721999679;352.78801474122736;118.95128985739464;134.26890875048574;758.8527479570581;893.1216567075438;7853000.0;157.28649254927095;1.0;1.3249713485292245;;
4602;Kinn;2021;130;2996.0;85519.0;5313000.0;521000.0;822000.0;527000.0;1152000.0;1773.3644859813085;173.8985313751669;274.36582109479303;1325.1001335113485;175.90120160213618;13.470690723698826;1949.2656875834446;1962.7363783071435;644000.0;214.9532710280374;1.0;0.8090062111801243;;
4611;Etne;2021;130;2439.0;30800.0;1027000.0;303000.0;417000.0;104000.0;399000.0;421.0742107421074;124.23124231242312;170.97170971709718;125.87125871258712;42.64042640426404;12.954545454545455;463.71463714637144;476.6691826009169;372000.0;152.52152521525215;1.0;0.814516129032258;;
4612;Sveio;2021;130;3100.0;31200.0;371000.0;48000.0;87000.0;20000.0;787000.0;119.6774193548387;15.483870967741936;28.06451612903226;76.12903225806451;6.451612903225806;25.224358974358974;126.12903225806451;151.3533912324235;533000.0;171.93548387096774;1.0;0.0900562851782364;drift_urimelig_lav|energi_urimelig_lav|renhold_urimelig_lav;implisitt_pris_utenfor
4613;Bømlo;2021;130;3314.0;63996.0;2137000.0;573000.0;912000.0;208000.0;1798000.0;644.8400724200362;172.90283645141824;275.1961375980688;196.7410983705492;62.76403138201569;28.09550596912307;707.6041038020519;735.699609771175;463000.0;139.71031985515992;1.0;1.2375809935205184;;
4614;Stord;2021;130;4478.0;76103.0;5097000.0;816000.0;1983000.0;532000.0;4878000.0;1138.2313532827154;182.22420723537294;442.8316212594908;513.1755247878517;118.8030370701206;64.09734176050878;1257.034390352836;1321.1317321133447;1293000.0;288.74497543546227;1.0;0.6310904872389791;;
4615;Fitjar;2021;130;1393.0;13477.0;1000000.0;307000.0;254000.0;18000.0;0.0;717.8750897343862;220.38765254845657;182.3402727925341;315.14716439339554;12.921751615218952;0.0;730.7968413496052;730.7968413496052;211000.0;151.4716439339555;1.0;1.4549763033175354;;
4616;Tysnes;2021;130;2995.0;20193.0;406000.0;188000.0;4000.0;565000.0;521000.0;135.559265442404;62.771285475792986;1.335559265442404;71.45242070116862;188.64774624373956;25.80102015549943;324.2070116861436;350.008031841643;136000.0;45.40901502504174;1.0;1.3823529411764703;drift_urimelig_lav|renhold_urimelig_lav;kwh_urimelig_lav
4617;Kvinnherad;2021;130;8575.0;82846.0;3211000.0;1399000.0;1164000.0;314000.0;3293000.0;374.4606413994169;163.14868804664724;135.74344023323616;75.56851311953353;36.61807580174927;39.74844892933877;411.07871720116617;450.82716613050496;741000.0;86.41399416909621;1.0;1.8879892037786774;;
4618;Ullensvang;2021;130;6428.0;80820.0;6948000.0;3354000.0;1175000.0;489000.0;6891000.0;1080.8960796515246;521.7797137523336;182.7940261356565;376.32233976353456;76.07342874922216;85.26354862657757;1156.9695084007467;1242.2330570273243;1095000.0;170.34847542003735;1.0;3.063013698630137;;implisitt_pris_utenfor
4619;Eidfjord;2021;130;1631.0;12759.0;1403000.0;521000.0;12000.0;969000.0;651000.0;860.2084610668302;319.43592887798894;7.357449417535254;533.415082771306;594.1140404659718;51.022807430049376;1454.3225015328019;1505.3453089628513;;;;;renhold_urimelig_lav;kwh_mangler
4620;Ulvik;2021;130;2850.0;14441.0;2086000.0;685000.0;375000.0;103000.0;0.0;731.9298245614035;240.35087719298247;131.57894736842104;360.0;36.14035087719298;0.0;768.0701754385965;768.0701754385965;395000.0;138.59649122807016;1.0;1.7341772151898736;;
4621;Voss;2021;130;7161.0;95935.0;4280000.0;1165000.0;1355000.0;375000.0;14172000.0;597.6818880044686;162.6867755900014;189.21938276776987;245.77572964669739;52.36698785085882;147.72502215041433;650.0488758553274;797.7738980057418;1030000.0;143.83465996369222;1.0;1.1310679611650485;;
4622;Kvam;2021;130;5472.0;65744.0;2526000.0;1062000.0;465000.0;79000.0;2077000.0;461.62280701754383;194.07894736842104;84.9780701754386;182.56578947368422;14.437134502923977;31.59223655390606;476.0599415204678;507.65217807437386;1137000.0;207.78508771929825;1.0;0.9340369393139841;;
4623;Samnanger;2021;130;1612.0;13885.0;1179000.0;182000.0;461000.0;99000.0;555000.0;731.3895781637717;112.90322580645162;285.9801488833747;332.5062034739454;61.41439205955335;39.971191933741444;792.8039702233251;832.7751621570666;173000.0;107.32009925558313;1.0;1.0520231213872833;;
4624;Bjørnafjorden;2021;130;6941.0;112564.0;4835000.0;1693000.0;1200000.0;673000.0;6548000.0;696.58550641118;243.91298083849588;172.885751332661;279.7867742400231;96.96009220573404;58.17135140897623;793.5455986169139;851.7169500258901;1170000.0;168.56360754934448;1.0;1.447008547008547;;
4625;Austevoll;2021;130;4081.0;34365.0;2130000.0;337000.0;1195000.0;99000.0;2110000.0;521.9308992893898;82.57779955893163;292.82038716000983;146.5327125704484;24.258760107816713;61.399679906882;546.1896593972066;607.5893393040885;584000.0;143.10218083802988;1.0;0.577054794520548;;
4626;Øygarden;2021;130;16147.0;180518.0;14997000.0;4395000.0;2860000.0;2445000.0;7273000.0;928.7793398154456;272.1867839227101;177.122685328544;479.46987056419147;151.42131665324828;40.2896110083205;1080.200656468694;1120.4902674770144;4195000.0;259.80058215148324;1.0;1.0476758045292014;;
4627;Askøy;2021;130;4800.0;115759.0;2378000.0;605000.0;779000.0;1357000.0;9748000.0;495.4166666666667;126.04166666666667;162.29166666666666;207.08333333333334;282.7083333333333;84.20943511951555;778.125;862.3344351195155;1028000.0;214.16666666666666;1.0;0.5885214007782101;;
4628;Vaksdal;2021;130;4077.0;27711.0;1691000.0;553000.0;583000.0;124000.0;1459000.0;414.7657591366201;135.63895020848662;142.9973019376993;136.12950699043415;30.414520480745647;52.650571975027965;445.1802796173657;497.8308515923937;904000.0;221.73166544027472;1.0;0.611725663716814;;
4629;Modalen;2021;130;2400.0;8049.0;1281000.0;82000.0;651000.0;6000.0;283000.0;533.75;34.166666666666664;271.25;228.33333333333334;2.5;35.15964716113803;536.25;571.4096471611381;153000.0;63.75;1.0;0.5359477124183006;energi_urimelig_lav;
4630;Osterøy;2021;130;4850.0;34514.0;1929000.0;556000.0;731000.0;258000.0;75000.0;397.7319587628866;114.63917525773196;150.72164948453607;132.37113402061857;53.1958762886598;2.173031233702266;450.92783505154637;453.1008662852486;;;;;;kwh_mangler
4631;Alver;2021;130;7002.0;124985.0;7184000.0;1467000.0;2192000.0;2625000.0;12938000.0;1025.9925735504141;209.51156812339332;313.0534133104827;503.4275921165381;374.89288774635816;103.51642197063647;1400.8854612967723;1504.4018832674087;1010000.0;144.2445015709797;1.0;1.4524752475247527;;
4632;Austrheim;2021;130;1925.0;16568.0;3001000.0;147000.0;342000.0;580000.0;163000.0;1558.9610389610389;76.36363636363636;177.66233766233765;1304.935064935065;301.2987012987013;9.838242394978272;1860.2597402597403;1870.0979826547186;0.0;0.0;;;;kwh_null|kwh_urimelig_lav
4633;Fedje;2021;130;270.0;6067.0;234000.0;53000.0;69000.0;8000.0;474000.0;866.6666666666666;196.2962962962963;255.55555555555554;414.81481481481484;29.62962962962963;78.12757540794462;896.2962962962963;974.4238717042409;33000.0;122.22222222222223;1.0;1.606060606060606;areal_for_lite;areal_for_lite
4634;Masfjorden;2021;130;2200.0;22465.0;1175000.0;451000.0;443000.0;69000.0;0.0;534.0909090909091;205.0;201.36363636363637;127.72727272727273;31.363636363636363;0.0;565.4545454545455;565.4545454545455;26000.0;11.818181818181818;1.0;17.346153846153847;;kwh_urimelig_lav|implisitt_pris_utenfor
4635;Gulen;2021;130;1668.0;17310.0;561000.0;153000.0;148000.0;327000.0;2285000.0;336.33093525179856;91.72661870503597;88.72901678657074;155.87529976019184;196.0431654676259;132.0046216060081;532.3741007194244;664.3787223254325;177000.0;106.11510791366906;1.0;0.864406779661017;;
4636;Solund;2021;130;880.0;6913.0;507000.0;41000.0;278000.0;7000.0;884000.0;576.1363636363636;46.59090909090909;315.90909090909093;213.63636363636363;7.954545454545454;127.87501808187473;584.0909090909091;711.9659271727838;124000.0;140.9090909090909;1.0;0.3306451612903226;;implisitt_pris_utenfor
4637;Hyllestad;2021;130;3054.0;13217.0;1662000.0;283000.0;657000.0;90000.0;324000.0;544.2043222003929;92.66535690897184;215.12770137524558;236.4112639161755;29.469548133595286;24.51388363471287;573.6738703339882;598.1877539687011;481000.0;157.49836280288147;1.0;0.5883575883575883;;
4638;Høyanger;2021;130;3224.0;26619.0;2410000.0;345000.0;485000.0;61000.0;1857000.0;747.5186104218362;107.00992555831266;150.43424317617865;490.0744416873449;18.92059553349876;69.76219993237913;766.439205955335;836.2014058877141;951000.0;294.9751861042184;1.0;0.362776025236593;;implisitt_pris_utenfor
4639;Vik;2021;130;1545.0;16737.0;328000.0;202000.0;0.0;97000.0;382000.0;212.29773462783172;130.74433656957927;0.0;81.55339805825243;62.7831715210356;22.823684053295096;275.0809061488673;297.9045902021624;169000.0;109.38511326860842;1.0;1.195266272189349;renhold_urimelig_lav;
4640;Sogndal;2021;130;6591.0;51382.0;4733000.0;1213000.0;1490000.0;692000.0;10000.0;718.1004399939311;184.03884084357458;226.06584736762252;307.99575178273403;104.99165528751328;0.19462068428632595;823.0920952814444;823.2867159657307;534000.0;81.0195721438325;1.0;2.2715355805243442;;
4641;Aurland;2021;130;3570.0;22717.0;1460000.0;272000.0;704000.0;53000.0;660000.0;408.9635854341737;76.19047619047619;197.19887955182074;135.57422969187675;14.84593837535014;29.053132015671082;423.8095238095238;452.8626558251949;601000.0;168.34733893557424;1.0;0.4525790349417637;;implisitt_pris_utenfor
4642;Lærdal;2021;130;1616.0;13358.0;1353000.0;643000.0;270000.0;79000.0;0.0;837.2524752475248;397.8960396039604;167.07920792079207;272.2772277227723;48.886138613861384;0.0;886.1386138613861;886.1386138613861;383000.0;237.0049504950495;1.0;1.6788511749347257;;
4643;Årdal;2021;130;3092.0;39566.0;1462000.0;920000.0;311000.0;148000.0;3936000.0;472.83311772315653;297.5420439844761;100.58214747736093;74.70892626131953;47.86545924967658;99.47935095789315;520.6985769728332;620.1779279307264;788000.0;254.85122897800775;0.9949238578680203;1.1675126903553301;;
4644;Luster;2021;130;3108.0;38524.0;1017000.0;338000.0;5000.0;551000.0;2463000.0;327.2200772200772;108.75160875160876;1.6087516087516087;216.85971685971685;177.2844272844273;63.93417090644793;504.5045045045045;568.4386754109524;327000.0;105.2123552123552;1.0;1.033639143730887;renhold_urimelig_lav;
4645;Askvoll;2021;130;1200.0;16433.0;680000.0;144000.0;243000.0;101000.0;1804000.0;566.6666666666666;120.0;202.5;244.16666666666666;84.16666666666667;109.77910302440212;650.8333333333334;760.6124363577355;152000.0;126.66666666666667;1.0;0.9473684210526315;;
4646;Fjaler;2021;130;2769.0;28018.0;734000.0;206000.0;333000.0;35000.0;656000.0;265.0776453593355;74.39508847959553;120.26002166847238;70.4225352112676;12.639942217407006;23.413519880077093;277.7175875767425;301.1311074568196;444000.0;160.34669555796316;1.0;0.463963963963964;;implisitt_pris_utenfor
4647;Sunnfjord;2021;130;15318.0;136795.0;3831000.0;918000.0;1211000.0;182000.0;6786000.0;250.0979240109675;59.929494712103406;79.05731818775297;111.11111111111111;11.88144666405536;49.607076282027855;261.97937067502284;311.58644695705067;2436000.0;159.0285938112025;1.0;0.3768472906403941;;implisitt_pris_utenfor
4649;Stad;2021;130;6580.0;57606.0;1122000.0;251000.0;307000.0;96000.0;3808000.0;170.51671732522797;38.14589665653495;46.65653495440729;85.71428571428571;14.589665653495441;66.10422525431379;185.10638297872342;251.2106082330372;737000.0;112.00607902735563;0.9864314789687924;0.34056987788331067;drift_urimelig_lav|energi_urimelig_lav|renhold_urimelig_lav;implisitt_pris_utenfor
4650;Gloppen;2021;130;1671.0;33775.0;501000.0;172000.0;7000.0;120000.0;3113000.0;299.8204667863555;102.93237582286056;4.189108318372233;192.69898264512267;71.8132854578097;92.16876387860844;371.6337522441652;463.8025161227736;253000.0;151.4063435068821;1.0;0.6798418972332015;renhold_urimelig_lav;
4651;Stryn;2021;130;2802.0;40480.0;1034000.0;307000.0;153000.0;100000.0;2518000.0;369.02212705210565;109.56459671663097;54.603854389721626;204.85367594575303;35.6887937187723;62.20355731225296;404.7109207708779;466.91447808313086;579000.0;206.63811563169165;1.0;0.5302245250431779;;
5001;Trondheim - Tråante;2021;130;19526.0;759208.0;10440000.0;2092000.0;3773000.0;6106000.0;73912000.0;534.671719758271;107.13919901669568;193.22954010037898;234.30298064119634;312.71125678582405;97.35408478308975;847.3829765440951;944.7370613271848;1820000.0;93.20905459387484;1.0;1.1494505494505494;;
5006;Steinkjer - Stïentje;2021;130;16312.0;111015.0;4184000.0;1892000.0;500000.0;144000.0;11790000.0;256.4982834722903;115.9882295242766;30.65228052967141;109.85777341834232;8.827856792545365;106.20186461289015;265.3261402648357;371.52800487772583;2915000.0;178.7027954879843;1.0;0.6490566037735849;renhold_urimelig_lav;
5007;Namsos - Nåavmesjenjaelmie;2021;130;9802.0;88551.0;5694000.0;1943000.0;2749000.0;878000.0;6657000.0;580.9018567639257;198.22485207100593;280.4529687818812;102.22403591103857;89.57355641705774;75.17701663448183;670.4754131809834;745.6524298154652;2390000.0;243.82779024688838;1.0;0.8129707112970712;;
5014;Frøya;2021;130;5536.0;27646.0;8649000.0;533000.0;1254000.0;182000.0;1197000.0;1562.3193641618498;96.27890173410404;226.51734104046244;1239.5231213872833;32.8757225433526;43.2974028792592;1595.1950867052024;1638.4924895844615;899000.0;162.39161849710982;1.0;0.592880978865406;;
5020;Osen;2021;130;1400.0;7958.0;1073000.0;282000.0;447000.0;20000.0;447000.0;766.4285714285714;201.42857142857142;319.2857142857143;245.71428571428572;14.285714285714286;56.169891932646394;780.7142857142857;836.884177646932;324000.0;231.42857142857142;1.0;0.8703703703703703;;
5021;Oppdal;2021;130;3861.0;34224.0;1818000.0;516000.0;766000.0;171000.0;3810000.0;470.86247086247084;133.64413364413363;198.39419839419838;138.82413882413883;44.28904428904429;111.32538569424965;515.1515151515151;626.4769008457648;608000.0;157.47215747215748;1.0;0.8486842105263157;;
5022;Rennebu;2021;130;3011.0;21505.0;1948000.0;315000.0;331000.0;166000.0;330000.0;646.9611424775821;104.61640650946529;109.93025572899369;432.41448023912324;55.13118565260711;15.345268542199488;702.0923281301893;717.4375966723888;434000.0;144.13816007970775;1.0;0.7258064516129031;;
5025;Røros - Rosse;2021;130;1794.0;29604.0;5062000.0;1323000.0;1491000.0;108000.0;4727000.0;2821.6276477146043;737.4581939799331;831.1036789297659;1253.0657748049052;60.20066889632107;159.67436832860423;2881.8283166109254;3041.5026849395294;513000.0;285.95317725752506;1.0;2.5789473684210527;DV_uteligger_hoy;
5026;Holtålen;2021;130;1200.0;13179.0;284000.0;57000.0;18000.0;41000.0;1053000.0;236.66666666666666;47.5;15.0;174.16666666666666;34.166666666666664;79.89984065558843;270.8333333333333;350.73317398892175;65000.0;54.166666666666664;1.0;0.8769230769230769;renhold_urimelig_lav;kwh_uteligger
5027;Midtre Gauldal;2021;130;4023.0;40604.0;2822000.0;546000.0;337000.0;40000.0;961000.0;701.4665672383793;135.71961222967934;83.76833209047975;481.97862291822025;9.942828734775043;23.667618953797657;711.4093959731543;735.077014926952;0.0;0.0;;;;kwh_null|kwh_urimelig_lav
5028;Melhus;2021;130;5860.0;97231.0;1885000.0;472000.0;456000.0;3916000.0;9285000.0;321.67235494880543;80.54607508532423;77.81569965870307;163.31058020477815;668.2593856655291;95.4942353776059;989.9317406143344;1085.4259759919403;1359000.0;231.91126279863482;1.0;0.34731420161883736;;implisitt_pris_utenfor
5029;Skaun;2021;130;6613.0;46711.0;4275000.0;350000.0;893000.0;3191000.0;4623000.0;646.4539543323756;52.92605474066233;135.03704823831848;458.4908513533948;482.53440193558146;98.97026396352037;1128.988356267957;1227.9586202314774;863000.0;130.5005292605474;1.0;0.4055619930475087;;implisitt_pris_utenfor
5031;Malvik;2021;130;4945.0;62759.0;4210000.0;775000.0;1492000.0;1169000.0;5768000.0;851.3650151668352;156.72396359959555;301.71890798786654;392.9221435793731;236.40040444893833;91.90713682499721;1087.7654196157735;1179.6725564407707;910000.0;184.02426693629928;1.0;0.8516483516483517;;
5032;Selbu;2021;130;3676.0;29280.0;1574000.0;318000.0;327000.0;865000.0;749000.0;428.1828073993471;86.50707290533188;88.95538628944504;252.72034820457017;235.310119695321;25.580601092896174;663.4929270946681;689.0735281875642;342000.0;93.03590859630033;1.0;0.9298245614035087;;
5033;Tydal;2021;130;1764.0;13494.0;1688000.0;297000.0;143000.0;111000.0;1403000.0;956.9160997732426;168.3673469387755;81.06575963718821;707.4829931972789;62.925170068027214;103.97213576404327;1019.8412698412699;1123.8134056053132;317000.0;179.70521541950114;1.0;0.9369085173501577;;
5034;Meråker;2021;130;1186.0;16105.0;760000.0;175000.0;253000.0;247000.0;1298000.0;640.8094435075885;147.55480607082632;213.3220910623946;279.93254637436763;208.26306913996626;80.59608817137534;849.0725126475548;929.6686008189301;415000.0;349.9156829679595;1.0;0.42168674698795183;;implisitt_pris_utenfor
5035;Stjørdal;2021;130;16854.0;152359.0;6649000.0;1516000.0;1464000.0;1312000.0;6906000.0;394.5057553103121;89.94897353743919;86.86365254538981;217.6931292274831;77.84502195324552;45.32715494325901;472.35077726355763;517.6779322068166;2121000.0;125.84549661801353;1.0;0.7147571900047148;;
5036;Frosta;2021;130;2300.0;14360.0;1356000.0;341000.0;492000.0;788000.0;623000.0;589.5652173913044;148.2608695652174;213.91304347826087;227.3913043478261;342.60869565217394;43.38440111420613;932.1739130434783;975.5583141576844;355000.0;154.34782608695653;1.0;0.9605633802816902;;
5037;Levanger;2021;130;10727.0;93474.0;3558000.0;0.0;1338000.0;379000.0;12074000.0;331.6863988067493;0.0;124.73198471147572;206.95441409527362;35.331406730679596;129.169608661232;367.0178055374289;496.1874141986609;1599000.0;149.06311177402816;1.0;0.0;energi_urimelig_lav;implisitt_pris_utenfor
5038;Verdal;2021;130;7800.0;73800.0;7472000.0;1370000.0;2443000.0;2435000.0;1885000.0;957.9487179487179;175.64102564102564;313.20512820512823;469.1025641025641;312.1794871794872;25.5420054200542;1270.128205128205;1295.6702105482593;1304000.0;167.17948717948718;1.0;1.0506134969325154;;
5041;Snåase - Snåsa;2021;130;1995.0;18203.0;611000.0;230000.0;231000.0;48000.0;1937000.0;306.265664160401;115.28822055137844;115.78947368421052;75.18796992481202;24.06015037593985;106.41103114871176;330.32581453634083;436.7368456850526;319000.0;159.8997493734336;1.0;0.7210031347962382;;
5042;Lierne;2021;130;2008.0;16510.0;1334000.0;304000.0;183000.0;85000.0;1236000.0;664.3426294820717;151.39442231075697;91.13545816733068;421.81274900398404;42.330677290836654;74.86371895820714;706.6733067729084;781.5370257311156;708000.0;352.58964143426294;1.0;0.4293785310734463;;implisitt_pris_utenfor
5043;Raarvihke - Røyrvik;2021;130;1383.0;8151.0;658000.0;305000.0;184000.0;61000.0;1264000.0;475.7772957339118;220.5350686912509;133.04410701373826;122.19812002892263;44.10701373825018;155.07299717826032;519.8843094721619;674.9573066504222;243000.0;175.70498915401302;0.8806584362139918;1.2551440329218106;;
5044;Namsskogan;2021;130;1734.0;12883.0;567000.0;0.0;256000.0;75000.0;994000.0;326.9896193771626;0.0;147.63552479815456;179.35409457900806;43.25259515570934;77.15594193898937;370.24221453287197;447.39815647186134;207000.0;119.37716262975779;1.0;0.0;energi_urimelig_lav;implisitt_pris_utenfor
5045;Grong;2021;130;3370.0;26813.0;1040000.0;406000.0;143000.0;124000.0;2884000.0;308.6053412462908;120.47477744807122;42.433234421364986;145.6973293768546;36.795252225519285;107.55976578525342;345.4005934718101;452.96035925706354;442000.0;131.15727002967358;1.0;0.9185520361990951;renhold_urimelig_lav;
5046;Høylandet;2021;130;915.0;11776.0;440000.0;130000.0;133000.0;10000.0;1377000.0;480.8743169398907;142.07650273224044;145.3551912568306;193.44262295081967;10.92896174863388;116.93274456521739;491.8032786885246;608.736023253742;174000.0;190.1639344262295;1.0;0.7471264367816093;;
5047;Overhalla;2021;130;3284.0;23343.0;1127000.0;232000.0;405000.0;194000.0;609000.0;343.17904993909866;70.64555420219244;123.32521315468941;149.2082825822168;59.07429963459196;26.08919162061432;402.2533495736906;428.34254119430494;358000.0;109.01339829476248;1.0;0.6480446927374302;;
5049;Flatanger;2021;130;2230.0;12367.0;888000.0;176000.0;100000.0;169000.0;88000.0;398.2062780269058;78.9237668161435;44.84304932735426;274.43946188340806;75.7847533632287;7.1157111668149104;473.99103139013454;481.1067425569494;279000.0;125.11210762331838;1.0;0.6308243727598567;renhold_urimelig_lav;
5052;Leka;2021;130;1200.0;5220.0;1954000.0;247000.0;376000.0;190000.0;254000.0;1628.3333333333333;205.83333333333334;313.3333333333333;1109.1666666666667;158.33333333333334;48.65900383141762;1786.6666666666667;1835.3256704980843;168000.0;140.0;1.0;1.4702380952380953;;
5053;Inderøy;2021;130;2973.0;29971.0;1514000.0;454000.0;299000.0;396000.0;3181000.0;509.24991590985536;152.70770265724857;100.57181298351833;255.97040026908846;133.19878910191724;106.13593140035367;642.4487050117726;748.5846364121263;285000.0;95.8627648839556;1.0;1.5929824561403507;;
5054;Indre Fosen;2021;130;7109.0;60980.0;5421000.0;1172000.0;1695000.0;629000.0;5560000.0;762.5545083696722;164.86144324096216;238.4301589534393;359.26290617527076;88.47939231959488;91.17743522466382;851.0339006892672;942.211335913931;1009000.0;141.93276128850752;1.0;1.1615460852329038;;
5055;Heim;2021;130;2845.0;35104.0;2474000.0;523000.0;846000.0;689000.0;3060000.0;869.5957820738137;183.83128295254832;297.3637961335677;388.40070298769774;242.1792618629174;87.16955332725615;1111.7750439367312;1198.9445972639874;1102000.0;387.3462214411248;1.0;0.4745916515426497;;implisitt_pris_utenfor
5056;Hitra;2021;130;4772.0;29398.0;1480000.0;244000.0;532000.0;113000.0;2919000.0;310.14249790444256;51.13160100586756;111.48365465213747;147.52724224643757;23.679798826487847;99.2924688754337;333.8222967309304;433.11476560636413;267000.0;55.95138306789606;1.0;0.9138576779026217;;kwh_uteligger
5057;Ørland;2021;130;7029.0;98242.0;3344000.0;831000.0;1235000.0;382000.0;5978000.0;475.7433489827856;118.22449850618865;175.70066865841514;181.8181818181818;54.34627969839237;60.84973840109118;530.0896286811779;590.9393670822691;1466000.0;208.56451842367335;1.0;0.5668485675306958;;
5058;Åfjord;2021;130;2501.0;22079.0;2518000.0;459000.0;788000.0;62000.0;755000.0;1006.797281087565;183.5265893642543;315.07397041183526;508.1967213114754;24.790083966413434;34.19538928393496;1031.5873650539784;1065.7827543379133;218000.0;87.16513394642143;1.0;2.1055045871559632;;
5059;Orkland;2021;130;13483.0;110101.0;7238000.0;1224000.0;2017000.0;905000.0;7790000.0;536.82414892828;90.78098346065416;149.59578728769563;296.4473781799303;67.12156048357191;70.75321750029518;603.9457094118519;674.698926912147;3198000.0;237.18756953200327;1.0;0.38273921200750466;;implisitt_pris_utenfor
5060;Nærøysund;2021;130;6829.0;95485.0;4665000.0;646000.0;2119000.0;351000.0;7696000.0;683.1161224190951;94.59657343681359;310.2943329916532;278.2252159906282;51.398447796163424;80.59904697072838;734.5145702152585;815.1136171859869;820000.0;120.0761458485869;1.0;0.7878048780487805;;
5061;Rindal;2021;130;1750.0;17550.0;1139000.0;333000.0;148000.0;269000.0;0.0;650.8571428571429;190.28571428571428;84.57142857142857;376.0;153.71428571428572;0.0;804.5714285714286;804.5714285714286;325000.0;185.71428571428572;1.0;1.0246153846153845;;
5401;Tromsø (2020-2023);2021;130;29170.0;330382.0;24970000.0;4888000.0;3370000.0;1138000.0;22443000.0;856.0164552622557;167.5694206376414;115.5296537538567;572.9173808707576;39.01268426465547;67.9304562597236;895.0291395269112;962.9595957866347;10633000.0;364.51834076105587;1.0;0.4597009310636697;;implisitt_pris_utenfor
5402;Harstad (2020-2023);2021;130;6395.0;139137.0;6229000.0;1582000.0;1219000.0;1443000.0;14458000.0;974.0422204847537;247.3807662236122;190.61767005473027;536.0437842064113;225.6450351837373;103.91197165383758;1199.687255668491;1303.5992273223285;1431000.0;223.76856919468335;1.0;1.105520614954577;;
5403;Alta (2020-2023);2021;130;23738.0;179122.0;5955000.0;1508000.0;1283000.0;446000.0;8191000.0;250.86359423708822;63.526834611171964;54.04836127727694;133.2883983486393;18.788440475187464;45.72860955103226;269.6520347122757;315.38064426330794;538000.0;22.66408290504676;1.0;2.802973977695167;;kwh_urimelig_lav
5404;Vardø (2020-2023);2021;130;2215.0;10810.0;2203000.0;638000.0;464000.0;372000.0;1242000.0;994.5823927765236;288.0361173814898;209.48081264108353;497.0654627539503;167.94582392776525;114.8936170212766;1162.528216704289;1277.4218337255656;500000.0;225.73363431151242;1.0;1.2759999999999998;;
5405;Vadsø (2020-2023);2021;130;10341.0;60750.0;2699000.0;965000.0;547000.0;187000.0;1346000.0;260.99990329755343;93.31786094188183;52.896238274828356;114.78580408084325;18.083357508944978;22.156378600823047;279.0832608064984;301.2396394073214;1601000.0;154.82061696160912;1.0;0.6027482823235478;;
5406;Hammerfest (2020-2023);2021;130;9370.0;110899.0;13798000.0;1581000.0;3363000.0;1626000.0;4404000.0;1472.572038420491;168.72998932764142;358.9114194236926;944.9306296691569;173.5325506937033;39.71180984499409;1646.1045891141941;1685.8163989591883;2134000.0;227.74813233724655;0.930178069353327;0.7408622305529522;;
5411;Kvæfjord (2020-2023);2021;130;3500.0;24193.0;962000.0;338000.0;377000.0;88000.0;420000.0;274.85714285714283;96.57142857142857;107.71428571428571;70.57142857142857;25.142857142857142;17.360393502252716;300.0;317.3603935022527;491000.0;140.28571428571428;1.0;0.6883910386965377;;
5412;Tjeldsund (2020-2023);2021;130;1800.0;18808.0;1077000.0;395000.0;279000.0;288000.0;1506000.0;598.3333333333334;219.44444444444446;155.0;223.88888888888889;160.0;80.07230965546576;758.3333333333334;838.4056429887992;435000.0;241.66666666666666;1.0;0.9080459770114944;;
5413;Ibestad (2020-2023);2021;130;1393.0;9433.0;846000.0;257000.0;54000.0;49000.0;416000.0;607.3223259152908;184.49389806173727;38.765254845656855;384.06317300789664;35.175879396984925;44.10049825082158;642.4982053122757;686.5987035630973;124000.0;89.0165111270639;1.0;2.0725806451612905;renhold_urimelig_lav;
5414;Gratangen (2020-2023);2021;130;2034.0;11071.0;2660000.0;204000.0;1955000.0;115000.0;10000.0;1307.7679449360865;100.29498525073747;961.1602753195674;246.3126843657817;56.538839724680436;0.9032607713846987;1364.3067846607669;1365.2100454321517;247000.0;121.43559488692232;1.0;0.8259109311740891;;
5415;Loabák - Lavangen (2020-2023);2021;130;939.0;9085.0;851000.0;354000.0;386000.0;169000.0;2518000.0;906.283280085197;376.99680511182106;411.07561235356764;118.21086261980831;179.9787007454739;277.16015410016513;1086.2619808306708;1363.422134930836;287000.0;305.6443024494143;1.0;1.2334494773519162;;
5416;Bardu (2020-2023);2021;130;2860.0;25744.0;1432000.0;634000.0;112000.0;339000.0;2422000.0;500.6993006993007;221.67832167832168;39.16083916083916;239.86013986013987;118.53146853146853;94.08017402113114;619.2307692307693;713.3109432519004;610000.0;213.28671328671328;1.0;1.039344262295082;renhold_urimelig_lav;
5417;Salangen (2020-2023);2021;130;1128.0;16897.0;465000.0;101000.0;157000.0;35000.0;588000.0;412.2340425531915;89.53900709219859;139.18439716312056;183.51063829787233;31.02836879432624;34.79907675918802;443.26241134751774;478.0614881067058;248000.0;219.8581560283688;1.0;0.40725806451612906;;implisitt_pris_utenfor
5418;Målselv (2020-2023);2021;130;3650.0;45083.0;2470000.0;501000.0;258000.0;459000.0;40000.0;676.7123287671233;137.26027397260273;70.68493150684931;468.7671232876712;125.75342465753425;0.8872524011268106;802.4657534246576;803.3530058257844;595000.0;163.013698630137;1.0;0.8420168067226891;;
5419;Sørreisa (2020-2023);2021;130;2590.0;24761.0;780000.0;318000.0;64000.0;223000.0;2689000.0;301.1583011583012;122.77992277992279;24.71042471042471;153.66795366795367;86.1003861003861;108.59819878034006;387.25868725868725;495.8568860390273;459000.0;177.22007722007723;1.0;0.6928104575163399;renhold_urimelig_lav;
5420;Dyrøy (2020-2023);2021;130;1500.0;9114.0;906000.0;547000.0;49000.0;18000.0;741000.0;604.0;364.6666666666667;32.666666666666664;206.66666666666666;12.0;81.30348913759052;616.0;697.3034891375905;818000.0;545.3333333333334;0.5366748166259169;0.6687041564792175;renhold_urimelig_lav;kwh_urimelig_hoy
5421;Senja (2020-2023);2021;130;11075.0;103565.0;3827000.0;1487000.0;1011000.0;1297000.0;10698000.0;345.5530474040632;134.26636568848758;91.28668171557563;120.0;117.11060948081264;103.29744604837542;462.6636568848758;565.9611029332513;1443000.0;130.29345372460497;1.0;1.0304920304920304;;
5422;Balsfjord (2020-2023);2021;130;9886.0;38537.0;1697000.0;426000.0;385000.0;153000.0;2916000.0;171.65688852923327;43.09124013756828;38.943961157191985;89.62168723447299;15.47643131701396;75.66754028595895;187.13331984624722;262.80086013220614;1773000.0;179.3445276148088;1.0;0.24027072758037227;drift_urimelig_lav|renhold_urimelig_lav;implisitt_pris_utenfor
5423;Karlsøy (2020-2023);2021;130;1743.0;13941.0;1612000.0;193000.0;607000.0;240000.0;3829000.0;924.8422260470453;110.72862880091796;348.25014343086633;465.86345381526104;137.69363166953528;274.65748511584536;1062.5358577165805;1337.193342832426;371000.0;212.85140562248995;1.0;0.5202156334231807;;
5424;Lyngen (2020-2023);2021;130;0.0;24830.0;640000.0;151000.0;204000.0;43000.0;803000.0;;;;;;;;;268000.0;;1.0;;areal_mangler;areal_mangler
5425;Storfjord - Omasvuotna - Omasvuono (2020-2023);2021;130;2540.0;23986.0;1627000.0;270000.0;750000.0;11000.0;1375000.0;640.5511811023622;106.2992125984252;295.2755905511811;238.9763779527559;4.330708661417323;57.32510631201534;644.8818897637796;702.2069960757949;270000.0;106.2992125984252;1.0;1.0;;
5426;Gáivuotna - Kåfjord - Kaivuono (2020-2023);2021;130;2160.0;15860.0;1114000.0;268000.0;455000.0;188000.0;1210000.0;515.7407407407408;124.07407407407408;210.64814814814815;181.0185185185185;87.03703703703704;76.29255989911728;602.7777777777778;679.0703376768951;480000.0;222.22222222222223;1.0;0.5583333333333333;;
5427;Skjervøy (2020-2023);2021;130;2135.0;29239.0;1711000.0;359000.0;375000.0;318000.0;1810000.0;801.4051522248244;168.14988290398125;175.6440281030445;457.6112412177986;148.94613583138172;61.90362187489312;950.351288056206;1012.2549099310992;387000.0;181.2646370023419;1.0;0.9276485788113694;;
5428;Nordreisa (2020-2023);2021;130;3730.0;38939.0;3514000.0;298000.0;474000.0;290000.0;2967000.0;942.0911528150134;79.89276139410188;127.07774798927613;735.1206434316354;77.7479892761394;76.19610159480213;1019.8391420911528;1096.0352436859548;698000.0;187.1313672922252;1.0;0.4269340974212035;;implisitt_pris_utenfor
5429;Kvænangen (2020-2023);2021;130;2476.0;10662.0;1721000.0;327000.0;670000.0;167000.0;364000.0;695.0726978998384;132.06785137318255;270.59773828756056;292.4071082390953;67.44749596122779;34.13993622209717;762.5201938610662;796.6601300831634;552000.0;222.94022617124395;1.0;0.592391304347826;;
5430;Guovdageaidnu-Kautokeino (2020-2023);2021;130;2829.0;21937.0;1152000.0;193000.0;413000.0;842000.0;2493000.0;407.21102863202543;68.22198656769176;145.98798161894663;193.00106044538705;297.6316719688936;113.64361580890733;704.8427006009191;818.4863164098265;174000.0;61.50583244962884;1.0;1.1091954022988506;;kwh_uteligger
5432;Loppa (2020-2023);2021;130;1290.0;14015.0;532000.0;156000.0;2000.0;670000.0;38000.0;412.4031007751938;120.93023255813954;1.550387596899225;289.92248062015506;519.3798449612403;2.7113806635747415;931.7829457364342;934.4943264000088;280000.0;217.05426356589146;1.0;0.5571428571428572;renhold_urimelig_lav;
5433;Hasvik (2020-2023);2021;130;570.0;9880.0;289000.0;1000.0;216000.0;66000.0;827000.0;507.0175438596491;1.7543859649122806;378.94736842105266;126.3157894736842;115.78947368421052;83.70445344129554;622.8070175438596;706.5114709851551;146000.0;256.140350877193;1.0;0.00684931506849315;energi_urimelig_lav;implisitt_pris_utenfor
5434;Måsøy (2020-2023);2021;130;2403.0;14661.0;986000.0;224000.0;282000.0;97000.0;0.0;410.3204327923429;93.21681231793592;117.35330836454432;199.75031210986268;40.36620890553475;0.0;450.68664169787763;450.68664169787763;195000.0;81.14856429463171;1.0;1.1487179487179489;;
5435;Nordkapp (2020-2023);2021;130;2160.0;27126.0;1369000.0;399000.0;517000.0;347000.0;0.0;633.7962962962963;184.72222222222223;239.35185185185185;209.72222222222223;160.64814814814815;0.0;794.4444444444445;794.4444444444445;463000.0;214.35185185185185;1.0;0.8617710583153348;;
5436;Porsanger - Porsángu - Porsanki  (2020-2023);2021;130;3974.0;35246.0;2354000.0;482000.0;762000.0;99000.0;2463000.0;592.3502767991947;121.28837443381983;191.7463512833417;279.3155510820332;24.911927528938097;69.88027010157181;617.2622043281328;687.1424744297046;108000.0;27.176648213387015;1.0;4.462962962962963;;kwh_urimelig_lav|implisitt_pris_utenfor
5437;Kárásjohka-Karasjok (2020-2023);2021;130;3524.0;26160.0;732000.0;304000.0;7000.0;310000.0;126000.0;207.71850170261067;86.2656072644722;1.9863791146424516;119.46651532349603;87.96821793416572;4.81651376146789;295.6867196367764;300.5032333982443;813000.0;230.70374574347332;1.0;0.3739237392373924;renhold_urimelig_lav;implisitt_pris_utenfor
5438;Lebesby (2020-2023);2021;130;1150.0;12958.0;4487000.0;45000.0;681000.0;50000.0;643000.0;3901.7391304347825;39.130434782608695;592.1739130434783;3270.4347826086955;43.47826086956522;49.621855224571696;3945.217391304348;3994.83924652892;193000.0;167.82608695652175;1.0;0.23316062176165803;energi_urimelig_lav;implisitt_pris_utenfor
5440;Berlevåg (2020-2023);2021;130;1720.0;11860.0;1111000.0;404000.0;92000.0;30000.0;576000.0;645.9302325581396;234.88372093023256;53.48837209302326;357.5581395348837;17.441860465116278;48.566610455311974;663.3720930232558;711.9387034785678;593000.0;344.7674418604651;0.6947723440134908;0.6812816188870152;;
5441;Deatnu-Tana (2020-2023);2021;130;1849.0;22048.0;889000.0;242000.0;7000.0;14000.0;2550000.0;480.8004326663061;130.881557598702;3.785830178474851;346.1330448891293;7.571660356949702;115.6567489114659;488.3720930232558;604.0288419347216;0.0;0.0;;;renhold_urimelig_lav;kwh_null|kwh_urimelig_lav
5442;Unjárga-Nesseby (2020-2023);2021;130;2000.0;9892.0;1109000.0;313000.0;262000.0;152000.0;-157000.0;554.5;156.5;131.0;267.0;76.0;-15.871411241407198;630.5;614.6285887585929;444000.0;222.0;1.0;0.704954954954955;;
5443;Båtsfjord (2020-2023);2021;130;1792.0;19963.0;611000.0;190000.0;270000.0;1276000.0;334000.0;340.95982142857144;106.02678571428571;150.66964285714286;84.26339285714286;712.0535714285714;16.730952261684116;1053.013392857143;1069.744345118827;357000.0;199.21875;1.0;0.5322128851540616;;
5444;Sør-Varanger (2020-2023);2021;130;0.0;0.0;4014000.0;1105000.0;1237000.0;563000.0;1379000.0;;;;;;;;;1140000.0;;1.0;;areal_mangler;areal_mangler
