kommune;kommunenavn;aargang;funksjon;eid_areal_m2;portefoljeareal_m2;drift_kr;energi_kr;renhold_kr;vedlikehold_kr;forvaltning_kr;drift_kr_m2;energi_kr_m2;renhold_kr_m2;ovrig_drift_kr_m2;vedlikehold_kr_m2;forvaltning_kr_m2;dv_kr_m2;fdv_kr_m2;energibruk_kwh;kwh_m2;fornybarandel;implisitt_energipris_kr_kwh;flagg_kostnad;flagg_energi
0301;Oslo - Oslove;2021;221;282399.0;2215313.0;315023000.0;50774000.0;78764000.0;133877000.0;347871000.0;1115.524488401163;179.79525423248666;278.9103360847595;656.8188980839167;474.07037560331304;157.0301803853451;1589.594864004476;1746.6250443898211;41240000.0;146.03451145365247;1.0;1.2311833171677982;;
1101;Eigersund;2021;221;4316.0;49605.0;4359000.0;767000.0;1185000.0;-774000.0;5857000.0;1009.9629286376274;177.710843373494;274.55977757182575;557.6923076923077;-179.3327154772938;118.07277492188287;830.6302131603336;948.7029880822165;440000.0;101.94624652455978;1.0;1.7431818181818182;vedlikehold_negativ;
1103;Stavanger;2021;221;74823.0;654771.0;57279000.0;9747000.0;15608000.0;20770000.0;56814000.0;765.5266428771902;130.26743113748446;208.5989602127688;426.6602515269369;277.58844205658687;86.76926742326707;1043.115084933777;1129.8843523570442;9913000.0;132.48600029402724;1.0;0.9832543125189146;;
1106;Haugesund;2021;221;4138.0;135720.0;1953000.0;574000.0;676000.0;179000.0;2390000.0;471.967133881102;138.714354760754;163.36394393426775;169.88883518608023;43.25761237312712;17.60978485116416;515.2247462542291;532.8345311053932;498000.0;120.34799420009666;1.0;1.1526104417670684;;
1108;Sandnes;2021;221;28188.0;293027.0;19922000.0;2587000.0;7689000.0;1522000.0;26812000.0;706.7546473676742;91.77664254292607;272.77564921243084;342.2023556123173;53.994607634454375;91.5001006733168;760.7492550021286;852.2493556754454;4009000.0;142.22364126578685;0.9723122973310052;0.6452980793215266;;
1111;Sokndal;2021;221;0.0;22253.0;0.0;0.0;0.0;0.0;933000.0;;;;;;;;;0.0;;;;areal_mangler|drift_null;areal_mangler|kwh_mangler
1112;Lund;2021;221;1071.0;23592.0;641000.0;140000.0;155000.0;2000.0;67000.0;598.5060690943044;130.718954248366;144.72455648926237;323.062558356676;1.8674136321195145;2.8399457443201084;600.373482726424;603.213428470744;135000.0;126.05042016806723;1.0;1.037037037037037;;
1114;Bjerkreim;2021;221;2088.0;17774.0;1447000.0;351000.0;297000.0;48000.0;277000.0;693.007662835249;168.10344827586206;142.24137931034483;382.66283524904213;22.988505747126435;15.584561719365364;715.9961685823755;731.5807303017409;138000.0;66.0919540229885;1.0;2.5434782608695654;;kwh_uteligger
1119;Hå;2021;221;11742.0;88382.0;7948000.0;1575000.0;2195000.0;1342000.0;1608000.0;676.8863907341168;134.1338783852836;186.93578606710952;355.81672628172373;114.2905808209845;18.193749858568488;791.1769715551013;809.3707214136698;1610000.0;137.1146312382899;1.0;0.9782608695652174;;
1120;Klepp;2021;221;9763.0;88416.0;6108000.0;1577000.0;2112000.0;626000.0;2884000.0;625.6273686366895;161.52821878520948;216.3269486838062;247.77220116767387;64.11963535798422;32.61853058269996;689.7470039946737;722.3655345773736;1485000.0;152.10488579330124;0.9757575757575757;1.061952861952862;;
1121;Time;2021;221;8458.0;87156.0;5620000.0;1422000.0;2191000.0;346000.0;7226000.0;664.4596831402223;168.12485221092456;259.0446914164105;237.2901395128872;40.90801607945141;82.9088071962917;705.3676992196737;788.2765064159654;1152000.0;136.20241191771103;1.0;1.234375;;
1122;Gjesdal;2021;221;8583.0;62152.0;6995000.0;1057000.0;2826000.0;544000.0;2981000.0;814.9831061400442;123.15041360829547;329.25550506815796;362.5771874635908;63.381102178725385;47.96305830866263;878.3642083187697;926.3272666274323;997000.0;116.15985086799488;1.0;1.0601805416248746;;
1124;Sola;2021;221;9593.0;175554.0;10837000.0;2908000.0;4366000.0;3119000.0;12830000.0;1129.6778901282185;303.1377045762535;455.12352757218804;371.4166579797769;325.13290941311374;73.08292605124349;1454.8107995413322;1527.8937255925757;2144000.0;223.4962993849682;0.9500932835820896;1.3563432835820894;;
1127;Randaberg;2021;221;6020.0;64168.0;6797000.0;1453000.0;2746000.0;708000.0;1693000.0;1129.0697674418604;241.36212624584718;456.1461794019934;431.5614617940199;117.60797342192691;26.383867348210945;1246.6777408637874;1273.0616082119984;1272000.0;211.2956810631229;1.0;1.1422955974842768;;
1130;Strand;2021;221;2978.0;83447.0;3262000.0;686000.0;1495000.0;461000.0;1252000.0;1095.3660174613835;230.35594358629953;502.01477501678977;362.9952988582942;154.80188045668234;15.003535178017184;1250.1678979180658;1265.171433096083;451000.0;151.44392209536602;1.0;1.5210643015521064;;
1133;Hjelmeland;2021;221;2807.0;26169.0;5367000.0;450000.0;3569000.0;124000.0;607000.0;1912.0057000356253;160.31350195938725;1271.464196651229;480.2280014250089;44.175276095475596;23.195383851121555;1956.1809761311008;1979.3763599822223;290000.0;103.31314570716067;1.0;1.5517241379310345;;
1134;Suldal;2021;221;4666.0;36909.0;3518000.0;755000.0;1430000.0;1807000.0;1096000.0;753.9648521217317;161.80882983283325;306.4723531933133;285.68366909558506;387.26960994427776;29.694654420331084;1141.2344620660094;1170.9291164863405;500000.0;107.15816545220746;1.0;1.51;;
1135;Sauda;2021;221;1865.0;26048.0;2022000.0;420000.0;785000.0;80000.0;130000.0;1084.1823056300268;225.20107238605897;420.9115281501341;438.06970509383376;42.89544235924933;4.990786240786241;1127.077747989276;1132.0685342300624;343000.0;183.9142091152815;1.0;1.2244897959183674;;
1144;Kvitsøy;2021;221;340.0;6554.0;466000.0;64000.0;120000.0;47000.0;144000.0;1370.5882352941176;188.23529411764707;352.94117647058823;829.4117647058823;138.23529411764707;21.97131522734208;1508.8235294117646;1530.7948446391067;47000.0;138.23529411764707;1.0;1.3617021276595744;areal_for_lite;areal_for_lite
1145;Bokn;2021;221;573.0;11268.0;499000.0;120000.0;114000.0;2000.0;133000.0;870.8551483420594;209.4240837696335;198.95287958115182;462.478184991274;3.4904013961605584;11.803336883209088;874.3455497382199;886.148886621429;129000.0;225.13089005235602;0.6511627906976745;0.9302325581395349;;
1146;Tysvær;2021;221;5557.0;65010.0;8135000.0;1138000.0;2917000.0;1010000.0;4974000.0;1463.91938096095;204.78675544358467;524.92351988483;734.2091056325355;181.75274428648552;76.51130595293031;1645.6721252474356;1722.183431200366;972000.0;174.9145222242217;0.8909465020576132;1.1707818930041152;;
1149;Karmøy;2021;221;5031.0;164404.0;4245000.0;963000.0;1838000.0;828000.0;6813000.0;843.7686344663089;191.41323792486583;365.3349234744584;287.0204730669847;164.57960644007156;41.44059755237099;1008.3482409063804;1049.7888384587513;972000.0;193.2021466905188;0.9639917695473251;0.9907407407407407;;
1151;Utsira;2021;221;150.0;3280.0;143000.0;20000.0;33000.0;20000.0;78000.0;953.3333333333334;133.33333333333334;220.0;600.0;133.33333333333334;23.78048780487805;1086.6666666666667;1110.4471544715448;19000.0;126.66666666666667;1.0;1.0526315789473684;areal_for_lite;areal_for_lite
1160;Vindafjord;2021;221;4706.0;50120.0;3617000.0;734000.0;1426000.0;480000.0;2635000.0;768.5932851678708;155.97110072248194;303.01742456438586;309.60475988100296;101.9974500637484;52.57382282521947;870.5907352316192;923.1645580568387;749000.0;159.15852103697407;1.0;0.9799732977303072;;
1505;Kristiansund;2021;221;6986.0;113101.0;6523000.0;958000.0;2597000.0;332000.0;8049000.0;933.7245920412253;137.13140566847983;371.7434869739479;424.8496993987976;47.523618665903236;71.16647951830664;981.2482107071286;1052.4146902254352;843000.0;120.66991125107357;1.0;1.136417556346382;;
1506;Molde;2021;221;14242.0;165430.0;10529000.0;1949000.0;2974000.0;598000.0;10595000.0;739.2922342367644;136.84875719702288;208.81898609745824;393.6244909422834;41.98848476337593;64.0452154990026;781.2807190001404;845.3259344991429;1715000.0;120.41848055048449;1.0;1.1364431486880464;;
1507;Ålesund (2020-2023);2021;221;14662.0;244468.0;11512000.0;1676000.0;5153000.0;4767000.0;16723000.0;785.1589141999727;114.30909834947484;351.452734961124;319.3970808893739;325.126176510708;68.40568090711258;1110.2850907106806;1178.6907716177932;2244000.0;153.04869731278134;1.0;0.7468805704099822;;
1511;Vanylven;2021;221;491.0;21076.0;620000.0;93000.0;202000.0;37000.0;157000.0;1262.7291242362526;189.4093686354379;411.4052953156823;661.9144602851323;75.35641547861508;7.44923135319795;1338.0855397148675;1345.5347710680655;100000.0;203.66598778004072;1.0;0.93;areal_for_lite;areal_for_lite
1514;Sande;2021;221;1203.0;23917.0;1488000.0;416000.0;742000.0;66000.0;870000.0;1236.9077306733168;345.8021612635079;616.7913549459685;274.3142144638404;54.86284289276808;36.37579964042313;1291.7705735660847;1328.1463732065079;158000.0;131.3383208645054;1.0;2.6329113924050636;;
1515;Herøy (Møre og Romsdal);2021;221;1111.0;45916.0;476000.0;160000.0;0.0;431000.0;5413000.0;428.4428442844284;144.014401440144;0.0;284.4284428442844;387.93879387938796;117.88918895374161;816.3816381638164;934.270827117558;203000.0;182.71827182718272;1.0;0.7881773399014779;renhold_urimelig_lav;
1516;Ulstein;2021;221;873.0;49406.0;1318000.0;138000.0;488000.0;187000.0;3945000.0;1509.7365406643758;158.07560137457045;558.991981672394;792.6689576174113;214.20389461626576;79.84860138444724;1723.9404352806414;1803.7890366650886;161000.0;184.42153493699885;1.0;0.8571428571428572;;
1517;Hareid;2021;221;1686.0;41277.0;951000.0;194000.0;0.0;683000.0;5484000.0;564.0569395017793;115.06524317912218;0.0;448.99169632265716;405.10083036773426;132.8584926230104;969.1577698695137;1102.016262492524;255000.0;151.2455516014235;1.0;0.76078431372549;renhold_urimelig_lav;
1520;Ørsta;2021;221;4153.0;62596.0;4023000.0;523000.0;1739000.0;213000.0;3143000.0;968.6973272333253;125.93306043823742;418.7334457019022;424.03082109318564;51.28822537924392;50.210876094319126;1019.9855526125692;1070.1964287068884;717000.0;172.64627979773658;1.0;0.7294281729428173;;
1525;Stranda;2021;221;1892.0;32077.0;1676000.0;297000.0;524000.0;187000.0;80000.0;885.8350951374207;156.97674418604652;276.9556025369979;451.90274841437633;98.83720930232558;2.4939988153505626;984.6723044397463;987.1663032550969;281000.0;148.52008456659618;1.0;1.0569395017793595;;
1528;Sykkylven;2021;221;2470.0;29485.0;1248000.0;302000.0;428000.0;380000.0;1365000.0;505.2631578947368;122.2672064777328;173.27935222672065;209.7165991902834;153.84615384615384;46.29472613193149;659.1093117408907;705.4040378728222;323000.0;130.76923076923077;1.0;0.934984520123839;;
1531;Sula;2021;221;3187.0;49373.0;2078000.0;278000.0;775000.0;268000.0;4073000.0;652.0238468779417;87.22936931283338;243.17540006275493;321.6190775023533;84.09162221524944;82.49448078909525;736.1154690931911;818.6099498822864;0.0;0.0;;;;kwh_null|kwh_urimelig_lav
1532;Giske;2021;221;2150.0;42930.0;1002000.0;119000.0;763000.0;98000.0;1398000.0;466.04651162790697;55.348837209302324;354.8837209302326;55.81395348837209;45.58139534883721;32.56464011180992;511.6279069767442;544.1925470885542;137000.0;63.72093023255814;1.0;0.8686131386861313;;kwh_uteligger
1535;Vestnes;2021;221;2551.0;47292.0;2326000.0;768000.0;983000.0;305000.0;5342000.0;911.7992943943551;301.0584084672677;385.3390827126617;225.4018032144257;119.56095648765191;112.95779413008543;1031.360250882007;1144.3180450120924;653000.0;255.9780478243826;1.0;1.1761102603369065;;
1539;Rauma;2021;221;3230.0;52665.0;2019000.0;454000.0;671000.0;89000.0;1719000.0;625.077399380805;140.55727554179566;207.73993808049536;276.78018575851394;27.554179566563466;32.64027342637425;652.6315789473684;685.2718523737427;399000.0;123.52941176470588;1.0;1.137844611528822;;
1547;Aukra;2021;221;3120.0;24230.0;2947000.0;713000.0;1097000.0;169000.0;686000.0;944.5512820512821;228.52564102564102;351.6025641025641;364.4230769230769;54.166666666666664;28.31200990507635;998.7179487179487;1027.029958623025;576000.0;184.6153846153846;1.0;1.2378472222222223;;
1554;Averøy;2021;221;1152.0;21461.0;1279000.0;170000.0;535000.0;178000.0;1406000.0;1110.2430555555557;147.56944444444446;464.40972222222223;498.2638888888889;154.51388888888889;65.51418852802759;1264.7569444444443;1330.2711329724718;173000.0;150.17361111111111;1.0;0.9826589595375723;;
1557;Gjemnes;2021;221;1597.0;18282.0;1709000.0;214000.0;706000.0;213000.0;474000.0;1070.1314965560425;134.00125234815278;442.07889793362557;494.05134627426423;133.37507827175955;25.927141450607156;1203.506574827802;1229.4337162784093;199000.0;124.60864120225423;1.0;1.0753768844221103;;
1560;Tingvoll;2021;221;1909.0;26639.0;1813000.0;101000.0;844000.0;215000.0;1747000.0;949.7118910424306;52.90728129910948;442.11629125196436;454.6883184913567;112.62441068622316;65.58053981005293;1062.3363017286538;1127.9168415387066;272000.0;142.48297537978;1.0;0.37132352941176466;;implisitt_pris_utenfor
1563;Sunndal;2021;221;4973.0;47587.0;3653000.0;686000.0;1846000.0;1022000.0;3511000.0;734.5666599638046;137.9449024733561;371.20450432334604;225.41725316710236;205.5097526643877;73.780654380398;940.0764126281922;1013.8570670085902;870000.0;174.94470138749247;1.0;0.7885057471264366;;
1566;Surnadal;2021;221;2715.0;33305.0;3086000.0;410000.0;1505000.0;141000.0;949000.0;1136.648250460405;151.01289134438306;554.3278084714549;431.30755064456724;51.93370165745856;28.494220087074012;1188.5819521178637;1217.0761722049376;503000.0;185.2670349907919;1.0;0.8151093439363818;;
1573;Smøla;2021;221;1090.0;15864.0;1844000.0;256000.0;486000.0;84000.0;0.0;1691.7431192660551;234.86238532110093;445.8715596330275;1011.0091743119266;77.06422018348624;0.0;1768.8073394495414;1768.8073394495414;170000.0;155.96330275229357;1.0;1.5058823529411767;;
1576;Aure;2021;221;2389.0;24457.0;1552000.0;348000.0;657000.0;153000.0;0.0;649.6442025952281;145.66764336542485;275.01046462955213;228.96609460025115;64.0435328589368;0.0;713.6877354541649;713.6877354541649;296000.0;123.90121389702804;1.0;1.1756756756756757;;
1577;Volda;2021;221;3650.0;50666.0;3551000.0;587000.0;1351000.0;1490000.0;9732000.0;972.8767123287671;160.82191780821918;370.13698630136986;441.9178082191781;408.2191780821918;192.0814747562468;1381.0958904109589;1573.1773651672056;652000.0;178.63013698630138;1.0;0.9003067484662577;;
1578;Fjord;2021;221;2455.0;36681.0;1750000.0;252000.0;590000.0;65000.0;0.0;712.8309572301425;102.64765784114053;240.32586558044807;369.857433808554;26.476578411405296;0.0;739.3075356415478;739.3075356415478;327000.0;133.19755600814665;1.0;0.7706422018348623;;
1579;Hustadvika;2021;221;4717.0;62784.0;5331000.0;797000.0;1858000.0;702000.0;3551000.0;1130.1674793300826;168.9633241467034;393.89442442230234;567.3097307610769;148.82340470638118;56.558995922528034;1278.990884036464;1335.549879958992;737000.0;156.2433750264999;1.0;1.0814111261872454;;
1804;Bodø;2021;221;12478.0;237514.0;11885000.0;1661000.0;3957000.0;4777000.0;38952000.0;952.4763583907677;133.11428113479724;317.118127905113;502.2439493508575;382.8337874659401;163.99875375767323;1335.3101458567078;1499.308899614381;2148000.0;172.14297163006893;1.0;0.7732774674115456;;
1806;Narvik;2021;221;5925.0;131797.0;7407000.0;1122000.0;80000.0;646000.0;8372000.0;1250.126582278481;189.36708860759492;13.50210970464135;1047.2573839662448;109.0295358649789;63.52193145519246;1359.15611814346;1422.6780495986525;1371000.0;231.39240506329114;1.0;0.8183807439824945;renhold_urimelig_lav;
1811;Bindal;2021;221;1080.0;11717.0;1517000.0;231000.0;637000.0;175000.0;319000.0;1404.6296296296296;213.88888888888889;589.8148148148148;600.925925925926;162.03703703703704;27.225398992916276;1566.6666666666667;1593.892065659583;279000.0;258.3333333333333;1.0;0.8279569892473119;;
1812;Sømna;2021;221;614.0;15456.0;708000.0;141000.0;411000.0;11000.0;0.0;1153.0944625407167;229.64169381107493;669.3811074918567;254.071661237785;17.91530944625407;0.0;1171.0097719869707;1171.0097719869707;104000.0;169.38110749185668;1.0;1.3557692307692308;;
1813;Brønnøy;2021;221;2265.0;45663.0;1638000.0;287000.0;0.0;541000.0;2110000.0;723.1788079470199;126.71081677704194;0.0;596.467991169978;238.85209713024284;46.2080897006329;962.0309050772627;1008.2389947778955;258000.0;113.90728476821192;1.0;1.1124031007751938;renhold_urimelig_lav;
1815;Vega;2021;221;1100.0;12500.0;473000.0;98000.0;2000.0;210000.0;0.0;430.0;89.0909090909091;1.8181818181818181;339.09090909090907;190.9090909090909;0.0;620.9090909090909;620.9090909090909;125000.0;113.63636363636364;1.0;0.784;renhold_urimelig_lav;
1816;Vevelstad;2021;221;282.0;4662.0;237000.0;40000.0;0.0;164000.0;0.0;840.4255319148937;141.84397163120568;0.0;698.581560283688;581.5602836879433;0.0;1421.985815602837;1421.985815602837;40000.0;141.84397163120568;1.0;1.0;areal_for_lite|renhold_urimelig_lav;areal_for_lite
1818;Herøy (Nordland);2021;221;695.0;12524.0;1064000.0;160000.0;377000.0;348000.0;20000.0;1530.9352517985612;230.2158273381295;542.4460431654676;758.273381294964;500.71942446043164;1.5969338869370808;2031.6546762589928;2033.2516101459298;144000.0;207.19424460431654;1.0;1.1111111111111112;;
1820;Alstahaug;2021;221;1936.0;50587.0;1724000.0;340000.0;786000.0;132000.0;4634000.0;890.4958677685951;175.6198347107438;405.9917355371901;308.88429752066116;68.18181818181819;91.60456243698974;958.6776859504132;1050.282248387403;398000.0;205.5785123966942;1.0;0.8542713567839195;;
1822;Leirfjord;2021;221;2657.0;10178.0;2241000.0;352000.0;999000.0;21000.0;976000.0;843.4324426044411;132.48024087316523;375.9879563417388;334.9642453895371;7.903650733910426;95.89310277068186;851.3360933383515;947.2291961090333;389000.0;146.40572073767407;1.0;0.9048843187660669;;
1824;Vefsn;2021;221;4400.0;75600.0;3532000.0;543000.0;784000.0;782000.0;6383000.0;802.7272727272727;123.4090909090909;178.1818181818182;501.1363636363636;177.72727272727272;84.43121693121694;980.4545454545455;1064.8857623857625;765000.0;173.86363636363637;1.0;0.7098039215686274;;
1826;Hattfjelldal - Aarborte;2021;221;562.0;18371.0;588000.0;138000.0;273000.0;11000.0;626000.0;1046.2633451957295;245.55160142348754;485.7651245551601;314.94661921708183;19.572953736654803;34.07544499482881;1065.8362989323844;1099.9117439272131;109000.0;193.95017793594306;1.0;1.2660550458715596;;
1827;Dønna;2021;221;800.0;13640.0;417000.0;172000.0;100000.0;17000.0;1715000.0;521.25;215.0;125.0;181.25;21.25;125.73313782991202;542.5;668.233137829912;236000.0;295.0;1.0;0.7288135593220338;;
1832;Hemnes;2021;221;2640.0;34733.0;2969000.0;546000.0;796000.0;344000.0;348000.0;1124.621212121212;206.8181818181818;301.5151515151515;616.2878787878788;130.3030303030303;10.019290012380157;1254.9242424242425;1264.9435324366227;549000.0;207.95454545454547;1.0;0.9945355191256829;;
1833;Rana;2021;221;6472.0;105614.0;5592000.0;1172000.0;2567000.0;489000.0;8412000.0;864.0296662546353;181.08776266996293;396.63164400494435;286.31025957972804;75.55624227441285;79.64853144469483;939.5859085290482;1019.2344399737431;1439000.0;222.34239802224968;1.0;0.8144544822793608;;
1834;Lurøy;2021;221;1552.0;22619.0;1236000.0;191000.0;12000.0;303000.0;0.0;796.3917525773196;123.06701030927834;7.731958762886598;665.5927835051547;195.2319587628866;0.0;991.6237113402062;991.6237113402062;231000.0;148.840206185567;1.0;0.8268398268398268;renhold_urimelig_lav;
1835;Træna;2021;221;265.0;5050.0;198000.0;0.0;109000.0;145000.0;193000.0;747.1698113207547;0.0;411.3207547169811;335.8490566037736;547.1698113207547;38.21782178217822;1294.3396226415093;1332.5574444236875;180000.0;679.2452830188679;1.0;0.0;areal_for_lite|energi_urimelig_lav;areal_for_lite|kwh_urimelig_hoy|implisitt_pris_utenfor
1836;Rødøy;2021;221;842.0;15719.0;677000.0;110000.0;244000.0;130000.0;0.0;804.0380047505938;130.6413301662708;289.78622327790976;383.6104513064133;154.39429928741092;0.0;958.4323040380048;958.4323040380048;155000.0;184.0855106888361;1.0;0.7096774193548387;;
1837;Meløy;2021;221;3929.0;41893.0;4418000.0;772000.0;2079000.0;371000.0;3287000.0;1124.4591499109188;196.4876558920845;529.1422753881395;398.8292186306948;94.42606261135148;78.46179552669898;1218.8852125222702;1297.3470080489692;812000.0;206.66836345125986;1.0;0.9507389162561576;;
1838;Gildeskål;2021;221;1072.0;23660.0;1876000.0;159000.0;558000.0;58000.0;940000.0;1750.0;148.32089552238807;520.5223880597015;1081.1567164179105;54.1044776119403;39.7295012679628;1804.1044776119404;1843.8339788799033;469000.0;437.5;1.0;0.3390191897654585;;implisitt_pris_utenfor|kwh_uteligger
1839;Beiarn;2021;221;750.0;11285.0;658000.0;145000.0;199000.0;3000.0;707000.0;877.3333333333334;193.33333333333334;265.3333333333333;418.6666666666667;4.0;62.64953478068232;881.3333333333334;943.9828681140157;218000.0;290.6666666666667;1.0;0.6651376146788991;;
1840;Saltdal;2021;221;3032.0;32861.0;2866000.0;532000.0;1248000.0;413000.0;1309000.0;945.2506596306068;175.4617414248021;411.6094986807388;358.17941952506595;136.2137203166227;39.83445421624418;1081.4643799472296;1121.2988341634739;789000.0;260.2242744063324;1.0;0.6742712294043093;;
1841;Fauske - Fuossko;2021;221;4770.0;43007.0;2246000.0;534000.0;607000.0;1068000.0;13079000.0;470.85953878406707;111.9496855345912;127.25366876310272;231.65618448637318;223.8993710691824;304.11328388401887;694.7589098532495;998.8721937372684;882000.0;184.9056603773585;1.0;0.6054421768707483;;
1845;Sørfold;2021;221;962.0;20055.0;871000.0;47000.0;200000.0;70000.0;166000.0;905.4054054054054;48.856548856548855;207.9002079002079;648.6486486486486;72.76507276507276;8.277237596609325;978.1704781704782;986.4477157670875;152000.0;158.004158004158;1.0;0.3092105263157895;;implisitt_pris_utenfor
1848;Steigen;2021;221;1199.0;21590.0;1113000.0;305000.0;248000.0;80000.0;8795000.0;928.2735613010842;254.37864887406172;206.83903252710593;467.0558798999166;66.72226855713095;407.36452061139414;994.9958298582152;1402.3603504696093;273000.0;227.68974145120933;1.0;1.1172161172161172;;
1853;Evenes - Evenássi;2021;221;1161.0;12921.0;934000.0;136000.0;112000.0;122000.0;373000.0;804.4788975021534;117.14039621016366;96.46856158484066;590.869939707149;105.08182601205857;28.867734695457006;909.5607235142119;938.4284582096689;158000.0;136.08957795004306;1.0;0.8607594936708861;;
1856;Røst;2021;221;350.0;9556.0;388000.0;49000.0;172000.0;10000.0;322000.0;1108.5714285714287;140.0;491.42857142857144;477.14285714285717;28.571428571428573;33.696107157806615;1137.142857142857;1170.8389643006637;58000.0;165.71428571428572;1.0;0.8448275862068965;areal_for_lite;areal_for_lite
1857;Værøy;2021;221;1200.0;7950.0;644000.0;43000.0;285000.0;341000.0;18000.0;536.6666666666666;35.833333333333336;237.5;263.3333333333333;284.1666666666667;2.2641509433962264;820.8333333333334;823.0974842767296;180000.0;150.0;1.0;0.2388888888888889;energi_urimelig_lav;implisitt_pris_utenfor
1859;Flakstad;2021;221;612.0;5733.0;0.0;0.0;0.0;0.0;178000.0;0.0;0.0;0.0;0.0;0.0;31.048316762602475;0.0;31.048316762602475;63000.0;102.94117647058823;1.0;0.0;drift_null|drift_urimelig_lav|energi_urimelig_lav|renhold_urimelig_lav;implisitt_pris_utenfor
1860;Vestvågøy;2021;221;1094.0;63217.0;780000.0;113000.0;417000.0;47000.0;2130000.0;712.9798903107861;103.29067641681901;381.17001828153565;228.51919561243145;42.96160877513711;33.69346852903491;755.9414990859232;789.6349676149581;120000.0;109.68921389396709;1.0;0.9416666666666667;;
1865;Vågan;2021;221;1411.0;62482.0;483000.0;225000.0;36000.0;80000.0;5473000.0;342.31041814316086;159.46137491141036;25.513819985825656;157.33522324592488;56.69737774627924;87.59322684933261;399.0077958894401;486.6010227387727;210000.0;148.830616583983;1.0;1.0714285714285716;renhold_urimelig_lav;
1866;Hadsel;2021;221;1128.0;50530.0;1249000.0;262000.0;742000.0;242000.0;3502000.0;1107.2695035460993;232.2695035460993;657.8014184397163;217.19858156028369;214.53900709219857;69.3053631506036;1321.8085106382978;1391.1138737889014;261000.0;231.38297872340425;1.0;1.003831417624521;;
1867;Bø;2021;221;1281.0;23899.0;1205000.0;201000.0;469000.0;79000.0;0.0;940.671350507416;156.9086651053864;366.120218579235;417.6424668227947;61.67056986729118;0.0;1002.3419203747072;1002.3419203747072;253000.0;197.50195160031225;1.0;0.7944664031620553;;
1868;Øksnes;2021;221;1465.0;29364.0;1123000.0;233000.0;614000.0;98000.0;2889000.0;766.5529010238907;159.0443686006826;419.1126279863481;188.39590443686006;66.89419795221843;98.38577850429097;833.4470989761093;931.8328774804003;284000.0;193.8566552901024;1.0;0.8204225352112675;;
1870;Sortland - Suortá;2021;221;2715.0;63621.0;4169000.0;627000.0;1733000.0;722000.0;4155000.0;1535.5432780847145;230.939226519337;638.3057090239411;666.2983425414365;265.9300184162063;65.30862451077475;1801.473296500921;1866.7819210116957;715000.0;263.35174953959483;1.0;0.8769230769230769;;
1871;Andøy;2021;221;1832.0;28902.0;1354000.0;412000.0;443000.0;78000.0;39000.0;739.0829694323144;224.89082969432314;241.8122270742358;272.3799126637555;42.5764192139738;1.3493875856342121;781.6593886462882;783.0087762319224;406000.0;221.61572052401746;1.0;1.0147783251231528;;
1874;Moskenes;2021;221;270.0;5990.0;274000.0;58000.0;0.0;6000.0;0.0;1014.8148148148148;214.8148148148148;0.0;800.0;22.22222222222222;0.0;1037.037037037037;1037.037037037037;39000.0;144.44444444444446;1.0;1.487179487179487;areal_for_lite|renhold_urimelig_lav;areal_for_lite
1875;Hamarøy - Hábmer;2021;221;1988.0;22253.0;1350000.0;387000.0;331000.0;73000.0;1171000.0;679.0744466800804;194.66800804828975;166.4989939637827;317.90744466800805;36.72032193158954;52.622118366063006;715.7947686116701;768.416886977733;500000.0;251.50905432595573;1.0;0.774;;
3001;Halden (2020-2023);2021;221;3478.0;126251.0;1168000.0;362000.0;539000.0;473000.0;7465000.0;335.82518688901666;104.08280621046579;154.97412305922944;76.76825761932145;135.99769982748705;59.128244528756206;471.8228867165037;530.95113124526;586000.0;168.48763657274296;1.0;0.6177474402730375;DV_uteligger_lav;
3002;Moss (2020-2023);2021;221;8883.0;187399.0;9600000.0;1290000.0;1909000.0;2556000.0;17061000.0;1080.7159743329955;145.2212090509963;214.90487447934257;720.5898908026568;287.7406281661601;91.04104077396357;1368.4566024991557;1459.4976432731191;1367000.0;153.88945176179217;1.0;0.9436722750548648;;
3003;Sarpsborg (2020-2023);2021;221;9930.0;232054.0;8939000.0;1753000.0;3519000.0;1533000.0;18112000.0;900.2014098690836;176.53575025176232;354.380664652568;369.28499496475325;154.380664652568;78.0507985210339;1054.5820745216515;1132.6328730426853;1433000.0;144.31017119838873;1.0;1.2233077459874389;;
3004;Fredrikstad (2020-2023);2021;221;13278.0;364968.0;12258000.0;2388000.0;6824000.0;2203000.0;29939000.0;923.1812019882512;179.8463624039765;513.9328212080133;229.40201837626148;165.91354119596323;82.03184936761579;1089.0947431842144;1171.12659255183;2058000.0;154.99322187076368;1.0;1.1603498542274053;;
3005;Drammen (2020-2023);2021;221;32601.0;371581.0;21349000.0;3940000.0;7701000.0;9722000.0;46645000.0;654.8572129689273;120.85518849115059;236.2197478604951;297.7822766172817;298.2117112971995;125.53117624421054;953.0689242661268;1078.6001005103374;4665000.0;143.09377012975062;1.0;0.8445873526259379;;
3006;Kongsberg (2020-2023);2021;221;5378.0;100544.0;6067000.0;1059000.0;1984000.0;581000.0;22091000.0;1128.1145407214578;196.9133506879881;368.91037560431386;562.2908144291558;108.03272592041651;219.7147517504774;1236.1472666418742;1455.8620183923517;754000.0;140.20081814801043;1.0;1.4045092838196285;;
3007;Ringerike (2020-2023);2021;221;7090.0;112722.0;10603000.0;1385000.0;3767000.0;1899000.0;5097000.0;1495.4866008462623;195.34555712270804;531.311706629055;768.8293370944994;267.8420310296192;45.21743758982275;1763.3286318758815;1808.5460694657042;1221000.0;172.21438645980254;1.0;1.1343161343161343;;
3011;Hvaler (2020-2023);2021;221;1608.0;20789.0;1407000.0;271000.0;668000.0;11000.0;2634000.0;875.0;168.53233830845772;415.4228855721393;291.04477611940297;6.840796019900497;126.70162104959354;881.8407960199005;1008.542417069494;305000.0;189.6766169154229;1.0;0.8885245901639345;;
3012;Aremark (2020-2023);2021;221;934.0;15974.0;501000.0;54000.0;233000.0;2000.0;331000.0;536.4025695931477;57.815845824411134;249.4646680942184;229.1220556745182;2.1413276231263385;20.72117190434456;538.5438972162741;559.2650691206187;119000.0;127.40899357601712;1.0;0.453781512605042;;implisitt_pris_utenfor
3013;Marker (2020-2023);2021;221;1300.0;22820.0;920000.0;135000.0;369000.0;18000.0;648000.0;707.6923076923077;103.84615384615384;283.84615384615387;320.0;13.846153846153847;28.396143733567047;721.5384615384615;749.9346052720286;96000.0;73.84615384615384;1.0;1.40625;;
3014;Indre Østfold (2020-2023);2021;221;12685.0;181573.0;11274000.0;2140000.0;3537000.0;973000.0;13128000.0;888.7662593614506;168.7031927473394;278.83326763894365;441.2297989751675;76.70476941269216;72.30149857082276;965.4710287741427;1037.7725273449655;1963000.0;154.74970437524635;0.9271523178807947;1.0901681100356597;;
3015;Skiptvet (2020-2023);2021;221;1809.0;26884.0;2727000.0;366000.0;882000.0;157000.0;656000.0;1507.4626865671642;202.3217247097844;487.5621890547264;817.5787728026534;86.78828081813157;24.401130784109508;1594.2509673852958;1618.6520981694052;331000.0;182.97401879491431;1.0;1.105740181268882;;
3016;Rakkestad (2020-2023);2021;221;3569.0;39440.0;2749000.0;701000.0;1090000.0;365000.0;2165000.0;770.2437657607173;196.41356122163072;305.4076772205099;268.4225273185766;102.26954328943681;54.893509127789045;872.5133090501541;927.4068181779431;588000.0;164.75203138133932;1.0;1.1921768707482994;;
3017;Råde (2020-2023);2021;221;1265.0;52036.0;1519000.0;287000.0;584000.0;483000.0;2276000.0;1200.790513833992;226.87747035573122;461.6600790513834;512.2529644268775;381.8181818181818;43.73894995772158;1582.608695652174;1626.3476456098956;235000.0;185.77075098814228;1.0;1.221276595744681;;
3018;Våler (Viken) (2020-2023);2021;221;3008.0;24122.0;2461000.0;417000.0;898000.0;457000.0;2717000.0;818.1515957446809;138.63031914893617;298.53723404255317;380.9840425531915;151.9281914893617;112.63576817842633;970.0797872340426;1082.7155554124688;311000.0;103.39095744680851;1.0;1.3408360128617363;;
3019;Vestby (2020-2023);2021;221;8055.0;89611.0;5072000.0;1036000.0;1315000.0;1947000.0;8550000.0;629.6710117939168;128.61576660459343;163.2526381129733;337.8026070763501;241.71322160148975;95.41239356775395;871.3842333954066;966.7966269631605;999000.0;124.02234636871508;1.0;1.0370370370370372;;
3020;Nordre Follo (2020-2023);2021;221;31426.0;278863.0;38924000.0;4880000.0;10555000.0;6262000.0;17559000.0;1238.592248456692;155.28543244447272;335.86838923184627;747.438426780373;199.26175778018202;62.966402857317036;1437.8540062368738;1500.8204090941908;5053000.0;160.79042830777064;1.0;0.9657629131209182;;
3021;Ås (2020-2023);2021;221;12014.0;115705.0;7844000.0;1376000.0;0.0;1505000.0;10131000.0;652.9049442317297;114.53304478108873;0.0;538.371899450641;125.2705177293158;87.55887818158247;778.1754619610455;865.734340142628;1286000.0;107.04178458465124;1.0;1.0699844479004665;renhold_urimelig_lav;
3022;Frogn (2020-2023);2021;221;3836.0;77237.0;3680000.0;709000.0;1530000.0;153000.0;4038000.0;959.3326381647549;184.8279457768509;398.8529718456726;375.6517205422315;39.88529718456726;52.28064269715292;999.2179353493223;1051.4985780464751;769000.0;200.46923879040668;1.0;0.9219765929778934;;
3023;Nesodden (2020-2023);2021;221;7020.0;77106.0;7635000.0;1392000.0;2767000.0;1090000.0;6276000.0;1087.6068376068376;198.2905982905983;394.15954415954417;495.15669515669515;155.27065527065528;81.39444401213913;1242.8774928774928;1324.271936889632;1311000.0;186.75213675213675;0.931350114416476;1.0617848970251718;;
3024;Bærum (2020-2023);2021;221;46122.0;562346.0;44712000.0;7340000.0;15511000.0;10681000.0;66754000.0;969.4289059451021;159.1431421013833;336.303716230866;473.98204761285285;231.58145787259875;118.7062769184808;1201.0103638177009;1319.7166407361817;6140000.0;133.12518971423614;1.0;1.1954397394136809;;
3025;Asker (2020-2023);2021;221;26366.0;415578.0;21096000.0;3558000.0;7504000.0;3431000.0;60721000.0;800.1213684290374;134.9465220359554;284.60896609269514;380.5658803003869;130.12971250853371;146.11216185649866;930.2510809375711;1076.3632427940697;3542000.0;134.33967989076842;1.0;1.0045172219085263;;
3026;Aurskog-Høland (2020-2023);2021;221;4265.0;79557.0;5055000.0;1222000.0;1501000.0;1193000.0;8174000.0;1185.2286049237985;286.5181711606096;351.9343493552169;546.7760844079719;279.71864009378663;102.74394459318476;1464.947245017585;1567.6911896107697;671000.0;157.32708089097304;1.0;1.8211624441132637;;
3027;Rælingen (2020-2023);2021;221;9852.0;89176.0;6326000.0;1470000.0;2115000.0;770000.0;5834000.0;642.1031262687779;149.2082825822168;214.67722289890378;278.2176207876573;78.15671944782785;65.42118955772854;720.2598457166058;785.6810352743344;790000.0;80.1867641088104;1.0;1.860759493670886;;
3028;Enebakk (2020-2023);2021;221;2600.0;50105.0;1704000.0;467000.0;768000.0;85000.0;3373000.0;655.3846153846154;179.6153846153846;295.38461538461536;180.3846153846154;32.69230769230769;67.31863087516216;688.0769230769231;755.3955539520853;480000.0;184.6153846153846;1.0;0.9729166666666667;;
3029;Lørenskog (2020-2023);2021;221;20056.0;176304.0;14112000.0;2797000.0;4229000.0;4574000.0;8985000.0;703.6298364579178;139.45951336258477;210.8595931392102;353.3107299561229;228.06142800159554;50.963109175061255;931.6912644595134;982.6543736345747;2069000.0;103.16114878340646;1.0;1.3518608023199614;;
3030;Lillestrøm (2020-2023);2021;221;33297.0;408816.0;27387000.0;5825000.0;8679000.0;4428000.0;30063000.0;822.5065321200108;174.94068534702825;260.65411298315166;386.9117337898309;132.98495359942336;73.53675002935306;955.4914857194342;1029.0282357487872;5374000.0;161.3959215544944;1.0;1.0839225902493486;;
3031;Nittedal (2020-2023);2021;221;2425.0;103478.0;3098000.0;831000.0;821000.0;1652000.0;8558000.0;1277.5257731958764;342.680412371134;338.55670103092785;596.2886597938144;681.2371134020618;82.70356984093237;1958.7628865979382;2041.4664564388706;525000.0;216.49484536082474;1.0;1.582857142857143;;
3032;Gjerdrum (2020-2023);2021;221;973.0;33234.0;1852000.0;160000.0;648000.0;1515000.0;65132000.0;1903.3915724563205;164.4398766700925;665.9815005138746;1072.9701952723535;1557.0400822199383;1959.800204609737;3460.431654676259;5420.231859285996;278000.0;285.7142857142857;1.0;0.5755395683453237;DV_uteligger_hoy;
3033;Ullensaker (2020-2023);2021;221;4780.0;177946.0;3529000.0;928000.0;1076000.0;262000.0;11556000.0;738.2845188284518;194.14225941422595;225.10460251046024;319.0376569037657;54.81171548117155;64.94104953188045;793.0962343096235;858.037283841504;1136000.0;237.65690376569037;1.0;0.8169014084507042;;
3034;Nes (2020-2023);2021;221;2701.0;81564.0;1144000.0;343000.0;326000.0;612000.0;11144000.0;423.5468345057386;126.99000370233247;120.69603850425769;175.86079229914847;226.58274713069233;136.6289049090285;650.129581636431;786.7584865454595;323000.0;119.58533876342095;1.0;1.061919504643963;;
3035;Eidsvoll (2020-2023);2021;221;6331.0;94127.0;5390000.0;1136000.0;1650000.0;925000.0;4672000.0;851.3662928447322;179.43452851050387;260.6223345443058;411.3094297899226;146.1064602748381;49.63506751516568;997.4727531195704;1047.107820634736;1116000.0;176.27546990996683;1.0;1.017921146953405;;
3036;Nannestad (2020-2023);2021;221;4494.0;55077.0;3373000.0;835000.0;1051000.0;328000.0;2510000.0;750.5562972852692;185.8032932799288;233.8673787271918;330.88562527814867;72.98620382732533;45.572562049494344;823.5425011125946;869.1150631620889;801000.0;178.237650200267;1.0;1.042446941323346;;
3037;Hurdal (2020-2023);2021;221;290.0;14305.0;251000.0;4000.0;101000.0;1000.0;575000.0;865.5172413793103;13.793103448275861;348.2758620689655;503.44827586206895;3.4482758620689653;40.19573575672842;868.9655172413793;909.1612529981077;5000.0;17.24137931034483;1.0;0.7999999999999998;areal_for_lite|energi_urimelig_lav;areal_for_lite|kwh_urimelig_lav
3038;Hole (2020-2023);2021;221;2915.0;30306.0;4208000.0;861000.0;1495000.0;349000.0;2473000.0;1443.5677530017153;295.368782161235;512.8644939965694;635.3344768439108;119.72555746140652;81.60100310169604;1563.2933104631218;1644.8943135648178;403000.0;138.25042881646655;1.0;2.1364764267990077;;
3039;Flå (2020-2023);2021;221;880.0;12194.0;579000.0;62000.0;170000.0;126000.0;747000.0;657.9545454545455;70.45454545454545;193.1818181818182;394.3181818181818;143.1818181818182;61.259635886501556;801.1363636363636;862.3959995228652;136000.0;154.54545454545453;1.0;0.4558823529411765;;implisitt_pris_utenfor
3041;Gol (2020-2023);2021;221;2388.0;37004.0;2257000.0;217000.0;711000.0;137000.0;2410000.0;945.142378559464;90.87102177554439;297.7386934673367;556.5326633165829;57.370184254606365;65.12809426007999;1002.5125628140704;1067.6406570741503;454000.0;190.1172529313233;1.0;0.4779735682819383;;implisitt_pris_utenfor
3042;Hemsedal (2020-2023);2021;221;1192.0;19908.0;2575000.0;136000.0;1463000.0;100000.0;1562000.0;2160.2348993288592;114.09395973154362;1227.3489932885907;818.7919463087248;83.89261744966443;78.46092023307213;2244.1275167785234;2322.5884370115955;293000.0;245.80536912751677;1.0;0.4641638225255973;;implisitt_pris_utenfor
3043;Ål (2020-2023);2021;221;2618.0;38655.0;3044000.0;615000.0;755000.0;433000.0;3016000.0;1162.7196333078687;234.91214667685256;288.3880825057296;639.4194041252865;165.39343009931244;78.02354158582331;1328.113063407181;1406.1366049930043;493000.0;188.3116883116883;1.0;1.2474645030425964;;
3044;Hol (2020-2023);2021;221;2588.0;34127.0;2308000.0;199000.0;817000.0;410000.0;5233000.0;891.8083462132921;76.89335394126739;315.6877897990726;499.2272024729521;158.42349304482227;153.33899844697746;1050.2318392581144;1203.570837705092;457000.0;176.58423493044822;1.0;0.4354485776805252;;implisitt_pris_utenfor
3045;Sigdal (2020-2023);2021;221;1970.0;28717.0;273000.0;87000.0;0.0;97000.0;1720000.0;138.57868020304568;44.16243654822335;0.0;94.41624365482234;49.23857868020305;59.894835811540204;187.81725888324874;247.71209469478896;300000.0;152.28426395939087;1.0;0.29;drift_urimelig_lav|renhold_urimelig_lav;implisitt_pris_utenfor
3046;Krødsherad (2020-2023);2021;221;2403.0;19464.0;1325000.0;352000.0;563000.0;165000.0;1807000.0;551.3940907199334;146.4835622138993;234.29047024552642;170.6200582605077;68.66416978776529;92.83806000822031;620.0582605076987;712.896320515919;354000.0;147.31585518102372;1.0;0.9943502824858756;;
3047;Modum (2020-2023);2021;221;4776.0;70020.0;4641000.0;541000.0;1493000.0;647000.0;4717000.0;971.7336683417085;113.2747068676717;312.6046901172529;545.8542713567839;135.46901172529314;67.3664667237932;1107.2026800670017;1174.5691467907948;584000.0;122.27805695142379;1.0;0.9263698630136986;;
3048;Øvre Eiker (2020-2023);2021;221;5390.0;88251.0;4438000.0;604000.0;1584000.0;982000.0;7361000.0;823.3766233766233;112.05936920222635;293.8775510204082;417.4397031539889;182.18923933209646;83.40981971875672;1005.5658627087198;1088.9756824274766;483000.0;89.6103896103896;1.0;1.2505175983436854;;
3049;Lier (2020-2023);2021;221;1920.0;116301.0;1761000.0;272000.0;231000.0;163000.0;16563000.0;917.1875;141.66666666666666;120.3125;655.2083333333334;84.89583333333333;142.41494054221374;1002.0833333333334;1144.498273875547;294000.0;153.125;1.0;0.9251700680272108;;
3050;Flesberg (2020-2023);2021;221;1650.0;27158.0;1681000.0;132000.0;474000.0;310000.0;1669000.0;1018.7878787878788;80.0;287.27272727272725;651.5151515151515;187.87878787878788;61.455188158185436;1206.6666666666667;1268.121854824852;202000.0;122.42424242424242;1.0;0.6534653465346535;;
3051;Rollag (2020-2023);2021;221;1370.0;19514.0;1065000.0;243000.0;387000.0;213000.0;2035000.0;777.3722627737226;177.37226277372264;282.48175182481754;317.51824817518246;155.47445255474452;104.28410372040587;932.8467153284671;1037.130819048873;540000.0;394.16058394160586;1.0;0.45;;implisitt_pris_utenfor|kwh_uteligger
3052;Nore og Uvdal (2020-2023);2021;221;2026.0;27490.0;2621000.0;216000.0;653000.0;167000.0;2839000.0;1293.6821322803553;106.61401776900296;322.30997038499504;864.7581441263574;82.4284304047384;103.27391778828665;1376.1105626850938;1479.3844804733803;180000.0;88.84501480750247;1.0;1.2;;
3053;Jevnaker (2020-2023);2021;221;2543.0;42032.0;2511000.0;309000.0;1020000.0;128000.0;2882000.0;987.4164372788046;121.51002752654345;401.1010617381046;464.8053480141565;50.33425088478175;68.56680624286258;1037.7506881635863;1106.317494406449;396000.0;155.72158867479354;1.0;0.7803030303030304;;
3054;Lunner (2020-2023);2021;221;4897.0;47640.0;3959000.0;492000.0;1502000.0;348000.0;2797000.0;808.4541556054727;100.46967531141516;306.71839901980803;401.26608127424953;71.06391668368389;58.71116708648195;879.5180722891566;938.2292393756386;712000.0;145.39513988156014;1.0;0.6910112359550562;;
3401;Kongsvinger;2021;221;3074.0;73422.0;3689000.0;615000.0;1374000.0;1005000.0;9719000.0;1200.0650618087184;200.06506180871827;446.97462589459985;553.0253741054001;326.9355888093689;132.37176867968728;1527.000650618087;1659.3724192977743;608000.0;197.7878985035784;1.0;1.0115131578947367;;
3403;Hamar;2021;221;9055.0;181233.0;10453000.0;1642000.0;3661000.0;2874000.0;11485000.0;1154.3898398674764;181.33627829928216;404.30701270016567;568.7465488680288;317.3937051352844;63.371461047381;1471.783545002761;1535.155006050142;1548000.0;170.95527332965213;1.0;1.0607235142118863;;
3405;Lillehammer;2021;221;7042.0;129175.0;6531000.0;1381000.0;2542000.0;291000.0;16288000.0;927.4353876739563;196.10905992615733;360.97699517182616;370.3493325759727;41.32348764555524;126.0925101606348;968.7588753195115;1094.8513854801463;1271000.0;180.48849758591308;1.0;1.0865460267505902;;
3407;Gjøvik;2021;221;6244.0;137294.0;4702000.0;827000.0;2230000.0;839000.0;10905000.0;753.0429212043562;132.44714926329277;357.14285714285717;263.4529147982063;134.36899423446508;79.42808862732531;887.4119154388213;966.8400040661467;996000.0;159.51313260730302;1.0;0.8303212851405622;;
3411;Ringsaker;2021;221;10212.0;157711.0;8655000.0;1367000.0;3218000.0;4527000.0;16683000.0;847.5323149236193;133.86212299255777;315.11946729338035;398.5507246376812;443.30199764982376;105.78209509799571;1290.834312573443;1396.6164076714388;1604000.0;157.07011359185273;1.0;0.8522443890274314;;
3412;Løten;2021;221;2783.0;40121.0;2727000.0;699000.0;906000.0;172000.0;1129000.0;979.8778296802012;251.16780452748833;325.5479698167445;403.1620553359684;61.803808839381965;28.139876872460807;1041.6816385195832;1069.821515392044;360000.0;129.35680919870643;1.0;1.9416666666666667;;
3413;Stange;2021;221;7622.0;93880.0;6104000.0;1417000.0;2236000.0;1275000.0;10489000.0;800.8396746260823;185.90921018105485;293.3613224875361;321.56914195749147;167.27892941485175;111.72773753728164;968.1186040409341;1079.8463415782157;989000.0;129.7559695617948;1.0;1.4327603640040445;;
3414;Nord-Odal;2021;221;1820.0;27906.0;1845000.0;466000.0;783000.0;193000.0;9407000.0;1013.7362637362637;256.04395604395603;430.2197802197802;327.4725274725275;106.04395604395604;337.0959650254426;1119.7802197802198;1456.8761848056624;341000.0;187.36263736263737;1.0;1.3665689149560116;;
3415;Sør-Odal;2021;221;2961.0;38573.0;2678000.0;603000.0;1059000.0;181000.0;4921000.0;904.4241810199258;203.64741641337386;357.64944275582576;343.1273218507261;61.12799729821006;127.57628392917326;965.5521783181358;1093.128462247309;632000.0;213.44140493076662;1.0;0.954113924050633;;
3416;Eidskog;2021;221;1644.0;30825.0;1839000.0;650000.0;363000.0;32000.0;4534000.0;1118.6131386861314;395.37712895377126;220.8029197080292;502.4330900243309;19.464720194647203;147.08840227088402;1138.0778588807786;1285.1662611516626;225000.0;136.86131386861314;1.0;2.888888888888889;;
3417;Grue;2021;221;779.0;29581.0;1816000.0;367000.0;558000.0;142000.0;2453000.0;2331.193838254172;471.1168164313222;716.3029525032092;1143.7740693196406;182.2849807445443;82.92485041073662;2513.478818998716;2596.403669409453;136000.0;174.58279845956355;1.0;2.6985294117647056;DV_uteligger_hoy;
3418;Åsnes;2021;221;2100.0;44150.0;1946000.0;461000.0;473000.0;149000.0;2298000.0;926.6666666666666;219.52380952380952;225.23809523809524;481.9047619047619;70.95238095238095;52.04983012457531;997.6190476190476;1049.668877743623;486000.0;231.42857142857142;0.823045267489712;0.9485596707818931;;
3419;Våler (Innlandet);2021;221;887.0;30216.0;916000.0;141000.0;567000.0;30000.0;2057000.0;1032.6944757609922;158.96279594137542;639.2333709131906;234.49830890642616;33.82187147688839;68.07651575324331;1066.5163472378806;1134.5928629911239;153000.0;172.49154453213077;1.0;0.9215686274509803;;
3420;Elverum;2021;221;7888.0;106928.0;7008000.0;1712000.0;1934000.0;1012000.0;7534000.0;888.4381338742394;217.03853955375254;245.18255578093306;426.21703853955376;128.29614604462475;70.45862636540475;1016.7342799188641;1087.192906284269;1167000.0;147.94624746450305;1.0;1.4670094258783204;;
3421;Trysil;2021;221;2124.0;30860.0;1496000.0;398000.0;163000.0;149000.0;2469000.0;704.3314500941619;187.38229755178907;76.74199623352166;440.2071563088512;70.15065913370998;80.00648088139987;774.4821092278719;854.4885901092717;302000.0;142.18455743879474;1.0;1.3178807947019866;;
3422;Åmot;2021;221;2010.0;26728.0;1720000.0;390000.0;756000.0;123000.0;4515000.0;855.7213930348258;194.02985074626866;376.1194029850746;285.5721393034826;61.19402985074627;168.923974857827;916.9154228855722;1085.839397743399;339000.0;168.65671641791045;1.0;1.1504424778761062;;
3423;Stor-Elvdal;2021;221;572.0;18614.0;517000.0;113000.0;203000.0;72000.0;1706000.0;903.8461538461538;197.55244755244755;354.8951048951049;351.3986013986014;125.87412587412588;91.65144514881273;1029.7202797202797;1121.3717248690923;102000.0;178.32167832167832;1.0;1.107843137254902;;
3424;Rendalen;2021;221;668.0;14052.0;273000.0;192000.0;0.0;44000.0;9875000.0;408.68263473053895;287.4251497005988;0.0;121.25748502994011;65.86826347305389;702.7469399373755;474.5508982035928;1177.2978381409682;143000.0;214.07185628742516;1.0;1.3426573426573427;renhold_urimelig_lav;
3425;Engerdal;2021;221;540.0;14710.0;924000.0;110000.0;167000.0;14000.0;1018000.0;1711.111111111111;203.7037037037037;309.25925925925924;1198.148148148148;25.925925925925927;69.20462270564242;1737.037037037037;1806.2416597426793;138000.0;255.55555555555554;1.0;0.7971014492753623;;
3426;Tolga;2021;221;870.0;15619.0;1053000.0;183000.0;345000.0;140000.0;1502000.0;1210.344827586207;210.3448275862069;396.55172413793105;603.448275862069;160.91954022988506;96.16492733209553;1371.2643678160919;1467.4292951481873;245000.0;281.60919540229884;1.0;0.746938775510204;;
3427;Tynset;2021;221;3296.0;48593.0;2510000.0;558000.0;856000.0;210000.0;3068000.0;761.5291262135922;169.29611650485438;259.70873786407765;332.5242718446602;63.713592233009706;63.13666577490585;825.242718446602;888.3793842215078;411000.0;124.69660194174757;1.0;1.3576642335766425;;
3428;Alvdal;2021;221;2543.0;25082.0;2181000.0;781000.0;752000.0;275000.0;-23000.0;857.6484467164767;307.11757766417617;295.7137239480928;254.81714510420764;108.1399921352733;-0.9169922653695878;965.7884388517499;964.8714465863803;528000.0;207.62878489972474;1.0;1.4791666666666667;;
3429;Folldal;2021;221;1567.0;10547.0;1950000.0;266000.0;926000.0;98000.0;414000.0;1244.416081684748;169.75111678366304;590.9380982769624;483.7268666241225;62.53988513082323;39.25286811415568;1306.9559668155712;1346.208834929727;180000.0;114.86917677089981;1.0;1.4777777777777776;;
3430;Os;2021;221;820.0;14398.0;1175000.0;345000.0;350000.0;143000.0;509000.0;1432.9268292682927;420.7317073170732;426.8292682926829;585.3658536585366;174.390243902439;35.35213224058897;1607.3170731707316;1642.6692054113207;98000.0;119.51219512195122;1.0;3.5204081632653064;;implisitt_pris_utenfor
3431;Dovre;2021;221;1510.0;21599.0;1597000.0;293000.0;656000.0;68000.0;661000.0;1057.6158940397352;194.03973509933775;434.4370860927152;429.13907284768214;45.033112582781456;30.603268669845825;1102.6490066225165;1133.2522752923624;400000.0;264.9006622516556;1.0;0.7325;;
3432;Lesja;2021;221;1379.0;20730.0;1568000.0;137000.0;897000.0;505000.0;803000.0;1137.0558375634519;99.34735315445975;650.4713560551124;387.2371283538796;366.2073966642495;38.736131210805596;1503.2632342277013;1541.9993654385069;179000.0;129.80420594633793;1.0;0.7653631284916201;;
3433;Skjåk;2021;221;1469.0;19390.0;1687000.0;332000.0;612000.0;194000.0;1864000.0;1148.4002722940777;226.00408441116406;416.60993873383256;505.786249149081;132.06262763784886;96.13202681794739;1280.4628999319266;1376.594926749874;333000.0;226.6848196051736;1.0;0.996996996996997;;
3434;Lom;2021;221;2008.0;20627.0;1508000.0;310000.0;537000.0;415000.0;1060000.0;750.9960159362549;154.3824701195219;267.43027888446215;329.1832669322709;206.67330677290838;51.38895622242691;957.6693227091633;1009.0582789315903;368000.0;183.26693227091633;1.0;0.8423913043478262;;
3435;Vågå;2021;221;1314.0;23647.0;792000.0;193000.0;142000.0;189000.0;1045000.0;602.7397260273973;146.87975646879755;108.06697108066972;347.79299847793;143.83561643835617;44.191652218040346;746.5753424657535;790.7669946837938;229000.0;174.27701674277017;1.0;0.8427947598253274;;
3436;Nord-Fron;2021;221;2591.0;38923.0;3166000.0;599000.0;1184000.0;229000.0;3184000.0;1221.9220378232342;231.184870706291;456.9664222307989;533.7707448861444;88.38286375916634;81.80253320658737;1310.3049015824006;1392.107434788988;458000.0;176.76572751833268;1.0;1.3078602620087336;;
3437;Sel;2021;221;2470.0;40770.0;2830000.0;429000.0;950000.0;81000.0;2062000.0;1145.748987854251;173.68421052631578;384.61538461538464;587.4493927125507;32.79352226720648;50.576404218788326;1178.5425101214576;1229.118914340246;647000.0;261.94331983805665;1.0;0.6630602782071098;;
3438;Sør-Fron;2021;221;2989.0;31943.0;2052000.0;389000.0;710000.0;215000.0;262000.0;686.5172298427568;130.14386082301772;237.5376380060221;318.83573101371695;71.93041150886584;8.202110008452555;758.4476413516226;766.6497513600751;455000.0;152.2248243559719;1.0;0.8549450549450549;;
3439;Ringebu;2021;221;1385.0;25646.0;1370000.0;294000.0;401000.0;1236000.0;2973000.0;989.1696750902527;212.27436823104694;289.53068592057764;487.36462093862815;892.4187725631768;115.92451064493488;1881.5884476534295;1997.5129582983643;199000.0;143.68231046931407;1.0;1.477386934673367;;
3440;Øyer;2021;221;2315.0;35522.0;2215000.0;458000.0;807000.0;610000.0;557000.0;956.8034557235421;197.8401727861771;348.59611231101513;410.3671706263499;263.49892008639307;15.680423399583356;1220.3023758099353;1235.9827992095186;409000.0;176.67386609071275;1.0;1.119804400977995;;
3441;Gausdal;2021;221;2360.0;36197.0;2280000.0;335000.0;843000.0;62000.0;4421000.0;966.1016949152543;141.94915254237287;357.20338983050846;466.9491525423729;26.271186440677965;122.13719369008481;992.3728813559322;1114.510075046017;292000.0;123.72881355932203;1.0;1.1472602739726026;;
3442;Østre Toten;2021;221;3320.0;69416.0;2445000.0;219000.0;964000.0;483000.0;8371000.0;736.4457831325301;65.96385542168674;290.3614457831325;380.12048192771084;145.48192771084337;120.59179439898583;881.9277108433735;1002.5195052423593;385000.0;115.96385542168674;1.0;0.5688311688311688;;
3443;Vestre Toten;2021;221;2500.0;71452.0;2309000.0;260000.0;682000.0;275000.0;6060000.0;923.6;104.0;272.8;546.8;110.0;84.81218160443375;1033.6;1118.4121816044337;394000.0;157.6;1.0;0.6598984771573604;;
3446;Gran;2021;221;4007.0;74189.0;3348000.0;380000.0;746000.0;395000.0;3912000.0;835.5378088345395;94.83404042924882;186.17419515847268;554.529573246818;98.57748939356127;52.73018911159336;934.1152982281009;986.8454873396943;736000.0;183.6785625155977;1.0;0.516304347826087;;
3447;Søndre Land;2021;221;2890.0;28150.0;2737000.0;415000.0;1072000.0;769000.0;2679000.0;947.0588235294117;143.59861591695503;370.93425605536333;432.52595155709344;266.0899653979239;95.16873889875666;1213.1487889273355;1308.3175278260921;439000.0;151.9031141868512;1.0;0.9453302961275627;;
3448;Nordre Land;2021;221;2900.0;45062.0;3350000.0;864000.0;1027000.0;633000.0;1283000.0;1155.1724137931035;297.9310344827586;354.13793103448273;503.1034482758621;218.27586206896552;28.471883183169854;1373.448275862069;1401.920159045239;754000.0;260.0;1.0;1.145888594164456;;
3449;Sør-Aurdal;2021;221;1788.0;23638.0;1725000.0;183000.0;378000.0;202000.0;2474000.0;964.7651006711409;102.3489932885906;211.40939597315437;651.006711409396;112.97539149888144;104.6619849395042;1077.7404921700224;1182.4024771095267;261000.0;145.9731543624161;1.0;0.7011494252873564;;
3450;Etnedal;2021;221;740.0;12405.0;562000.0;205000.0;179000.0;166000.0;876000.0;759.4594594594595;277.02702702702703;241.8918918918919;240.54054054054055;224.32432432432432;70.61668681983072;983.7837837837837;1054.4004706036144;129000.0;174.32432432432432;1.0;1.5891472868217054;;
3451;Nord-Aurdal;2021;221;4209.0;26827.0;3619000.0;815000.0;1218000.0;1090000.0;2011000.0;859.824186267522;193.6326918507959;289.3799002138275;376.81159420289856;258.9688762176289;74.96179222425168;1118.7930624851508;1193.7548547094025;76000.0;18.05654549774293;1.0;10.723684210526315;;kwh_urimelig_lav|implisitt_pris_utenfor
3452;Vestre Slidre;2021;221;1202.0;11388.0;821000.0;246000.0;247000.0;165000.0;0.0;683.0282861896839;204.65890183028287;205.49084858569051;272.8785357737105;137.2712146422629;0.0;820.2995008319467;820.2995008319467;174000.0;144.7587354409318;1.0;1.4137931034482758;;
3453;Øystre Slidre;2021;221;1972.0;22962.0;1699000.0;387000.0;408000.0;115000.0;394000.0;861.5618661257606;196.2474645030426;206.89655172413794;458.41784989858013;58.316430020283974;17.158784078041982;919.8782961460446;937.0370802240866;275000.0;139.4523326572008;1.0;1.4072727272727275;;
3454;Vang;2021;221;1200.0;18100.0;1511000.0;129000.0;394000.0;93000.0;418000.0;1259.1666666666667;107.5;328.3333333333333;823.3333333333334;77.5;23.093922651933703;1336.6666666666667;1359.7605893186005;168000.0;140.0;1.0;0.7678571428571429;;
3801;Horten (2020-2023);2021;221;9171.0;126939.0;7161000.0;1264000.0;2310000.0;2289000.0;6314000.0;780.8308799476611;137.82575509759022;251.88092901537456;391.1241958346963;249.59110238796205;49.740426504068886;1030.4219823356232;1080.162408839692;1386000.0;151.12855740922473;1.0;0.9119769119769119;;
3802;Holmestrand (2020-2023);2021;221;6438.0;109877.0;6925000.0;1144000.0;1646000.0;249000.0;2491000.0;1075.6446101273687;177.69493631562597;255.6694625660143;642.2802112457285;38.676607642124885;22.670804626992002;1114.3212177694936;1136.9920223964857;1362000.0;211.55638397017708;1.0;0.8399412628487518;;
3803;Tønsberg (2020-2023);2021;221;23776.0;222529.0;18155000.0;3006000.0;6277000.0;2093000.0;15150000.0;763.5851278600269;126.4300134589502;264.0057200538358;373.1493943472409;88.02994616419919;68.08101415995219;851.6150740242261;919.6960881841783;3804000.0;159.99327052489906;1.0;0.7902208201892744;;
3804;Sandefjord (2020-2023);2021;221;15384.0;258944.0;16980000.0;3378000.0;4484000.0;4870000.0;18026000.0;1103.7441497659906;219.57878315132606;291.47165886635463;592.69370774831;316.56266250650026;69.6135071675729;1420.3068122724908;1489.9203194400636;2562000.0;166.53666146645867;1.0;1.3185011709601873;;
3805;Larvik (2020-2023);2021;221;15513.0;186460.0;12829000.0;2032000.0;5147000.0;2256000.0;6408000.0;826.9838200219172;130.98691420099271;331.78624379552633;364.21066202539805;145.42641655385805;34.3666201866352;972.4102365757751;1006.7768567624103;1940000.0;125.05640430606589;1.0;1.047422680412371;;
3806;Porsgrunn (2020-2023);2021;221;9376.0;206454.0;6348000.0;1247000.0;1617000.0;797000.0;11586000.0;677.0477815699659;132.99914675767917;172.46160409556313;371.5870307167236;85.00426621160409;56.119038623615914;762.05204778157;818.1710864051859;1216000.0;129.6928327645051;1.0;1.0254934210526316;;
3807;Skien (2020-2023);2021;221;11415.0;238486.0;10278000.0;2007000.0;4505000.0;4258000.0;11919000.0;900.3942181340342;175.82128777923785;394.65615418309244;329.9167761717039;373.017958826106;49.9777764732521;1273.4121769601402;1323.3899534333923;1926000.0;168.72536136662288;1.0;1.042056074766355;;
3808;Notodden (2020-2023);2021;221;2831.0;57399.0;3142000.0;527000.0;1113000.0;792000.0;1842000.0;1109.8551748498764;186.15330271988697;393.14729777463793;530.5545743553515;279.75980219003884;32.0911514137877;1389.6149770399152;1421.7061284537028;452000.0;159.6608972094666;1.0;1.165929203539823;;
3811;Færder (2020-2023);2021;221;6820.0;84923.0;5801000.0;1061000.0;2209000.0;2575000.0;11822000.0;850.5865102639297;155.57184750733137;323.90029325513194;371.1143695014663;377.5659824046921;139.2084594279524;1228.1524926686218;1367.3609520965742;1319000.0;193.4017595307918;1.0;0.8043972706595905;;
3812;Siljan (2020-2023);2021;221;1685.0;11398.0;1186000.0;282000.0;276000.0;27000.0;249000.0;703.8575667655787;167.35905044510386;163.79821958456972;372.70029673590506;16.023738872403563;21.84593788383927;719.8813056379822;741.7272435218215;258000.0;153.11572700296736;1.0;1.0930232558139534;;
3813;Bamble (2020-2023);2021;221;4146.0;65288.0;3247000.0;757000.0;1089000.0;797000.0;7953000.0;783.1644958996624;182.58562469850457;262.6628075253256;337.9160636758321;192.23347805113363;121.81411591716702;975.397973950796;1097.212089867963;890000.0;214.66473709599614;1.0;0.8505617977528089;;
3814;Kragerø (2020-2023);2021;221;3576.0;45693.0;4647000.0;732000.0;1773000.0;1117000.0;1868000.0;1299.496644295302;204.6979865771812;495.80536912751677;598.993288590604;312.3601789709172;40.881535464950865;1611.8568232662192;1652.7383587311701;609000.0;170.3020134228188;0.90311986863711;1.2019704433497538;;
3815;Drangedal (2020-2023);2021;221;1667.0;17578.0;2147000.0;219000.0;526000.0;1403000.0;207000.0;1287.9424115176964;131.37372525494902;315.5368926214757;841.0317936412717;841.6316736652669;11.776083741039937;2129.5740851829632;2141.3501689240034;380000.0;227.95440911817636;1.0;0.5763157894736842;;
3816;Nome (2020-2023);2021;221;4483.0;38384.0;4687000.0;642000.0;1497000.0;675000.0;2170000.0;1045.5052420254294;143.207673432969;333.92817309837164;568.3693954940887;150.56881552531786;56.53397248853689;1196.0740575507473;1252.6080300392841;751000.0;167.5217488289092;1.0;0.8548601864181091;;
3817;Midt-Telemark (2020-2023);2021;221;2940.0;41977.0;1958000.0;320000.0;822000.0;420000.0;5023000.0;665.9863945578231;108.84353741496598;279.59183673469386;277.55102040816325;142.85714285714286;119.66076661028659;808.843537414966;928.5043040252526;295000.0;100.34013605442176;1.0;1.0847457627118644;;
3818;Tinn (2020-2023);2021;221;2135.0;48237.0;2500000.0;387000.0;1183000.0;227000.0;3229000.0;1170.96018735363;181.2646370023419;554.0983606557377;435.59718969555036;106.3231850117096;66.94031552542654;1277.2833723653396;1344.223687890766;406000.0;190.1639344262295;1.0;0.9532019704433498;;
3819;Hjartdal (2020-2023);2021;221;1020.0;9882.0;1200000.0;298000.0;405000.0;44000.0;67000.0;1176.4705882352941;292.15686274509807;397.05882352941177;487.2549019607843;43.13725490196079;6.780004047763611;1219.6078431372548;1226.3878471850185;213000.0;208.8235294117647;1.0;1.39906103286385;;
3820;Seljord (2020-2023);2021;221;1556.0;13647.0;1790000.0;434000.0;662000.0;834000.0;1199000.0;1150.3856041131105;278.9203084832905;425.44987146529564;446.0154241645244;535.9897172236504;87.85813731955741;1686.3753213367609;1774.2334586563184;229000.0;147.17223650385603;1.0;1.8951965065502188;;
3821;Kviteseid (2020-2023);2021;221;1244.0;16887.0;1480000.0;411000.0;571000.0;104000.0;409000.0;1189.710610932476;330.38585209003213;459.0032154340836;400.3215434083601;83.60128617363344;24.21981405815124;1273.3118971061094;1297.5317111642607;351000.0;282.15434083601286;1.0;1.1709401709401708;;
3822;Nissedal (2020-2023);2021;221;1421.0;11270.0;1869000.0;464000.0;486000.0;166000.0;384000.0;1315.270935960591;326.53061224489795;342.01266713581987;646.7276565798734;116.81914144968331;34.07275953859805;1432.0900774102745;1466.1628369488726;;;;;;kwh_mangler
3823;Fyresdal (2020-2023);2021;221;924.0;13421.0;943000.0;145000.0;172000.0;8000.0;349000.0;1020.5627705627705;156.92640692640694;186.14718614718615;677.4891774891775;8.658008658008658;26.004023545190375;1029.2207792207791;1055.2248027659696;103000.0;111.47186147186147;1.0;1.4077669902912622;;
3824;Tokke (2020-2023);2021;221;1645.0;23590.0;1033000.0;240000.0;256000.0;123000.0;470000.0;627.9635258358662;145.89665653495442;155.62310030395136;326.4437689969605;74.77203647416414;19.923696481559983;702.7355623100304;722.6592587915904;205000.0;124.62006079027356;1.0;1.1707317073170733;;
3825;Vinje (2020-2023);2021;221;2048.0;41213.0;4198000.0;914000.0;2147000.0;671000.0;340000.0;2049.8046875;446.2890625;1048.33984375;555.17578125;327.63671875;8.24982408463349;2377.44140625;2385.6912303346335;428000.0;208.984375;1.0;2.135514018691589;;
4201;Risør;2021;221;1052.0;38927.0;1307000.0;214000.0;483000.0;164000.0;3813000.0;1242.3954372623575;203.42205323193917;459.1254752851711;579.8479087452472;155.893536121673;97.95257790222725;1398.2889733840304;1496.2415512862576;184000.0;174.90494296577947;1.0;1.1630434782608696;;
4202;Grimstad;2021;221;4296.0;88952.0;2312000.0;407000.0;770000.0;330000.0;10078000.0;538.1750465549349;94.73929236499069;179.2364990689013;264.1992551210428;76.81564245810056;113.29705908804749;614.9906890130354;728.2877481010829;397000.0;92.41154562383613;1.0;1.0251889168765742;;
4203;Arendal;2021;221;6705.0;183159.0;4872000.0;987000.0;1916000.0;1420000.0;15469000.0;726.6219239373602;147.20357941834453;285.75689783743474;293.6614466815809;211.78225205070842;84.45667425570133;938.4041759880686;1022.8608502437698;957000.0;142.72930648769574;1.0;1.0313479623824453;;
4204;Kristiansand;2021;221;28928.0;482421.0;25488000.0;3714000.0;9516000.0;10445000.0;49466000.0;881.0840707964602;128.38772123893804;328.95464601769913;423.741703539823;361.06886061946904;102.53699569463187;1242.1529314159293;1344.6899271105613;3495000.0;120.81720132743362;1.0;1.0626609442060087;;
4205;Lindesnes;2021;221;4358.0;204652.0;6749000.0;700000.0;1487000.0;786000.0;4765000.0;1548.6461679669574;160.62413951353832;341.211564938045;1046.810463515374;180.35796236805874;23.283427476887596;1729.004130335016;1752.2875578119038;541000.0;124.13951353832033;1.0;1.2939001848428835;;
4206;Farsund;2021;221;1872.0;49072.0;1652000.0;330000.0;737000.0;59000.0;3791000.0;882.4786324786324;176.28205128205127;393.6965811965812;312.5;31.517094017094017;77.25383110531465;913.9957264957264;991.249557601041;305000.0;162.92735042735043;1.0;1.081967213114754;;
4207;Flekkefjord;2021;221;3868.0;51181.0;3077000.0;526000.0;838000.0;341000.0;972000.0;795.5015511892451;135.9875904860393;216.64943123061013;442.8645294725957;88.15925542916236;18.99142259822981;883.6608066184075;902.6522292166374;449000.0;116.08066184074457;1.0;1.1714922048997773;;
4211;Gjerstad;2021;221;1198.0;19203.0;561000.0;62000.0;243000.0;38000.0;926000.0;468.2804674457429;51.75292153589316;202.8380634390651;213.68948247078464;31.719532554257096;48.221632036660935;500.0;548.2216320366609;0.0;0.0;;;;kwh_null|kwh_urimelig_lav
4212;Vegårshei;2021;221;770.0;15651.0;680000.0;101000.0;297000.0;23000.0;209000.0;883.1168831168832;131.16883116883116;385.7142857142857;366.23376623376623;29.87012987012987;13.35377931122612;912.987012987013;926.3407922982392;152000.0;197.4025974025974;1.0;0.6644736842105263;;
4213;Tvedestrand;2021;221;2041.0;31936.0;2130000.0;356000.0;874000.0;145000.0;2023000.0;1043.6060754532093;174.42430181283683;428.22146006859384;440.96031357177856;71.04360607545321;63.34544088176353;1114.6496815286623;1177.995122410426;366000.0;179.32386085252327;1.0;0.9726775956284153;;
4214;Froland;2021;221;2036.0;38509.0;1852000.0;349000.0;819000.0;67000.0;5580000.0;909.6267190569745;171.41453831041258;402.25933202357567;335.95284872298623;32.90766208251473;144.9011919291594;942.5343811394891;1087.4355730686486;238000.0;116.89587426326129;0.957983193277311;1.4663865546218489;;
4215;Lillesand;2021;221;3793.0;57422.0;2926000.0;340000.0;915000.0;329000.0;2312000.0;771.4210387556025;89.6388083311363;241.2338518323227;440.5483785921434;86.73872923807014;40.26331371251437;858.1597679936725;898.4230817061868;324000.0;85.4205114684946;1.0;1.0493827160493827;;
4216;Birkenes;2021;221;3793.0;57422.0;1344000.0;277000.0;477000.0;137000.0;990000.0;354.3369364619035;73.02926443448457;125.75797521750593;155.549696809913;36.11916688636963;17.240778795583573;390.45610334827313;407.6968821438567;279000.0;73.55655154231479;1.0;0.9928315412186379;DV_uteligger_lav;
4217;Åmli;2021;221;481.0;14216.0;820000.0;185000.0;83000.0;80000.0;388000.0;1704.7817047817048;384.61538461538464;172.55717255717255;1147.6091476091476;166.32016632016632;27.293190770962298;1871.1018711018712;1898.3950618728336;142000.0;295.2182952182952;1.0;1.3028169014084507;areal_for_lite;areal_for_lite
4218;Iveland;2021;221;1972.0;12071.0;1532000.0;315000.0;604000.0;19000.0;1613000.0;776.8762677484787;159.73630831643;306.28803245436103;310.85192697768764;9.634888438133874;133.62604589512054;786.5111561866125;920.1372020817331;146000.0;74.0365111561866;1.0;2.1575342465753424;;
4219;Evje og Hornnes;2021;221;2035.0;27367.0;1777000.0;317000.0;519000.0;112000.0;702000.0;873.2186732186732;155.77395577395578;255.03685503685503;462.4078624078624;55.03685503685504;25.65133189607922;928.2555282555282;953.9068601516075;400000.0;196.56019656019657;1.0;0.7925;;
4220;Bygland;2021;221;1267.0;15636.0;1090000.0;274000.0;281000.0;20000.0;459000.0;860.2999210734017;216.25887924230466;221.7837411207577;422.2573007103394;15.785319652722968;29.35533384497314;876.0852407261247;905.4405745710978;211000.0;166.53512233622732;1.0;1.2985781990521326;;
4221;Valle;2021;221;1098.0;14237.0;1662000.0;272000.0;535000.0;244000.0;933000.0;1513.6612021857923;247.7231329690346;487.24954462659383;778.688524590164;222.22222222222223;65.53346912973238;1735.8834244080147;1801.416893537747;264000.0;240.43715846994536;1.0;1.0303030303030303;;
4222;Bykle;2021;221;1242.0;20819.0;1870000.0;256000.0;456000.0;612000.0;38000.0;1505.6360708534621;206.11916264090178;367.1497584541063;932.3671497584542;492.7536231884058;1.8252557759738701;1998.3896940418679;2000.2149498178417;221000.0;177.93880837359097;1.0;1.158371040723982;;
4223;Vennesla;2021;221;5013.0;70751.0;3520000.0;653000.0;1220000.0;1223000.0;3755000.0;702.1743466985837;130.26132056652702;243.3672451625773;328.5457809694794;243.96568920805905;53.073454792158415;946.1400359066428;999.2134906988011;583000.0;116.29762617195293;1.0;1.1200686106346482;;
4224;Åseral;2021;221;661.0;11913.0;877000.0;123000.0;228000.0;74000.0;325000.0;1326.7776096822995;186.08169440242057;344.9319213313162;795.7639939485628;111.95158850226929;27.28112146394695;1438.7291981845688;1466.0103196485156;105000.0;158.8502269288956;1.0;1.1714285714285715;;
4225;Lyngdal;2021;221;3923.0;63403.0;4194000.0;992000.0;1419000.0;121000.0;1367000.0;1069.0797858781546;252.86770328829977;361.7129747642111;454.49910782564365;30.843742034157533;21.560493982934563;1099.923527912312;1121.4840218952465;693000.0;176.65052255926588;1.0;1.4314574314574313;;
4226;Hægebostad;2021;221;1687.0;11693.0;1103000.0;132000.0;474000.0;192000.0;230000.0;653.8233550681683;78.24540604623593;280.97213989330174;294.6058091286307;113.81149970361588;19.669887967159838;767.6348547717843;787.3047427389441;202000.0;119.73918197984588;1.0;0.6534653465346535;;
4227;Kvinesdal;2021;221;4097.0;48605.0;4549000.0;728000.0;1293000.0;263000.0;531000.0;1110.3246277764217;177.69099340981205;315.59677813033926;617.0368562362704;64.19331217964364;10.924801975105442;1174.5179399560654;1185.442741931171;773000.0;188.67463998047353;1.0;0.9417852522639067;;
4601;Bergen;2021;221;48068.0;905824.0;125415000.0;9767000.0;17005000.0;16964000.0;121624000.0;2609.116251976367;203.1913123075643;353.76965964883084;2052.1552800199715;352.9167013397687;134.26890875048574;2962.0329533161353;3096.301862066621;6998000.0;145.5854206540734;1.0;1.3956844812803657;DV_uteligger_hoy;
4602;Kinn;2021;221;8270.0;85519.0;5650000.0;801000.0;2064000.0;445000.0;1152000.0;683.192261185006;96.85610640870617;249.57678355501812;336.75937122128175;53.80894800483676;13.470690723698826;737.0012091898428;750.4718999135416;1283000.0;155.1390568319226;1.0;0.6243180046765394;;
4611;Etne;2021;221;2599.0;30800.0;1937000.0;300000.0;665000.0;43000.0;399000.0;745.2866487110427;115.42901115813774;255.86764140053867;373.9899961523663;16.544824932666412;12.954545454545455;761.8314736437092;774.7860190982547;343000.0;131.97383609080416;1.0;0.8746355685131195;;
4612;Sveio;2021;221;1200.0;31200.0;1083000.0;201000.0;414000.0;96000.0;787000.0;902.5;167.5;345.0;390.0;80.0;25.224358974358974;982.5;1007.724358974359;175000.0;145.83333333333334;1.0;1.1485714285714286;;
4613;Bømlo;2021;221;0.0;63996.0;0.0;0.0;0.0;0.0;1798000.0;;;;;;;;;0.0;;;;areal_mangler|drift_null;areal_mangler|kwh_mangler
4614;Stord;2021;221;2663.0;76103.0;3178000.0;479000.0;601000.0;283000.0;4878000.0;1193.390912504694;179.8723244461134;225.68531731130304;787.8332707472775;106.27112279384153;64.09734176050878;1299.6620352985356;1363.7593770590443;364000.0;136.68794592564777;1.0;1.315934065934066;;
4615;Fitjar;2021;221;421.0;13477.0;413000.0;76000.0;179000.0;17000.0;0.0;980.9976247030879;180.52256532066508;425.17814726840857;375.2969121140143;40.38004750593824;0.0;1021.3776722090262;1021.3776722090262;65000.0;154.39429928741092;1.0;1.1692307692307693;areal_for_lite;areal_for_lite
4616;Tysnes;2021;221;2187.0;20193.0;994000.0;360000.0;27000.0;1508000.0;521000.0;454.503886602652;164.6090534979424;12.345679012345679;277.54915409236395;689.5290352080475;25.80102015549943;1144.0329218106997;1169.833941966199;134000.0;61.271147690900776;1.0;2.6865671641791047;renhold_urimelig_lav;kwh_uteligger
4617;Kvinnherad;2021;221;4350.0;82846.0;3157000.0;654000.0;453000.0;458000.0;3293000.0;725.7471264367816;150.3448275862069;104.13793103448276;471.264367816092;105.28735632183908;39.74844892933877;831.0344827586207;870.7829316879595;731000.0;168.04597701149424;1.0;0.8946648426812586;;
4618;Ullensvang;2021;221;6905.0;80820.0;5646000.0;1688000.0;2280000.0;308000.0;6891000.0;817.6683562635772;244.4605358435916;330.1955104996379;243.01230992034758;44.605358435916;85.26354862657757;862.2737146994931;947.5372633260706;1138000.0;164.80811006517015;1.0;1.483304042179262;;
4619;Eidfjord;2021;221;1183.0;12759.0;989000.0;85000.0;389000.0;625000.0;651000.0;836.0101437024514;71.85122569737955;328.82502113271346;435.3338968723584;528.3178360101437;51.022807430049376;1364.3279797125952;1415.3507871426445;;;;;;kwh_mangler
4620;Ulvik;2021;221;795.0;14441.0;609000.0;232000.0;148000.0;81000.0;0.0;766.0377358490566;291.82389937106916;186.16352201257862;288.0503144654088;101.88679245283019;0.0;867.9245283018868;867.9245283018868;185000.0;232.70440251572327;1.0;1.254054054054054;;
4621;Voss;2021;221;4716.0;95935.0;5721000.0;597000.0;2464000.0;433000.0;14172000.0;1213.1043256997455;126.59033078880407;522.4766751484309;564.0373197625106;91.81509754028838;147.72502215041433;1304.919423240034;1452.6444453904483;453000.0;96.05597964376591;1.0;1.3178807947019866;;
4622;Kvam;2021;221;4908.0;65744.0;5633000.0;1153000.0;2229000.0;139000.0;2077000.0;1147.7180114099428;234.92257538712306;454.15647921760393;458.63895680521597;28.321108394458026;31.59223655390606;1176.039119804401;1207.6313563583071;872000.0;177.66911165444174;1.0;1.3222477064220182;;
4623;Samnanger;2021;221;2264.0;13885.0;1943000.0;346000.0;664000.0;86000.0;555000.0;858.2155477031802;152.8268551236749;293.28621908127207;412.1024734982332;37.985865724381625;39.971191933741444;896.2014134275619;936.1726053613033;299000.0;132.06713780918727;1.0;1.157190635451505;;
4624;Bjørnafjorden;2021;221;4190.0;112564.0;3352000.0;647000.0;1413000.0;383000.0;6548000.0;800.0;154.41527446300717;337.2315035799523;308.35322195704055;91.40811455847255;58.17135140897623;891.4081145584726;949.5794659674488;748000.0;178.52028639618138;1.0;0.8649732620320856;;
4625;Austevoll;2021;221;0.0;34365.0;0.0;0.0;0.0;0.0;2110000.0;;;;;;;;;0.0;;;;areal_mangler|drift_null;areal_mangler|kwh_mangler
4626;Øygarden;2021;221;8141.0;180518.0;15782000.0;4072000.0;6593000.0;932000.0;7273000.0;1938.582483724358;500.1842525488269;809.8513696106129;628.5468615649183;114.48225033779634;40.2896110083205;2053.0647340621545;2093.354345070475;2286000.0;280.8008844122344;0.9855643044619422;1.7812773403324584;;
4627;Askøy;2021;221;6007.0;115759.0;6073000.0;904000.0;2895000.0;1134000.0;9748000.0;1010.9871816214417;150.49109372398868;481.93773930414517;378.5583485933078;188.77975695022474;84.20943511951555;1199.7669385716663;1283.9763736911818;1060000.0;176.4607957383053;1.0;0.8528301886792453;;
4628;Vaksdal;2021;221;2410.0;27711.0;1584000.0;254000.0;508000.0;1774000.0;1459000.0;657.2614107883818;105.39419087136929;210.78838174273858;341.07883817427387;736.0995850622406;52.650571975027965;1393.3609958506224;1446.0115678256504;293000.0;121.57676348547717;1.0;0.8668941979522184;;
4629;Modalen;2021;221;605.0;8049.0;440000.0;84000.0;186000.0;16000.0;283000.0;727.2727272727273;138.84297520661158;307.43801652892563;280.9917355371901;26.446280991735538;35.15964716113803;753.7190082644628;788.8786554256009;119000.0;196.69421487603304;1.0;0.7058823529411766;;
4630;Osterøy;2021;221;3344.0;34514.0;3549000.0;707000.0;1443000.0;429000.0;75000.0;1061.3038277511962;211.42344497607655;431.51913875598086;418.3612440191388;128.28947368421052;2.173031233702266;1189.5933014354066;1191.7663326691088;;;;;;kwh_mangler
4631;Alver;2021;221;7216.0;124985.0;8327000.0;1235000.0;4020000.0;402000.0;12938000.0;1153.9634146341464;171.14745011086475;557.0953436807096;425.7206208425721;55.709534368070955;103.51642197063647;1209.6729490022174;1313.1893709728538;1135000.0;157.28935698447893;0.9947136563876652;1.0881057268722467;;
4632;Austrheim;2021;221;1047.0;16568.0;2212000.0;337000.0;925000.0;251000.0;163000.0;2112.702960840497;321.8720152817574;883.476599808978;907.3543457497613;239.73256924546322;9.838242394978272;2352.4355300859597;2362.273772480938;341000.0;325.6924546322827;1.0;0.9882697947214076;;
4633;Fedje;2021;221;332.0;6067.0;190000.0;58000.0;0.0;29000.0;474000.0;572.289156626506;174.6987951807229;0.0;397.5903614457831;87.34939759036145;78.12757540794462;659.6385542168674;737.766129624812;71000.0;213.85542168674698;1.0;0.8169014084507042;areal_for_lite|renhold_urimelig_lav;areal_for_lite
4634;Masfjorden;2021;221;2000.0;22465.0;1388000.0;259000.0;710000.0;315000.0;0.0;694.0;129.5;355.0;209.5;157.5;0.0;851.5;851.5;206000.0;103.0;1.0;1.2572815533980584;;
4635;Gulen;2021;221;1937.0;17310.0;2496000.0;249000.0;1196000.0;263000.0;2285000.0;1288.5906040268455;128.54930304594734;617.4496644295302;542.5916365513681;135.7769747031492;132.0046216060081;1424.3675787299949;1556.372200336003;210000.0;108.41507485802788;1.0;1.1857142857142857;;
4636;Solund;2021;221;636.0;6913.0;504000.0;57000.0;257000.0;30000.0;884000.0;792.4528301886793;89.62264150943396;404.0880503144654;298.74213836477986;47.16981132075472;127.87501808187473;839.622641509434;967.4976595913087;61000.0;95.9119496855346;1.0;0.9344262295081966;;
4637;Hyllestad;2021;221;605.0;13217.0;852000.0;40000.0;343000.0;104000.0;324000.0;1408.2644628099174;66.11570247933884;566.9421487603306;775.2066115702479;171.900826446281;24.51388363471287;1580.1652892561983;1604.679172890911;76000.0;125.6198347107438;1.0;0.5263157894736842;;
4638;Høyanger;2021;221;2552.0;26619.0;3286000.0;569000.0;1134000.0;327000.0;1857000.0;1287.6175548589342;222.96238244514106;444.3573667711599;620.2978056426332;128.13479623824452;69.76219993237913;1415.7523510971787;1485.5145510295579;569000.0;222.96238244514106;1.0;1.0;;
4639;Vik;2021;221;1373.0;16737.0;1451000.0;533000.0;475000.0;141000.0;382000.0;1056.8099053168244;388.20101966496725;345.9577567370721;322.65112891478515;102.69482884195193;22.823684053295096;1159.5047341587765;1182.3284182120715;172000.0;125.27312454479242;1.0;3.0988372093023258;;implisitt_pris_utenfor
4640;Sogndal;2021;221;5509.0;51382.0;8234000.0;1080000.0;2756000.0;739000.0;10000.0;1494.6451261571974;196.0428389907424;500.2722817208205;798.3300054456345;134.14412779088764;0.19462068428632595;1628.789253948085;1628.9838746323712;415000.0;75.33127609366491;1.0;2.602409638554217;;
4641;Aurland;2021;221;1205.0;22717.0;1297000.0;130000.0;595000.0;54000.0;660000.0;1076.3485477178424;107.88381742738589;493.7759336099585;474.68879668049794;44.81327800829875;29.053132015671082;1121.1618257261412;1150.2149577418122;191000.0;158.50622406639005;1.0;0.6806282722513088;;
4642;Lærdal;2021;221;1671.0;13358.0;1500000.0;236000.0;535000.0;155000.0;0.0;897.6660682226212;141.2327947336924;320.1675643327349;436.2657091561939;92.75882704967086;0.0;990.424895272292;990.424895272292;313000.0;187.31298623578695;1.0;0.7539936102236422;;
4643;Årdal;2021;221;2762.0;39566.0;3127000.0;515000.0;871000.0;221000.0;3936000.0;1132.1506154960173;186.45908761766836;315.35119478638666;630.3403330919623;80.01448225923244;99.47935095789315;1212.16509775525;1311.644448713143;594000.0;215.06154960173788;1.0;0.867003367003367;;
4644;Luster;2021;221;4667.0;38524.0;2475000.0;553000.0;181000.0;1505000.0;2463000.0;530.3192629097922;118.49153631883436;38.78294407542318;373.0447825155346;322.47696593100494;63.93417090644793;852.7962288407971;916.730399747245;559000.0;119.77715877437326;1.0;0.9892665474060822;renhold_urimelig_lav;
4645;Askvoll;2021;221;1752.0;16433.0;1653000.0;321000.0;821000.0;240000.0;1804000.0;943.4931506849315;183.21917808219177;468.60730593607303;291.6666666666667;136.986301369863;109.77910302440212;1080.4794520547946;1190.2585550791966;333000.0;190.06849315068493;1.0;0.9639639639639639;;
4646;Fjaler;2021;221;1555.0;28018.0;1501000.0;290000.0;569000.0;38000.0;656000.0;965.273311897106;186.4951768488746;365.91639871382637;412.8617363344051;24.437299035369776;23.413519880077093;989.7106109324759;1013.124130812553;421000.0;270.7395498392283;1.0;0.6888361045130641;;
4647;Sunnfjord;2021;221;12440.0;136795.0;11724000.0;1311000.0;4964000.0;447000.0;6786000.0;942.443729903537;105.38585209003216;399.0353697749196;438.0225080385852;35.932475884244376;49.607076282027855;978.3762057877814;1027.9832820698093;1827000.0;146.86495176848874;1.0;0.7175697865353039;;
4649;Stad;2021;221;4691.0;57606.0;4016000.0;445000.0;1389000.0;282000.0;3808000.0;856.1074397782988;94.86250266467704;296.0989128117672;465.1460243018546;60.11511404817736;66.10422525431379;916.2225538264762;982.32677908079;486000.0;103.6026433596248;1.0;0.9156378600823045;;
4650;Gloppen;2021;221;2142.0;33775.0;933000.0;237000.0;42000.0;1643000.0;3113000.0;435.5742296918767;110.64425770308124;19.607843137254903;305.32212885154064;767.0401493930906;92.16876387860844;1202.6143790849674;1294.7831429635758;481000.0;224.55648926237163;1.0;0.4927234927234927;renhold_urimelig_lav;implisitt_pris_utenfor
4651;Stryn;2021;221;3719.0;40480.0;2733000.0;552000.0;783000.0;566000.0;2518000.0;734.8749663888142;148.4269965044367;210.54046786770638;375.9075020166712;152.1914493143318;62.20355731225296;887.066415703146;949.269973015399;565000.0;151.92255982791073;1.0;0.976991150442478;;
5001;Trondheim - Tråante;2021;221;85826.0;759208.0;71146000.0;9183000.0;25445000.0;29290000.0;73912000.0;828.9562603406893;106.99554913429498;296.4719315825041;425.4887796238902;341.2718756553958;97.35408478308975;1170.228135996085;1267.5822207791748;11861000.0;138.19821499312562;1.0;0.7742180254615969;;
5006;Steinkjer - Stïentje;2021;221;4792.0;111015.0;6082000.0;1105000.0;484000.0;341000.0;11790000.0;1269.1986644407345;230.59265442404006;101.0016694490818;937.6043405676127;71.16026711185309;106.20186461289015;1340.3589315525876;1446.5607961654778;963000.0;200.95993322203674;1.0;1.1474558670820352;;
5007;Namsos - Nåavmesjenjaelmie;2021;221;4036.0;88551.0;3481000.0;494000.0;2565000.0;988000.0;6657000.0;862.4876114965313;122.39841427155599;635.5302279484638;104.55896927651139;244.79682854311199;75.17701663448183;1107.2844400396432;1182.461456674125;1098000.0;272.0515361744301;1.0;0.4499089253187614;;implisitt_pris_utenfor
5014;Frøya;2021;221;787.0;27646.0;1978000.0;177000.0;834000.0;224000.0;1197000.0;2513.341804320203;224.90470139771284;1059.720457433291;1228.7166454891994;284.62515883100383;43.2974028792592;2797.966963151207;2841.264366030466;100000.0;127.06480304955528;1.0;1.77;DV_uteligger_hoy;
5020;Osen;2021;221;542.0;7958.0;443000.0;45000.0;201000.0;5000.0;447000.0;817.3431734317343;83.02583025830258;370.8487084870849;363.4686346863469;9.22509225092251;56.169891932646394;826.5682656826568;882.7381576153032;226000.0;416.97416974169744;1.0;0.1991150442477876;;implisitt_pris_utenfor|kwh_uteligger
5021;Oppdal;2021;221;1740.0;34224.0;2015000.0;381000.0;947000.0;266000.0;3810000.0;1158.0459770114942;218.9655172413793;544.2528735632184;394.82758620689657;152.8735632183908;111.32538569424965;1310.9195402298851;1422.2449259241348;327000.0;187.93103448275863;1.0;1.165137614678899;;
5022;Rennebu;2021;221;1074.0;21505.0;1384000.0;197000.0;450000.0;172000.0;330000.0;1288.6405959031658;183.42644320297953;418.99441340782124;686.219739292365;160.14897579143388;15.345268542199488;1448.7895716945995;1464.134840236799;220000.0;204.84171322160148;1.0;0.8954545454545455;;
5025;Røros - Rosse;2021;221;2367.0;29604.0;3030000.0;761000.0;1015000.0;101000.0;4727000.0;1280.1013941698352;321.50401351922267;428.81284326151246;529.7845373891001;42.67004647232784;159.67436832860423;1322.771440642163;1482.4458089707673;602000.0;254.3303760033798;1.0;1.2641196013289038;;
5026;Holtålen;2021;221;850.0;13179.0;1013000.0;98000.0;393000.0;197000.0;1053000.0;1191.764705882353;115.29411764705883;462.3529411764706;614.1176470588235;231.76470588235293;79.89984065558843;1423.5294117647059;1503.4292524202942;166000.0;195.2941176470588;1.0;0.5903614457831325;;
5027;Midtre Gauldal;2021;221;4152.0;40604.0;2496000.0;430000.0;729000.0;115000.0;961000.0;601.1560693641618;103.5645472061657;175.57803468208093;322.0134874759152;27.697495183044317;23.667618953797657;628.8535645472061;652.5211835010037;0.0;0.0;;;;kwh_null|kwh_urimelig_lav
5028;Melhus;2021;221;8999.0;97231.0;8989000.0;1210000.0;3357000.0;594000.0;9285000.0;998.8887654183799;134.45938437604178;373.0414490498944;491.3879319924436;66.0073341482387;95.4942353776059;1064.8960995666184;1160.3903349442244;1128000.0;125.34726080675631;1.0;1.072695035460993;;
5029;Skaun;2021;221;5112.0;46711.0;5741000.0;718000.0;2557000.0;327000.0;4623000.0;1123.0438184663537;140.45383411580596;500.19561815336465;482.3943661971831;63.967136150234744;98.97026396352037;1187.0109546165884;1285.9812185801088;836000.0;163.53677621283256;1.0;0.8588516746411483;;
5031;Malvik;2021;221;4849.0;62759.0;4576000.0;853000.0;1640000.0;849000.0;5768000.0;943.6997319034853;175.9125592905754;338.2140647556197;429.57310785729015;175.0876469375129;91.90713682499721;1118.7873788409981;1210.6945156659954;719000.0;148.27799546298206;1.0;1.1863699582753826;;
5032;Selbu;2021;221;3489.0;29280.0;3848000.0;506000.0;1243000.0;261000.0;749000.0;1102.8948122671252;145.02722843221554;356.2625394095729;601.6050444253368;74.80653482373172;25.580601092896174;1177.7013470908569;1203.281948183753;528000.0;151.3327601031814;1.0;0.9583333333333335;;
5033;Tydal;2021;221;588.0;13494.0;920000.0;107000.0;328000.0;54000.0;1403000.0;1564.6258503401361;181.97278911564626;557.8231292517007;824.8299319727892;91.83673469387755;103.97213576404327;1656.4625850340135;1760.4347207980568;121000.0;205.78231292517006;1.0;0.8842975206611571;;
5034;Meråker;2021;221;1800.0;16105.0;1475000.0;281000.0;624000.0;126000.0;1298000.0;819.4444444444445;156.11111111111111;346.6666666666667;316.6666666666667;70.0;80.59608817137534;889.4444444444445;970.0405326158198;169000.0;93.88888888888889;0.9112426035502958;1.6627218934911243;;
5035;Stjørdal;2021;221;7342.0;152359.0;5441000.0;939000.0;2108000.0;375000.0;6906000.0;741.0787251430128;127.89430672841188;287.1152274584582;326.06919095614273;51.07600108962136;45.32715494325901;792.1547262326342;837.4818811758931;845000.0;115.09125578861345;1.0;1.1112426035502958;;
5036;Frosta;2021;221;1100.0;14360.0;825000.0;162000.0;352000.0;369000.0;623000.0;750.0;147.27272727272728;320.0;282.72727272727275;335.45454545454544;43.38440111420613;1085.4545454545455;1128.8389465687517;119000.0;108.18181818181819;1.0;1.361344537815126;;
5037;Levanger;2021;221;6247.0;93474.0;5191000.0;924000.0;1504000.0;134000.0;12074000.0;830.9588602529215;147.91099727869377;240.75556267008164;442.292300304146;21.450296142148233;129.169608661232;852.4091563950697;981.5787650563017;877000.0;140.38738594525373;1.0;1.0535917901938425;;
5038;Verdal;2021;221;5180.0;73800.0;4706000.0;822000.0;1707000.0;417000.0;1885000.0;908.4942084942085;158.6872586872587;329.5366795366795;420.27027027027026;80.5019305019305;25.5420054200542;988.996138996139;1014.5381444161933;698000.0;134.74903474903476;1.0;1.1776504297994268;;
5041;Snåase - Snåsa;2021;221;708.0;18203.0;1288000.0;285000.0;543000.0;116000.0;1937000.0;1819.2090395480227;402.54237288135596;766.9491525423729;649.7175141242938;163.8418079096045;106.41103114871176;1983.050847457627;2089.461878606339;523000.0;738.7005649717514;1.0;0.5449330783938815;;kwh_urimelig_hoy
5042;Lierne;2021;221;724.0;16510.0;679000.0;113000.0;272000.0;4000.0;1236000.0;937.8453038674033;156.07734806629836;375.69060773480663;406.0773480662983;5.524861878453039;74.86371895820714;943.3701657458563;1018.2338847040635;164000.0;226.51933701657458;1.0;0.6890243902439025;;
5043;Raarvihke - Røyrvik;2021;221;265.0;8151.0;17000.0;0.0;0.0;3000.0;1264000.0;64.15094339622641;0.0;0.0;64.15094339622641;11.320754716981131;155.07299717826032;75.47169811320755;230.54469529146786;15000.0;56.60377358490566;1.0;0.0;areal_for_lite|drift_urimelig_lav|energi_urimelig_lav|renhold_urimelig_lav;areal_for_lite|implisitt_pris_utenfor
5044;Namsskogan;2021;221;920.0;12883.0;834000.0;103000.0;214000.0;67000.0;994000.0;906.5217391304348;111.95652173913044;232.6086956521739;561.9565217391304;72.82608695652173;77.15594193898937;979.3478260869565;1056.5037680259459;120000.0;130.43478260869566;1.0;0.8583333333333333;;
5045;Grong;2021;221;1643.0;26813.0;1211000.0;163000.0;340000.0;396000.0;2884000.0;737.0663420572124;99.20876445526476;206.93852708460133;430.9190505173463;241.02251978088862;107.55976578525342;978.088861838101;1085.6486276233545;233000.0;141.81375532562384;1.0;0.6995708154506438;;
5046;Høylandet;2021;221;667.0;11776.0;630000.0;112000.0;111000.0;71000.0;1377000.0;944.527736131934;167.9160419790105;166.4167916041979;610.1949025487256;106.44677661169415;116.93274456521739;1050.974512743628;1167.9072573088456;105000.0;157.42128935532233;1.0;1.0666666666666667;;
5047;Overhalla;2021;221;2709.0;23343.0;2988000.0;436000.0;1462000.0;341000.0;609000.0;1102.9900332225914;160.9449981543005;539.6825396825396;402.3624953857512;125.87670727205611;26.08919162061432;1228.8667404946475;1254.955932115262;275000.0;101.51347360649686;1.0;1.5854545454545457;;
5049;Flatanger;2021;221;1395.0;12367.0;589000.0;94000.0;168000.0;114000.0;88000.0;422.22222222222223;67.38351254480287;120.43010752688173;234.40860215053763;81.72043010752688;7.1157111668149104;503.9426523297491;511.05836349656397;104000.0;74.55197132616487;1.0;0.9038461538461539;;
5052;Leka;2021;221;300.0;5220.0;435000.0;35000.0;152000.0;12000.0;254000.0;1450.0;116.66666666666667;506.6666666666667;826.6666666666666;40.0;48.65900383141762;1490.0;1538.6590038314175;36000.0;120.0;1.0;0.9722222222222222;areal_for_lite;areal_for_lite
5053;Inderøy;2021;221;2586.0;29971.0;3872000.0;612000.0;1681000.0;218000.0;3181000.0;1497.293116782676;236.65893271461718;650.0386697602474;610.5955143078113;84.3000773395205;106.13593140035367;1581.5931941221963;1687.72912552255;394000.0;152.35885537509668;1.0;1.5532994923857868;;
5054;Indre Fosen;2021;221;4295.0;60980.0;3476000.0;632000.0;952000.0;664000.0;5560000.0;809.3131548311991;147.14784633294528;221.65308498253785;440.51222351571596;154.59837019790453;91.17743522466382;963.9115250291036;1055.0889602537675;652000.0;151.80442374854482;1.0;0.9693251533742331;;
5055;Heim;2021;221;2023.0;35104.0;3272000.0;322000.0;1334000.0;400000.0;3060000.0;1617.3999011369253;159.16955017301038;659.4167078596145;798.8136431043006;197.7261492832427;87.16955332725615;1815.126050420168;1902.2956037474241;431000.0;213.04992585269403;1.0;0.7470997679814385;;
5056;Hitra;2021;221;2640.0;29398.0;2953000.0;298000.0;1217000.0;284000.0;2919000.0;1118.560606060606;112.87878787878788;460.9848484848485;544.6969696969697;107.57575757575758;99.2924688754337;1226.1363636363637;1325.4288325117975;228000.0;86.36363636363636;1.0;1.3070175438596492;;
5057;Ørland;2021;221;5846.0;98242.0;3400000.0;771000.0;1254000.0;346000.0;5978000.0;581.5942524803285;131.8850496065686;214.50564488539172;235.20355798836812;59.18576804652754;60.84973840109118;640.780020526856;701.6297589279471;768000.0;131.37187820732126;1.0;1.00390625;;
5058;Åfjord;2021;221;705.0;22079.0;597000.0;430000.0;3000.0;239000.0;755000.0;846.8085106382979;609.9290780141844;4.25531914893617;232.6241134751773;339.0070921985816;34.19538928393496;1185.8156028368794;1220.0109921208143;143000.0;202.8368794326241;1.0;3.006993006993007;renhold_urimelig_lav;implisitt_pris_utenfor
5059;Orkland;2021;221;10846.0;110101.0;12719000.0;1572000.0;5215000.0;586000.0;7790000.0;1172.6903927715286;144.93822607412872;480.82242301309236;546.9297436843076;54.0291351650378;70.75321750029518;1226.7195279365665;1297.4727454368617;1890000.0;174.25779089065094;1.0;0.8317460317460318;;
5060;Nærøysund;2021;221;3292.0;95485.0;2539000.0;379000.0;1391000.0;54000.0;7696000.0;771.2636695018226;115.12758201701094;422.53948967193196;233.5965978128797;16.403402187120292;80.59904697072838;787.6670716889429;868.2661186596713;360000.0;109.35601458080194;1.0;1.0527777777777778;;
5061;Rindal;2021;221;1600.0;17550.0;1915000.0;465000.0;660000.0;511000.0;0.0;1196.875;290.625;412.5;493.75;319.375;0.0;1516.25;1516.25;475000.0;296.875;1.0;0.9789473684210527;;
5401;Tromsø (2020-2023);2021;221;22216.0;330382.0;25676000.0;3410000.0;7037000.0;6773000.0;22443000.0;1155.7436082102988;153.49297803384948;316.75369103348936;685.4969391429601;304.87036370183654;67.9304562597236;1460.6139719121354;1528.544428171859;5392000.0;242.70795822830394;1.0;0.6324183976261127;;
5402;Harstad (2020-2023);2021;221;10800.0;139137.0;11529000.0;2525000.0;4035000.0;1661000.0;14458000.0;1067.5;233.7962962962963;373.6111111111111;460.0925925925926;153.7962962962963;103.91197165383758;1221.2962962962963;1325.2082679501339;2296000.0;212.59259259259258;1.0;1.0997386759581882;;
5403;Alta (2020-2023);2021;221;5815.0;179122.0;5513000.0;832000.0;2008000.0;1937000.0;8191000.0;948.0653482373173;143.07824591573518;345.31384350816853;459.6732588134136;333.10404127257095;45.72860955103226;1281.1693895098883;1326.8979990609205;144000.0;24.763542562338777;1.0;5.777777777777779;;kwh_urimelig_lav|implisitt_pris_utenfor
5404;Vardø (2020-2023);2021;221;1685.0;10810.0;1154000.0;373000.0;469000.0;133000.0;1242000.0;684.86646884273;221.36498516320475;278.3382789317507;185.16320474777447;78.93175074183976;114.8936170212766;763.7982195845698;878.6918366058463;150000.0;89.02077151335311;1.0;2.486666666666667;;
5405;Vadsø (2020-2023);2021;221;3049.0;60750.0;2596000.0;910000.0;1283000.0;4000.0;1346000.0;851.426697277796;298.4585109872089;420.79370285339456;132.17448343719252;1.3119055428009183;22.156378600823047;852.738602820597;874.89498142142;902000.0;295.8346999016071;1.0;1.0088691796008868;;
5406;Hammerfest (2020-2023);2021;221;6491.0;110899.0;9001000.0;855000.0;4467000.0;1082000.0;4404000.0;1386.6892620551532;131.7208442458789;688.1836388846094;566.7847789246649;166.69234324449238;39.71180984499409;1553.3816052996456;1593.0934151446397;1647000.0;253.73594207364042;1.0;0.5191256830601093;;
5411;Kvæfjord (2020-2023);2021;221;1088.0;24193.0;1631000.0;489000.0;554000.0;73000.0;420000.0;1499.0808823529412;449.4485294117647;509.19117647058823;540.4411764705883;67.09558823529412;17.360393502252716;1566.1764705882354;1583.536864090488;275000.0;252.75735294117646;1.0;1.778181818181818;;
5412;Tjeldsund (2020-2023);2021;221;2900.0;18808.0;3292000.0;697000.0;1663000.0;254000.0;1506000.0;1135.1724137931035;240.3448275862069;573.448275862069;321.37931034482756;87.58620689655173;80.07230965546576;1222.7586206896551;1302.8309303451208;523000.0;180.3448275862069;1.0;1.3326959847036328;;
5413;Ibestad (2020-2023);2021;221;680.0;9433.0;939000.0;278000.0;222000.0;19000.0;416000.0;1380.8823529411766;408.8235294117647;326.47058823529414;645.5882352941177;27.941176470588236;44.10049825082158;1408.8235294117646;1452.9240276625862;302000.0;444.11764705882354;1.0;0.9205298013245032;;kwh_uteligger
5414;Gratangen (2020-2023);2021;221;698.0;11071.0;417000.0;93000.0;3000.0;91000.0;10000.0;597.4212034383954;133.2378223495702;4.2979942693409745;459.88538681948427;130.37249283667623;0.9032607713846987;727.7936962750716;728.6969570464563;0.0;0.0;;;renhold_urimelig_lav;kwh_null|kwh_urimelig_lav
5415;Loabák - Lavangen (2020-2023);2021;221;616.0;9085.0;620000.0;144000.0;322000.0;41000.0;2518000.0;1006.4935064935065;233.76623376623377;522.7272727272727;250.0;66.55844155844156;277.16015410016513;1073.051948051948;1350.2121021521132;189000.0;306.8181818181818;1.0;0.761904761904762;;
5416;Bardu (2020-2023);2021;221;2973.0;25744.0;3341000.0;411000.0;1491000.0;919000.0;2422000.0;1123.7806929027918;138.2441977800202;501.51362260343086;484.02287251934075;309.11537167843926;94.08017402113114;1432.896064581231;1526.9762386023622;607000.0;204.1708711738984;1.0;0.6771004942339375;;
5417;Salangen (2020-2023);2021;221;1522.0;16897.0;1429000.0;435000.0;392000.0;60000.0;588000.0;938.8961892247044;285.80814717477006;257.55584756898816;395.53219448094615;39.42181340341656;34.79907675918802;978.3180026281209;1013.1170793873089;581000.0;381.73455978975034;1.0;0.7487091222030982;;kwh_uteligger
5418;Målselv (2020-2023);2021;221;3174.0;45083.0;3826000.0;745000.0;1400000.0;1633000.0;40000.0;1205.4190296156269;234.71959672337744;441.0838059231254;529.6156269691242;514.4927536231884;0.8872524011268106;1719.9117832388154;1720.799035639942;694000.0;218.65154379332074;1.0;1.073487031700288;;
5419;Sørreisa (2020-2023);2021;221;2466.0;24761.0;1414000.0;314000.0;479000.0;98000.0;2689000.0;573.3982157339822;127.33171127331711;194.24168694241686;251.82481751824818;39.74047039740471;108.59819878034006;613.1386861313869;721.736884911727;437000.0;177.21005677210056;1.0;0.7185354691075515;;
5420;Dyrøy (2020-2023);2021;221;384.0;9114.0;565000.0;197000.0;115000.0;49000.0;741000.0;1471.3541666666667;513.0208333333334;299.4791666666667;658.8541666666666;127.60416666666667;81.30348913759052;1598.9583333333333;1680.2618224709238;277000.0;721.3541666666666;0.19133574007220217;0.7111913357400723;areal_for_lite;areal_for_lite|kwh_urimelig_hoy
5421;Senja (2020-2023);2021;221;8126.0;103565.0;7668000.0;1253000.0;3569000.0;1843000.0;10698000.0;943.6377061284765;154.19640659611125;439.2074821560423;350.2338173763229;226.80285503322668;103.29744604837542;1170.4405611617033;1273.7380072100786;1627000.0;200.2215111986217;1.0;0.7701290719114936;;
5422;Balsfjord (2020-2023);2021;221;2699.0;38537.0;1387000.0;166000.0;935000.0;66000.0;2916000.0;513.894034827714;61.50426083734717;346.4246017043349;105.96517228603186;24.453501296776583;75.66754028595895;538.3475361244906;614.0150764104495;199000.0;73.73101148573545;1.0;0.8341708542713568;;
5423;Karlsøy (2020-2023);2021;221;1193.0;13941.0;1377000.0;326000.0;678000.0;161000.0;3829000.0;1154.233025984912;273.2606873428332;568.3151718357083;312.65716680637047;134.95389773679798;274.65748511584536;1289.18692372171;1563.8444088375554;253000.0;212.07041072925398;1.0;1.2885375494071147;;
5424;Lyngen (2020-2023);2021;221;1730.0;24830.0;1854000.0;158000.0;889000.0;143000.0;803000.0;1071.6763005780347;91.32947976878613;513.8728323699422;466.47398843930637;82.65895953757226;32.33991139750302;1154.3352601156068;1186.67517151311;1306000.0;754.9132947976879;1.0;0.1209800918836141;;kwh_urimelig_hoy|implisitt_pris_utenfor
5425;Storfjord - Omasvuotna - Omasvuono (2020-2023);2021;221;735.0;23986.0;831000.0;92000.0;343000.0;36000.0;1375000.0;1130.6122448979593;125.17006802721089;466.6666666666667;538.7755102040817;48.97959183673469;57.32510631201534;1179.591836734694;1236.9169430467093;910000.0;1238.095238095238;1.0;0.1010989010989011;;kwh_urimelig_hoy|implisitt_pris_utenfor
5426;Gáivuotna - Kåfjord - Kaivuono (2020-2023);2021;221;951.0;15860.0;2321000.0;148000.0;944000.0;487000.0;1210000.0;2440.588853838065;155.62565720294427;992.639327024185;1292.3238696109358;512.0925341745531;76.29255989911728;2952.6813880126183;3028.9739479117356;271000.0;284.96319663512094;1.0;0.5461254612546125;DV_uteligger_hoy;
5427;Skjervøy (2020-2023);2021;221;2124.0;29239.0;1109000.0;133000.0;499000.0;204000.0;1810000.0;522.1280602636535;62.61770244821092;234.93408662900188;224.57627118644066;96.045197740113;61.90362187489312;618.1732580037665;680.0768798786596;312000.0;146.89265536723164;1.0;0.42628205128205127;;implisitt_pris_utenfor
5428;Nordreisa (2020-2023);2021;221;3406.0;38939.0;1604000.0;149000.0;1043000.0;97000.0;2967000.0;470.9336465061656;43.74633000587199;306.22431004110393;120.96300645918967;28.479154433352907;76.19610159480213;499.4128009395185;575.6089025343206;338000.0;99.23664122137404;1.0;0.4408284023668639;;implisitt_pris_utenfor
5429;Kvænangen (2020-2023);2021;221;900.0;10662.0;1341000.0;110000.0;954000.0;89000.0;364000.0;1490.0;122.22222222222223;1060.0;307.77777777777777;98.88888888888889;34.13993622209717;1588.888888888889;1623.0288251109862;192000.0;213.33333333333334;1.0;0.5729166666666666;;
5430;Guovdageaidnu-Kautokeino (2020-2023);2021;221;1500.0;21937.0;755000.0;138000.0;341000.0;34000.0;2493000.0;503.3333333333333;92.0;227.33333333333334;184.0;22.666666666666668;113.64361580890733;526.0;639.6436158089073;254000.0;169.33333333333334;1.0;0.5433070866141732;;
5432;Loppa (2020-2023);2021;221;1000.0;14015.0;966000.0;149000.0;0.0;138000.0;38000.0;966.0;149.0;0.0;817.0;138.0;2.7113806635747415;1104.0;1106.7113806635748;293000.0;293.0;1.0;0.5085324232081911;renhold_urimelig_lav;
5433;Hasvik (2020-2023);2021;221;1130.0;9880.0;776000.0;164000.0;371000.0;114000.0;827000.0;686.7256637168142;145.13274336283186;328.3185840707965;213.27433628318585;100.88495575221239;83.70445344129554;787.6106194690266;871.3150729103221;327000.0;289.3805309734513;1.0;0.5015290519877676;;
5434;Måsøy (2020-2023);2021;221;637.0;14661.0;931000.0;101000.0;452000.0;237000.0;0.0;1461.5384615384614;158.55572998430142;709.5761381475667;593.4065934065934;372.0565149136578;0.0;1833.5949764521192;1833.5949764521192;227000.0;356.3579277864992;1.0;0.44493392070484583;;implisitt_pris_utenfor
5435;Nordkapp (2020-2023);2021;221;2609.0;27126.0;2063000.0;484000.0;808000.0;349000.0;0.0;790.7244154848601;185.511690302798;309.6972019931008;295.5155231889613;133.76772709850516;0.0;924.4921425833653;924.4921425833653;859000.0;329.24492142583364;1.0;0.5634458672875436;;
5436;Porsanger - Porsángu - Porsanki  (2020-2023);2021;221;1670.0;35246.0;1145000.0;232000.0;417000.0;26000.0;2463000.0;685.6287425149701;138.92215568862275;249.7005988023952;297.0059880239521;15.568862275449101;69.88027010157181;701.1976047904192;771.077874891991;50000.0;29.940119760479043;1.0;4.64;;kwh_urimelig_lav|implisitt_pris_utenfor
5437;Kárásjohka-Karasjok (2020-2023);2021;221;1563.0;26160.0;472000.0;222000.0;0.0;608000.0;126000.0;301.9833653230966;142.0345489443378;0.0;159.9488163787588;388.9955214331414;4.81651376146789;690.978886756238;695.795400517706;207000.0;132.43761996161228;1.0;1.0724637681159421;renhold_urimelig_lav;
5438;Lebesby (2020-2023);2021;221;559.0;12958.0;717000.0;50000.0;498000.0;49000.0;643000.0;1282.6475849731664;89.44543828264759;890.8765652951699;302.3255813953488;87.65652951699464;49.621855224571696;1370.304114490161;1419.9259697147327;121000.0;216.45796064400716;1.0;0.4132231404958678;;implisitt_pris_utenfor
5440;Berlevåg (2020-2023);2021;221;420.0;11860.0;576000.0;106000.0;199000.0;29000.0;576000.0;1371.4285714285713;252.38095238095238;473.8095238095238;645.2380952380952;69.04761904761905;48.566610455311974;1440.4761904761904;1489.0428009315024;19000.0;45.23809523809524;1.0;5.578947368421052;areal_for_lite;areal_for_lite|kwh_urimelig_lav|implisitt_pris_utenfor
5441;Deatnu-Tana (2020-2023);2021;221;1984.0;22048.0;600000.0;173000.0;0.0;3000.0;2550000.0;302.4193548387097;87.1975806451613;0.0;215.22177419354838;1.5120967741935485;115.6567489114659;303.93145161290323;419.58820052436914;0.0;0.0;;;renhold_urimelig_lav;kwh_null|kwh_urimelig_lav
5442;Unjárga-Nesseby (2020-2023);2021;221;700.0;9892.0;614000.0;179000.0;143000.0;84000.0;-157000.0;877.1428571428571;255.71428571428572;204.28571428571428;417.14285714285717;120.0;-15.871411241407198;997.1428571428571;981.27144590145;0.0;0.0;;;;kwh_null|kwh_urimelig_lav
5443;Båtsfjord (2020-2023);2021;221;953.0;19963.0;1450000.0;120000.0;672000.0;196000.0;334000.0;1521.511017838405;125.91815320041972;705.1416579223504;690.4512067156348;205.66631689401888;16.730952261684116;1727.177334732424;1743.908286994108;205000.0;215.11017838405036;1.0;0.5853658536585366;;
5444;Sør-Varanger (2020-2023);2021;221;0.0;0.0;7071000.0;914000.0;2201000.0;769000.0;1379000.0;;;;;;;;;939000.0;;1.0;;areal_mangler;areal_mangler
