kommune;kommunenavn;aargang;funksjon;eid_areal_m2;portefoljeareal_m2;drift_kr;energi_kr;renhold_kr;vedlikehold_kr;forvaltning_kr;drift_kr_m2;energi_kr_m2;renhold_kr_m2;ovrig_drift_kr_m2;vedlikehold_kr_m2;forvaltning_kr_m2;dv_kr_m2;fdv_kr_m2;energibruk_kwh;kwh_m2;fornybarandel;implisitt_energipris_kr_kwh;flagg_kostnad;flagg_energi
0301;Oslo - Oslove;2021;261;325791.0;2215313.0;198785000.0;52751000.0;24247000.0;83100000.0;347871000.0;610.1611155618173;161.91668892019732;74.42501481010832;373.8194118315116;255.07150289602845;157.0301803853451;865.2326184578457;1022.2627988431907;47245000.0;145.01628344552182;1.0;1.1165414329558685;;
1101;Eigersund;2021;261;2862.0;49605.0;3150000.0;555000.0;784000.0;419000.0;5857000.0;1100.6289308176101;193.92033542976938;273.93431167016075;632.77428371768;146.4011180992313;118.07277492188287;1247.0300489168415;1365.1028238387244;751000.0;262.4039133473096;1.0;0.7390146471371504;;
1103;Stavanger;2021;261;110509.0;654771.0;48152000.0;14903000.0;10173000.0;17789000.0;56814000.0;435.7292166248903;134.8577943877874;92.0558506546978;208.81557158240506;160.9733143906831;86.76926742326707;596.7025310155734;683.4717984388404;18123000.0;163.9956926585165;1.0;0.8223252220934723;;
1106;Haugesund;2021;261;22292.0;135720.0;20450000.0;7601000.0;6679000.0;5653000.0;2390000.0;917.3694598959268;340.97434057060826;299.6142113762785;276.78090794904;253.58873138345595;17.60978485116416;1170.9581912793828;1188.567976130547;7999000.0;358.82827920330163;0.7134641830228778;0.950243780472559;;
1108;Sandnes;2021;261;50551.0;293027.0;49595000.0;9580000.0;11976000.0;1578000.0;26812000.0;981.0884057684319;189.5115823623667;236.90925995529267;554.6675634507725;31.21599968348796;91.5001006733168;1012.3044054519198;1103.8045061252367;11322000.0;223.971830428676;0.9997350291467939;0.8461402579049637;;
1111;Sokndal;2021;261;8715.0;22253.0;4557000.0;1440000.0;1803000.0;293000.0;933000.0;522.8915662650602;165.23235800344233;206.88468158347678;150.77452667814114;33.6201950659782;41.926931200287605;556.5117613310384;598.4386925313261;1470000.0;168.67469879518072;1.0;0.9795918367346939;;
1112;Lund;2021;261;6980.0;23592.0;2889000.0;1361000.0;460000.0;6000.0;67000.0;413.8968481375358;194.98567335243553;65.9025787965616;153.00859598853867;0.8595988538681948;2.8399457443201084;414.756446991404;417.5963927357241;1477000.0;211.60458452722062;1.0;0.9214624238320921;;
1114;Bjerkreim;2021;261;3503.0;17774.0;3423000.0;817000.0;880000.0;187000.0;277000.0;977.1624322009706;233.2286611475878;251.21324578932342;492.7205252640594;53.38281473023123;15.584561719365364;1030.5452469312017;1046.1298086505672;626000.0;178.70396802740507;1.0;1.305111821086262;;
1119;Hå;2021;261;20004.0;88382.0;10950000.0;3076000.0;2788000.0;673000.0;1608000.0;547.3905218956209;153.76924615076985;139.37212557488502;254.24915016996601;33.64327134573085;18.193749858568488;581.0337932413518;599.2275430999202;3946000.0;197.26054789042192;1.0;0.779523568170299;;
1120;Klepp;2021;261;9967.0;88416.0;7400000.0;1783000.0;1732000.0;425000.0;2884000.0;742.4500852814288;178.89033811578207;173.77345239289656;389.78629477275007;42.64071435737935;32.61853058269996;785.0907996388081;817.709330221508;2036000.0;204.2741045449985;1.0;0.8757367387033398;;
1121;Time;2021;261;8722.0;87156.0;6401000.0;1510000.0;1945000.0;401000.0;7226000.0;733.8913093327219;173.1254299472598;222.99931208438431;337.7665673010777;45.975693648245816;82.9088071962917;779.8670029809676;862.7758101772594;1526000.0;174.95987158908508;0.9587155963302753;0.9895150720838792;;
1122;Gjesdal;2021;261;5450.0;62152.0;3070000.0;1069000.0;668000.0;283000.0;2981000.0;563.302752293578;196.14678899082568;122.56880733944953;244.58715596330276;51.92660550458716;47.96305830866263;615.2293577981651;663.1924161068277;1041000.0;191.0091743119266;1.0;1.026897214217099;;
1124;Sola;2021;261;25288.0;175554.0;15962000.0;5467000.0;6030000.0;1905000.0;12830000.0;631.2084783296425;216.18949699462195;238.4530211958241;176.56596013919645;75.33217336285985;73.08292605124349;706.5406516925024;779.6235777437458;4785000.0;189.22018348623854;1.0;1.1425287356321838;;
1127;Randaberg;2021;261;10072.0;64168.0;9167000.0;3444000.0;2099000.0;1399000.0;1693000.0;910.1469420174742;341.93804606830815;208.39952343129468;359.80937251787134;138.89992057188243;26.383867348210945;1049.0468625893566;1075.4307299375675;2943000.0;292.1961874503574;1.0;1.1702344546381245;;
1130;Strand;2021;261;20225.0;83447.0;5183000.0;2348000.0;1263000.0;1379000.0;1252000.0;256.26699629171816;116.09394313967861;62.447466007416566;77.72558714462299;68.18294190358468;15.003535178017184;324.4499381953028;339.45347337332;1004000.0;49.6415327564895;1.0;2.338645418326693;;kwh_urimelig_lav
1133;Hjelmeland;2021;261;6425.0;26169.0;5687000.0;1280000.0;2466000.0;309000.0;607000.0;885.136186770428;199.22178988326849;383.81322957198444;302.1011673151751;48.09338521400778;23.195383851121555;933.2295719844358;956.4249558355573;822000.0;127.93774319066148;1.0;1.5571776155717763;;
1134;Suldal;2021;261;8953.0;36909.0;4424000.0;1161000.0;1319000.0;659000.0;1096000.0;494.13604378420644;129.67720317212107;147.324919021557;217.1339215905283;73.60661230872333;29.694654420331084;567.7426560929298;597.4373105132609;1823000.0;203.61889869317548;1.0;0.6368623148656061;;
1135;Sauda;2021;261;2678.0;26048.0;5219000.0;1340000.0;2040000.0;56000.0;130000.0;1948.8424197162062;500.3734129947722;761.7625093353249;686.706497386109;20.911127707244212;4.990786240786241;1969.7535474234503;1974.7443336642366;790000.0;294.9962658700523;1.0;1.6962025316455693;;
1144;Kvitsøy;2021;261;1450.0;6554.0;1110000.0;460000.0;223000.0;206000.0;144000.0;765.5172413793103;317.2413793103448;153.79310344827587;294.48275862068965;142.06896551724137;21.97131522734208;907.5862068965517;929.5575221238938;362000.0;249.6551724137931;1.0;1.2707182320441988;;
1145;Bokn;2021;261;2200.0;11268.0;1147000.0;318000.0;264000.0;54000.0;133000.0;521.3636363636364;144.54545454545453;120.0;256.8181818181818;24.545454545454547;11.803336883209088;545.9090909090909;557.7124277923;482000.0;219.0909090909091;1.0;0.6597510373443983;;
1146;Tysvær;2021;261;11637.0;65010.0;11781000.0;3920000.0;2634000.0;1124000.0;4974000.0;1012.3743232791957;336.8565781558821;226.34699664862077;449.1707484746928;96.5884678181662;76.51130595293031;1108.9627910973618;1185.4740970502921;5047000.0;433.7028443756982;0.6064989102437092;0.7766990291262137;;
1149;Karmøy;2021;261;35527.0;164404.0;30147000.0;7709000.0;10643000.0;3253000.0;6813000.0;848.5658794719509;216.98989500942946;299.5749711487038;332.0010133138177;91.5641624679821;41.44059755237099;940.130041939933;981.5706394923039;7545000.0;212.37368761786811;0.7480450629555997;1.0217362491716369;;
1151;Utsira;2021;261;450.0;3280.0;432000.0;67000.0;134000.0;4000.0;78000.0;960.0;148.88888888888889;297.77777777777777;513.3333333333334;8.88888888888889;23.78048780487805;968.8888888888889;992.6693766937669;83000.0;184.44444444444446;1.0;0.8072289156626505;areal_for_lite;areal_for_lite
1160;Vindafjord;2021;261;10418.0;50120.0;7598000.0;1969000.0;2382000.0;1511000.0;2635000.0;729.3146477250912;188.99980802457284;228.64273373008254;311.6721059704358;145.03743520829335;52.57382282521947;874.3520829333845;926.925905758604;2174000.0;208.6772893069687;1.0;0.905703771849126;;
1505;Kristiansund;2021;261;28693.0;113101.0;15189000.0;4493000.0;4493000.0;409000.0;8049000.0;529.3625622974245;156.58871501760012;156.58871501760012;216.18513226222424;14.254347750322378;71.16647951830664;543.6169100477468;614.7833895660535;6006000.0;209.3193461819956;1.0;0.7480852480852481;;
1506;Molde;2021;261;43520.0;165430.0;24051000.0;7754000.0;2570000.0;2541000.0;10595000.0;552.6424632352941;178.17095588235293;59.05330882352941;315.41819852941177;58.38694852941177;64.0452154990026;611.0294117647059;675.0746272637084;8914000.0;204.8253676470588;1.0;0.8698676239623064;;
1507;Ålesund (2020-2023);2021;261;41573.0;244468.0;31651000.0;6176000.0;7988000.0;8683000.0;16723000.0;761.3354821639044;148.55795829023646;192.1439395761672;420.63358429750076;208.86152069853028;68.40568090711258;970.1970028624347;1038.6026837695472;15318000.0;368.4602987515936;1.0;0.4031857944901423;;implisitt_pris_utenfor
1511;Vanylven;2021;261;8047.0;21076.0;1915000.0;903000.0;2000.0;464000.0;157000.0;237.9768857959488;112.21573257114453;0.24853982850751832;125.51261339629676;57.66124021374425;7.44923135319795;295.63812600969305;303.087357362891;1309000.0;162.66931775817073;1.0;0.6898395721925135;renhold_urimelig_lav;
1514;Sande;2021;261;11507.0;23917.0;3302000.0;620000.0;959000.0;562000.0;870000.0;286.9557660554445;53.88024680629182;83.3405753019901;149.7349439471626;48.839836621187104;36.37579964042313;335.79560267663163;372.17140231705474;863000.0;74.99782740940297;1.0;0.7184241019698725;;kwh_uteligger
1515;Herøy (Møre og Romsdal);2021;261;7287.0;45916.0;7967000.0;1483000.0;0.0;2512000.0;5413000.0;1093.3168656511596;203.5131055303966;0.0;889.8037601207631;344.72348017016606;117.88918895374161;1438.0403458213257;1555.9295347750672;2128000.0;292.0268972142171;1.0;0.6968984962406014;renhold_urimelig_lav;
1516;Ulstein;2021;261;5416.0;49406.0;6012000.0;1130000.0;1774000.0;214000.0;3945000.0;1110.0443131462334;208.64106351550961;327.5480059084195;573.8552437223043;39.51255539143279;79.84860138444724;1149.556868537666;1229.4054699221133;1712000.0;316.1004431314623;0.9883177570093458;0.6600467289719627;;
1517;Hareid;2021;261;13474.0;41277.0;3535000.0;1260000.0;0.0;2579000.0;5484000.0;262.3571322547128;93.51343327890753;0.0;168.84369897580527;191.40567017960515;132.8584926230104;453.76280243431796;586.6212950573283;1924000.0;142.793528276681;1.0;0.654885654885655;renhold_urimelig_lav;
1520;Ørsta;2021;261;11065.0;62596.0;8133000.0;1335000.0;2327000.0;1097000.0;3143000.0;735.020334387709;120.65070040668775;210.30275643922278;404.0668775417985;99.1414369633981;50.210876094319126;834.1617713511071;884.3726474454262;1852000.0;167.37460460912789;1.0;0.7208423326133908;;
1525;Stranda;2021;261;13437.0;32077.0;3134000.0;1093000.0;0.0;1135000.0;80000.0;233.2365855473692;81.34256158368683;0.0;151.89402396368237;84.46825928406638;2.4939988153505626;317.7048448314356;320.19884364678614;2368000.0;176.22981320235172;0.9522804054054054;0.4615709459459459;renhold_urimelig_lav;implisitt_pris_utenfor
1528;Sykkylven;2021;261;2443.0;29485.0;754000.0;81000.0;248000.0;123000.0;1365000.0;308.63692181743755;33.15595579205895;101.51453131395824;173.9664347114204;50.34793286942284;46.29472613193149;358.98485468686044;405.27958081879194;375000.0;153.49979533360622;1.0;0.21600000000000003;energi_urimelig_lav;implisitt_pris_utenfor
1531;Sula;2021;261;18073.0;49373.0;767000.0;0.0;0.0;0.0;4073000.0;42.43899739943562;0.0;0.0;42.43899739943562;0.0;82.49448078909525;42.43899739943562;124.93347818853087;2531000.0;140.0431583024401;1.0;0.0;drift_urimelig_lav|energi_urimelig_lav|renhold_urimelig_lav;implisitt_pris_utenfor
1532;Giske;2021;261;4370.0;42930.0;327000.0;129000.0;-15000.0;140000.0;1398000.0;74.8283752860412;29.519450800915333;-3.4324942791762014;48.74141876430206;32.036613272311214;32.56464011180992;106.86498855835241;139.42962867016234;133000.0;30.434782608695652;1.0;0.9699248120300752;drift_urimelig_lav|energi_urimelig_lav|renhold_urimelig_lav;kwh_urimelig_lav
1535;Vestnes;2021;261;13968.0;47292.0;4481000.0;1436000.0;971000.0;351000.0;5342000.0;320.8046964490263;102.80641466208476;69.51603665521192;148.48224513172966;25.128865979381445;112.95779413008543;345.9335624284078;458.89135655849327;1542000.0;110.39518900343643;1.0;0.9312581063553825;;
1539;Rauma;2021;261;14945.0;52665.0;7482000.0;1191000.0;1917000.0;142000.0;1719000.0;500.63566410170625;79.69220475075277;128.27032452325193;292.6731348277016;9.501505520240883;32.64027342637425;510.1371696219471;542.7774430483214;2091000.0;139.9130143860823;1.0;0.5695839311334291;;
1547;Aukra;2021;261;5200.0;24230.0;2978000.0;457000.0;1177000.0;144000.0;686000.0;572.6923076923077;87.88461538461539;226.34615384615384;258.46153846153845;27.692307692307693;28.31200990507635;600.3846153846154;628.6966252896917;795000.0;152.8846153846154;1.0;0.5748427672955975;;
1554;Averøy;2021;261;4680.0;21461.0;4153000.0;839000.0;894000.0;559000.0;1406000.0;887.3931623931624;179.27350427350427;191.02564102564102;517.0940170940171;119.44444444444444;65.51418852802759;1006.8376068376068;1072.3517953656344;674000.0;144.01709401709402;1.0;1.244807121661721;;
1557;Gjemnes;2021;261;4973.0;18282.0;3570000.0;1315000.0;719000.0;245000.0;474000.0;717.8765332797104;264.42791071787656;144.58073597426102;308.8678865875729;49.266036597627185;25.927141450607156;767.1425698773377;793.0697113279448;1895000.0;381.0577116428715;1.0;0.6939313984168867;;
1560;Tingvoll;2021;261;5482.0;26639.0;4260000.0;1492000.0;1192000.0;891000.0;1747000.0;777.0886537759942;272.1634439985407;217.4388909157242;287.4863188617293;162.53192265596496;65.58053981005293;939.6205764319592;1005.2011162420122;1200000.0;218.89821233126597;1.0;1.2433333333333334;;
1563;Sunndal;2021;261;12100.0;47587.0;4940000.0;1255000.0;2256000.0;1651000.0;3511000.0;408.26446280991735;103.71900826446281;186.44628099173553;118.09917355371901;136.44628099173553;73.780654380398;544.7107438016529;618.491398182051;2312000.0;191.07438016528926;1.0;0.5428200692041523;;
1566;Surnadal;2021;261;7480.0;33305.0;5240000.0;1453000.0;1514000.0;178000.0;949000.0;700.5347593582887;194.25133689839572;202.40641711229947;303.8770053475936;23.796791443850267;28.494220087074012;724.3315508021391;752.8257708892131;1786000.0;238.77005347593584;1.0;0.8135498320268757;;
1573;Smøla;2021;261;6348.0;15864.0;1984000.0;519000.0;438000.0;168000.0;0.0;312.5393824826717;81.75803402646503;68.99810964083176;161.78323881537492;26.465028355387524;0.0;339.00441083805924;339.00441083805924;939000.0;147.92060491493385;1.0;0.5527156549520766;;
1576;Aure;2021;261;6602.0;24457.0;4446000.0;1484000.0;1411000.0;856000.0;0.0;673.4322932444713;224.78036958497424;213.72311420781583;234.9288094516813;129.6576794910633;0.0;803.0899727355347;803.0899727355347;2057000.0;311.5722508330809;0.6577540106951871;0.721438988818668;;
1577;Volda;2021;261;9648.0;50666.0;6814000.0;1837000.0;1531000.0;1868000.0;9732000.0;706.2603648424544;190.40215588723052;158.68573797678275;357.17247097844114;193.61525704809287;192.0814747562468;899.8756218905472;1091.957096646794;2463000.0;255.2860696517413;1.0;0.7458384084449858;;
1578;Fjord;2021;261;11379.0;36681.0;5325000.0;869000.0;1756000.0;188000.0;0.0;467.9673081993145;76.3687494507426;154.31936022497584;237.2791985235961;16.52166271201336;0.0;484.4889709113279;484.4889709113279;1510000.0;132.70058880393708;1.0;0.5754966887417219;;
1579;Hustadvika;2021;261;11681.0;62784.0;4221000.0;2316000.0;1000.0;699000.0;3551000.0;361.35604828353735;198.27069600205462;0.0856091088091773;162.99974317267356;59.84076705761493;56.558995922528034;421.1968153411523;477.7558112636803;2427000.0;207.7733070798733;1.0;0.9542645241038319;renhold_urimelig_lav;
1804;Bodø;2021;261;36109.0;237514.0;22462000.0;5778000.0;3753000.0;4500000.0;38952000.0;622.0609820266416;160.01550859896426;103.93530698717771;358.1101664404996;124.62267024841452;163.99875375767323;746.683652275056;910.6824060327292;6823000.0;188.9556620233183;1.0;0.846841565293859;;
1806;Narvik;2021;261;31215.0;131797.0;22529000.0;5090000.0;873000.0;2205000.0;8372000.0;721.7363447060708;163.06263014576325;27.967323402210475;530.7063911580971;70.63911580970687;63.52193145519246;792.3754605157777;855.8973919709701;7621000.0;244.14544289604356;0.9979005379871408;0.6678913528408346;renhold_urimelig_lav;
1811;Bindal;2021;261;1908.0;11717.0;2598000.0;669000.0;761000.0;105000.0;319000.0;1361.6352201257862;350.62893081761007;398.8469601677149;612.1593291404612;55.0314465408805;27.225398992916276;1416.6666666666667;1443.892065659583;600000.0;314.4654088050315;1.0;1.115;;
1812;Sømna;2021;261;4800.0;15456.0;4886000.0;1114000.0;1632000.0;623000.0;0.0;1017.9166666666666;232.08333333333334;340.0;445.8333333333333;129.79166666666666;0.0;1147.7083333333333;1147.7083333333333;1156000.0;240.83333333333334;1.0;0.9636678200692042;;
1813;Brønnøy;2021;261;12812.0;45663.0;5764000.0;995000.0;0.0;1850000.0;2110000.0;449.8907274430222;77.66156728067436;0.0;372.2291601623478;144.3958788635654;46.2080897006329;594.2866063065876;640.4946960072205;2109000.0;164.61130190446457;1.0;0.4717875770507349;renhold_urimelig_lav;implisitt_pris_utenfor
1815;Vega;2021;261;3300.0;12500.0;2296000.0;912000.0;0.0;163000.0;0.0;695.7575757575758;276.3636363636364;0.0;419.3939393939394;49.39393939393939;0.0;745.1515151515151;745.1515151515151;1154000.0;349.6969696969697;1.0;0.7902946273830157;renhold_urimelig_lav;
1816;Vevelstad;2021;261;1400.0;4662.0;824000.0;259000.0;0.0;416000.0;0.0;588.5714285714286;185.0;0.0;403.57142857142856;297.14285714285717;0.0;885.7142857142857;885.7142857142857;259000.0;185.0;1.0;1.0;renhold_urimelig_lav;
1818;Herøy (Nordland);2021;261;3877.0;12524.0;1964000.0;743000.0;217000.0;537000.0;20000.0;506.57725045137994;191.64302295589374;55.97111168429198;258.9631158111942;138.50915656435387;1.5969338869370808;645.0864070157338;646.6833409026709;673000.0;173.5878256383802;0.9405646359583952;1.1040118870728084;;
1820;Alstahaug;2021;261;4802.0;50587.0;3472000.0;854000.0;109000.0;887000.0;4634000.0;723.0320699708454;177.84256559766763;22.698875468554768;522.4906289046231;184.71470220741358;91.60456243698974;907.7467721782591;999.3513346152488;1062000.0;221.15785089546023;1.0;0.8041431261770244;renhold_urimelig_lav;
1822;Leirfjord;2021;261;1450.0;10178.0;1027000.0;103000.0;550000.0;74000.0;976000.0;708.2758620689655;71.03448275862068;379.3103448275862;257.9310344827586;51.03448275862069;95.89310277068186;759.3103448275862;855.203447598268;992000.0;684.1379310344828;1.0;0.10383064516129031;;kwh_urimelig_hoy|implisitt_pris_utenfor
1824;Vefsn;2021;261;14700.0;75600.0;13457000.0;2889000.0;2835000.0;1447000.0;6383000.0;915.4421768707483;196.53061224489795;192.85714285714286;526.0544217687075;98.43537414965986;84.43121693121694;1013.8775510204082;1098.3087679516252;4363000.0;296.80272108843536;1.0;0.662159064863626;;
1826;Hattfjelldal - Aarborte;2021;261;2839.0;18371.0;2370000.0;720000.0;716000.0;385000.0;626000.0;834.8009862627686;253.61042620641072;252.20147939415287;328.989080662205;135.61113067981682;34.07544499482881;970.4121169425854;1004.4875619374142;1521000.0;535.7520253610426;0.9868507560815253;0.47337278106508884;;kwh_urimelig_hoy|implisitt_pris_utenfor
1827;Dønna;2021;261;2500.0;13640.0;1869000.0;520000.0;597000.0;232000.0;1715000.0;747.6;208.0;238.8;300.8;92.8;125.73313782991202;840.4;966.133137829912;520000.0;208.0;1.0;1.0;;
1832;Hemnes;2021;261;10588.0;34733.0;5890000.0;1337000.0;1518000.0;956000.0;348000.0;556.290139780884;126.27502833396298;143.36985266339252;286.6452587835285;90.29089535323007;10.019290012380157;646.5810351341141;656.6003251464942;3097000.0;292.50094446543255;1.0;0.4317081046173717;;implisitt_pris_utenfor
1833;Rana;2021;261;23546.0;105614.0;13567000.0;3465000.0;4060000.0;1547000.0;8412000.0;576.1912851439735;147.15875307907925;172.42843795124438;256.60409411364986;65.70118066762932;79.64853144469483;641.8924658116028;721.5409972562977;5360000.0;227.63951414252952;0.9921641791044776;0.646455223880597;;
1834;Lurøy;2021;261;6612.0;22619.0;10000.0;0.0;0.0;171000.0;0.0;1.5124016938898972;0.0;0.0;1.5124016938898972;25.862068965517242;0.0;27.374470659407137;27.374470659407137;1246000.0;188.44525105868118;1.0;0.0;drift_urimelig_lav|energi_urimelig_lav|renhold_urimelig_lav;implisitt_pris_utenfor
1835;Træna;2021;261;1310.0;5050.0;905000.0;261000.0;286000.0;180000.0;193000.0;690.8396946564885;199.23664122137404;218.3206106870229;273.2824427480916;137.40458015267177;38.21782178217822;828.2442748091603;866.4620965913385;380000.0;290.0763358778626;1.0;0.6868421052631578;;
1836;Rødøy;2021;261;4389.0;15719.0;876000.0;498000.0;0.0;524000.0;0.0;199.58988380041012;113.46548188653452;0.0;86.1244019138756;119.38938254727728;0.0;318.9792663476874;318.9792663476874;867000.0;197.5393028024607;1.0;0.5743944636678201;drift_urimelig_lav|renhold_urimelig_lav;
1837;Meløy;2021;261;7655.0;41893.0;6147000.0;1809000.0;885000.0;167000.0;3287000.0;803.004572175049;236.31613324624428;115.61071195297191;451.0777269758328;21.815806662312216;78.46179552669898;824.8203788373612;903.2821743640602;1730000.0;225.99608099281517;1.0;1.045664739884393;;
1838;Gildeskål;2021;261;6981.0;23660.0;5315000.0;945000.0;10000.0;597000.0;940000.0;761.3522417991692;135.36742587021917;1.4324595330181922;624.5523563959318;85.51783412118607;39.7295012679628;846.8700759203552;886.5995771883181;1145000.0;164.016616530583;1.0;0.8253275109170306;renhold_urimelig_lav;
1839;Beiarn;2021;261;3155.0;11285.0;2298000.0;475000.0;525000.0;5000.0;707000.0;728.3676703645008;150.55467511885897;166.4025356576862;411.41045958795564;1.5847860538827259;62.64953478068232;729.9524564183835;792.6019911990658;793000.0;251.3470681458003;1.0;0.5989911727616647;;
1840;Saltdal;2021;261;7884.0;32861.0;3184000.0;299000.0;1320000.0;352000.0;1309000.0;403.85591070522577;37.924911212582444;167.42770167427702;198.50329781836632;44.64738711314054;39.83445421624418;448.5032978183663;488.3377520346105;1197000.0;151.82648401826484;1.0;0.24979114452798662;energi_urimelig_lav;implisitt_pris_utenfor
1841;Fauske - Fuossko;2021;261;7993.0;43007.0;5692000.0;1453000.0;1718000.0;1175000.0;13079000.0;712.1231077192543;181.78406105342174;214.93807081196047;315.4009758538721;147.00362817465282;304.11328388401887;859.1267358939072;1163.2400197779261;3128000.0;391.34242462154384;1.0;0.46451406649616367;;implisitt_pris_utenfor
1845;Sørfold;2021;261;4030.0;20055.0;3611000.0;489000.0;799000.0;202000.0;166000.0;896.0297766749379;121.33995037220843;198.26302729528535;576.4267990074442;50.12406947890819;8.277237596609325;946.1538461538462;954.4310837504555;1125000.0;279.1563275434243;1.0;0.43466666666666665;;implisitt_pris_utenfor
1848;Steigen;2021;261;6000.0;21590.0;4339000.0;1525000.0;624000.0;707000.0;8795000.0;723.1666666666666;254.16666666666666;104.0;365.0;117.83333333333333;407.36452061139414;841.0;1248.3645206113943;1461000.0;243.5;1.0;1.0438056125941135;;
1853;Evenes - Evenássi;2021;261;3866.0;12921.0;2152000.0;559000.0;291000.0;342000.0;373000.0;556.6476978789447;144.593895499224;75.2715985514744;336.7822038282462;88.4635281945163;28.867734695457006;645.1112260734609;673.9789607689179;875000.0;226.33212622866012;1.0;0.6388571428571429;;
1856;Røst;2021;261;1000.0;9556.0;1032000.0;269000.0;199000.0;304000.0;322000.0;1032.0;269.0;199.0;564.0;304.0;33.696107157806615;1336.0;1369.6961071578066;302000.0;302.0;1.0;0.890728476821192;;
1857;Værøy;2021;261;950.0;7950.0;583000.0;229000.0;222000.0;12000.0;18000.0;613.6842105263158;241.05263157894737;233.68421052631578;138.94736842105263;12.631578947368421;2.2641509433962264;626.3157894736842;628.5799404170804;228000.0;240.0;1.0;1.0043859649122806;;
1859;Flakstad;2021;261;2100.0;5733.0;1857000.0;549000.0;0.0;288000.0;178000.0;884.2857142857143;261.42857142857144;0.0;622.8571428571429;137.14285714285714;31.048316762602475;1021.4285714285714;1052.4768881911739;549000.0;261.42857142857144;1.0;1.0;renhold_urimelig_lav;
1860;Vestvågøy;2021;261;11291.0;63217.0;6808000.0;2962000.0;1765000.0;993000.0;2130000.0;602.9581082277921;262.3328314586839;156.3191922770348;184.30608449207332;87.94615180232043;33.69346852903491;690.9042600301125;724.5977285591474;2881000.0;255.15897617571517;1.0;1.0281152377646652;;
1865;Vågan;2021;261;11652.0;62482.0;6759000.0;2247000.0;3091000.0;1242000.0;5473000.0;580.0720906282183;192.84243048403707;265.2763474081703;121.95331273601099;106.59114315139031;87.59322684933261;686.6632337796086;774.2564606289412;3070000.0;263.474081702712;1.0;0.7319218241042345;;
1866;Hadsel;2021;261;6995.0;50530.0;2762000.0;714000.0;855000.0;2121000.0;3502000.0;394.8534667619728;102.07290922087205;122.23016440314511;170.5503931379557;303.21658327376696;69.3053631506036;698.0700500357398;767.3754131863434;1524000.0;217.8699070764832;1.0;0.468503937007874;;implisitt_pris_utenfor
1867;Bø;2021;261;10531.0;23899.0;3234000.0;1496000.0;0.0;378000.0;0.0;307.09334346215934;142.0567847307948;0.0;165.03655873136455;35.89402715791473;0.0;342.98737062007405;342.98737062007405;1970000.0;187.0667552938942;1.0;0.7593908629441625;renhold_urimelig_lav;
1868;Øksnes;2021;261;8830.0;29364.0;3752000.0;1039000.0;1452000.0;519000.0;2889000.0;424.9150622876557;117.66704416761041;164.43941109852776;142.80860702151756;58.77689694224235;98.38577850429097;483.6919592298981;582.0777377341891;1311000.0;148.47112117780296;1.0;0.7925247902364606;;
1870;Sortland - Suortá;2021;261;11106.0;63621.0;6167000.0;1193000.0;2180000.0;715000.0;4155000.0;555.2854312983973;107.41941292994778;196.2902935350261;251.57572483342338;64.37961462272645;65.30862451077475;619.6650459211237;684.9736704318984;1509000.0;135.8725013506213;1.0;0.7905897945659377;;
1871;Andøy;2021;261;13931.0;28902.0;3660000.0;1243000.0;736000.0;229000.0;39000.0;262.72342258272914;89.22546837987223;52.831813940133515;120.66614026272342;16.438159500394804;1.3493875856342121;279.16158208312396;280.51096966875815;2886000.0;207.16387911851268;1.0;0.4306999306999307;DV_uteligger_lav;implisitt_pris_utenfor
1874;Moskenes;2021;261;2197.0;5990.0;1231000.0;775000.0;0.0;115000.0;0.0;560.3095129722349;352.753755120619;0.0;207.55575785161585;52.34410559854347;0.0;612.6536185707783;612.6536185707783;762000.0;346.83659535730544;1.0;1.0170603674540681;renhold_urimelig_lav;
1875;Hamarøy - Hábmer;2021;261;5682.0;22253.0;2407000.0;700000.0;641000.0;146000.0;1171000.0;423.6184442097853;123.19605772615276;112.8123900035199;187.60999648011264;25.695177754311864;52.622118366063006;449.31362196409714;501.9357403301601;66000.0;11.615628299894404;1.0;10.606060606060606;;kwh_urimelig_lav|implisitt_pris_utenfor
3001;Halden (2020-2023);2021;261;31167.0;126251.0;16372000.0;3290000.0;6534000.0;408000.0;7465000.0;525.2991946610197;105.56036833830655;209.64481663297718;210.09400968973594;13.090769082683607;59.128244528756206;538.3899637437032;597.5182082724594;3682000.0;118.13777392755158;1.0;0.8935361216730038;;
3002;Moss (2020-2023);2021;261;29182.0;187399.0;20477000.0;4386000.0;6358000.0;7731000.0;17061000.0;701.6996778836269;150.29812898362005;217.87403193749572;333.52751696251113;264.9235830306353;91.04104077396357;966.6232609142622;1057.6643016882258;3306000.0;113.2890137756151;1.0;1.326678765880218;;
3003;Sarpsborg (2020-2023);2021;261;57294.0;232054.0;40132000.0;13422000.0;10031000.0;4485000.0;18112000.0;700.4572904667156;234.26536810137188;175.07941494746396;291.1125074178797;78.28044821447271;78.0507985210339;778.7377386811883;856.7885372022222;10820000.0;188.85049045275247;1.0;1.2404805914972274;;
3004;Fredrikstad (2020-2023);2021;261;70438.0;364968.0;44321000.0;13612000.0;18346000.0;17496000.0;29939000.0;629.220023282887;193.24796274738068;260.456003861552;175.5160566739544;248.38865385161418;82.03184936761579;877.6086771345012;959.640526502117;14356000.0;203.81044322666742;0.8954444134856506;0.9481749791028142;;
3005;Drammen (2020-2023);2021;261;60700.0;371581.0;32566000.0;5877000.0;12437000.0;5823000.0;46645000.0;536.5074135090609;96.82042833607908;204.89291598023064;234.79406919275124;95.93080724876441;125.53117624421054;632.4382207578253;757.9693970020359;9223000.0;151.94398682042834;1.0;0.6372113195272687;;
3006;Kongsberg (2020-2023);2021;261;21075.0;100544.0;17344000.0;5494000.0;4442000.0;3141000.0;22091000.0;822.9655990510083;260.68801897983394;210.77105575326215;351.50652431791224;149.0391459074733;219.7147517504774;972.0047449584816;1191.719496708959;4942000.0;234.49584816132858;1.0;1.1116956697693243;;
3007;Ringerike (2020-2023);2021;261;17142.0;112722.0;31335000.0;7661000.0;7958000.0;1693000.0;5097000.0;1827.966398319916;446.914012367285;464.2398786605997;916.8125072920312;98.76327149690817;45.21743758982275;1926.729669816824;1971.9471074066469;3948000.0;230.3115155757788;1.0;1.9404761904761902;;
3011;Hvaler (2020-2023);2021;261;1921.0;20789.0;4217000.0;0.0;858000.0;27000.0;2634000.0;2195.2108276939093;0.0;446.64237376366475;1748.5684539302447;14.055179593961478;126.70162104959354;2209.2660072878707;2335.9676283374642;434000.0;225.92399791775117;1.0;0.0;energi_urimelig_lav;implisitt_pris_utenfor
3012;Aremark (2020-2023);2021;261;5172.0;15974.0;2533000.0;610000.0;934000.0;103000.0;331000.0;489.7525135344161;117.94276875483372;180.5877803557618;191.22196442382057;19.91492652745553;20.72117190434456;509.6674400618716;530.3886119662162;702000.0;135.7308584686775;1.0;0.8689458689458689;;
3013;Marker (2020-2023);2021;261;6400.0;22820.0;4363000.0;1412000.0;1226000.0;439000.0;648000.0;681.71875;220.625;191.5625;269.53125;68.59375;28.396143733567047;750.3125;778.7086437335671;1046000.0;163.4375;0.9464627151051626;1.349904397705545;;
3014;Indre Østfold (2020-2023);2021;261;48771.0;181573.0;30114000.0;9776000.0;8540000.0;3483000.0;13128000.0;617.4570954050563;200.44698693895964;175.10405773923029;241.90605072686637;71.41539029341207;72.30149857082276;688.8724856984684;761.1739842692912;9518000.0;195.1569580283365;0.9733137213700357;1.0271065349863417;;
3015;Skiptvet (2020-2023);2021;261;8634.0;26884.0;4084000.0;1846000.0;101000.0;758000.0;656000.0;473.013666898309;213.8058837155432;11.697938383136437;247.50984479962938;87.79244845957841;24.401130784109508;560.8061153578874;585.2072461419968;1768000.0;204.7718322909428;1.0;1.0441176470588234;renhold_urimelig_lav;
3016;Rakkestad (2020-2023);2021;261;6954.0;39440.0;5854000.0;1609000.0;1410000.0;177000.0;2165000.0;841.8176589013517;231.37762438884096;202.76100086281278;407.679033649698;25.45297670405522;54.893509127789045;867.2706356054069;922.1641447331959;1338000.0;192.4072476272649;1.0;1.20254110612855;;
3017;Råde (2020-2023);2021;261;26582.0;52036.0;5076000.0;1527000.0;2269000.0;1345000.0;2276000.0;190.95628620871267;57.44488751786923;85.35851327966293;48.1528854111805;50.59814912346701;43.73894995772158;241.55443533217968;285.29338528990127;1472000.0;55.375818222857575;1.0;1.0373641304347825;drift_urimelig_lav;kwh_uteligger
3018;Våler (Viken) (2020-2023);2021;261;6929.0;24122.0;330000.0;75000.0;0.0;20000.0;2717000.0;47.62592004618271;10.824072737768798;0.0;36.80184730841391;2.8864193967383462;112.63576817842633;50.51233944292105;163.14810762134738;1277000.0;184.2978784817434;1.0;0.058731401722787784;drift_urimelig_lav|energi_urimelig_lav|renhold_urimelig_lav;implisitt_pris_utenfor
3019;Vestby (2020-2023);2021;261;9718.0;89611.0;5414000.0;3200000.0;59000.0;2862000.0;8550000.0;557.1105165671948;329.2858612883309;6.071208067503601;221.75344721136037;294.50504218975095;95.41239356775395;851.6155587569459;947.0279523246999;3226000.0;331.9613089112986;0.9993800371977681;0.9919404835709857;renhold_urimelig_lav;
3020;Nordre Follo (2020-2023);2021;261;60233.0;278863.0;63259000.0;13908000.0;13255000.0;7291000.0;17559000.0;1050.2382414955257;230.90332541962047;220.06209220858997;599.2728238673153;121.0466023608321;62.966402857317036;1171.2848438563578;1234.2512467136748;14337000.0;238.0256669931765;1.0;0.9700774220548233;;
3021;Ås (2020-2023);2021;261;27859.0;115705.0;14445000.0;3462000.0;0.0;1498000.0;10131000.0;518.5038946121541;124.268638501023;0.0;394.23525611113104;53.770774256075235;87.55887818158247;572.2746688682292;659.8335470498117;3879000.0;139.2368713880613;1.0;0.8924980665119876;renhold_urimelig_lav;
3022;Frogn (2020-2023);2021;261;19989.0;77237.0;11915000.0;3038000.0;3696000.0;1061000.0;4038000.0;596.0778428135475;151.98359097503626;184.90169593276303;259.1925559057482;53.07919355645605;52.28064269715292;649.1570363700035;701.4376790671564;2095000.0;104.80764420431237;1.0;1.4501193317422434;;
3023;Nesodden (2020-2023);2021;261;13414.0;77106.0;9943000.0;2395000.0;3853000.0;1397000.0;6276000.0;741.2404950052185;178.54480393618607;287.23721485015653;275.4584762188758;104.14492321455197;81.39444401213913;845.3854182197704;926.7798622319095;2022000.0;150.73803488892202;1.0;1.1844708209693373;;
3024;Bærum (2020-2023);2021;261;105105.0;562346.0;88768000.0;21749000.0;17078000.0;19977000.0;66754000.0;844.5649588506732;206.92640692640694;162.48513391370534;475.15341801056087;190.0670757813615;118.7062769184808;1034.6320346320347;1153.3383115505155;23085000.0;219.63750535179108;1.0;0.9421269222438813;;
3025;Asker (2020-2023);2021;261;53177.0;415578.0;42159000.0;9619000.0;9014000.0;3518000.0;60721000.0;792.8051601256183;180.8864734753747;169.50937435357392;442.4093122966696;66.15642100908288;146.11216185649866;858.9615811347011;1005.0737429911998;10884000.0;204.67495345732178;1.0;0.8837743476662991;;
3026;Aurskog-Høland (2020-2023);2021;261;25167.0;79557.0;16039000.0;4395000.0;3726000.0;2336000.0;8174000.0;637.3028171812294;174.63344856359518;148.0510191917988;314.61834942583545;92.81996264950133;102.74394459318476;730.1227798307307;832.8667244239155;5517000.0;219.21563952795327;1.0;0.7966286025013595;;
3027;Rælingen (2020-2023);2021;261;11632.0;89176.0;8959000.0;2848000.0;2196000.0;581000.0;5834000.0;770.2028885832187;244.84181568088033;188.7895460797799;336.57152682255844;49.948418156808806;65.42118955772854;820.1513067400275;885.5724962977561;2364000.0;203.23246217331499;1.0;1.2047377326565145;;
3028;Enebakk (2020-2023);2021;261;7562.0;50105.0;7530000.0;1525000.0;1188000.0;262000.0;3373000.0;995.7683152605131;201.66622586617297;157.10129595345146;637.0007934408886;34.64691880454906;67.31863087516216;1030.4152340650621;1097.7338649402243;2335000.0;308.7807458344353;1.0;0.6531049250535332;;
3029;Lørenskog (2020-2023);2021;261;23875.0;176304.0;18657000.0;6415000.0;3745000.0;2742000.0;8985000.0;781.4450261780105;268.6910994764398;156.8586387434555;355.8952879581152;114.84816753926701;50.963109175061255;896.2931937172775;947.2563028923388;4795000.0;200.83769633507853;1.0;1.337851929092805;;
3030;Lillestrøm (2020-2023);2021;261;69261.0;408816.0;48652000.0;12660000.0;16292000.0;14209000.0;30063000.0;702.4443770664587;182.7868497422792;235.22617345981143;284.43135386436813;205.1515282770968;73.53675002935306;907.5959053435555;981.1326553729085;12633000.0;182.39701996794733;1.0;1.0021372595582996;;
3031;Nittedal (2020-2023);2021;261;13386.0;103478.0;10537000.0;2819000.0;2326000.0;6777000.0;8558000.0;787.165695502764;210.59315702973257;173.76363364709397;402.80890482593753;506.27521290900944;82.70356984093237;1293.4409084117735;1376.144478252706;2948000.0;220.230091139997;1.0;0.9562415196743556;;
3032;Gjerdrum (2020-2023);2021;261;10262.0;33234.0;4792000.0;1382000.0;1450000.0;1538000.0;65132000.0;466.9655038004288;134.67160397583316;141.29799259403626;190.99590723055934;149.87331904112258;1959.800204609737;616.8388228415514;2576.6390274512883;656000.0;63.925160787370885;1.0;2.1067073170731705;;kwh_uteligger
3033;Ullensaker (2020-2023);2021;261;29472.0;177946.0;29757000.0;7759000.0;9160000.0;2290000.0;11556000.0;1009.6701954397394;263.26682953311615;310.80347448425624;435.59989142236697;77.70086862106406;64.94104953188045;1087.3710640608035;1152.312113592684;6837000.0;231.9828990228013;0.9945882697089367;1.1348544683340647;;
3034;Nes (2020-2023);2021;261;13469.0;81564.0;10294000.0;3481000.0;2548000.0;1709000.0;11144000.0;764.2735169648823;258.445318880392;189.17514292078104;316.65305516370927;126.8839557502413;136.6289049090285;891.1574727151236;1027.786377624152;3344000.0;248.27381394312866;1.0;1.0409688995215312;;
3035;Eidsvoll (2020-2023);2021;261;13971.0;94127.0;13227000.0;2563000.0;4749000.0;4270000.0;4672000.0;946.7468327249302;183.45143511559658;339.91840240498175;423.3769952043519;305.6330971297688;49.63506751516568;1252.379929854699;1302.0149973698647;2035000.0;145.65886479135352;1.0;1.2594594594594593;;
3036;Nannestad (2020-2023);2021;261;7998.0;55077.0;9292000.0;3292000.0;1792000.0;1711000.0;2510000.0;1161.790447611903;411.6029007251813;224.05601400350088;526.1315328832208;213.92848212053013;45.572562049494344;1375.718929732433;1421.2914917819273;2401000.0;300.20005001250314;1.0;1.3710953769262808;;
3037;Hurdal (2020-2023);2021;261;3826.0;14305.0;3718000.0;1387000.0;459000.0;127000.0;575000.0;971.7720857292211;362.5196027182436;119.96863565081024;489.2838473601673;33.193936225823315;40.19573575672842;1004.9660219550444;1045.161757711773;1453000.0;379.76999477260847;1.0;0.9545767377838954;;
3038;Hole (2020-2023);2021;261;5074.0;30306.0;4812000.0;1355000.0;1817000.0;284000.0;2473000.0;948.3642096964919;267.04769412692156;358.10011824990147;323.2163973196689;55.97162002364998;81.60100310169604;1004.3358297201419;1085.936832821838;1049000.0;206.7402443831297;0.9475691134413727;1.2917063870352716;;
3039;Flå (2020-2023);2021;261;4110.0;12194.0;2570000.0;403000.0;810000.0;99000.0;747000.0;625.3041362530414;98.05352798053528;197.08029197080293;330.17031630170317;24.087591240875913;61.259635886501556;649.3917274939173;710.6513633804188;877000.0;213.38199513381994;1.0;0.45952109464082097;;implisitt_pris_utenfor
3041;Gol (2020-2023);2021;261;5656.0;37004.0;4220000.0;562000.0;1614000.0;198000.0;2410000.0;746.110325318246;99.36350777934936;285.36067892503536;361.38613861386136;35.00707213578501;65.12809426007999;781.1173974540311;846.245491714111;1336000.0;236.2093352192362;1.0;0.42065868263473055;;implisitt_pris_utenfor
3042;Hemsedal (2020-2023);2021;261;4965.0;19908.0;2310000.0;279000.0;897000.0;2613000.0;1562000.0;465.25679758308155;56.19335347432024;180.66465256797582;228.3987915407855;526.2839879154078;78.46092023307213;991.5407854984894;1070.0017057315615;617000.0;124.269889224572;1.0;0.4521880064829822;;implisitt_pris_utenfor
3043;Ål (2020-2023);2021;261;13049.0;38655.0;9451000.0;1271000.0;3133000.0;1151000.0;3016000.0;724.2700590083531;97.40209977776075;240.09502643880757;386.7729327917848;88.20599279638286;78.02354158582331;812.476051804736;890.4995933905593;2468000.0;189.13326691700513;1.0;0.5149918962722853;;
3044;Hol (2020-2023);2021;261;8274.0;34127.0;5319000.0;201000.0;2042000.0;950000.0;5233000.0;642.8571428571429;24.2929659173314;246.7971960357747;371.76698090403676;114.81750060430264;153.33899844697746;757.6746434614455;911.013641908423;2248000.0;271.6944645878656;1.0;0.08941281138790037;energi_urimelig_lav;implisitt_pris_utenfor
3045;Sigdal (2020-2023);2021;261;7960.0;28717.0;5115000.0;1702000.0;975000.0;507000.0;1720000.0;642.5879396984925;213.81909547738692;122.48743718592965;306.2814070351759;63.69346733668342;59.894835811540204;706.2814070351759;766.1762428467161;2356000.0;295.97989949748745;1.0;0.7224108658743632;;
3046;Krødsherad (2020-2023);2021;261;7979.0;19464.0;4713000.0;1527000.0;-16000.0;346000.0;1807000.0;590.6755232485274;191.37736558465974;-2.0052638175209925;401.3034214813886;43.36383005389146;92.83806000822031;634.0393533024188;726.8774133106391;1400000.0;175.46058403308686;1.0;1.0907142857142857;renhold_urimelig_lav;
3047;Modum (2020-2023);2021;261;23930.0;70020.0;8121000.0;1071000.0;2829000.0;1022000.0;4717000.0;339.36481404095275;44.755536982866694;118.2198077726703;176.3894692854158;42.70789803593815;67.3664667237932;382.0727120768909;449.4391788006841;0.0;0.0;;;;kwh_null|kwh_urimelig_lav
3048;Øvre Eiker (2020-2023);2021;261;21790.0;88251.0;8655000.0;2906000.0;2413000.0;1699000.0;7361000.0;397.2005507113355;133.3639284075264;110.73887104176228;153.0977512620468;77.97154658100045;83.40981971875672;475.17209729233593;558.5819170110926;2354000.0;108.03120697567691;0.5467289719626168;1.2344944774851319;;
3049;Lier (2020-2023);2021;261;21113.0;116301.0;11599000.0;3208000.0;2398000.0;1458000.0;16563000.0;549.3771609908587;151.94429972055133;113.5793113247762;283.8535499455312;69.05697911239521;142.41494054221374;618.4341401032539;760.8490806454677;2839000.0;134.46691611803155;1.0;1.1299753434307855;;
3050;Flesberg (2020-2023);2021;261;3500.0;27158.0;1208000.0;356000.0;298000.0;80000.0;1669000.0;345.14285714285717;101.71428571428571;85.14285714285714;158.28571428571428;22.857142857142858;61.455188158185436;368.0;429.4551881581854;1040000.0;297.14285714285717;1.0;0.34230769230769226;;implisitt_pris_utenfor
3051;Rollag (2020-2023);2021;261;6528.0;19514.0;1543000.0;827000.0;26000.0;138000.0;2035000.0;236.36642156862746;126.68504901960785;3.982843137254902;105.69852941176471;21.139705882352942;104.28410372040587;257.5061274509804;361.79023117138627;732000.0;112.13235294117646;1.0;1.1297814207650274;renhold_urimelig_lav;
3052;Nore og Uvdal (2020-2023);2021;261;10811.0;27490.0;4720000.0;109000.0;1861000.0;306000.0;2839000.0;436.5923596337064;10.082323559337711;172.13948755896772;254.37054851540097;28.304504671168253;103.27391778828665;464.89686430487467;568.1707820931613;740000.0;68.44880214596245;1.0;0.1472972972972973;energi_urimelig_lav;implisitt_pris_utenfor|kwh_uteligger
3053;Jevnaker (2020-2023);2021;261;15914.0;42032.0;4913000.0;505000.0;1703000.0;342000.0;2882000.0;308.72188010556744;31.733065225587534;107.01269322609024;169.97612165388966;21.490511499308784;68.56680624286258;330.2123916048762;398.77919784773877;1490000.0;93.6282518537137;1.0;0.3389261744966443;energi_urimelig_lav;implisitt_pris_utenfor
3054;Lunner (2020-2023);2021;261;11929.0;47640.0;8182000.0;2326000.0;1862000.0;20000.0;2797000.0;685.8915248553944;194.98700645485792;156.09020035208317;334.81431804845334;1.6765864699471875;58.71116708648195;687.5681113253416;746.2792784118236;2357000.0;197.58571548327606;1.0;0.9868476877386508;;
3401;Kongsvinger;2021;261;15352.0;73422.0;9668000.0;3476000.0;2245000.0;1565000.0;9719000.0;629.755080771235;226.42001042209483;146.23501823866596;257.1000521104742;101.94111516414799;132.37176867968728;731.696195935383;864.0679646150703;3409000.0;222.0557582073997;1.0;1.0196538574361982;;
3403;Hamar;2021;261;35991.0;181233.0;34884000.0;8663000.0;12404000.0;2762000.0;11485000.0;969.2423105776444;240.6990636548026;344.6417159845517;383.90153093829014;76.74140757411575;63.371461047381;1045.98371815176;1109.355179199141;8761000.0;243.4219666027618;1.0;0.9888140623216527;;
3405;Lillehammer;2021;261;26600.0;129175.0;14952000.0;3155000.0;3500000.0;633000.0;16288000.0;562.1052631578947;118.60902255639098;131.57894736842104;311.9172932330827;23.796992481203006;126.0925101606348;585.9022556390977;711.9947657997325;3928000.0;147.66917293233084;1.0;0.8032077393075356;;
3407;Gjøvik;2021;261;31604.0;137294.0;19157000.0;4127000.0;7243000.0;1384000.0;10905000.0;606.1574484242501;130.58473610935326;229.17985065181622;246.39286166308062;43.7919250727756;79.42808862732531;649.9493734970257;729.377462124351;5646000.0;178.648272370586;1.0;0.7309599716613533;;
3411;Ringsaker;2021;261;41098.0;157711.0;39280000.0;8132000.0;15697000.0;3074000.0;16683000.0;955.7642707674339;197.86850941651662;381.9407270426785;375.95503430823885;74.79682709620906;105.78209509799571;1030.561097863643;1136.3431929616388;8706000.0;211.83512579687576;1.0;0.9340684585343442;;
3412;Løten;2021;261;9571.0;40121.0;7051000.0;1492000.0;2222000.0;113000.0;1129000.0;736.7046285654582;155.88757705568906;232.15964893950476;348.65740257026437;11.806498798453662;28.139876872460807;748.5111273639118;776.6510042363726;2210000.0;230.90586145648314;1.0;0.6751131221719456;;
3413;Stange;2021;261;13708.0;93880.0;10231000.0;3422000.0;2549000.0;2303000.0;10489000.0;746.3524948934928;249.6352494893493;185.94981032973448;310.7674350744091;168.0040852057193;111.72773753728164;914.3565800992121;1026.0843176364938;2642000.0;192.73416982783775;0.9678274034822104;1.295230885692657;;
3414;Nord-Odal;2021;261;6365.0;27906.0;4368000.0;1471000.0;1602000.0;408000.0;9407000.0;686.2529457973292;231.10761979575804;251.6889238020424;203.45640219952867;64.10054988216811;337.0959650254426;750.3534956794972;1087.4494607049398;499000.0;78.3974862529458;1.0;2.947895791583166;;kwh_uteligger
3415;Sør-Odal;2021;261;7759.0;38573.0;4075000.0;1831000.0;385000.0;940000.0;4921000.0;525.1965459466426;235.98401855909268;49.61979636551102;239.59273102203892;121.14963268462431;127.57628392917326;646.3461786312669;773.9224625604402;2057000.0;265.11148343858747;1.0;0.8901312591152163;renhold_urimelig_lav;
3416;Eidskog;2021;261;7274.0;30825.0;4935000.0;1828000.0;1240000.0;623000.0;4534000.0;678.4437723398405;251.30602144624692;170.47016772064887;256.6675831729447;85.64751168545504;147.08840227088402;764.0912840252955;911.1796862961795;2074000.0;285.12510310695626;0.9758919961427194;0.8813886210221795;;
3417;Grue;2021;261;15880.0;29581.0;6333000.0;1769000.0;1167000.0;347000.0;2453000.0;398.80352644836273;111.39798488664988;73.48866498740554;213.9168765743073;21.851385390428213;82.92485041073662;420.65491183879095;503.57976224952756;1911000.0;120.34005037783375;1.0;0.9256933542647829;;
3418;Åsnes;2021;261;8600.0;44150.0;10218000.0;2733000.0;2796000.0;455000.0;2298000.0;1188.139534883721;317.7906976744186;325.1162790697674;545.2325581395348;52.906976744186046;52.04983012457531;1241.046511627907;1293.0963417524822;2894000.0;336.51162790697674;1.0;0.9443676572218382;;
3419;Våler (Innlandet);2021;261;11218.0;30216.0;4630000.0;1626000.0;1067000.0;241000.0;2057000.0;412.72954180780886;144.94562310572294;95.11499376002853;172.6689249420574;21.483330361918345;68.07651575324331;434.21287216972723;502.28938792297055;1889000.0;168.39008735960064;0.5690841715193224;0.860772895712017;;
3420;Elverum;2021;261;26906.0;106928.0;18977000.0;6052000.0;4975000.0;1210000.0;7534000.0;705.3073663866795;224.93124210213335;184.90299561436112;295.4731286701851;44.97138184791496;70.45862636540475;750.2787482345946;820.7373745999993;4809000.0;178.73336802200254;1.0;1.2584736951549178;;
3421;Trysil;2021;261;9325.0;30860.0;9336000.0;2116000.0;3879000.0;1179000.0;2469000.0;1001.1796246648794;226.91689008042894;415.97855227882036;358.28418230563005;126.4343163538874;80.00648088139987;1127.6139410187668;1207.6204219001668;2816000.0;301.98391420911526;1.0;0.7514204545454546;;
3422;Åmot;2021;261;3856.0;26728.0;3651000.0;1352000.0;975000.0;812000.0;4515000.0;946.8360995850622;350.62240663900417;252.85269709543567;343.36099585062243;210.58091286307055;168.923974857827;1157.4170124481327;1326.3409873059597;1094000.0;283.7136929460581;1.0;1.2358318098720293;;
3423;Stor-Elvdal;2021;261;4640.0;18614.0;3935000.0;1217000.0;1265000.0;192000.0;1706000.0;848.0603448275862;262.2844827586207;272.62931034482756;313.1465517241379;41.37931034482759;91.65144514881273;889.4396551724138;981.0911003212266;1142000.0;246.1206896551724;0.9982486865148862;1.0656742556917689;;
3424;Rendalen;2021;261;2972.0;14052.0;2143000.0;1495000.0;0.0;128000.0;9875000.0;721.0632570659488;503.028263795424;0.0;218.0349932705249;43.06864064602961;702.7469399373755;764.1318977119785;1466.878837649354;735000.0;247.30820995962316;0.9972789115646259;2.034013605442177;renhold_urimelig_lav;
3425;Engerdal;2021;261;3700.0;14710.0;3799000.0;1433000.0;777000.0;222000.0;1018000.0;1026.7567567567567;387.2972972972973;210.0;429.4594594594595;60.0;69.20462270564242;1086.7567567567567;1155.961379462399;1025000.0;277.02702702702703;1.0;1.3980487804878048;;
3426;Tolga;2021;261;4030.0;15619.0;2511000.0;641000.0;926000.0;228000.0;1502000.0;623.0769230769231;159.05707196029778;229.77667493796525;234.24317617866004;56.575682382134;96.16492733209553;679.6526054590571;775.8175327911526;1123000.0;278.6600496277916;1.0;0.5707925200356189;;
3427;Tynset;2021;261;15918.0;48593.0;3266000.0;1084000.0;911000.0;312000.0;3068000.0;205.1765297147883;68.09900741299158;57.2308078904385;79.8467144113582;19.60045231813042;63.13666577490585;224.7769820329187;287.91364780782453;2989000.0;187.77484608619173;1.0;0.3626630980260957;DV_uteligger_lav;implisitt_pris_utenfor
3428;Alvdal;2021;261;5693.0;25082.0;3027000.0;1015000.0;1058000.0;287000.0;-23000.0;531.7056033725628;178.28912699806781;185.8422624275426;167.5742139469524;50.41278763393641;-0.9169922653695878;582.1183910064992;581.2013987411297;1732000.0;304.23326892675215;1.0;0.5860277136258661;;
3429;Folldal;2021;261;2480.0;10547.0;5615000.0;1193000.0;1914000.0;326000.0;414000.0;2264.1129032258063;481.0483870967742;771.7741935483871;1011.2903225806451;131.4516129032258;39.25286811415568;2395.564516129032;2434.817384243188;872000.0;351.61290322580646;0.9988532110091743;1.3681192660550459;DV_uteligger_hoy;
3430;Os;2021;261;5140.0;14398.0;3584000.0;1063000.0;1506000.0;201000.0;509000.0;697.2762645914397;206.80933852140078;292.99610894941634;197.47081712062257;39.10505836575876;35.35213224058897;736.3813229571984;771.7334551977874;1336000.0;259.92217898832683;1.0;0.7956586826347306;;
3431;Dovre;2021;261;6740.0;21599.0;4055000.0;1435000.0;1082000.0;358000.0;661000.0;601.6320474777448;212.9080118694362;160.5341246290801;228.1899109792285;53.11572700296736;30.603268669845825;654.7477744807121;685.351043150558;2191000.0;325.0741839762611;1.0;0.6549520766773163;;
3432;Lesja;2021;261;5679.0;20730.0;2618000.0;324000.0;1245000.0;360000.0;803000.0;460.99665434055294;57.05229793977813;219.2287374537771;184.71561894699772;63.391442155309036;38.736131210805596;524.388096495862;563.1242277066676;810000.0;142.63074484944534;1.0;0.39999999999999997;;implisitt_pris_utenfor
3433;Skjåk;2021;261;6894.0;19390.0;4373000.0;1351000.0;1191000.0;749000.0;1864000.0;634.3196982883667;195.96750797795184;172.75892080069625;265.5932695097186;108.6451987235277;96.13202681794739;742.9648970118944;839.0969238298418;1598000.0;231.79576443284014;1.0;0.8454317897371715;;
3434;Lom;2021;261;7452.0;20627.0;4256000.0;1183000.0;1383000.0;668000.0;1060000.0;571.1218464841653;158.74932903918412;185.5877616747182;226.78475577026302;89.64036500268384;51.38895622242691;660.7622114868492;712.1511677092761;1708000.0;229.20021470746107;1.0;0.6926229508196722;;
3435;Vågå;2021;261;7028.0;23647.0;7085000.0;1653000.0;2259000.0;1192000.0;1045000.0;1008.1104154809334;235.20204894706887;321.42857142857144;451.47979510529314;169.60728514513374;44.191652218040346;1177.7177006260672;1221.9093528441076;1933000.0;275.0426863972681;0.9979306777030522;0.8551474392136575;;
3436;Nord-Fron;2021;261;9559.0;38923.0;9504000.0;2920000.0;2414000.0;477000.0;3184000.0;994.2462600690449;305.4712836070719;252.53687624228476;436.23810021968825;49.90061721937441;81.80253320658737;1044.1468772884193;1125.9494104950068;2289000.0;239.46019458102313;0.9916994320664045;1.2756662297946701;;
3437;Sel;2021;261;13300.0;40770.0;9646000.0;2047000.0;2110000.0;333000.0;2062000.0;725.2631578947369;153.90977443609023;158.64661654135338;412.70676691729324;25.037593984962406;50.576404218788326;750.3007518796992;800.8771560984875;2908000.0;218.64661654135338;1.0;0.703920220082531;;
3438;Sør-Fron;2021;261;9635.0;31943.0;5080000.0;1152000.0;1905000.0;221000.0;262000.0;527.244421380384;119.56408925791385;197.716658017644;209.96367410482617;22.93720809548521;8.202110008452555;550.1816294758693;558.3837394843218;1884000.0;195.5371043072133;1.0;0.6114649681528662;;
3439;Ringebu;2021;261;3587.0;25646.0;3320000.0;925000.0;1139000.0;413000.0;2973000.0;925.5645386116532;257.8756621131865;317.53554502369667;350.15333147477;115.137998327293;115.92451064493488;1040.7025369389462;1156.627047583881;487000.0;135.76805129634792;1.0;1.8993839835728952;;
3440;Øyer;2021;261;8576.0;35522.0;5958000.0;1189000.0;2428000.0;249000.0;557000.0;694.7294776119403;138.642723880597;283.11567164179104;272.9710820895522;29.034514925373134;15.680423399583356;723.7639925373135;739.4444159368968;1253000.0;146.1054104477612;1.0;0.9489225857940942;;
3441;Gausdal;2021;261;12995.0;36197.0;7487000.0;1960000.0;1703000.0;326000.0;4421000.0;576.1446710273182;150.82724124663332;131.05040400153905;294.2670257791458;25.086571758368603;122.13719369008481;601.2312427856868;723.3684364757717;2286000.0;175.9138130050019;0.9960629921259843;0.8573928258967629;;
3442;Østre Toten;2021;261;20661.0;69416.0;13299000.0;3047000.0;2752000.0;990000.0;8371000.0;643.6764919413388;147.4759208169982;133.1978123033735;363.002758820967;47.91636416436765;120.59179439898583;691.5928561057065;812.1846505046923;3257000.0;157.63999806398527;1.0;0.9355234878722752;;
3443;Vestre Toten;2021;261;14800.0;71452.0;4962000.0;1800000.0;1090000.0;268000.0;6060000.0;335.27027027027026;121.62162162162163;73.64864864864865;140.0;18.10810810810811;84.81218160443375;353.3783783783784;438.19055998281215;3966000.0;267.97297297297297;1.0;0.4538577912254161;;implisitt_pris_utenfor
3446;Gran;2021;261;20532.0;74189.0;9509000.0;2315000.0;2486000.0;1857000.0;3912000.0;463.1307227742061;112.75082797584258;121.07929086304306;229.30060393532048;90.44418468731736;52.73018911159336;553.5749074615235;606.3050965731169;3009000.0;146.55172413793105;0.9996676636756398;0.7693585908939846;;
3447;Søndre Land;2021;261;5129.0;28150.0;5224000.0;1141000.0;1088000.0;218000.0;2679000.0;1018.5221290699942;222.46051861961396;212.12712029635406;583.9344901540261;42.50341197114447;95.16873889875666;1061.0255410411387;1156.1942799398953;930000.0;181.32189510625852;1.0;1.2268817204301077;;
3448;Nordre Land;2021;261;13992.0;45062.0;9567000.0;2659000.0;3556000.0;453000.0;1283000.0;683.7478559176673;190.03716409376787;254.14522584333906;239.56546598056033;32.37564322469983;28.471883183169854;716.1234991423671;744.595382325537;2629000.0;187.8930817610063;1.0;1.0114111829593;;
3449;Sør-Aurdal;2021;261;2839.0;23638.0;4767000.0;1618000.0;1095000.0;304000.0;2474000.0;1679.1123635082777;569.9189855582952;385.699189855583;723.4941880943994;107.07995773159563;104.6619849395042;1786.192321239873;1890.8543061793773;1201000.0;423.03628038041563;0.9500416319733556;1.347210657785179;;
3450;Etnedal;2021;261;2305.0;12405.0;3246000.0;1305000.0;573000.0;548000.0;876000.0;1408.2429501084598;566.1605206073752;248.59002169197396;593.4924078091107;237.74403470715836;70.61668681983072;1645.9869848156181;1716.6036716354488;895000.0;388.28633405639914;0.9888268156424581;1.4581005586592177;;
3451;Nord-Aurdal;2021;261;1234.0;26827.0;5781000.0;2127000.0;1136000.0;379000.0;2011000.0;4684.7649918962725;1723.6628849270664;920.5834683954619;2040.5186385737438;307.13128038897895;74.96179222425168;4991.896272285251;5066.858064509503;108000.0;87.52025931928688;1.0;19.694444444444443;DV_uteligger_hoy;implisitt_pris_utenfor
3452;Vestre Slidre;2021;261;1840.0;11388.0;1294000.0;585000.0;73000.0;191000.0;0.0;703.2608695652174;317.9347826086956;39.67391304347826;345.6521739130435;103.80434782608695;0.0;807.0652173913044;807.0652173913044;394000.0;214.1304347826087;1.0;1.4847715736040608;renhold_urimelig_lav;
3453;Øystre Slidre;2021;261;8700.0;22962.0;6090000.0;1903000.0;1603000.0;219000.0;394000.0;700.0;218.73563218390805;184.2528735632184;297.01149425287355;25.17241379310345;17.158784078041982;725.1724137931035;742.3311978711455;1595000.0;183.33333333333334;1.0;1.193103448275862;;
3454;Vang;2021;261;5400.0;18100.0;5054000.0;1021000.0;1194000.0;336000.0;418000.0;935.925925925926;189.07407407407408;221.11111111111111;525.7407407407408;62.22222222222222;23.093922651933703;998.1481481481482;1021.2420708000818;1195000.0;221.2962962962963;1.0;0.8543933054393306;;
3801;Horten (2020-2023);2021;261;20538.0;126939.0;11637000.0;3111000.0;3079000.0;1732000.0;6314000.0;566.6082383873795;151.47531405200118;149.91722660434317;265.21569773103516;84.33148310448924;49.740426504068886;650.9397214918687;700.6801479959375;4084000.0;198.85091050735224;0.9742899118511263;0.7617531831537708;;
3802;Holmestrand (2020-2023);2021;261;22069.0;109877.0;10496000.0;2492000.0;2448000.0;1558000.0;2491000.0;475.5992568761611;112.9185735647288;110.92482667995831;251.75585663147402;70.59676469255517;22.670804626992002;546.1960215687163;568.8668261957083;2970000.0;134.57791472200825;0.9831649831649831;0.8390572390572391;;
3803;Tønsberg (2020-2023);2021;261;36991.0;222529.0;24046000.0;5607000.0;7398000.0;4118000.0;15150000.0;650.0500121651213;151.57741072152686;199.99459327944635;298.47800816414804;111.32437619961613;68.08101415995219;761.3743883647373;829.4554025246896;6391000.0;172.77175529182773;1.0;0.8773274917853232;;
3804;Sandefjord (2020-2023);2021;261;39146.0;258944.0;32040000.0;11034000.0;5762000.0;2279000.0;18026000.0;818.4744290604405;281.86787922137637;147.19256118121902;389.413988657845;58.21795330301946;69.6135071675729;876.6923823634598;946.3058895310328;9564000.0;244.3161497981914;1.0;1.1537013801756586;;
3805;Larvik (2020-2023);2021;261;49940.0;186460.0;29962000.0;7364000.0;7112000.0;8575000.0;6408000.0;599.9599519423308;147.45694833800562;142.41089307168602;310.09211053263914;171.70604725670805;34.3666201866352;771.6659991990389;806.032619385674;9598000.0;192.1906287545054;1.0;0.7672431756615962;;
3806;Porsgrunn (2020-2023);2021;261;41415.0;206454.0;24759000.0;6922000.0;4991000.0;2022000.0;11586000.0;597.8268743208982;167.1375105638054;120.51189182663286;310.17747193046;48.822890257153205;56.119038623615914;646.6497645780514;702.7688032016673;8248000.0;199.1548955692382;1.0;0.8392337536372455;;
3807;Skien (2020-2023);2021;261;42682.0;238486.0;28680000.0;8409000.0;6705000.0;4730000.0;11919000.0;671.9460193992784;197.01513518579262;157.09198256876434;317.83890164472143;110.81954922449745;49.9777764732521;782.7655686237758;832.7433450970279;9335000.0;218.71046342720584;1.0;0.900803427959293;;
3808;Notodden (2020-2023);2021;261;10016.0;57399.0;7073000.0;2874000.0;1643000.0;525000.0;1842000.0;706.1701277955272;286.9408945686901;164.03753993610223;255.19169329073483;52.41613418530351;32.0911514137877;758.5862619808307;790.6774133946184;2234000.0;223.04313099041534;1.0;1.2864816472694718;;
3811;Færder (2020-2023);2021;261;20921.0;84923.0;13380000.0;2421000.0;5364000.0;1424000.0;11822000.0;639.548778739066;115.72104583910902;256.3930978442713;267.43463505568565;68.06558003919507;139.2084594279524;707.614358778261;846.8228182062135;4055000.0;193.8243869795899;1.0;0.5970406905055486;;
3812;Siljan (2020-2023);2021;261;2285.0;11398.0;2285000.0;533000.0;647000.0;100000.0;249000.0;1000.0;233.26039387308535;283.15098468271333;483.5886214442013;43.7636761487965;21.84593788383927;1043.7636761487965;1065.6096140326358;587000.0;256.89277899343546;1.0;0.9080068143100511;;
3813;Bamble (2020-2023);2021;261;8125.0;65288.0;6700000.0;1632000.0;2142000.0;329000.0;7953000.0;824.6153846153846;200.86153846153846;263.6307692307692;360.12307692307695;40.49230769230769;121.81411591716702;865.1076923076923;986.9218082248593;1979000.0;243.56923076923076;1.0;0.8246589186457808;;
3814;Kragerø (2020-2023);2021;261;13861.0;45693.0;5996000.0;667000.0;2999000.0;252000.0;1868000.0;432.5806218887526;48.12062621744463;216.36245581126903;168.09753986003895;18.18050645696559;40.881535464950865;450.7611283457182;491.64266381066903;2209000.0;159.36801096601977;0.9823449524671797;0.30194658216387504;;implisitt_pris_utenfor
3815;Drangedal (2020-2023);2021;261;3600.0;17578.0;3328000.0;340000.0;912000.0;6415000.0;207000.0;924.4444444444445;94.44444444444444;253.33333333333334;576.6666666666666;1781.9444444444443;11.776083741039937;2706.3888888888887;2718.164972629929;971000.0;269.72222222222223;1.0;0.3501544799176107;DV_uteligger_hoy;implisitt_pris_utenfor
3816;Nome (2020-2023);2021;261;6770.0;38384.0;4193000.0;851000.0;502000.0;248000.0;2170000.0;619.3500738552437;125.7016248153619;74.1506646971935;419.4977843426883;36.63220088626292;56.53397248853689;655.9822747415067;712.5162472300435;1040000.0;153.6189069423929;1.0;0.8182692307692309;;
3817;Midt-Telemark (2020-2023);2021;261;12291.0;41977.0;6070000.0;1629000.0;1284000.0;497000.0;5023000.0;493.8572939549264;132.5360019526483;104.46668293873566;256.85460906354245;40.43609144902774;119.66076661028659;534.2933854039541;653.9541520142407;1911000.0;155.47961923358554;1.0;0.8524332810047097;;
3818;Tinn (2020-2023);2021;261;12541.0;48237.0;7161000.0;1758000.0;2074000.0;559000.0;3229000.0;571.0070967227493;140.1802089147596;165.3775615979587;265.4493262100311;44.57379794274779;66.94031552542654;615.5808946654972;682.5212101909237;2329000.0;185.71086835180608;1.0;0.7548303993130099;;
3819;Hjartdal (2020-2023);2021;261;3466.0;9882.0;2905000.0;627000.0;1007000.0;51000.0;67000.0;838.1419503750722;180.9001731102135;290.536641661858;366.7051356030006;14.714368147720716;6.780004047763611;852.8563185227929;859.6363225705564;665000.0;191.86381996537796;1.0;0.9428571428571428;;
3820;Seljord (2020-2023);2021;261;2865.0;13647.0;2643000.0;1110000.0;767000.0;472000.0;1199000.0;922.5130890052357;387.434554973822;267.7137870855148;267.3647469458988;164.74694589877836;87.85813731955741;1087.260034904014;1175.1181722235715;620000.0;216.4048865619546;1.0;1.7903225806451615;;
3821;Kviteseid (2020-2023);2021;261;6744.0;16887.0;2397000.0;754000.0;590000.0;280000.0;409000.0;355.4270462633452;111.80308422301304;87.48517200474495;156.1387900355872;41.518386714116254;24.21981405815124;396.94543297746145;421.1652470356127;754000.0;111.80308422301304;1.0;1.0;;
3822;Nissedal (2020-2023);2021;261;2310.0;11270.0;2049000.0;847000.0;341000.0;176000.0;384000.0;887.012987012987;366.6666666666667;147.61904761904762;372.72727272727275;76.19047619047619;34.07275953859805;963.2034632034632;997.2762227420612;;;;;;kwh_mangler
3823;Fyresdal (2020-2023);2021;261;4279.0;13421.0;2689000.0;907000.0;682000.0;165000.0;349000.0;628.4178546389344;211.9654124795513;159.38303341902315;257.0694087403599;38.56041131105398;26.004023545190375;666.9782659499883;692.9822894951787;784000.0;183.22037859312923;1.0;1.156887755102041;;
3824;Tokke (2020-2023);2021;261;6200.0;23590.0;5958000.0;1189000.0;1125000.0;416000.0;470000.0;960.9677419354839;191.7741935483871;181.4516129032258;587.741935483871;67.09677419354838;19.923696481559983;1028.0645161290322;1047.9882126105922;1428000.0;230.32258064516128;1.0;0.8326330532212886;;
3825;Vinje (2020-2023);2021;261;10590.0;41213.0;14456000.0;5160000.0;5217000.0;1307000.0;340000.0;1365.0613786591123;487.25212464589237;492.63456090651556;385.1746931067044;123.41831916902738;8.24982408463349;1488.4796978281397;1496.7295219127732;2432000.0;229.65061378659112;1.0;2.1217105263157894;;
4201;Risør;2021;261;13080.0;38927.0;6956000.0;1890000.0;2085000.0;796000.0;3813000.0;531.8042813455658;144.4954128440367;159.40366972477065;227.9051987767584;60.85626911314985;97.95257790222725;592.6605504587156;690.6131283609429;2205000.0;168.57798165137615;0.9854875283446712;0.8571428571428572;;
4202;Grimstad;2021;261;11943.0;88952.0;11810000.0;2939000.0;3544000.0;311000.0;10078000.0;988.8637695721343;246.0855731390773;296.7428619274889;446.03533450556813;26.040358368919033;113.29705908804749;1014.9041279410534;1128.2011870291008;2886000.0;241.64782717910072;1.0;1.0183645183645185;;
4203;Arendal;2021;261;21257.0;183159.0;26717000.0;9635000.0;5486000.0;11805000.0;15469000.0;1256.8565648962694;453.26245472079785;258.0796913957755;545.5144187796961;555.3464741026486;84.45667425570133;1812.203038998918;1896.6597132546192;4450000.0;209.34280472315;1.0;2.1651685393258426;;
4204;Kristiansand;2021;261;83048.0;482421.0;53992000.0;13225000.0;6888000.0;7990000.0;49466000.0;650.1300452750216;159.24525575570755;82.93998651382333;407.9448030054908;96.20942105770158;102.53699569463187;746.3394663327232;848.876462027355;14302000.0;172.21365957036895;1.0;0.9246958467347224;;
4205;Lindesnes;2021;261;25998.0;204652.0;20362000.0;3293000.0;6033000.0;3846000.0;4765000.0;783.2140933917993;126.66358950688515;232.05631202400184;424.4941918609124;147.93445649665358;23.283427476887596;931.148549888453;954.4319773653406;5023000.0;193.20716978229095;0.9940274736213418;0.6555843121640453;;
4206;Farsund;2021;261;5008.0;49072.0;2852000.0;705000.0;991000.0;64000.0;3791000.0;569.4888178913739;140.7747603833866;197.88338658146964;230.83067092651757;12.779552715654953;77.25383110531465;582.2683706070287;659.5222017123433;749000.0;149.56070287539936;1.0;0.9412550066755675;;
4207;Flekkefjord;2021;261;14700.0;51181.0;3598000.0;1876000.0;0.0;370000.0;972000.0;244.76190476190476;127.61904761904762;0.0;117.14285714285714;25.170068027210885;18.99142259822981;269.93197278911566;288.92339538734547;2476000.0;168.43537414965985;1.0;0.7576736672051697;renhold_urimelig_lav;
4211;Gjerstad;2021;261;3729.0;19203.0;2965000.0;1243000.0;597000.0;244000.0;926000.0;795.1193349423438;333.3333333333333;160.0965406275141;301.6894609814964;65.43309198176455;48.221632036660935;860.5524269241083;908.7740589607693;1373000.0;368.19522660230626;1.0;0.9053168244719592;;
4212;Vegårshei;2021;261;4450.0;15651.0;2964000.0;830000.0;892000.0;136000.0;209000.0;666.0674157303371;186.51685393258427;200.4494382022472;279.1011235955056;30.56179775280899;13.35377931122612;696.629213483146;709.9829927943722;805000.0;180.8988764044944;1.0;1.031055900621118;;
4213;Tvedestrand;2021;261;3900.0;31936.0;3075000.0;682000.0;1532000.0;681000.0;2023000.0;788.4615384615385;174.87179487179486;392.8205128205128;220.76923076923077;174.6153846153846;63.34544088176353;963.0769230769231;1026.4223639586867;669000.0;171.53846153846155;1.0;1.0194319880418534;;
4214;Froland;2021;261;5378.0;38509.0;3283000.0;797000.0;1005000.0;521000.0;5580000.0;610.449981405727;148.19635552249906;186.87244328746746;275.3811825957605;96.87616214206025;144.9011919291594;707.3261435477873;852.2273354769467;1067000.0;198.40089252510228;1.0;0.746954076850984;;
4215;Lillesand;2021;261;20130.0;57422.0;7003000.0;2083000.0;1959000.0;665000.0;2312000.0;347.88872329855934;103.47739692001987;97.31743666169896;147.09388971684055;33.03527074018877;40.26331371251437;380.92399403874816;421.18730775126255;2245000.0;111.525086934923;1.0;0.9278396436525613;;
4216;Birkenes;2021;261;20130.0;57422.0;2854000.0;1369000.0;422000.0;1007000.0;990000.0;141.77844013909586;68.00794833581719;20.96373571783408;52.80675608544461;50.024838549428715;17.240778795583573;191.80327868852459;209.04405748410815;1489000.0;73.96920019870839;1.0;0.9194089993284084;drift_urimelig_lav|renhold_urimelig_lav;kwh_uteligger
4217;Åmli;2021;261;3699.0;14216.0;1374000.0;652000.0;0.0;394000.0;388000.0;371.4517437145174;176.26385509597188;0.0;195.18788861854554;106.51527439848607;27.293190770962298;477.9670181130035;505.2602088839658;950000.0;256.8261692349284;1.0;0.6863157894736841;renhold_urimelig_lav;
4218;Iveland;2021;261;2988.0;12071.0;1612000.0;435000.0;0.0;84000.0;1613000.0;539.4912985274431;145.58232931726909;0.0;393.908969210174;28.11244979919679;133.62604589512054;567.6037483266399;701.2297942217605;386000.0;129.18340026773762;1.0;1.1269430051813472;renhold_urimelig_lav;
4219;Evje og Hornnes;2021;261;11196.0;27367.0;5999000.0;1703000.0;1533000.0;533000.0;702000.0;535.816362986781;152.1078956770275;136.92390139335478;246.78456591639872;47.60628795998571;25.65133189607922;583.4226509467667;609.0739828428459;1368000.0;122.18649517684888;1.0;1.2448830409356724;;
4220;Bygland;2021;261;5915.0;15636.0;2480000.0;473000.0;448000.0;238000.0;459000.0;419.27303465765004;79.96618765849536;75.7396449704142;263.5672020287405;40.23668639053255;29.35533384497314;459.5097210481826;488.86505489315573;916000.0;154.8605240912933;1.0;0.5163755458515285;;
4221;Valle;2021;261;3300.0;14237.0;2767000.0;498000.0;736000.0;96000.0;933000.0;838.4848484848485;150.9090909090909;223.03030303030303;464.54545454545456;29.09090909090909;65.53346912973238;867.5757575757576;933.10922670549;776000.0;235.15151515151516;1.0;0.6417525773195876;;
4222;Bykle;2021;261;6253.0;20819.0;2795000.0;1265000.0;32000.0;78000.0;38000.0;446.98544698544697;202.30289461058692;5.1175435790820405;239.56500879577803;12.474012474012474;1.8252557759738701;459.4594594594595;461.28471523543334;1346000.0;215.25667679513833;1.0;0.9398216939078752;renhold_urimelig_lav;
4223;Vennesla;2021;261;12028.0;70751.0;7801000.0;2202000.0;1680000.0;3229000.0;3755000.0;648.5700033255737;183.0728300631859;139.67409378117725;325.8230794812105;268.45693382108414;53.073454792158415;917.0269371466578;970.1003919388162;2574000.0;214.0006651147323;1.0;0.8554778554778555;;
4224;Åseral;2021;261;2650.0;11913.0;2393000.0;253000.0;1191000.0;80000.0;325000.0;903.0188679245283;95.47169811320755;449.4339622641509;358.1132075471698;30.18867924528302;27.28112146394695;933.2075471698113;960.4886686337583;518000.0;195.47169811320754;1.0;0.48841698841698844;;implisitt_pris_utenfor
4225;Lyngdal;2021;261;16254.0;63403.0;9216000.0;2814000.0;2342000.0;259000.0;1367000.0;566.9988925802879;173.1266149870801;144.08760920388826;249.78466838931956;15.934539190353144;21.560493982934563;582.933431770641;604.4939257535756;1818000.0;111.84939091915837;0.9257425742574258;1.5478547854785478;;
4226;Hægebostad;2021;261;2700.0;11693.0;2475000.0;626000.0;853000.0;614000.0;230000.0;916.6666666666666;231.85185185185185;315.9259259259259;368.8888888888889;227.40740740740742;19.669887967159838;1144.0740740740741;1163.743962041234;642000.0;237.77777777777777;1.0;0.9750778816199377;;
4227;Kvinesdal;2021;261;9988.0;48605.0;7886000.0;2672000.0;1825000.0;1770000.0;531000.0;789.547456948338;267.52102523027634;182.7192631157389;339.3071686023228;177.21265518622346;10.924801975105442;966.7601121345615;977.6849141096669;2613000.0;261.6139367240689;1.0;1.0225794106391122;;
4601;Bergen;2021;261;180492.0;905824.0;124938000.0;36818000.0;15186000.0;22379000.0;121624000.0;692.207964895951;203.98688030494426;84.13669303902667;404.08439155198016;123.98887485317908;134.26890875048574;816.1968397491302;950.4657484996159;34321000.0;190.15247213172884;0.8172256053145305;1.0727542903761544;;
4602;Kinn;2021;261;14743.0;85519.0;10215000.0;1511000.0;3470000.0;734000.0;1152000.0;692.871193108594;102.4893169639829;235.3659363765855;355.0159397680255;49.786339279658144;13.470690723698826;742.6575323882521;756.1282231119509;1836000.0;124.53367699925388;1.0;0.8229847494553376;;
4611;Etne;2021;261;15137.0;30800.0;5292000.0;1519000.0;1359000.0;122000.0;399000.0;349.6069234326485;100.3501354297417;89.78000924886041;159.47677875404636;8.059721212921978;12.954545454545455;357.66664464557044;370.6211901001159;617000.0;40.76104908502345;1.0;2.461912479740681;;kwh_urimelig_lav
4612;Sveio;2021;261;7000.0;31200.0;3916000.0;1482000.0;1078000.0;333000.0;787000.0;559.4285714285714;211.71428571428572;154.0;193.71428571428572;47.57142857142857;25.224358974358974;607.0;632.224358974359;1614000.0;230.57142857142858;1.0;0.9182156133828996;;
4613;Bømlo;2021;261;15445.0;63996.0;3668000.0;2385000.0;110000.0;1867000.0;1798000.0;237.4878601489155;154.41890579475557;7.12204596956944;75.94690838459049;120.88054386532859;28.09550596912307;358.3684040142441;386.46390998336716;3219000.0;208.41696341858207;1.0;0.7409133271202236;renhold_urimelig_lav;
4614;Stord;2021;261;14311.0;76103.0;8039000.0;1569000.0;1828000.0;636000.0;4878000.0;561.7357277618615;109.63594437845015;127.7339109775697;324.3658724058417;44.441338830270425;64.09734176050878;606.177066592132;670.2744083526408;2175000.0;151.98099364125497;0.6988505747126437;0.7213793103448277;;
4615;Fitjar;2021;261;3235.0;13477.0;1414000.0;834000.0;0.0;347000.0;0.0;437.09428129829985;257.8052550231839;0.0;179.28902627511593;107.26429675425038;0.0;544.3585780525502;544.3585780525502;669000.0;206.80061823802163;1.0;1.2466367713004485;renhold_urimelig_lav;
4616;Tysnes;2021;261;5300.0;20193.0;2324000.0;1175000.0;2000.0;924000.0;521000.0;438.49056603773585;221.69811320754718;0.37735849056603776;216.41509433962264;174.33962264150944;25.80102015549943;612.8301886792453;638.6312088347447;272000.0;51.320754716981135;1.0;4.31985294117647;renhold_urimelig_lav;implisitt_pris_utenfor|kwh_uteligger
4617;Kvinnherad;2021;261;26035.0;82846.0;10414000.0;2803000.0;3230000.0;1452000.0;3293000.0;400.0;107.66276166698675;124.0637603226426;168.27347801037067;55.77107739581333;39.74844892933877;455.77107739581334;495.5195263251521;5163000.0;198.30996735164203;1.0;0.5429014139066434;;
4618;Ullensvang;2021;261;16338.0;80820.0;12756000.0;3522000.0;1465000.0;1025000.0;6891000.0;780.7565185457216;215.5710613294161;89.66825804872077;475.51719916758475;62.73717713306402;85.26354862657757;843.4936956787857;928.7572443053632;3234000.0;197.94344473007712;1.0;1.0890538033395176;;
4619;Eidfjord;2021;261;3344.0;12759.0;1744000.0;503000.0;0.0;974000.0;651000.0;521.5311004784689;150.41866028708134;0.0;371.1124401913876;291.26794258373207;51.022807430049376;812.799043062201;863.8218504922504;;;;;renhold_urimelig_lav;kwh_mangler
4620;Ulvik;2021;261;2626.0;14441.0;2216000.0;553000.0;291000.0;60000.0;0.0;843.8690022848439;210.5864432597106;110.81492764661081;522.4676313785225;22.84843869002285;0.0;866.7174409748667;866.7174409748667;389000.0;148.13404417364814;1.0;1.4215938303341902;;
4621;Voss;2021;261;23185.0;95935.0;17801000.0;3965000.0;7277000.0;1335000.0;14172000.0;767.7808928186328;171.0157429372439;313.86672417511323;282.8984257062756;57.58033211127884;147.72502215041433;825.3612249299116;973.086247080326;2116000.0;91.26590467974984;1.0;1.873818525519849;;
4622;Kvam;2021;261;19091.0;65744.0;9316000.0;1725000.0;2652000.0;521000.0;2077000.0;487.9786286731968;90.35671258708292;138.91362422083705;258.7082918652768;27.290346236446492;31.59223655390606;515.2689749096432;546.8612114635494;2703000.0;141.58504007123776;0.9630040695523493;0.6381798002219756;;
4623;Samnanger;2021;261;2779.0;13885.0;3360000.0;557000.0;994000.0;183000.0;555000.0;1209.0680100755667;200.43181000359843;357.6826196473552;650.9535804246132;65.85102554875854;39.971191933741444;1274.9190356243253;1314.8902275580667;767000.0;275.99856063332135;1.0;0.7262059973924381;;
4624;Bjørnafjorden;2021;261;9272.0;112564.0;12552000.0;3600000.0;2338000.0;2456000.0;6548000.0;1353.753235547886;388.26574633304574;252.15703192407247;713.3304572907679;264.8835202761001;58.17135140897623;1618.6367558239863;1676.8081072329626;1643000.0;177.20017256255392;1.0;2.1911138161898966;;
4625;Austevoll;2021;261;6150.0;34365.0;3375000.0;1146000.0;0.0;711000.0;2110000.0;548.780487804878;186.34146341463415;0.0;362.4390243902439;115.60975609756098;61.399679906882;664.390243902439;725.789923809321;1549000.0;251.869918699187;1.0;0.7398321497740478;renhold_urimelig_lav;
4626;Øygarden;2021;261;38405.0;180518.0;35520000.0;12009000.0;11387000.0;3695000.0;7273000.0;924.8795729722692;312.6936596797292;296.49785184220804;315.688061450332;96.21143080328082;40.2896110083205;1021.09100377555;1061.3806147838704;8806000.0;229.29306079937507;1.0;1.3637292754939814;;
4627;Askøy;2021;261;12522.0;115759.0;9824000.0;2725000.0;3365000.0;567000.0;9748000.0;784.53921098866;217.6169940904009;268.7270404088804;298.1951764893787;45.28030666027791;84.20943511951555;829.8195176489379;914.0289527684535;3306000.0;264.01533301389554;1.0;0.824258923169994;;
4628;Vaksdal;2021;261;5943.0;27711.0;4989000.0;957000.0;1673000.0;400000.0;1459000.0;839.475012619889;161.02978293791014;281.50765606595996;396.9375736160188;67.30607437321218;52.650571975027965;906.7810869931011;959.4316589681291;1283000.0;215.8842335520781;1.0;0.7459080280592361;;
4629;Modalen;2021;261;1422.0;8049.0;1974000.0;200000.0;411000.0;107000.0;283000.0;1388.1856540084389;140.64697609001408;289.0295358649789;958.5091420534459;75.24613220815752;35.15964716113803;1463.4317862165963;1498.5914333777343;284000.0;199.71870604781998;1.0;0.7042253521126761;;
4630;Osterøy;2021;261;7381.0;34514.0;4405000.0;1386000.0;1580000.0;672000.0;75000.0;596.8026012735402;187.77943368107302;214.0631350765479;194.96003251591924;91.0445739059748;2.173031233702266;687.8471751795149;690.0202064132172;;;;;;kwh_mangler
4631;Alver;2021;261;17063.0;124985.0;20079000.0;5091000.0;5107000.0;2732000.0;12938000.0;1176.7567250776533;298.3648830803493;299.30258453964717;579.0892574576569;160.11252417511574;103.51642197063647;1336.8692492527691;1440.3856712234056;5090000.0;298.3062767391432;0.9919449901768173;1.0001964636542238;;
4632;Austrheim;2021;261;3625.0;16568.0;3888000.0;800000.0;1363000.0;511000.0;163000.0;1072.551724137931;220.68965517241378;376.0;475.86206896551727;140.9655172413793;9.838242394978272;1213.5172413793102;1223.3554837742886;489000.0;134.89655172413794;1.0;1.6359918200408996;;
4633;Fedje;2021;261;1273.0;6067.0;575000.0;320000.0;0.0;301000.0;474000.0;451.68892380204244;251.37470542026708;0.0;200.31421838177533;236.44933228593874;78.12757540794462;688.1382560879812;766.2658314959258;342000.0;268.65671641791045;1.0;0.935672514619883;renhold_urimelig_lav;
4634;Masfjorden;2021;261;3475.0;22465.0;4782000.0;1060000.0;1210000.0;207000.0;0.0;1376.1151079136691;305.0359712230216;348.2014388489209;722.8776978417267;59.568345323741006;0.0;1435.68345323741;1435.68345323741;542000.0;155.97122302158274;1.0;1.955719557195572;;
4635;Gulen;2021;261;3316.0;17310.0;3555000.0;459000.0;1398000.0;418000.0;2285000.0;1072.0747889022919;138.41978287092883;421.5922798552473;512.0627261761158;126.05548854041014;132.0046216060081;1198.130277442702;1330.1348990487102;505000.0;152.291917973462;0.9900990099009901;0.9089108910891088;;
4636;Solund;2021;261;1290.0;6913.0;1607000.0;349000.0;614000.0;443000.0;884000.0;1245.7364341085272;270.5426356589147;475.968992248062;499.2248062015504;343.4108527131783;127.87501808187473;1589.1472868217054;1717.02230490358;174000.0;134.88372093023256;1.0;2.0057471264367814;;
4637;Hyllestad;2021;261;3684.0;13217.0;2623000.0;413000.0;690000.0;166000.0;324000.0;711.9978284473399;112.10640608034745;187.29641693811075;412.5950054288817;45.05971769815418;24.51388363471287;757.057546145494;781.5714297802069;708000.0;192.18241042345278;1.0;0.5833333333333334;;
4638;Høyanger;2021;261;3445.0;26619.0;3255000.0;2258000.0;392000.0;60000.0;1857000.0;944.8476052249637;655.4426705370101;113.78809869375907;175.61683599419447;17.41654571843251;69.76219993237913;962.2641509433962;1032.0263508757753;3692000.0;1071.698113207547;1.0;0.6115926327193933;;kwh_urimelig_hoy
4639;Vik;2021;261;7162.0;16737.0;5853000.0;911000.0;1967000.0;350000.0;382000.0;817.2298240714885;127.19910639486177;274.64395420273667;415.38676347388997;48.86903099692823;22.823684053295096;866.0988550684167;888.9225391217118;1293000.0;180.53616308293772;1.0;0.7045630317092034;;
4640;Sogndal;2021;261;9681.0;51382.0;14167000.0;2628000.0;5423000.0;1000000.0;10000.0;1463.3818820369797;271.4595599628138;560.1694039871915;631.7529180869744;103.29511414110112;0.19462068428632595;1566.6769961780808;1566.871616862367;2387000.0;246.56543745480838;0.9811478843736908;1.100963552576456;;
4641;Aurland;2021;261;4346.0;22717.0;3147000.0;537000.0;1703000.0;520000.0;660000.0;724.1141279337322;123.56189599631846;391.8545789231477;208.697653014266;119.65025310630465;29.053132015671082;843.7643810400368;872.8175130557079;1199000.0;275.88587206626784;1.0;0.44787322768974147;;implisitt_pris_utenfor
4642;Lærdal;2021;261;3098.0;13358.0;2766000.0;1157000.0;620000.0;37000.0;0.0;892.8340865074241;373.4667527437056;200.1291155584248;319.2382182052937;11.943189154293092;0.0;904.7772756617172;904.7772756617172;900000.0;290.5100064557779;1.0;1.2855555555555558;;
4643;Årdal;2021;261;7189.0;39566.0;5352000.0;1710000.0;1368000.0;322000.0;3936000.0;744.4707191542634;237.86340242036445;190.29072193629156;316.3165947976075;44.79065238558909;99.47935095789315;789.2613715398526;888.7407224977458;1794000.0;249.54792043399638;0.9665551839464883;0.9531772575250836;;
4644;Luster;2021;261;8046.0;38524.0;4068000.0;1161000.0;0.0;425000.0;2463000.0;505.59284116331094;144.29530201342283;0.0;361.29753914988817;52.821277653492416;63.93417090644793;558.4141188168034;622.3482897232512;1798000.0;223.4650758140691;1.0;0.6457174638487209;renhold_urimelig_lav;
4645;Askvoll;2021;261;4141.0;16433.0;3122000.0;811000.0;740000.0;402000.0;1804000.0;753.9241729050954;195.84641390968366;178.70079690895918;379.3769620864525;97.07800048297513;109.77910302440212;851.0021733880706;960.7812764124727;842000.0;203.3325283747887;1.0;0.9631828978622329;;
4646;Fjaler;2021;261;3800.0;28018.0;2609000.0;467000.0;829000.0;237000.0;656000.0;686.578947368421;122.89473684210526;218.1578947368421;345.5263157894737;62.36842105263158;23.413519880077093;748.9473684210526;772.3608883011296;805000.0;211.8421052631579;1.0;0.5801242236024845;;
4647;Sunnfjord;2021;261;21558.0;136795.0;17649000.0;3968000.0;6359000.0;507000.0;6786000.0;818.6752017812413;184.06160126171258;294.9717042397254;339.64189627980335;23.51795157250209;49.607076282027855;842.1931533537434;891.8002296357712;5710000.0;264.86687076723257;1.0;0.6949211908931698;;
4649;Stad;2021;261;9542.0;57606.0;7871000.0;985000.0;3214000.0;455000.0;3808000.0;824.8794801928317;103.22783483546426;336.8266610773423;384.82498428002515;47.68392370572207;66.10422525431379;872.5634038985538;938.6676291528676;1692000.0;177.32131628589394;1.0;0.5821513002364066;;
4650;Gloppen;2021;261;6134.0;33775.0;2934000.0;1000000.0;0.0;1615000.0;3113000.0;478.3175741767199;163.02575806977504;0.0;315.2918161069449;263.28659928268667;92.16876387860844;741.6041734594066;833.772937338015;1764000.0;287.57743723508315;0.9971655328798186;0.5668934240362812;renhold_urimelig_lav;
4651;Stryn;2021;261;8886.0;40480.0;4150000.0;1224000.0;1126000.0;938000.0;2518000.0;467.02678370470403;137.74476704929103;126.7161827593968;202.56583389601622;105.55930677470178;62.20355731225296;572.5860904794058;634.7896477916588;1356000.0;152.59959486833222;1.0;0.9026548672566371;;
5001;Trondheim - Tråante;2021;261;176711.0;759208.0;100390000.0;22625000.0;36130000.0;23273000.0;73912000.0;568.1027213925562;128.03390847202493;204.4581265456027;235.61068637492855;131.70091278980934;97.35408478308975;699.8036341823656;797.1577189654554;34934000.0;197.69001363808704;1.0;0.6476498540104196;;
5006;Steinkjer - Stïentje;2021;261;37062.0;111015.0;11889000.0;3167000.0;1316000.0;716000.0;11790000.0;320.78678970373966;85.4514057525228;35.5080675624629;199.82731638875399;19.318979008148506;106.20186461289015;340.1057687118882;446.3076333247783;5938000.0;160.2180130591981;1.0;0.5333445604580667;renhold_urimelig_lav;
5007;Namsos - Nåavmesjenjaelmie;2021;261;12862.0;88551.0;11899000.0;2670000.0;6943000.0;3191000.0;6657000.0;925.1282848701602;207.58824444098897;539.807183952729;177.73285647644224;248.095164049137;75.17701663448183;1173.2234489192972;1248.400465553779;3784000.0;294.19996890063754;0.9600951374207188;0.7056025369978859;;
5014;Frøya;2021;261;7423.0;27646.0;4440000.0;982000.0;1637000.0;142000.0;1197000.0;598.1409133773407;132.29152633706047;220.53078270241141;245.31860433786878;19.129731914320356;43.2974028792592;617.270645291661;660.5680481709202;1338000.0;180.25057254479322;1.0;0.733931240657698;;
5020;Osen;2021;261;2089.0;7958.0;1854000.0;273000.0;760000.0;7000.0;447000.0;887.50598372427;130.68453805648636;363.81043561512683;393.0110100526568;3.350885591191958;56.169891932646394;890.856869315462;947.0267612481083;325000.0;155.5768310196266;1.0;0.8400000000000001;;
5021;Oppdal;2021;261;7044.0;34224.0;7054000.0;1270000.0;2689000.0;409000.0;3810000.0;1001.419647927314;180.2952867688813;381.7433276547416;439.38103350369107;58.06360022714367;111.32538569424965;1059.4832481544577;1170.8086338487074;1869000.0;265.33219761499146;1.0;0.6795077581594436;;
5022;Rennebu;2021;261;6786.0;21505.0;4733000.0;941000.0;152000.0;39000.0;330000.0;697.465369879163;138.66784556439728;22.399056881815504;536.3984674329502;5.747126436781609;15.345268542199488;703.2124963159446;718.5577648581441;2140000.0;315.3551429413498;1.0;0.4397196261682243;renhold_urimelig_lav;implisitt_pris_utenfor
5025;Røros - Rosse;2021;261;10567.0;29604.0;3855000.0;1549000.0;275000.0;241000.0;4727000.0;364.81499006340493;146.58843569603482;26.02441563357623;192.20213873379387;22.80685151887953;159.67436832860423;387.62184158228445;547.2962099108887;1566000.0;148.19721775338317;1.0;0.9891443167305236;renhold_urimelig_lav;
5026;Holtålen;2021;261;1550.0;13179.0;1929000.0;323000.0;364000.0;97000.0;1053000.0;1244.516129032258;208.38709677419354;234.83870967741936;801.2903225806451;62.58064516129032;79.89984065558843;1307.0967741935483;1386.9966148491367;350000.0;225.80645161290323;1.0;0.9228571428571428;;
5027;Midtre Gauldal;2021;261;7905.0;40604.0;6576000.0;1395000.0;1787000.0;190000.0;961000.0;831.8785578747628;176.47058823529412;226.0594560404807;429.348513598988;24.035420619860847;23.667618953797657;855.9139784946236;879.5815974484212;0.0;0.0;;;;kwh_null|kwh_urimelig_lav
5028;Melhus;2021;261;22790.0;97231.0;13651000.0;3349000.0;2459000.0;1397000.0;9285000.0;598.9907854322071;146.95041684949538;107.89820096533568;344.14216761737606;61.2988152698552;95.4942353776059;660.2896007020623;755.7838360796683;3187000.0;139.84203598069328;0.980859742704738;1.0508315029808597;;
5029;Skaun;2021;261;9720.0;46711.0;4831000.0;827000.0;1492000.0;577000.0;4623000.0;497.0164609053498;85.08230452674897;153.49794238683128;258.43621399176953;59.36213991769547;98.97026396352037;556.3786008230453;655.3488647865656;1989000.0;204.62962962962962;1.0;0.41578682755153346;;implisitt_pris_utenfor
5031;Malvik;2021;261;9868.0;62759.0;5028000.0;619000.0;2453000.0;4536000.0;5768000.0;509.5257397648966;62.72800972841508;248.58127280097284;198.21645723550873;459.66761248479935;91.90713682499721;969.193352249696;1061.100489074693;994000.0;100.72963113092825;1.0;0.6227364185110664;;
5032;Selbu;2021;261;7402.0;29280.0;8143000.0;1306000.0;2815000.0;801000.0;749000.0;1100.1080788975953;176.4388003242367;380.3026209132667;543.3666576600918;108.21399621723859;25.580601092896174;1208.3220751148338;1233.9026762077299;1544000.0;208.59227235882193;1.0;0.8458549222797928;;
5033;Tydal;2021;261;3244.0;13494.0;2225000.0;552000.0;626000.0;9000.0;1403000.0;685.8816276202219;170.16029593094945;192.97163995067817;322.7496917385943;2.7743526510480887;103.97213576404327;688.65598027127;792.6281160353133;688000.0;212.0838471023428;1.0;0.8023255813953488;;
5034;Meråker;2021;261;7084.0;16105.0;2885000.0;810000.0;366000.0;429000.0;1298000.0;407.2557876905703;114.34217955957087;51.665725578769056;241.24788255223038;60.559006211180126;80.59608817137534;467.8147939017504;548.4108820731258;698000.0;98.53190287972896;0.9340974212034384;1.1604584527220632;;
5035;Stjørdal;2021;261;29976.0;152359.0;13619000.0;3103000.0;3895000.0;893000.0;6906000.0;454.3301307712837;103.5161462503336;129.9372831598612;220.87670136108886;29.790499065919402;45.32715494325901;484.12062983720307;529.447784780462;7048000.0;235.1214304777155;1.0;0.440266742338252;;implisitt_pris_utenfor
5036;Frosta;2021;261;4460.0;14360.0;2226000.0;694000.0;688000.0;1525000.0;623000.0;499.1031390134529;155.60538116591928;154.26008968609867;189.23766816143498;341.92825112107624;43.38440111420613;841.0313901345291;884.4157912487353;816000.0;182.9596412556054;1.0;0.8504901960784313;;
5037;Levanger;2021;261;10740.0;93474.0;7284000.0;1430000.0;2222000.0;295000.0;12074000.0;678.2122905027933;133.14711359404097;206.8901303538175;338.1750465549348;27.467411545623836;129.169608661232;705.6797020484171;834.8493107096491;1512000.0;140.78212290502793;1.0;0.9457671957671958;;
5038;Verdal;2021;261;10600.0;73800.0;8961000.0;2891000.0;1623000.0;742000.0;1885000.0;845.377358490566;272.7358490566038;153.11320754716982;419.52830188679246;70.0;25.5420054200542;915.377358490566;940.9193639106203;2450000.0;231.1320754716981;1.0;1.1800000000000002;;
5041;Snåase - Snåsa;2021;261;6014.0;18203.0;1763000.0;787000.0;42000.0;113000.0;1937000.0;293.1493182573994;130.86132357831727;6.983704689058863;155.30428999002328;18.789491187229796;106.41103114871176;311.9388094446292;418.34984059334096;834000.0;138.67642168274028;1.0;0.9436450839328537;renhold_urimelig_lav;
5042;Lierne;2021;261;5202.0;16510.0;3102000.0;525000.0;1187000.0;294000.0;1236000.0;596.3091118800461;100.92272202998846;228.18146866589774;267.20492118415996;56.516724336793544;74.86371895820714;652.8258362168397;727.6895551750468;1216000.0;233.75624759707804;1.0;0.4317434210526316;;implisitt_pris_utenfor
5043;Raarvihke - Røyrvik;2021;261;3241.0;8151.0;1611000.0;348000.0;509000.0;221000.0;1264000.0;497.0688059240975;107.37426720148102;157.0502931194076;232.64424560320887;68.18883060783709;155.07299717826032;565.2576365319346;720.3306337101949;1222000.0;377.04412218451097;0.9263502454991817;0.2847790507364975;;implisitt_pris_utenfor
5044;Namsskogan;2021;261;3771.0;12883.0;1188000.0;571000.0;0.0;268000.0;994000.0;315.035799522673;151.41872182444976;0.0;163.61707769822328;71.06868204720233;77.15594193898937;386.10448156987536;463.26042350886473;829000.0;219.83558737735348;1.0;0.6887816646562124;renhold_urimelig_lav;
5045;Grong;2021;261;7661.0;26813.0;3545000.0;635000.0;834000.0;147000.0;2884000.0;462.73332463124916;82.88735152068921;108.86307270591307;270.9829004046469;19.188095548883958;107.55976578525342;481.92142018013317;589.4811859653865;1624000.0;211.98276987338468;1.0;0.3910098522167488;;implisitt_pris_utenfor
5046;Høylandet;2021;261;2671.0;11776.0;1908000.0;464000.0;354000.0;144000.0;1377000.0;714.3391988019468;173.7177087233246;132.53463122426058;408.08685885436165;53.91239236241108;116.93274456521739;768.2515911643579;885.1843357295753;1113000.0;416.69786596780233;1.0;0.4168912848158131;;implisitt_pris_utenfor
5047;Overhalla;2021;261;7016.0;23343.0;1925000.0;368000.0;427000.0;222000.0;609000.0;274.3728620296465;52.451539338654506;60.860889395667044;161.06043329532497;31.641961231470923;26.08919162061432;306.01482326111744;332.10401488173176;1320000.0;188.14139110604333;1.0;0.2787878787878788;DV_uteligger_lav;implisitt_pris_utenfor
5049;Flatanger;2021;261;4262.0;12367.0;1677000.0;315000.0;366000.0;286000.0;88000.0;393.4772407320507;73.90896292820273;85.87517597372126;233.6931018301267;67.1046457062412;7.1157111668149104;460.58188643829186;467.69759760510675;600000.0;140.77897700610043;1.0;0.525;;
5052;Leka;2021;261;1070.0;5220.0;2188000.0;283000.0;661000.0;124000.0;254000.0;2044.8598130841121;264.4859813084112;617.7570093457944;1162.6168224299065;115.88785046728972;48.65900383141762;2160.7476635514017;2209.4066673828193;282000.0;263.5514018691589;1.0;1.00354609929078;DV_uteligger_hoy;
5053;Inderøy;2021;261;2620.0;29971.0;2825000.0;361000.0;709000.0;51000.0;3181000.0;1078.2442748091603;137.78625954198472;270.6106870229008;669.8473282442748;19.46564885496183;106.13593140035367;1097.7099236641222;1203.845855064476;500000.0;190.83969465648855;1.0;0.722;;
5054;Indre Fosen;2021;261;17782.0;60980.0;13589000.0;2548000.0;3994000.0;2787000.0;5560000.0;764.1997525587673;143.2909683950062;224.60915532561017;396.29962883815097;156.73152626251266;91.17743522466382;920.93127882128;1012.1087140459438;2614000.0;147.00258688561468;1.0;0.9747513389441469;;
5055;Heim;2021;261;7777.0;35104.0;8151000.0;1654000.0;2395000.0;1080000.0;3060000.0;1048.0905233380481;212.67841069821267;307.95936736530797;527.4527452745275;138.87102996013888;87.16955332725615;1186.961553298187;1274.1311066254432;2133000.0;274.2702841712743;1.0;0.7754336615096108;;
5056;Hitra;2021;261;11386.0;29398.0;8481000.0;1089000.0;3243000.0;1052000.0;2919000.0;744.862111364834;95.6437730546285;284.8234674161251;364.39487089408044;92.3941682768312;99.2924688754337;837.2562796416652;936.5487485170988;2547000.0;223.69576673107323;1.0;0.42756183745583043;;implisitt_pris_utenfor
5057;Ørland;2021;261;23778.0;98242.0;10068000.0;2752000.0;3423000.0;1323000.0;5978000.0;423.4166035831441;115.73723610059719;143.95659853646228;163.7227689460846;55.63966691900076;60.84973840109118;479.05627050214486;539.906008903236;5272000.0;221.717554041551;0.9808421851289834;0.5220030349013657;;
5058;Åfjord;2021;261;11032.0;22079.0;8202000.0;1524000.0;2299000.0;460000.0;755000.0;743.4735315445976;138.14358230601886;208.3937635968093;396.9361856417694;41.69688179840464;34.19538928393496;785.1704133430022;819.3658026269372;2174000.0;197.0630891950689;1.0;0.7010119595216191;;
5059;Orkland;2021;261;24066.0;110101.0;15823000.0;3102000.0;6431000.0;537000.0;7790000.0;657.4835868029585;128.89553727250063;267.2234687941494;261.3645807363085;22.31363749688357;70.75321750029518;679.7972242998421;750.5504418001373;5475000.0;227.4993767140364;0.9612785388127854;0.5665753424657535;;
5060;Nærøysund;2021;261;22000.0;95485.0;8370000.0;2216000.0;1994000.0;441000.0;7696000.0;380.45454545454544;100.72727272727273;90.63636363636364;189.0909090909091;20.045454545454547;80.59904697072838;400.5;481.0990469707284;5200000.0;236.36363636363637;1.0;0.42615384615384616;;implisitt_pris_utenfor
5061;Rindal;2021;261;6000.0;17550.0;4506000.0;1198000.0;1174000.0;514000.0;0.0;751.0;199.66666666666666;195.66666666666666;355.6666666666667;85.66666666666667;0.0;836.6666666666666;836.6666666666666;1369000.0;228.16666666666666;1.0;0.87509130752374;;
5401;Tromsø (2020-2023);2021;261;59920.0;330382.0;52223000.0;7065000.0;14843000.0;6226000.0;22443000.0;871.545393858478;117.90720961281708;247.71361815754338;505.9245660881175;103.90520694259013;67.9304562597236;975.450600801068;1043.3810570607916;13587000.0;226.75233644859813;1.0;0.5199823360565246;;
5402;Harstad (2020-2023);2021;261;43650.0;139137.0;20443000.0;4287000.0;4786000.0;2775000.0;14458000.0;468.33906071019476;98.21305841924399;109.64490263459335;260.4810996563574;63.57388316151203;103.91197165383758;531.9129438717067;635.8249155255443;10003000.0;229.16380297823596;1.0;0.4285714285714286;;implisitt_pris_utenfor
5403;Alta (2020-2023);2021;261;61992.0;179122.0;16584000.0;3345000.0;6581000.0;431000.0;8191000.0;267.51838946960896;53.95857530003872;106.1588592076397;107.40095496193057;6.952510001290489;45.72860955103226;274.4708994708995;320.19950902193176;3983000.0;64.25022583559169;1.0;0.8398192317348732;DV_uteligger_lav;kwh_uteligger
5404;Vardø (2020-2023);2021;261;3000.0;10810.0;2032000.0;664000.0;0.0;247000.0;1242000.0;677.3333333333334;221.33333333333334;0.0;456.0;82.33333333333333;114.8936170212766;759.6666666666666;874.5602836879432;360000.0;120.0;1.0;1.8444444444444446;renhold_urimelig_lav;
5405;Vadsø (2020-2023);2021;261;10748.0;60750.0;5900000.0;1664000.0;2150000.0;449000.0;1346000.0;548.9393375511723;154.81950130256791;200.03721622627467;194.08262002232973;41.77521399330108;22.156378600823047;590.7145515444734;612.8709301452964;2567000.0;238.83513211760328;1.0;0.6482275029216984;;
5406;Hammerfest (2020-2023);2021;261;21391.0;110899.0;18375000.0;3002000.0;8339000.0;1234000.0;4404000.0;859.0061240708709;140.33939507269412;389.8368472722173;328.8298817259595;57.687812631480526;39.71180984499409;916.6939367023515;956.4057465473456;5733000.0;268.00991071011174;1.0;0.5236350950636665;;
5411;Kvæfjord (2020-2023);2021;261;3448.0;24193.0;4376000.0;769000.0;1481000.0;382000.0;420000.0;1269.141531322506;223.0278422273782;429.5243619489559;616.5893271461717;110.78886310904872;17.360393502252716;1379.9303944315545;1397.2907879338072;567000.0;164.4431554524362;1.0;1.3562610229276895;;
5412;Tjeldsund (2020-2023);2021;261;4648.0;18808.0;4969000.0;1422000.0;1525000.0;1136000.0;1506000.0;1069.0619621342512;305.9380378657487;328.0981067125646;435.02581755593803;244.40619621342512;80.07230965546576;1313.4681583476763;1393.540468003142;2297000.0;494.19104991394147;1.0;0.6190683500217675;;kwh_uteligger
5413;Ibestad (2020-2023);2021;261;2162.0;9433.0;2872000.0;518000.0;738000.0;51000.0;416000.0;1328.399629972248;239.59296947271045;341.35060129509714;747.4560592044403;23.58926919518964;44.10049825082158;1351.9888991674375;1396.089397418259;543000.0;251.1563367252544;1.0;0.9539594843462247;;
5414;Gratangen (2020-2023);2021;261;4931.0;11071.0;1127000.0;451000.0;1000.0;1065000.0;10000.0;228.55404583248833;91.4621780571892;0.2027986209693774;136.88906915432975;215.98053133238693;0.9032607713846987;444.53457716487526;445.43783793625994;777000.0;157.57452849320626;0.9613899613899614;0.5804375804375803;renhold_urimelig_lav;
5415;Loabák - Lavangen (2020-2023);2021;261;1735.0;9085.0;910000.0;413000.0;261000.0;213000.0;2518000.0;524.4956772334294;238.04034582132564;150.43227665706053;136.02305475504323;122.76657060518733;277.16015410016513;647.2622478386168;924.4224019387818;572000.0;329.68299711815564;1.0;0.722027972027972;;
5416;Bardu (2020-2023);2021;261;4613.0;25744.0;2848000.0;762000.0;983000.0;873000.0;2422000.0;617.3856492521136;165.18534576197703;213.09343160632994;239.10687188380663;189.24777801864298;94.08017402113114;806.6334272707566;900.7136012918877;1305000.0;282.89616301755905;1.0;0.5839080459770116;;
5417;Salangen (2020-2023);2021;261;4100.0;16897.0;2691000.0;911000.0;589000.0;389000.0;588000.0;656.3414634146342;222.1951219512195;143.65853658536585;290.4878048780488;94.8780487804878;34.79907675918802;751.219512195122;786.01858895431;1276000.0;311.219512195122;1.0;0.713949843260188;;
5418;Målselv (2020-2023);2021;261;11878.0;45083.0;9076000.0;2413000.0;2414000.0;1848000.0;40000.0;764.1017006230005;203.148678228658;203.23286748610877;357.7201549082337;155.58174776898468;0.8872524011268106;919.6834483919852;920.570700793112;2659000.0;223.85923556154233;1.0;0.9074840165475743;;
5419;Sørreisa (2020-2023);2021;261;6863.0;24761.0;4063000.0;797000.0;1335000.0;285000.0;2689000.0;592.0151537228617;116.129972315314;194.5213463499927;281.363835057555;41.52702899606586;108.59819878034006;633.5421827189276;742.1403814992677;885000.0;128.95235319830977;1.0;0.9005649717514126;;
5420;Dyrøy (2020-2023);2021;261;2300.0;9114.0;1285000.0;628000.0;0.0;237000.0;741000.0;558.695652173913;273.04347826086956;0.0;285.6521739130435;103.04347826086956;81.30348913759052;661.7391304347826;743.0426195723732;924000.0;401.7391304347826;0.46645021645021645;0.6796536796536796;renhold_urimelig_lav;
5421;Senja (2020-2023);2021;261;28994.0;103565.0;13018000.0;4113000.0;4255000.0;2328000.0;10698000.0;448.98944609229494;141.8569359177761;146.75450093122714;160.37800924329173;80.29247430502862;103.29744604837542;529.2819203973236;632.579366445699;6662000.0;229.7716768986687;1.0;0.6173821675172622;;
5422;Balsfjord (2020-2023);2021;261;12531.0;38537.0;6449000.0;873000.0;2187000.0;628000.0;2916000.0;514.643683664512;69.66722528130236;174.52717261192242;270.4492857712872;50.11571303168143;75.66754028595895;564.7593966961934;640.4269369821524;2995000.0;239.00726199026414;1.0;0.29148580968280463;;implisitt_pris_utenfor
5423;Karlsøy (2020-2023);2021;261;3726.0;13941.0;3515000.0;979000.0;1287000.0;1126000.0;3829000.0;943.3709071390231;262.7482555018787;345.41062801932367;335.2120236178207;302.2007514761138;274.65748511584536;1245.5716586151368;1520.2291437309823;1445000.0;387.81535158346753;1.0;0.6775086505190312;;
5424;Lyngen (2020-2023);2021;261;13190.0;24830.0;1823000.0;435000.0;269000.0;1105000.0;803000.0;138.21076573161486;32.97952994692949;20.39423805913571;84.83699772554967;83.77558756633813;32.33991139750302;221.986353297953;254.32626469545602;1864000.0;141.31918119787719;1.0;0.23336909871244632;drift_urimelig_lav|energi_urimelig_lav|renhold_urimelig_lav;implisitt_pris_utenfor
5425;Storfjord - Omasvuotna - Omasvuono (2020-2023);2021;261;1850.0;23986.0;1383000.0;171000.0;389000.0;94000.0;1375000.0;747.5675675675676;92.43243243243244;210.27027027027026;444.86486486486484;50.810810810810814;57.32510631201534;798.3783783783783;855.7034846903937;170000.0;91.89189189189189;1.0;1.0058823529411764;;
5426;Gáivuotna - Kåfjord - Kaivuono (2020-2023);2021;261;5500.0;15860.0;5033000.0;799000.0;1790000.0;715000.0;1210000.0;915.0909090909091;145.27272727272728;325.45454545454544;444.3636363636364;130.0;76.29255989911728;1045.090909090909;1121.3834689900264;914000.0;166.1818181818182;1.0;0.8741794310722101;;
5427;Skjervøy (2020-2023);2021;261;8850.0;29239.0;4137000.0;831000.0;1834000.0;932000.0;1810000.0;467.45762711864404;93.89830508474576;207.2316384180791;166.3276836158192;105.31073446327683;61.90362187489312;572.7683615819209;634.671983456814;1906000.0;215.36723163841808;0.9895068205666316;0.43599160545645327;;implisitt_pris_utenfor
5428;Nordreisa (2020-2023);2021;261;11378.0;38939.0;8085000.0;1982000.0;3480000.0;543000.0;2967000.0;710.5818245737388;174.1958164879592;305.8534013007558;230.53260678502372;47.72367727192828;76.19610159480213;758.3055018456671;834.5016034404692;3381000.0;297.15239936719985;1.0;0.5862170955338657;;
5429;Kvænangen (2020-2023);2021;261;1586.0;10662.0;2800000.0;601000.0;1087000.0;701000.0;364000.0;1765.4476670870113;378.9407313997478;685.3720050441362;701.1349306431274;441.9924337957125;34.13993622209717;2207.440100882724;2241.5800371048213;1071000.0;675.2837326607819;1.0;0.5611577964519141;DV_uteligger_hoy;kwh_urimelig_hoy
5430;Guovdageaidnu-Kautokeino (2020-2023);2021;261;2751.0;21937.0;3773000.0;772000.0;605000.0;1369000.0;2493000.0;1371.501272264631;280.6252271901127;219.92002908033442;870.956015994184;497.63722282806253;113.64361580890733;1869.1384950926936;1982.7821109016008;849000.0;308.6150490730643;0.9469964664310954;0.9093050647820967;;
5432;Loppa (2020-2023);2021;261;3570.0;14015.0;3126000.0;382000.0;0.0;164000.0;38000.0;875.6302521008404;107.00280112044818;0.0;768.6274509803922;45.938375350140056;2.7113806635747415;921.5686274509804;924.2800081145551;1524000.0;426.890756302521;1.0;0.25065616797900264;renhold_urimelig_lav;implisitt_pris_utenfor
5433;Hasvik (2020-2023);2021;261;2180.0;9880.0;2087000.0;568000.0;718000.0;392000.0;827000.0;957.3394495412844;260.55045871559633;329.35779816513764;367.43119266055044;179.8165137614679;83.70445344129554;1137.1559633027523;1220.8604167440478;1029000.0;472.0183486238532;1.0;0.5519922254616132;;kwh_uteligger
5434;Måsøy (2020-2023);2021;261;3263.0;14661.0;2413000.0;433000.0;652000.0;308000.0;0.0;739.5035243640822;132.6999693533558;199.81612013484522;406.9874348758811;94.39166411277965;0.0;833.8951884768618;833.8951884768618;341000.0;104.50505669629176;1.0;1.2697947214076246;;
5435;Nordkapp (2020-2023);2021;261;4006.0;27126.0;3919000.0;731000.0;1358000.0;1067000.0;0.0;978.2825761357963;182.47628557164253;338.99151273090365;456.8147778332501;266.35047428856717;0.0;1244.6330504243635;1244.6330504243635;1850000.0;461.8072890664004;1.0;0.3951351351351351;;implisitt_pris_utenfor
5436;Porsanger - Porsángu - Porsanki  (2020-2023);2021;261;7647.0;35246.0;5161000.0;1335000.0;2023000.0;390000.0;2463000.0;674.9051915783967;174.57826598666145;264.5481888322218;235.77873675951352;51.00039231071008;69.88027010157181;725.9055838891069;795.7858539906787;460000.0;60.15430887929907;1.0;2.9021739130434785;;kwh_uteligger
5437;Kárásjohka-Karasjok (2020-2023);2021;261;5344.0;26160.0;2082000.0;1125000.0;0.0;2085000.0;126000.0;389.59580838323353;210.51646706586826;0.0;179.07934131736528;390.1571856287425;4.81651376146789;779.752994011976;784.569507773444;1757000.0;328.77994011976045;1.0;0.6402959590210586;renhold_urimelig_lav;
5438;Lebesby (2020-2023);2021;261;1429.0;12958.0;1657000.0;158000.0;1139000.0;113000.0;643000.0;1159.552134359692;110.5668299510147;797.0608817354794;251.92442267319805;79.07627711686494;49.621855224571696;1238.628411476557;1288.2502667011286;635000.0;444.3666899930021;1.0;0.24881889763779527;;implisitt_pris_utenfor
5440;Berlevåg (2020-2023);2021;261;2300.0;11860.0;2561000.0;604000.0;634000.0;181000.0;576000.0;1113.4782608695652;262.60869565217394;275.6521739130435;575.2173913043479;78.69565217391305;48.566610455311974;1192.1739130434783;1240.7405234987903;918000.0;399.1304347826087;1.0;0.6579520697167757;;
5441;Deatnu-Tana (2020-2023);2021;261;4319.0;22048.0;963000.0;103000.0;38000.0;109000.0;2550000.0;222.9682796943737;23.84811298911785;8.798332947441537;190.32183375781432;25.237323454503358;115.6567489114659;248.20560314887706;363.86235206034297;129000.0;29.868025005788375;1.0;0.7984496124031009;energi_urimelig_lav|renhold_urimelig_lav;kwh_urimelig_lav
5442;Unjárga-Nesseby (2020-2023);2021;261;3462.0;9892.0;1225000.0;454000.0;465000.0;273000.0;-157000.0;353.841709994223;131.13807047949163;134.315424610052;88.38821490467937;78.85615251299826;-15.871411241407198;432.69786250722126;416.82645126581406;731000.0;211.14962449451184;1.0;0.6210670314637483;;
5443;Båtsfjord (2020-2023);2021;261;3563.0;19963.0;2091000.0;432000.0;534000.0;296000.0;334000.0;586.8650014033118;121.24614089250632;149.8737019365703;315.7451585742352;83.076059500421;16.730952261684116;669.9410609037328;686.672013165417;1826000.0;512.4894751613808;1.0;0.23658269441401975;;kwh_urimelig_hoy|implisitt_pris_utenfor
5444;Sør-Varanger (2020-2023);2021;261;0.0;0.0;12482000.0;3435000.0;4805000.0;700000.0;1379000.0;;;;;;;;;2329000.0;;1.0;;areal_mangler;areal_mangler
