kommune;kommunenavn;aargang;funksjon;eid_areal_m2;portefoljeareal_m2;drift_kr;energi_kr;renhold_kr;vedlikehold_kr;forvaltning_kr;drift_kr_m2;energi_kr_m2;renhold_kr_m2;ovrig_drift_kr_m2;vedlikehold_kr_m2;forvaltning_kr_m2;dv_kr_m2;fdv_kr_m2;energibruk_kwh;kwh_m2;fornybarandel;implisitt_energipris_kr_kwh;flagg_kostnad;flagg_energi
0301;Oslo - Oslove;2025;222;1120272.0;2389079.0;1240205000.0;144253000.0;247689000.0;441831000.0;389503000.0;1107.057036148364;128.76604967365068;221.09719782338576;757.1937886513275;394.3961823557136;163.03479290555063;1501.4532185040775;1664.4880114096281;143482000.0;128.07782395703902;1.0;1.0053734963270653;;
1101;Eigersund;2025;222;33601.0;53730.0;20589000.0;3439000.0;8802000.0;1993000.0;11285000.0;612.7496205470076;102.34814440046428;261.95648939019674;248.44498675634654;59.31371090146126;210.0316396798809;672.0633314484688;882.0949711283497;2740000.0;81.54519210737776;1.0;1.255109489051095;;
1103;Stavanger;2025;222;308255.0;691046.0;190928000.0;43861000.0;59439000.0;29819000.0;116727000.0;619.3833027850319;142.28804074548668;192.82412288527357;284.2711391542716;96.734846150103;168.9135021402338;716.1181489351349;885.0316510753687;27693000.0;89.83795883278455;1.0;1.5838298486982267;;
1106;Haugesund;2025;222;68010.0;144870.0;31966000.0;10306000.0;10577000.0;3489000.0;1003000.0;470.0191148360535;151.5365387443023;155.5212468754595;162.96132921629172;51.30127922364358;6.923448609097812;521.3203940596972;528.243842668795;7964000.0;117.10042640788119;0.7014063284781517;1.2940733299849323;;
1108;Sandnes;2025;222;184962.0;375026.0;121640000.0;20730000.0;33354000.0;24190000.0;34018000.0;657.6485980904185;112.07707529114089;180.32893242936387;365.24259036991384;130.78362041932937;90.7083775524897;788.4322185097479;879.1405960622376;18048000.0;97.5767995588283;0.9736812943262412;1.1486037234042554;;
1111;Sokndal;2025;222;8856.0;22443.0;6025000.0;1567000.0;2095000.0;333000.0;1396000.0;680.3297199638663;176.94218608852756;236.5627822944896;266.8247515808491;37.60162601626016;62.20202290246402;717.9313459801265;780.1333688825905;1139000.0;128.613369467028;1.0;1.3757682177348551;;
1112;Lund;2025;222;8350.0;23592.0;7477000.0;1546000.0;1645000.0;605000.0;830000.0;895.4491017964071;185.14970059880238;197.00598802395209;513.2934131736527;72.45508982035928;35.181417429637165;967.9041916167664;1003.0856090464035;1092000.0;130.77844311377245;1.0;1.4157509157509156;;
1114;Bjerkreim;2025;222;10075.0;16355.0;6312000.0;1310000.0;2119000.0;63000.0;0.0;626.5012406947891;130.02481389578165;210.32258064516128;286.15384615384613;6.253101736972705;0.0;632.7543424317618;632.7543424317618;927000.0;92.00992555831266;1.0;1.413160733549083;;
1119;Hå;2025;222;42225.0;87711.0;26051000.0;5394000.0;8673000.0;4870000.0;4768000.0;616.9567791592658;127.74422735346359;205.39964476021314;283.8129070455891;115.33451746595618;54.360342488399404;732.291296625222;786.6516391136214;4588000.0;108.65600947306098;0.8535309503051438;1.1756756756756757;;
1120;Klepp;2025;222;52328.0;87369.0;34139000.0;5780000.0;11442000.0;6092000.0;8764000.0;652.4040666564746;110.45711664883045;218.6592264179789;323.2877235896652;116.41950772053202;100.31017866749076;768.8235743770066;869.1337530444973;5138000.0;98.18835040513683;0.9383028415725964;1.1249513429349942;;
1121;Time;2025;222;48858.0;92117.0;29747000.0;5705000.0;11215000.0;1875000.0;10233000.0;608.8460436366613;116.7669573048426;229.54275655982644;262.5363297719923;38.376519710180524;111.08698720105953;647.2225633468419;758.3095505479014;4041000.0;82.70907527938107;1.0;1.4117792625587726;;
1122;Gjesdal;2025;222;32015.0;57459.0;25470000.0;5928000.0;7434000.0;1527000.0;4207000.0;795.5645791035452;185.16320474777447;232.2036545369358;378.1977198188349;47.69639231610183;73.2174245984093;843.260971419647;916.4783960180563;2608000.0;81.46181477432454;1.0;2.273006134969325;;
1124;Sola;2025;222;79392.0;173519.0;34875000.0;8820000.0;13453000.0;5000000.0;14697000.0;439.2759975816203;111.09431680773882;169.45032245062475;158.73135832325676;62.97863764611044;84.69965825068148;502.2546352277308;586.9542934784123;7373000.0;92.86829907295446;0.970161399701614;1.1962566119625662;;
1127;Randaberg;2025;222;30118.0;71912.0;20073000.0;5006000.0;7848000.0;2684000.0;4417000.0;666.4785178298691;166.21289594262566;260.5750713858822;239.69055050136132;89.11614317019722;61.42229391478474;755.5946610000664;817.0169549148511;4937000.0;163.9219071651504;1.0;1.0139760988454527;;
1130;Strand;2025;222;43427.0;67651.0;21675000.0;6078000.0;6801000.0;1624000.0;5281000.0;499.11345476316575;139.95901167476455;156.60764040804108;202.54680268036014;37.396089990098325;78.06240853793736;536.5095447532641;614.5719532912015;4533000.0;104.38206645635204;1.0;1.340833884844474;;
1133;Hjelmeland;2025;222;11589.0;26169.0;9205000.0;1411000.0;4288000.0;1472000.0;2321000.0;794.2876865993615;121.75338683234101;370.0060402105445;302.528259556476;127.01699887824661;88.69272803699033;921.3046854776081;1009.9974135145985;89000.0;7.679696263698335;1.0;15.85393258426966;;kwh_urimelig_lav|implisitt_pris_utenfor
1134;Suldal;2025;222;15556.0;43077.0;10362000.0;2384000.0;3253000.0;1502000.0;1383000.0;666.1095397274364;153.25276420673694;209.11545384417587;303.7413216765235;96.55438416045256;32.10529981196462;762.6639238878889;794.7692236998536;1778000.0;114.29673437901774;1.0;1.3408323959505062;;
1135;Sauda;2025;222;13153.0;26048.0;9445000.0;2456000.0;3650000.0;449000.0;721000.0;718.0871284117692;186.72546187181632;277.50323120200716;253.8584353379457;34.13669885197293;27.679668304668304;752.2238272637421;779.9034955684104;1803000.0;137.07899338553943;1.0;1.3621741541874652;;
1144;Kvitsøy;2025;222;1770.0;6644.0;1430000.0;324000.0;526000.0;61000.0;285000.0;807.909604519774;183.05084745762713;297.17514124293785;327.683615819209;34.463276836158194;42.895845875978324;842.3728813559322;885.2687272319106;228000.0;128.8135593220339;1.0;1.4210526315789473;;
1145;Bokn;2025;222;2770.0;11203.0;1666000.0;466000.0;659000.0;27000.0;514000.0;601.4440433212997;168.23104693140795;237.90613718411552;195.30685920577616;9.747292418772563;45.880567705078995;611.1913357400722;657.0719034451512;66000.0;23.826714801444044;1.0;7.0606060606060606;;kwh_urimelig_lav|implisitt_pris_utenfor
1146;Tysvær;2025;222;36030.0;86815.0;29402000.0;5038000.0;10056000.0;3493000.0;8131000.0;816.0421870663337;139.8279211767971;279.1007493755204;397.1135165140161;96.94698862059396;93.65892990842596;912.9891756869275;1006.6481055953535;3142000.0;87.20510685539828;0.9010184595798855;1.603437301082113;;
1149;Karmøy;2025;222;106780.0;185095.0;71503000.0;13894000.0;21394000.0;16405000.0;8607000.0;669.6291440344634;130.11799962539803;200.355871886121;339.15527252294436;153.63363925828807;46.50044571706421;823.2627832927515;869.7632290098156;9198000.0;86.13972654055067;0.8836703631224179;1.5105457708197436;;
1151;Utsira;2025;222;900.0;3099.0;697000.0;120000.0;177000.0;103000.0;156000.0;774.4444444444445;133.33333333333334;196.66666666666666;444.44444444444446;114.44444444444444;50.33881897386254;888.8888888888889;939.2277078627515;102000.0;113.33333333333333;1.0;1.1764705882352942;;
1160;Vindafjord;2025;222;25014.0;57021.0;15370000.0;4319000.0;5329000.0;1860000.0;2883000.0;614.4559046933717;172.66330854721355;213.04069720956264;228.7518989365955;74.35835931878148;50.56031988214868;688.8142640121532;739.3745838943018;2772000.0;110.8179419525066;1.0;1.558080808080808;;
1505;Kristiansund;2025;222;56596.0;122618.0;35038000.0;4656000.0;12999000.0;978000.0;18018000.0;619.0896883171955;82.26729804226447;229.68054279454378;307.1418474803873;17.28037317124885;146.94416806667863;636.3700614884444;783.3142295551231;16860000.0;297.9009117252103;1.0;0.2761565836298932;;implisitt_pris_utenfor
1506;Molde;2025;222;80632.0;172738.0;44717000.0;6736000.0;16773000.0;2610000.0;18508000.0;554.5813076694117;83.54003373350531;208.01914872507194;263.0221252108344;32.36928266693124;107.14492468362491;586.9505903363429;694.0955150199678;7015000.0;87.00019843238417;1.0;0.9602280826799715;;
1508;Ålesund;2025;222;134240.0;236304.0;73507000.0;11530000.0;19173000.0;21259000.0;10649000.0;547.5789630512514;85.89094159713945;142.82628128724673;318.86174016686533;158.3656138259833;45.06483174216264;705.9445768772348;751.0094086193974;11736000.0;87.42550655542313;1.0;0.9824471710974777;;
1511;Vanylven;2025;222;10731.0;23544.0;5535000.0;1365000.0;1597000.0;741000.0;2000.0;515.7953592395862;127.20156555772994;148.82117230453827;239.77262137731805;69.05227844562482;0.08494733265375468;584.8476376852111;584.9325850178649;1603000.0;149.38030006523158;1.0;0.8515283842794759;;
1514;Sande;2025;222;8064.0;19059.0;5416000.0;850000.0;1644000.0;222000.0;1054000.0;671.6269841269841;105.40674603174604;203.86904761904762;362.3511904761905;27.529761904761905;55.301957080644314;699.156746031746;754.4587031123904;1072000.0;132.93650793650792;1.0;0.7929104477611941;;
1515;Herøy (Møre og Romsdal);2025;222;25822.0;48362.0;13543000.0;2545000.0;5852000.0;3210000.0;5039000.0;524.4752536596701;98.55936798079158;226.6284563550461;199.28742932383238;124.31260165750136;104.19337496381456;648.7878553171714;752.981230280986;3437000.0;133.1035551080474;1.0;0.7404713412860052;;
1516;Ulstein;2025;222;19820.0;52462.0;11221000.0;1857000.0;4956000.0;3485000.0;7486000.0;566.1453077699293;93.69323915237135;250.05045408678103;222.40161453077698;175.83249243188698;142.69375929244023;741.9778002018163;884.6715594942566;2042000.0;103.02724520686175;1.0;0.9094025465230168;;
1517;Hareid;2025;222;12854.0;39890.0;6771000.0;1134000.0;2707000.0;235000.0;12202000.0;526.7620974015871;88.22156527151081;210.59592344795394;227.9446086821223;18.282246771433016;305.8912008022061;545.04434417302;850.9355449752261;1140000.0;88.68834604014314;1.0;0.9947368421052631;;
1520;Ørsta;2025;222;32898.0;69373.0;21521000.0;3336000.0;8924000.0;722000.0;4566000.0;654.173505988206;101.40434068940361;271.2626907410785;281.5064745577239;21.946622895008815;65.8181136753492;676.1201288832148;741.938242558564;3305000.0;100.46203416621071;1.0;1.0093797276853251;;
1525;Stranda;2025;222;12693.0;31168.0;7738000.0;1453000.0;2701000.0;312000.0;1032000.0;609.6273536594973;114.4725439218467;212.79445363586228;282.3603561017884;24.5804774285039;33.110882956878854;634.2078310880013;667.3187140448802;1593000.0;125.50224533207279;1.0;0.9121155053358444;;
1528;Sykkylven;2025;222;19836.0;32007.0;10300000.0;1805000.0;2530000.0;836000.0;1492000.0;519.257914902198;90.99616858237547;127.54587618471466;300.7158701351079;42.1455938697318;46.61480301184116;561.4035087719299;608.018311783771;1318000.0;66.44484775156282;1.0;1.3694992412746585;;
1531;Sula;2025;222;26659.0;58248.0;7534000.0;1298000.0;2712000.0;904000.0;7203000.0;282.6062492966728;48.68899808695;101.72924715855808;132.1880040511647;33.909749052852696;123.66089822826535;316.5159983495255;440.17689657779084;1603000.0;60.12978731385273;1.0;0.8097317529631941;DV_uteligger_lav;
1532;Giske;2025;222;23019.0;42930.0;13976000.0;1769000.0;5403000.0;4545000.0;5249000.0;607.1506147095878;76.84955905990704;234.71914505408574;295.58191059559493;197.44558842695164;122.26880969019334;804.5962031365394;926.8650128267327;2023000.0;87.88392197749685;1.0;0.8744438952051409;;
1535;Vestnes;2025;222;15667.0;43894.0;7578000.0;1449000.0;2698000.0;1136000.0;7577000.0;483.6918363439076;92.48739388523649;172.2091019340014;218.9953405246697;72.50909555115848;172.6204036998223;556.2009318950661;728.8213355948884;1732000.0;110.55083934384375;1.0;0.8366050808314088;;
1539;Rauma;2025;222;16943.0;49845.0;11103000.0;1933000.0;4099000.0;628000.0;3002000.0;655.3148793011864;114.08841409431624;241.9288201617187;299.2976450451514;37.065454760077905;60.2267027786137;692.3803340612642;752.6070368398779;2543000.0;150.09148320840464;1.0;0.760125835627212;;
1547;Aukra;2025;222;15198.0;32287.0;6697000.0;1204000.0;2744000.0;1583000.0;695000.0;440.65008553757076;79.22095012501644;180.55007237794447;180.87906303460983;104.15844190025004;21.525691454765077;544.8085274378208;566.3342188925858;1335000.0;87.84050532964864;1.0;0.9018726591760299;;
1554;Averøy;2025;222;14636.0;24793.0;10174000.0;1336000.0;3370000.0;1521000.0;2296000.0;695.1352828641706;91.28177097567641;230.25416780541133;373.5993440830828;103.92183656736813;92.60678417295205;799.0571194315387;891.6639036044908;1672000.0;114.23886307734354;0.9838516746411483;0.7990430622009569;;
1557;Gjemnes;2025;222;4429.0;18425.0;4555000.0;522000.0;1828000.0;112000.0;738000.0;1028.4488597877626;117.85956197787311;412.73425152404604;497.8550462858433;25.28787536689998;40.05427408412483;1053.7367351546625;1093.7910092387874;662000.0;149.46940618649808;1.0;0.7885196374622357;;
1560;Tingvoll;2025;222;9954.0;25783.0;6659000.0;1491000.0;1821000.0;2144000.0;4786000.0;668.977295559574;149.78902953586498;182.94153104279687;336.2467349809122;215.39079766927867;185.62618779816157;884.3680932288527;1069.9942810270143;1417000.0;142.35483222824996;1.0;1.0522230063514466;;
1563;Sunndal;2025;222;17072.0;48607.0;13884000.0;1935000.0;2569000.0;1900000.0;3709000.0;813.261480787254;113.34348641049672;150.48031865042174;549.4376757263356;111.2933458294283;76.30588186886662;924.5548266166822;1000.8607084855489;2706000.0;158.50515463917526;1.0;0.7150776053215078;;
1566;Surnadal;2025;222;11886.0;32375.0;9218000.0;1055000.0;3883000.0;253000.0;2238000.0;775.5342419653374;88.75988557967356;326.68685848897866;360.0874978966852;21.285546020528354;69.12741312741312;796.8197879858657;865.9472011132788;1724000.0;145.04459027427225;1.0;0.6119489559164734;;
1577;Volda;2025;222;24780.0;53044.0;16058000.0;2362000.0;6446000.0;3556000.0;14333000.0;648.0225988700565;95.31880548829702;260.12913640032286;292.57465698143665;143.50282485875707;270.20963728225627;791.5254237288135;1061.7350610110698;3254000.0;131.31557707828895;1.0;0.7258758451137062;;
1578;Fjord;2025;222;12134.0;31789.0;5831000.0;1318000.0;2076000.0;480000.0;0.0;480.5505192022416;108.6204054722268;171.08950057689137;200.84061315312346;39.558266029339045;0.0;520.1087852315807;520.1087852315807;1353000.0;111.50486237019943;1.0;0.9741315594974133;;
1580;Haram;2025;222;27699.0;54188.0;15990000.0;2622000.0;4320000.0;2678000.0;3152000.0;577.2771580201452;94.66045705621141;155.96230910863207;326.65439185530164;96.6821906928048;58.167860042813906;673.9593487129499;732.1272087557638;2717000.0;98.0901837611466;1.0;0.9650349650349651;;
1804;Bodø;2025;222;122966.0;228498.0;62865000.0;9253000.0;24536000.0;33350000.0;27717000.0;511.23887903973457;75.24844265894637;199.53483076622805;236.4556056145601;271.21318087926744;121.30084289578026;782.452059919002;903.7529028147823;12827000.0;104.31338744043069;1.0;0.72136898729243;;
1806;Narvik;2025;222;46411.0;121144.0;38959000.0;6225000.0;28164000.0;593000.0;12429000.0;839.4346167934326;134.12768524703196;606.8388959513908;98.46803559500981;12.777143349636939;102.59690946311827;852.2117601430696;954.8086696061878;6781000.0;146.10760380082309;0.9887922135378263;0.9180061937767291;;
1811;Bindal;2025;222;3100.0;12427.0;2762000.0;311000.0;963000.0;549000.0;488000.0;890.9677419354839;100.3225806451613;310.64516129032256;480.0;177.09677419354838;39.269332904160294;1068.0645161290322;1107.3338490331926;459000.0;148.06451612903226;1.0;0.6775599128540305;;
1812;Sømna;2025;222;5497.0;15834.0;5766000.0;1028000.0;2168000.0;637000.0;0.0;1048.9357831544478;187.01109696197926;394.39694378752046;467.5277424049481;115.88138984900856;0.0;1164.8171730034564;1164.8171730034564;1242000.0;225.94142259414227;1.0;0.8276972624798712;;
1813;Brønnøy;2025;222;18682.0;48141.0;12857000.0;1635000.0;4805000.0;5310000.0;8267000.0;688.2025479070763;87.5173964243657;257.1994433144203;343.48570816829033;284.23081040573817;171.72472528613864;972.4333583128144;1144.158083598953;1808000.0;96.77764693287656;1.0;0.9043141592920354;;
1815;Vega;2025;222;5400.0;12500.0;1731000.0;695000.0;19000.0;1185000.0;0.0;320.55555555555554;128.7037037037037;3.5185185185185186;188.33333333333334;219.44444444444446;0.0;540.0;540.0;1166000.0;215.92592592592592;1.0;0.5960548885077187;renhold_urimelig_lav;
1816;Vevelstad;2025;222;1425.0;5749.0;1038000.0;190000.0;377000.0;144000.0;0.0;728.421052631579;133.33333333333334;264.56140350877195;330.5263157894737;101.05263157894737;0.0;829.4736842105264;829.4736842105264;190000.0;133.33333333333334;1.0;1.0;;
1818;Herøy (Nordland);2025;222;4693.0;17268.0;3462000.0;430000.0;1267000.0;394000.0;958000.0;737.6944385254635;91.62582569784786;269.9765608352866;376.092051992329;83.9548263370978;55.478341440815385;821.6492648625613;877.1276063033766;917000.0;195.39740038354998;1.0;0.4689203925845147;;implisitt_pris_utenfor
1820;Alstahaug;2025;222;18260.0;45942.0;10846000.0;2075000.0;5161000.0;1183000.0;4082000.0;593.9759036144578;113.63636363636364;282.6396495071194;197.69989047097482;64.78641840087623;88.85116015846067;658.762322015334;747.6134821737946;2899000.0;158.76232201533406;1.0;0.7157640565712314;;
1822;Leirfjord;2025;222;7268.0;18895.0;3352000.0;280000.0;1112000.0;403000.0;15000.0;461.199779856907;38.52504127682994;152.99944964226748;269.67528893780957;55.448541552008805;0.793860809738026;516.6483214089158;517.4421822186538;798000.0;109.79636763896532;1.0;0.3508771929824562;energi_urimelig_lav;implisitt_pris_utenfor
1824;Vefsn;2025;222;36339.0;79242.0;21005000.0;2971000.0;3556000.0;2250000.0;6667000.0;578.0291147252263;81.75789097113294;97.85629764165222;398.41492611244115;61.91694873276645;84.13467605562707;639.9460634579928;724.0807395136198;3967000.0;109.16646027683755;1.0;0.7489286614570204;;
1825;Grane;2025;222;4000.0;8950.0;5535000.0;1028000.0;2230000.0;313000.0;0.0;1383.75;257.0;557.5;569.25;78.25;0.0;1462.0;1462.0;1197000.0;299.25;1.0;0.858813700918964;;
1826;Hattfjelldal - Aarborte;2025;222;5946.0;13946.0;4216000.0;939000.0;1641000.0;1189000.0;707000.0;709.0480995627313;157.9212916246216;275.98385469223007;275.1429532458796;199.966363942146;50.69553993976768;909.0144635048772;959.7100034446448;1681000.0;282.71106626303396;0.9042236763831053;0.5585960737656158;;
1827;Dønna;2025;222;3210.0;14242.0;4732000.0;1078000.0;1266000.0;401000.0;1489000.0;1474.1433021806854;335.82554517133957;394.39252336448595;743.9252336448598;124.9221183800623;104.5499227636568;1599.0654205607477;1703.6153433244044;1076000.0;335.20249221183803;1.0;1.0018587360594795;DV_uteligger_hoy;kwh_uteligger
1828;Nesna;2025;222;3500.0;9731.0;4048000.0;619000.0;0.0;324000.0;874000.0;1156.5714285714287;176.85714285714286;0.0;979.7142857142857;92.57142857142857;89.8160517932381;1249.142857142857;1338.9589089360952;1030000.0;294.2857142857143;1.0;0.6009708737864078;renhold_urimelig_lav;
1833;Rana;2025;222;50674.0;106140.0;37786000.0;6062000.0;14129000.0;30000.0;4849000.0;745.6683901014327;119.6274223467656;278.8214863638158;347.21948139085134;0.5920195761139835;45.68494441303938;746.2604096775467;791.9453540905861;8001000.0;157.8916209495994;1.0;0.757655293088364;;
1834;Lurøy;2025;222;10720.0;23488.0;6152000.0;1113000.0;2487000.0;4258000.0;732000.0;573.8805970149253;103.82462686567165;231.9962686567164;238.0597014925373;397.2014925373134;31.16485013623978;971.0820895522388;1002.2469396884786;1351000.0;126.02611940298507;1.0;0.8238341968911918;;
1835;Træna;2025;222;920.0;5050.0;1366000.0;505000.0;420000.0;336000.0;434000.0;1484.7826086956522;548.9130434782609;456.5217391304348;479.3478260869565;365.2173913043478;85.94059405940594;1850.0;1935.9405940594058;350000.0;380.4347826086956;1.0;1.442857142857143;DV_uteligger_hoy;kwh_uteligger
1836;Rødøy;2025;222;7678.0;15719.0;3050000.0;862000.0;1022000.0;1508000.0;64000.0;397.23886428757487;112.26882000520969;133.1075800989841;151.8624641833811;196.4053138838239;4.0715058209809785;593.6441781713988;597.7156839923798;1145000.0;149.1273769210732;1.0;0.7528384279475983;;
1837;Meløy;2025;222;20151.0;40209.0;14252000.0;1959000.0;5004000.0;679000.0;8565000.0;707.2601855987295;97.21601905612624;248.32514515408664;361.7190213885167;33.695598233338295;213.01201223606654;740.9557838320679;953.9677960681345;3497000.0;173.5397747010074;1.0;0.5601944523877609;;
1838;Gildeskål;2025;222;6948.0;24221.0;6231000.0;1191000.0;2261000.0;456000.0;2290000.0;896.8048359240069;171.4162348877375;325.4173862982153;399.97121473805413;65.63039723661485;94.54605507617357;962.4352331606218;1056.9812882367953;963000.0;138.60103626943004;1.0;1.2367601246105921;;
1839;Beiarn;2025;222;1900.0;11818.0;1920000.0;333000.0;526000.0;295000.0;33000.0;1010.5263157894736;175.26315789473685;276.8421052631579;558.421052631579;155.26315789473685;2.7923506515484853;1165.7894736842106;1168.5818243357592;405000.0;213.1578947368421;1.0;0.8222222222222222;;
1840;Saltdal;2025;222;16115.0;35577.0;11204000.0;696000.0;4950000.0;777000.0;1407000.0;695.2528699968973;43.189574930189266;307.1672354948806;344.8960595718275;48.215947874650944;39.548022598870055;743.4688178715483;783.0168404704183;2153000.0;133.60223394353088;1.0;0.32326985601486297;;implisitt_pris_utenfor
1841;Fauske - Fuossko;2025;222;16578.0;38940.0;12936000.0;1834000.0;5065000.0;4976000.0;6871000.0;780.3112558812885;110.62854385329955;305.5253951019423;364.1573169260466;300.15683435878873;176.45095017976374;1080.4680902400771;1256.919040419841;3235000.0;195.13813487754857;1.0;0.5669242658423492;;
1848;Steigen;2025;222;9369.0;22425.0;6221000.0;1087000.0;2413000.0;242000.0;205000.0;663.9982922403672;116.02092005550219;257.5514996264276;290.4258725584374;25.829864446579144;9.141583054626533;689.8281566869463;698.9697397415728;1284000.0;137.04771053474224;1.0;0.8465732087227414;;
1851;Lødingen;2025;222;4488.0;13420.0;4318000.0;601000.0;580000.0;67000.0;829000.0;962.1212121212121;133.9126559714795;129.23351158645275;698.9750445632799;14.928698752228163;61.77347242921014;977.0499108734402;1038.8233833026504;276000.0;61.49732620320856;1.0;2.1775362318840576;;
1853;Evenes - Evenássi;2025;222;4904.0;16553.0;2758000.0;377000.0;802000.0;173000.0;514000.0;562.3980424143556;76.87601957585645;163.53996737357258;321.9820554649266;35.27732463295269;31.051773092490787;597.6753670473083;628.7271401397991;399000.0;81.3621533442088;1.0;0.9448621553884713;;
1856;Røst;2025;222;1300.0;5795.0;1585000.0;430000.0;318000.0;15000.0;372000.0;1219.2307692307693;330.7692307692308;244.6153846153846;643.8461538461538;11.538461538461538;64.1932700603969;1230.7692307692307;1294.9625008296275;95000.0;73.07692307692308;1.0;4.526315789473684;;implisitt_pris_utenfor
1857;Værøy;2025;222;3500.0;10250.0;3626000.0;609000.0;1690000.0;444000.0;252000.0;1036.0;174.0;482.85714285714283;379.14285714285717;126.85714285714286;24.585365853658537;1162.857142857143;1187.4425087108013;599000.0;171.14285714285714;1.0;1.01669449081803;;
1859;Flakstad;2025;222;1947.0;6727.0;2625000.0;262000.0;1072000.0;59000.0;373000.0;1348.2280431432973;134.56599897277863;550.5906522855676;663.0713918849513;30.303030303030305;55.448193845696444;1378.5310734463276;1433.9792672920241;163000.0;83.71854134565999;1.0;1.607361963190184;;
1860;Vestvågøy;2025;222;26733.0;58757.0;15986000.0;3753000.0;6866000.0;2565000.0;4472000.0;597.9875060786294;140.3882841431938;256.8361201511241;200.76310178431152;95.94882729211088;76.11008050104668;693.9363333707403;770.046413871787;4561000.0;170.61309991396402;1.0;0.8228458671344003;;
1865;Vågan;2025;222;27005.0;59556.0;17811000.0;2544000.0;8826000.0;1798000.0;4523000.0;659.5445287909646;94.20477689316793;326.8283651175708;238.51138678022588;66.58026291427514;75.94532876620323;726.1247917052398;802.070120471443;3255000.0;120.53323458618775;1.0;0.7815668202764977;;
1866;Hadsel;2025;222;18274.0;52329.0;13645000.0;1526000.0;135000.0;1659000.0;8134000.0;746.6892853234103;83.50662142935317;7.387545146109226;655.7951187479479;90.78472146218671;155.43962238911502;837.474006785597;992.913629174712;2510000.0;137.35361716099376;1.0;0.6079681274900398;renhold_urimelig_lav;
1867;Bø;2025;222;8880.0;21111.0;5005000.0;1079000.0;2254000.0;301000.0;1527000.0;563.6261261261261;121.509009009009;253.82882882882882;188.2882882882883;33.8963963963964;72.33195964189285;597.5225225225225;669.8544821644153;1448000.0;163.06306306306305;1.0;0.7451657458563536;;
1868;Øksnes;2025;222;7518.0;32560.0;4962000.0;795000.0;2262000.0;2960000.0;2788000.0;660.0159616919393;105.7462090981644;300.877893056664;253.39185953711095;393.7217345038574;85.62653562653563;1053.7376961957968;1139.3642318223324;1010000.0;134.34424048949188;1.0;0.7871287128712872;;
1870;Sortland - Suortá;2025;222;20627.0;78022.0;14737000.0;2424000.0;5912000.0;8237000.0;6963000.0;714.4519319338731;117.51587724826683;286.6146313084792;310.3214233771271;399.33097396616085;89.2440593678706;1113.782905900034;1203.0269652679046;2822000.0;136.81097590536675;1.0;0.8589652728561304;;
1871;Andøy;2025;222;0.0;240.0;7142000.0;688000.0;2358000.0;634000.0;3064000.0;;;;;;;;;0.0;;;;areal_mangler;areal_mangler|kwh_mangler
1875;Hamarøy - Hábmer;2025;222;6240.0;34293.0;6176000.0;840000.0;2211000.0;330000.0;2574000.0;989.7435897435897;134.6153846153846;354.3269230769231;500.80128205128204;52.88461538461539;75.05904995188523;1042.628205128205;1117.6872550800904;1437000.0;230.28846153846155;1.0;0.5845511482254697;;
3101;Halden;2025;222;59274.0;117439.0;26582000.0;8107000.0;11356000.0;1065000.0;14888000.0;448.45969565070686;136.7716030637379;191.58484327023652;120.10324931673246;17.967405607855046;126.7721966297397;466.42710125856195;593.1992978883017;6092000.0;102.7769342376084;0.9739001969796455;1.3307616546290215;;
3103;Moss;2025;222;90548.0;181790.0;50280000.0;10336000.0;17576000.0;25892000.0;36877000.0;555.2855943808809;114.14940142244997;194.10699297610108;247.0291999823298;285.9477846004329;202.85494251609;841.2333789813138;1044.0883214974037;8383000.0;92.58073066219022;1.0;1.2329714899200763;;
3105;Sarpsborg;2025;222;106262.0;223480.0;71042000.0;11279000.0;22907000.0;15043000.0;20408000.0;668.5550808379289;106.14330616777399;215.57094728124824;346.8408273889067;141.56518793171594;91.31913370323966;810.1202687696449;901.4394024728846;9464000.0;89.06288230976266;1.0;1.1917793744716823;;
3107;Fredrikstad;2025;222;177246.0;400986.0;149366000.0;23277000.0;32057000.0;7797000.0;38068000.0;842.7044898051296;131.32595375918214;180.86162734278912;530.5169087031584;43.98970921769744;94.9359828023921;886.694199022827;981.6301818252191;20389000.0;115.03221511345814;0.9787140124576977;1.141645004659375;;
3110;Hvaler;2025;222;9776.0;19421.0;7901000.0;1629000.0;3564000.0;218000.0;6560000.0;808.2037643207856;166.63256955810147;364.56628477905076;277.0049099836334;22.29950900163666;337.77869316719017;830.5032733224223;1168.2819664896124;864000.0;88.37970540098199;1.0;1.8854166666666667;;
3112;Råde;2025;222;16967.0;35389.0;11832000.0;3145000.0;4319000.0;2888000.0;1723000.0;697.3536865680438;185.35981611363235;254.5529557376083;257.4409147168032;170.2127659574468;48.68744525134929;867.5664525254906;916.25389777684;2041000.0;120.29233217422055;0.9593336599706026;1.5409113179813816;;
3114;Våler (Østfold);2025;222;8220.0;21004.0;20197000.0;2824000.0;2742000.0;299000.0;2979000.0;2457.0559610705595;343.5523114355231;333.57664233576645;1779.9270072992701;36.37469586374696;141.83012759474386;2493.4306569343066;2635.2607845290504;1027000.0;124.93917274939173;0.9756572541382668;2.7497565725413824;DV_uteligger_hoy;
3116;Skiptvet;2025;222;13747.0;26884.0;9453000.0;2775000.0;2660000.0;337000.0;797000.0;687.6409398414199;201.86222448534227;193.49676293009384;292.28195242598383;24.5144395140758;29.64588602886475;712.1553793554957;741.8012653843605;2459000.0;178.87539099439877;1.0;1.1285075233834894;;
3118;Indre Østfold;2025;222;99066.0;184256.0;68620000.0;14740000.0;20402000.0;13503000.0;16357000.0;692.6695334423515;148.7896957583833;205.94351240587082;337.93632527809746;136.30307068015262;88.77322855158042;828.9726041225042;917.7458326740846;11937000.0;120.49542729089698;0.9557677808494597;1.2348161179525843;;
3120;Rakkestad;2025;222;18672.0;38997.0;10452000.0;2332000.0;2569000.0;526000.0;2118000.0;559.7686375321337;124.89288774635818;137.58568980291346;297.29005998286203;28.170522707797772;54.31187014385722;587.9391602399314;642.2510303837887;1484000.0;79.47729220222793;0.9346361185983828;1.5714285714285716;;
3122;Marker;2025;222;7820.0;22820.0;4828000.0;808000.0;1986000.0;80000.0;635000.0;617.3913043478261;103.32480818414322;253.96419437340154;260.10230179028133;10.230179028132993;27.82646801051709;627.6214833759591;655.4479513864762;618000.0;79.02813299232737;0.9838187702265372;1.307443365695793;;
3124;Aremark;2025;222;5427.0;16474.0;4266000.0;741000.0;1797000.0;231000.0;530000.0;786.0696517412936;136.5395245992261;331.12216694306244;318.40796019900495;42.564953012714206;32.17190724778439;828.6346047540077;860.806512001792;628000.0;115.71770775750875;1.0;1.179936305732484;;
3201;Bærum;2025;222;316211.0;613123.0;183107000.0;50471000.0;45223000.0;28273000.0;97166000.0;579.0658768986531;159.61177821138418;143.01526512360417;276.4388335636648;89.41181679321718;158.47717342197242;668.4776936918703;826.9548671138427;31917000.0;100.93576757291808;1.0;1.581320299526898;;
3203;Asker;2025;222;239413.0;463926.0;147731000.0;26181000.0;43725000.0;12268000.0;60266000.0;617.0550471361204;109.35496401615619;182.63419279654823;325.065890323416;51.24199604866904;129.9043381918668;668.2970431847895;798.2013813766563;20282000.0;84.71553340879568;0.989645991519574;1.290849028695395;;
3205;Lillestrøm;2025;222;205575.0;393135.0;138343000.0;31622000.0;40429000.0;31839000.0;36778000.0;672.9563419676517;153.82220600753982;196.6630183631278;322.4711175969841;154.87778183144837;93.55056151194883;827.8341237991001;921.3846853110489;26094000.0;126.93177672382342;1.0;1.2118494673104927;;
3207;Nordre Follo;2025;222;148347.0;299934.0;96654000.0;18369000.0;24610000.0;12492000.0;31677000.0;651.5399704746304;123.82454650245708;165.89482766756322;361.82059630461015;84.20797184978463;105.61323491168056;735.747942324415;841.3611772360956;15315000.0;103.23767922506016;0.9951028403525954;1.1994123408423114;;
3209;Ullensaker;2025;222;91911.0;163181.0;70927000.0;14449000.0;21181000.0;10901000.0;15803000.0;771.6921804789416;157.2064279574806;230.451197353962;384.034555167499;118.60386678417164;96.84338250163928;890.2960472631132;987.1394297647525;12604000.0;137.13266094373904;0.9848460806093303;1.1463821009203428;;
3212;Nesodden;2025;222;40721.0;87499.0;38480000.0;6414000.0;12856000.0;1983000.0;7263000.0;944.9669703592741;157.51086662901207;315.7093391616119;471.74676456865006;48.697232386238056;83.00666293329067;993.6642027455122;1076.6708656788028;5156000.0;126.61771567495887;1.0;1.243987587276959;;
3214;Frogn;2025;222;34657.0;75558.0;18237000.0;4243000.0;6372000.0;3646000.0;7293000.0;526.214040453588;122.42836944917333;183.85896067172578;219.9267103326889;105.20241221109733;96.52187723338362;631.4164526646854;727.938329898069;3562000.0;102.7786594338806;0.9969118472768108;1.191184727681078;;
3216;Vestby;2025;222;45439.0;99903.0;26630000.0;4948000.0;8703000.0;10910000.0;5259000.0;586.0604326679725;108.8932414885891;191.5315037742908;285.63568740509254;240.10211492330376;52.64106182997507;826.1625475912762;878.8036094212513;4096000.0;90.14282884746584;1.0;1.2080078125;;
3218;Ås;2025;222;62728.0;125548.0;39199000.0;7115000.0;13060000.0;3147000.0;13781000.0;624.9043489350848;113.42622114526209;208.20048463206223;303.2776431577605;50.16898354801683;109.7667824258451;675.0733324831017;784.8401149089468;5430000.0;86.5642137482464;1.0;1.3103130755064456;;
3220;Enebakk;2025;222;24976.0;52926.0;20393000.0;3768000.0;6705000.0;2829000.0;3471000.0;816.5038436899423;150.86483023702755;268.4577194106342;397.18129404228057;113.26873798846893;65.58213354494956;929.7725816784113;995.3547152233608;2935000.0;117.51281229980782;1.0;1.28381601362862;;
3222;Lørenskog;2025;222;92883.0;209147.0;59931000.0;10979000.0;16285000.0;15908000.0;17930000.0;645.2310971867834;118.20246977380145;175.3281009441986;351.7005264687833;171.26923118331663;85.72917612970781;816.5003283701;902.2295044998077;7376000.0;79.4117330404918;1.0;1.4884761388286336;;
3224;Rælingen;2025;222;58828.0;116199.0;26052000.0;4414000.0;6669000.0;5925000.0;9431000.0;442.85034337390357;75.03229754538656;113.36438430679269;254.45366152172434;100.7173454817434;81.16248848957392;543.567688855647;624.7301773452209;3721000.0;63.252192833344665;1.0;1.1862402579951628;;
3226;Aurskog-Høland;2025;222;49463.0;95567.0;31772000.0;6206000.0;8980000.0;3956000.0;12870000.0;642.3387178294887;125.46752117744576;181.54984533894023;335.3213513131027;79.97897418272244;134.66991744012054;722.3176920122112;856.9876094523318;5036000.0;101.81347674018964;1.0;1.2323272438443207;;
3228;Nes;2025;222;47378.0;84362.0;25144000.0;6652000.0;8426000.0;10104000.0;11987000.0;530.7104563299422;140.4027185613576;177.84625775676474;212.46148001181984;213.26354003968086;142.09004053957943;743.973996369623;886.0640369092025;4881000.0;103.02249989446578;1.0;1.3628354845318584;;
3230;Gjerdrum;2025;222;15868.0;32160.0;8071000.0;3171000.0;2050000.0;2128000.0;4061000.0;508.63372825812957;199.8361482228384;129.19082430047897;179.6067557348122;134.10637761532644;126.27487562189054;642.7401058734561;769.0149814953465;2379000.0;149.9243761028485;0.6418663303909206;1.3329129886506934;;
3232;Nittedal;2025;222;56802.0;108411.0;37052000.0;6949000.0;10860000.0;7655000.0;10219000.0;652.3009753177705;122.3372416464209;191.1904510404563;338.7732826308933;134.76638146544136;94.26165241534531;787.0673567832118;881.3290091985572;4276000.0;75.27903947044118;1.0;1.6251169317118805;;
3234;Lunner;2025;222;25366.0;47640.0;17386000.0;2836000.0;6063000.0;348000.0;3537000.0;685.4056611211859;111.80320113537806;239.02073641882836;334.5817235669794;13.719151620279114;74.24433249370277;699.124812741465;773.3691452351678;2868000.0;113.06473231885201;1.0;0.9888423988842399;;
3236;Jevnaker;2025;222;14173.0;38798.0;13503000.0;2090000.0;4903000.0;999000.0;1649000.0;952.7270161574826;147.46348691173358;345.9394623580047;459.3240668877443;70.4861356099626;42.5021908345791;1023.2131517674452;1065.7153426020243;1757000.0;123.96810837507938;1.0;1.1895276038702334;;
3238;Nannestad;2025;222;29889.0;72365.0;23909000.0;6282000.0;6276000.0;3731000.0;3406000.0;799.9263943256717;210.1776573321289;209.97691458396065;379.7718224095821;124.82853223593965;47.066952255924825;924.7549265616113;971.8218788175361;5363000.0;179.43055973769614;0.9673690098825284;1.1713593138168936;;
3240;Eidsvoll;2025;222;59468.0;105277.0;45623000.0;8502000.0;13596000.0;2907000.0;11894000.0;767.1857133248134;142.96764646532588;228.62716082599044;395.590906033497;48.883433106881014;112.9781433741463;816.0691464316943;929.0472898058406;6615000.0;111.23629515033295;1.0;1.2852607709750568;;
3242;Hurdal;2025;222;5766.0;14980.0;5271000.0;1228000.0;949000.0;427000.0;200000.0;914.1519250780437;212.97259798820673;164.5855012140132;536.5938258758238;74.05480402358654;13.35113484646195;988.2067291016302;1001.5578639480922;1220000.0;211.5851543531044;1.0;1.0065573770491802;;
3301;Drammen;2025;222;208518.0;373472.0;107357000.0;28429000.0;30966000.0;37844000.0;60260000.0;514.8572305508397;136.33834968683757;148.50516502172474;230.0137158422774;181.4903269741701;161.35078399451632;696.3475575250098;857.6983415195261;19398000.0;93.0279400339539;1.0;1.465563460150531;;
3303;Kongsberg;2025;222;56781.0;95326.0;44790000.0;7800000.0;10968000.0;2424000.0;14637000.0;788.8202039414593;137.36989485919585;193.1632060020077;458.28710308025575;42.69033655624241;153.54677632545162;831.5105404977016;985.0573168231533;4268000.0;75.16598862295486;1.0;1.8275538894095595;;
3305;Ringerike;2025;222;72100.0;144354.0;51133000.0;8222000.0;14710000.0;5132000.0;13638000.0;709.1955617198336;114.03606102635229;204.02219140083218;391.1373092926491;71.17891816920942;94.47607963755767;780.374479889043;874.8505595266006;6283000.0;87.14285714285714;1.0;1.3086105363679772;;
3310;Hole;2025;222;19413.0;35733.0;14053000.0;1934000.0;4533000.0;469000.0;3934000.0;723.8963581105445;99.62396332354608;233.5033225158399;390.7690722711585;24.159068665327357;110.09431058125543;748.0554267758719;858.1497373571273;1355000.0;69.79858857466645;1.0;1.4273062730627308;;
3312;Lier;2025;222;71317.0;125623.0;39731000.0;7117000.0;10450000.0;8995000.0;16201000.0;557.1041967553318;99.79387803749457;146.52887810760407;310.7814406102332;126.12701039022954;128.9652372575086;683.2312071455614;812.19644440307;5042000.0;70.69843094914256;1.0;1.4115430384767949;;
3314;Øvre Eiker;2025;222;50144.0;99251.0;34523000.0;6959000.0;8332000.0;3452000.0;8128000.0;688.4771857051691;138.78031269942565;166.16145500957242;383.535417996171;68.84173580089343;81.89338142688739;757.3189215060626;839.2123029329499;5383000.0;107.35082961072112;1.0;1.2927735463496193;;
3316;Modum;2025;222;24893.0;72560.0;28258000.0;3983000.0;10727000.0;3622000.0;7140000.0;1135.1785642550115;160.00482063230626;430.92435624472745;544.2493873779778;145.50275177760815;98.4013230429989;1280.6813160326196;1379.0826390756185;3850000.0;154.66195315952277;0.9612987012987013;1.0345454545454544;;
3318;Krødsherad;2025;222;5574.0;22264.0;4021000.0;713000.0;1070000.0;76000.0;2423000.0;721.3850017940438;127.91532113383566;191.9626838894869;401.50699677072123;13.634732687477575;108.8303988501617;735.0197344815214;843.8501333316831;661000.0;118.58629350556154;1.0;1.0786686838124053;;
3320;Flå;2025;222;4074.0;12194.0;3493000.0;684000.0;1064000.0;76000.0;930000.0;857.3883161512027;167.8939617083947;261.16838487972507;428.325969563083;18.65488463426608;76.26701656552403;876.0432007854688;952.3102173509928;888000.0;217.96759941089837;1.0;0.7702702702702703;;
3322;Nesbyen;2025;222;9583.0;34093.0;4417000.0;622000.0;1665000.0;336000.0;2326000.0;460.92037983929873;64.90660544714599;173.74517374517376;222.26860064697902;35.06208911614317;68.22514885753674;495.9824689554419;564.2076178129787;986000.0;102.89053532296775;1.0;0.6308316430020284;;
3324;Gol;2025;222;11100.0;37004.0;6282000.0;632000.0;2261000.0;66000.0;2561000.0;565.9459459459459;56.93693693693694;203.6936936936937;305.31531531531533;5.945945945945946;69.20873419089828;571.8918918918919;641.1006260827902;1197000.0;107.83783783783784;1.0;0.5279866332497911;;
3326;Hemsedal;2025;222;5450.0;21421.0;5065000.0;615000.0;2111000.0;398000.0;4104000.0;929.3577981651376;112.8440366972477;387.3394495412844;429.1743119266055;73.02752293577981;191.58769431865926;1002.3853211009174;1193.9730154195768;390000.0;71.55963302752293;1.0;1.5769230769230769;;
3328;Ål;2025;222;12449.0;38655.0;7939000.0;1255000.0;2949000.0;1296000.0;4417000.0;637.7219053739257;100.81131014539321;236.8864969073821;300.0240983211503;104.1047473692666;114.26723580390635;741.8266527431922;856.0938885470986;1623000.0;130.3719174230862;1.0;0.7732593961799138;;
3330;Hol;2025;222;8756.0;31641.0;11277000.0;874000.0;3404000.0;989000.0;6732000.0;1287.9168570123345;99.8172681589767;388.7619917770672;799.3375970762905;112.95111923252627;212.76192282165545;1400.8679762448608;1613.6298990665161;1524000.0;174.05207857469165;1.0;0.5734908136482939;;
3332;Sigdal;2025;222;8249.0;20731.0;7597000.0;1622000.0;2775000.0;697000.0;3792000.0;920.9601163777428;196.62989453267062;336.4044126560795;387.9258091889926;84.49509031397746;182.91447590564854;1005.4552066917203;1188.3696825973689;1218000.0;147.6542611225603;1.0;1.3316912972085384;;
3334;Flesberg;2025;222;9222.0;19145.0;5768000.0;863000.0;1861000.0;383000.0;2752000.0;625.4608544784212;93.5805682064628;201.80004337453914;330.0802428974192;41.53112123183691;143.74510316009403;666.9919757102581;810.7370788703521;1243000.0;134.78638039470832;1.0;0.6942880128720835;;
3336;Rollag;2025;222;5700.0;19341.0;2323000.0;567000.0;894000.0;107000.0;4314000.0;407.5438596491228;99.47368421052632;156.8421052631579;151.2280701754386;18.771929824561404;223.0494803784706;426.3157894736842;649.3652698521548;429000.0;75.26315789473684;1.0;1.3216783216783219;;
3338;Nore og Uvdal;2025;222;6003.0;31015.0;7502000.0;1266000.0;2233000.0;1042000.0;3714000.0;1249.7084790937865;210.89455272363818;371.9806763285024;666.8332500416459;173.5798767283025;119.74850878607126;1423.288355822089;1543.0368646081602;665000.0;110.77794436115276;1.0;1.9037593984962407;;
3401;Kongsvinger;2025;222;36399.0;80962.0;21621000.0;4478000.0;6392000.0;2214000.0;11859000.0;593.9998351603066;123.02535783950108;175.6092200335174;295.3652572872881;60.82584686392483;146.476124601665;654.8256820242315;801.3018066258965;3206000.0;88.07934283908898;1.0;1.396756082345602;;
3403;Hamar;2025;222;77235.0;234061.0;52513000.0;8247000.0;16720000.0;2944000.0;25639000.0;679.911957014307;106.77801514857254;216.4821648216482;356.6517770440862;38.11743380591701;109.53982081594114;718.029390820224;827.5692116361652;6499000.0;84.14578882630931;1.0;1.2689644560701647;;
3405;Lillehammer;2025;222;53250.0;119140.0;36208000.0;7108000.0;14507000.0;2288000.0;21380000.0;679.962441314554;133.48356807511738;272.4319248826291;274.0469483568075;42.967136150234744;179.45274467013598;722.9295774647887;902.3823221349247;5157000.0;96.84507042253522;1.0;1.3783207291060695;;
3407;Gjøvik;2025;222;50165.0;105165.0;41765000.0;8463000.0;13207000.0;11969000.0;11787000.0;832.5525764975581;168.70327917871026;263.2712050234227;400.5780922954251;238.59264427389616;112.08101554699758;1071.1452207714542;1183.2262363184518;6176000.0;123.11372470846207;1.0;1.3703044041450778;;
3411;Ringsaker;2025;222;73451.0;160559.0;43949000.0;10297000.0;15983000.0;5774000.0;27432000.0;598.3444745476576;140.18869722672258;217.6008495459558;240.55492777497923;78.61022994921784;170.85308204460665;676.9547044968755;847.8077865414821;6679000.0;90.93136921212782;0.9681089983530469;1.5416978589609223;;
3412;Løten;2025;222;18979.0;38951.0;15497000.0;2752000.0;4399000.0;3374000.0;1400000.0;816.5340639654355;145.00237104167763;231.78249644343748;439.74919648032034;177.7754360082196;35.94259454186029;994.3094999736551;1030.2520945155154;2435000.0;128.29969966805416;1.0;1.1301848049281313;;
3413;Stange;2025;222;63745.0;108187.0;24074000.0;10183000.0;8252000.0;5479000.0;8528000.0;377.6609930190603;159.745862420582;129.45329045415326;88.46184014432505;85.9518393599498;78.82647637886252;463.6128323790101;542.4393087578726;6737000.0;105.68672052710016;1.0;1.5115036366335164;;
3414;Nord-Odal;2025;222;11744.0;28506.0;6863000.0;2126000.0;2457000.0;1205000.0;3086000.0;584.383514986376;181.02861035422345;209.2132152588556;194.141689373297;102.60558583106267;108.25791061530906;686.9891008174387;795.2470114327477;1364000.0;116.14441416893733;1.0;1.558651026392962;;
3415;Sør-Odal;2025;222;13412.0;35937.0;8368000.0;1449000.0;3310000.0;1082000.0;3177000.0;623.9188786161646;108.0375782881002;246.79391589621235;269.08738443185206;80.67402326274977;88.40470823941898;704.5929018789144;792.9976101183333;2044000.0;152.4008350730689;1.0;0.708904109589041;;
3416;Eidskog;2025;222;10120.0;31000.0;8237000.0;2333000.0;2110000.0;1186000.0;4213000.0;813.9328063241106;230.53359683794466;208.49802371541503;374.901185770751;117.19367588932806;135.90322580645162;931.1264822134387;1067.0297080198904;1400000.0;138.3399209486166;0.9271428571428572;1.6664285714285714;;
3417;Grue;2025;222;5599.0;29581.0;4302000.0;917000.0;1621000.0;1993000.0;1460000.0;768.3514913377389;163.77924629398106;289.51598499732097;315.0562600464369;355.95642078942666;49.356005544099254;1124.3079121271655;1173.6639176712647;590000.0;105.37595999285587;1.0;1.554237288135593;;
3418;Åsnes;2025;222;27472.0;47272.0;10348000.0;3273000.0;3706000.0;418000.0;2295000.0;376.67443214909724;119.13948747815958;134.9009900990099;122.63395457192779;15.215492137449038;48.54882382805889;391.8899242865463;440.43874811460523;6594000.0;240.02620850320326;0.9777070063694268;0.4963603275705186;DV_uteligger_lav;implisitt_pris_utenfor
3419;Våler (Innlandet);2025;222;5171.0;24017.0;4316000.0;1393000.0;38000.0;81000.0;1353000.0;834.6548056468769;269.386965770644;7.348675304583253;557.9191645716496;15.66428157029588;56.335095973685306;850.3190872171728;906.654183190858;467000.0;90.31135176948366;0.8736616702355461;2.982869379014989;renhold_urimelig_lav;
3420;Elverum;2025;222;46268.0;105734.0;34076000.0;6262000.0;12683000.0;3720000.0;7344000.0;736.4917437537823;135.34192098210426;274.1203423532463;327.0294804184317;80.40114117748767;69.457317419184;816.89288493127;886.3502023504541;5187000.0;112.10772023860984;1.0;1.2072488914594177;;
3421;Trysil;2025;222;13474.0;32298.0;9110000.0;2359000.0;2670000.0;522000.0;2633000.0;676.1169660086092;175.07792786106575;198.15941813863736;302.87962000890604;38.74127950126169;81.52207567032015;714.8582455098708;796.380321180191;1977000.0;146.72702983523823;1.0;1.1932220536165907;;
3422;Åmot;2025;222;9815.0;27105.0;5617000.0;1615000.0;1897000.0;239000.0;3035000.0;572.287315333673;164.54406520631687;193.27559857361183;214.46765155374428;24.350483953132958;111.9719608928242;596.637799286806;708.6097601796301;1436000.0;146.30667345899133;1.0;1.1246518105849583;;
3423;Stor-Elvdal;2025;222;6920.0;19602.0;3727000.0;893000.0;1038000.0;128000.0;1696000.0;538.5838150289018;129.04624277456648;150.0;259.53757225433526;18.497109826589597;86.52178349148046;557.0809248554913;643.6027083469718;794000.0;114.73988439306359;1.0;1.1246851385390428;;
3424;Rendalen;2025;222;5173.0;15140.0;1595000.0;1082000.0;0.0;484000.0;12434000.0;308.3317224047941;209.1629615310265;0.0;99.16876087376764;93.56272955731684;821.2681638044915;401.89445196211096;1223.1626157666024;803000.0;155.22907403827566;0.9825653798256538;1.3474470734744708;renhold_urimelig_lav;
3425;Engerdal;2025;222;5960.0;14750.0;3310000.0;748000.0;1275000.0;1059000.0;1250000.0;555.3691275167786;125.50335570469798;213.9261744966443;215.93959731543623;177.68456375838926;84.7457627118644;733.0536912751678;817.7994539870322;480000.0;80.53691275167785;1.0;1.5583333333333333;;
3426;Tolga;2025;222;4760.0;18112.0;3054000.0;966000.0;1267000.0;325000.0;2130000.0;641.5966386554621;202.94117647058823;266.1764705882353;172.47899159663865;68.27731092436974;117.60159010600707;709.8739495798319;827.475539685839;738000.0;155.0420168067227;1.0;1.3089430894308942;;
3427;Tynset;2025;222;19709.0;48773.0;12077000.0;2802000.0;3691000.0;558000.0;2256000.0;612.7657415393983;142.1685524379725;187.2748490537318;283.32234004769396;28.311938708204373;46.25510015787423;641.0776802476026;687.3327804054769;2102000.0;106.65178344918566;0.8382492863939106;1.3330161750713605;;
3428;Alvdal;2025;222;6386.0;23607.0;3554000.0;740000.0;1322000.0;419000.0;0.0;556.5299091763233;115.87848418415284;207.01534606952708;233.6360789226433;65.61227685562167;0.0;622.1421860319449;622.1421860319449;671000.0;105.07359849671155;1.0;1.1028315946348735;;
3429;Folldal;2025;222;2830.0;13409.0;3421000.0;850000.0;1137000.0;317000.0;572000.0;1208.833922261484;300.35335689045934;401.7667844522968;506.71378091872793;112.01413427561837;42.65791632485644;1320.8480565371024;1363.5059728619588;581000.0;205.30035335689047;1.0;1.4629948364888121;;
3430;Os;2025;222;4884.0;17193.0;3203000.0;1188000.0;741000.0;211000.0;1043000.0;655.8149058149058;243.24324324324326;151.7199017199017;260.85176085176084;43.202293202293205;60.664223812016516;699.017199017199;759.6814228292155;667000.0;136.56838656838656;1.0;1.7811094452773615;;
3431;Dovre;2025;222;6275.0;20099.0;3472000.0;675000.0;1219000.0;181000.0;1248000.0;553.3067729083665;107.56972111553785;194.26294820717132;251.47410358565736;28.844621513944222;62.092641424946514;582.1513944223108;644.2440358472572;651000.0;103.74501992031873;1.0;1.0368663594470047;;
3432;Lesja;2025;222;8221.0;21230.0;6077000.0;841000.0;2192000.0;140000.0;1302000.0;739.2044763410777;102.29899039046344;266.63422941248024;370.271256538134;17.02955844787739;61.32830899670278;756.2340347889551;817.5623437856578;1478000.0;179.78348132830556;1.0;0.5690121786197564;;
3433;Skjåk;2025;222;4500.0;18726.0;3783000.0;834000.0;1533000.0;243000.0;2115000.0;840.6666666666666;185.33333333333334;340.6666666666667;314.6666666666667;54.0;112.94456904838192;894.6666666666666;1007.6112357150486;761000.0;169.11111111111111;1.0;1.0959264126149804;;
3434;Lom;2025;222;5250.0;15462.0;2949000.0;393000.0;1334000.0;2375000.0;2001000.0;561.7142857142857;74.85714285714286;254.0952380952381;232.76190476190476;452.3809523809524;129.4140473418704;1014.0952380952381;1143.5092854371085;849000.0;161.71428571428572;1.0;0.4628975265017668;;implisitt_pris_utenfor
3435;Vågå;2025;222;6290.0;24737.0;5144000.0;1053000.0;2182000.0;886000.0;3081000.0;817.8060413354531;167.40858505564387;346.8998410174881;303.4976152623211;140.8585055643879;124.55026882807131;958.6645468998411;1083.2148157279123;937000.0;148.96661367249604;1.0;1.1237993596584843;;
3436;Nord-Fron;2025;222;14100.0;38106.0;12839000.0;2506000.0;4467000.0;543000.0;2835000.0;910.5673758865248;177.7304964539007;316.8085106382979;416.02836879432624;38.51063829787234;74.39773264052906;949.0780141843971;1023.4757468249262;2113000.0;149.8581560283688;1.0;1.1859914813061998;;
3437;Sel;2025;222;14600.0;41280.0;7915000.0;1798000.0;2681000.0;655000.0;3620000.0;542.1232876712329;123.15068493150685;183.63013698630138;235.34246575342465;44.863013698630134;87.6937984496124;586.986301369863;674.6800998194753;1634000.0;111.91780821917808;1.0;1.1003671970624234;;
3438;Sør-Fron;2025;222;7887.0;29329.0;8707000.0;1287000.0;2076000.0;150000.0;119000.0;1103.968555851401;163.17991631799163;263.2179535945226;677.5706859388868;19.01863826550019;4.057417573050564;1122.9871941169013;1127.0446116899518;834000.0;105.74362875618105;1.0;1.5431654676258992;;
3439;Ringebu;2025;222;10154.0;28418.0;7399000.0;1387000.0;2181000.0;768000.0;2815000.0;728.6783533582825;136.59641520583023;214.79220011818003;377.2897380342722;75.63521764821745;99.05693574495038;804.3135710065;903.3705067514503;1143000.0;112.56647626551113;1.0;1.2134733158355206;;
3440;Øyer;2025;222;12893.0;35722.0;10058000.0;2095000.0;3342000.0;1108000.0;962000.0;780.1132397424959;162.49127433491043;259.21042426122705;358.4115411463585;85.93810594896455;26.930183080454622;866.0513456914605;892.9815287719151;1666000.0;129.2174047932987;1.0;1.2575030012004802;;
3441;Gausdal;2025;222;13071.0;35859.0;12066000.0;1784000.0;4043000.0;1430000.0;3766000.0;923.1122331879734;136.48534924642337;309.31068778211306;477.3161961594369;109.40249407084386;105.02244903650409;1032.5147272588172;1137.5371762953212;1396000.0;106.80131589013847;0.9914040114613181;1.2779369627507162;;
3442;Østre Toten;2025;222;29100.0;72407.0;20660000.0;5003000.0;6386000.0;2130000.0;11639000.0;709.9656357388316;171.92439862542955;219.45017182130584;318.59106529209623;73.19587628865979;160.7441269490519;783.1615120274914;943.9056389765433;3514000.0;120.75601374570446;1.0;1.4237336368810471;;
3443;Vestre Toten;2025;222;28139.0;75284.0;17989000.0;3438000.0;6275000.0;1046000.0;8804000.0;639.290664202708;122.17918191833398;223.00010661359678;294.1113756707772;37.17260741319876;116.94383932840975;676.4632716159067;793.4071109443164;2404000.0;85.43302889228472;1.0;1.4301164725457571;;
3446;Gran;2025;222;33182.0;76559.0;27323000.0;6177000.0;8294000.0;2742000.0;6558000.0;823.4283647760834;186.1551443553734;249.95479476824784;387.31842565246217;82.63516364293895;85.65942606355883;906.0635284190224;991.7229544825813;4299000.0;129.5581942016756;0.9511514305652478;1.4368457780879276;;
3447;Søndre Land;2025;222;11846.0;28810.0;8861000.0;1450000.0;2362000.0;892000.0;1727000.0;748.0162080027013;122.40418706736452;199.39219989869997;426.21982103663686;75.2996792166132;59.94446372787227;823.3158872193145;883.2603509471868;1376000.0;116.15735269289212;0.9316860465116279;1.0537790697674418;;
3448;Nordre Land;2025;222;19481.0;49357.0;10767000.0;3179000.0;4021000.0;637000.0;3190000.0;552.692366921616;163.184641445511;206.4062419793645;183.1014834967404;32.698526769673016;64.63115667483842;585.390893691289;650.0220503661274;2916000.0;149.68430778707457;1.0;1.0901920438957478;;
3449;Sør-Aurdal;2025;222;5542.0;21892.0;10986000.0;1161000.0;1988000.0;546000.0;3812000.0;1982.3168531216168;209.49115842656082;358.71526524720315;1414.1104294478528;98.52038975099242;174.1275351726658;2080.8372428726093;2254.964778045275;474000.0;85.5286900036088;1.0;2.449367088607595;DV_uteligger_hoy;
3450;Etnedal;2025;222;4260.0;12840.0;1647000.0;691000.0;0.0;31000.0;1835000.0;386.61971830985914;162.20657276995306;0.0;224.4131455399061;7.276995305164319;142.91277258566979;393.8967136150235;536.8094862006933;639000.0;150.0;1.0;1.081377151799687;renhold_urimelig_lav;
3451;Nord-Aurdal;2025;222;10200.0;26813.0;7330000.0;1888000.0;2910000.0;549000.0;2914000.0;718.6274509803922;185.09803921568627;285.29411764705884;248.23529411764707;53.8235294117647;108.67862603960765;772.4509803921569;881.1296064317646;1443000.0;141.47058823529412;1.0;1.3083853083853083;;
3452;Vestre Slidre;2025;222;4914.0;13556.0;4440000.0;986000.0;1874000.0;303000.0;0.0;903.5409035409035;200.65120065120064;381.35938135938136;321.53032153032154;61.66056166056166;0.0;965.2014652014652;965.2014652014652;1023000.0;208.1807081807082;1.0;0.9638318670576734;;
3453;Øystre Slidre;2025;222;10169.0;26228.0;8556000.0;1817000.0;2647000.0;1579000.0;466000.0;841.3806667322253;178.68030288130592;260.30091454420295;402.3994493067165;155.27583833218605;17.76727161811804;996.6565050644115;1014.4237766825295;1576000.0;154.98082407316355;1.0;1.1529187817258881;;
3454;Vang;2025;222;8300.0;18250.0;6334000.0;656000.0;1888000.0;369000.0;1112000.0;763.1325301204819;79.03614457831326;227.46987951807228;456.6265060240964;44.45783132530121;60.93150684931507;807.5903614457832;868.5218682950982;1000000.0;120.48192771084338;1.0;0.656;;
3901;Horten;2025;222;66588.0;134286.0;39621000.0;5806000.0;12269000.0;7219000.0;7610000.0;595.0171202018382;87.1928876073767;184.25241785306662;323.57181474139486;108.41292725415991;56.67009219129321;703.4300474559981;760.1001396472913;5523000.0;82.94287258965579;0.9947492304906753;1.0512402679703061;;
3903;Holmestrand;2025;222;58818.0;118278.0;33162000.0;7470000.0;8401000.0;1938000.0;7647000.0;563.8069978577986;127.00193818218912;142.83042606004963;293.97463361555987;32.949097215138224;64.65276720945569;596.7560950729369;661.4088622823925;4997000.0;84.95698595667993;0.9023414048429057;1.4948969381628976;;
3905;Tønsberg;2025;222;93356.0;235297.0;78019000.0;13411000.0;22074000.0;7166000.0;20737000.0;835.7148978105317;143.65439821757573;236.44971935387122;455.6107802390848;76.75992973135095;88.13117039316269;912.4748275418826;1000.6059979350454;11657000.0;124.8661039461845;0.9998284292699665;1.1504675302393412;;
3907;Sandefjord;2025;222;137703.0;271644.0;95277000.0;20102000.0;22545000.0;19206000.0;13649000.0;691.9021372083397;145.98084282840605;163.72192326964554;382.1993711102881;139.47408553190562;50.24591008820368;831.3762227402453;881.622132828449;15436000.0;112.09632324640712;1.0;1.3022803835190464;;
3909;Larvik;2025;222;86737.0;181498.0;55921000.0;10483000.0;17411000.0;14855000.0;11769000.0;644.719093351165;120.85961008566125;200.73325109238272;323.126232173121;171.2648581343602;64.84368973762797;815.9839514855252;880.8276412231531;9510000.0;109.64179070062373;1.0;1.1023133543638275;;
3911;Færder;2025;222;47757.0;88657.0;31918000.0;5519000.0;13926000.0;4241000.0;12106000.0;668.3418137655212;115.56421048223297;291.60123123311763;261.17637205017064;88.80373557803044;136.54872147715352;757.1455493435517;893.6942708207052;5438000.0;113.86812404464267;1.0;1.014895182052225;;
4001;Porsgrunn;2025;222;73300.0;179910.0;44968000.0;7873000.0;11951000.0;4776000.0;18382000.0;613.4788540245567;107.40791268758527;163.04229195088678;343.02864938608457;65.1568894952251;102.17330887666056;678.6357435197817;780.8090523964423;5937000.0;80.99590723055934;1.0;1.3260906181573187;;
4003;Skien;2025;222;133890.0;256916.0;82155000.0;13652000.0;22898000.0;12329000.0;14409000.0;613.6007170064979;101.96429905146016;171.0209873776981;340.6154305773396;92.0830532526701;56.084478973672326;705.683770259168;761.7682492328403;9313000.0;69.55709911121069;0.9899065821969291;1.4659078707183508;;
4005;Notodden;2025;222;27986.0;58871.0;18610000.0;4364000.0;6386000.0;1166000.0;2287000.0;664.9753448152647;155.93511041234902;228.18552133209462;280.8547130708211;41.66368898735082;38.84764994649318;706.6390338026156;745.4866837491088;3120000.0;111.4843135853641;1.0;1.3987179487179486;;
4010;Siljan;2025;222;5469.0;11374.0;4530000.0;1192000.0;1777000.0;366000.0;349000.0;828.3049917718047;217.95575059425855;324.9222892667764;285.4269519107698;66.92265496434449;30.684016177246352;895.2276467361492;925.9116629133955;602000.0;110.07496800146279;1.0;1.9800664451827241;;
4012;Bamble;2025;222;42116.0;77396.0;26934000.0;5905000.0;9599000.0;3200000.0;6188000.0;639.5194225472504;140.207996960775;227.91813087662646;271.393294709849;75.98062494064014;79.95245232311747;715.5000474878906;795.452499811008;4084000.0;96.97027258049198;1.0;1.4458863858961801;;
4014;Kragerø;2025;222;23491.0;50804.0;12753000.0;2395000.0;4381000.0;2813000.0;2046000.0;542.8887659103486;101.9539398067345;186.49695628112894;254.4378698224852;119.74798859137542;40.27241949452799;662.6367545017241;702.9091739962521;2268000.0;96.54761397982206;0.9559082892416225;1.0559964726631395;;
4016;Drangedal;2025;222;14340.0;32147.0;8195000.0;1464000.0;3037000.0;12818000.0;559000.0;571.4783821478383;102.09205020920503;211.7852161785216;257.60111576011155;893.8633193863319;17.388869878993376;1465.3417015341702;1482.7305714131635;1300000.0;90.6555090655509;1.0;1.1261538461538463;;
4018;Nome;2025;222;14099.0;34376.0;7491000.0;1463000.0;3144000.0;1801000.0;2331000.0;531.3142776083411;103.76622455493298;222.99453861976028;204.55351443364776;127.7395559968792;67.80893646730277;659.0538336052202;726.8627700725231;758000.0;53.76267820412795;1.0;1.9300791556728232;;
4020;Midt-Telemark;2025;222;24156.0;40078.0;16293000.0;3611000.0;7375000.0;2964000.0;5872000.0;674.4908097367114;149.48666997847326;305.30717006126844;219.6969696969697;122.70243417784401;146.5142971206148;797.1932439145554;943.7075410351702;2479000.0;102.62460672296739;1.0;1.4566357402178296;;
4022;Seljord;2025;222;4758.0;11901.0;4890000.0;1280000.0;2498000.0;358000.0;1400000.0;1027.7427490542245;269.02059688944934;525.010508617066;233.71164354770912;75.24169819251786;117.63717334677759;1102.9844472467423;1220.62162059352;690000.0;145.01891551071878;1.0;1.855072463768116;;
4024;Hjartdal;2025;222;3670.0;10139.0;1912000.0;507000.0;824000.0;133000.0;29000.0;520.9809264305177;138.14713896457766;224.52316076294278;158.31062670299727;36.23978201634878;2.8602426274780552;557.2207084468665;560.0809510743446;439000.0;119.61852861035422;1.0;1.1548974943052392;;
4026;Tinn;2025;222;14040.0;45107.0;10242000.0;1678000.0;3874000.0;1174000.0;3363000.0;729.4871794871794;119.51566951566952;275.9259259259259;334.04558404558406;83.61823361823362;74.55605560112622;813.105413105413;887.6614687065393;1998000.0;142.30769230769232;1.0;0.8398398398398398;;
4028;Kviteseid;2025;222;3075.0;12325.0;3260000.0;590000.0;1200000.0;128000.0;499000.0;1060.1626016260163;191.869918699187;390.2439024390244;478.0487804878049;41.6260162601626;40.4868154158215;1101.7886178861788;1142.2754333020002;381000.0;123.90243902439025;1.0;1.5485564304461943;;
4030;Nissedal;2025;222;5406.0;11634.0;4438000.0;1185000.0;1263000.0;338000.0;450000.0;820.9396966333703;219.20088790233075;233.62930077691453;368.10950795412504;62.523122456529784;38.679731820526044;883.4628190899001;922.1425509104262;320000.0;59.19348871624121;1.0;3.703125;;implisitt_pris_utenfor
4032;Fyresdal;2025;222;4204.0;12976.0;4590000.0;692000.0;858000.0;100000.0;52000.0;1091.8173168411038;164.60513796384396;204.09134157944814;723.1208372978116;23.78686964795433;4.007398273736128;1115.604186489058;1119.611584762794;456000.0;108.46812559467175;1.0;1.5175438596491226;;
4034;Tokke;2025;222;5400.0;22845.0;10473000.0;803000.0;4426000.0;112000.0;2171000.0;1939.4444444444443;148.7037037037037;819.6296296296297;971.1111111111111;20.74074074074074;95.03173560954257;1960.1851851851852;2055.2169207947277;716000.0;132.59259259259258;1.0;1.1215083798882681;DV_uteligger_hoy;
4036;Vinje;2025;222;11464.0;44349.0;13217000.0;2638000.0;5675000.0;520000.0;642000.0;1152.9134682484298;230.1116538729937;495.0279134682484;427.77390090718774;45.35938590369854;14.476087397686532;1198.2728541521285;1212.748941549815;1209000.0;105.46057222609909;1.0;2.181968569065343;;
4201;Risør;2025;222;14357.0;47523.0;9813000.0;2371000.0;3461000.0;625000.0;3880000.0;683.4993383018736;165.14592184996866;241.06707529428152;277.28634115762344;43.53277147036289;81.64467731414263;727.0321097722366;808.6767870863792;1449000.0;100.92637737688932;1.0;1.6363008971704625;;
4202;Grimstad;2025;222;42322.0;87830.0;35831000.0;6997000.0;12646000.0;2159000.0;15066000.0;846.628231180001;165.3277255328198;298.8044043287179;382.4961013184632;51.01365719956524;171.53592166685644;897.6418883795662;1069.1778100464226;3089000.0;72.98804404328718;0.9935254127549369;2.2651343476853354;;
4203;Arendal;2025;222;95293.0;191432.0;46269000.0;14716000.0;13249000.0;9498000.0;12328000.0;485.5445835475848;154.4289716978162;139.03434669912795;192.08126515064066;99.67153935756036;64.3988465878223;585.2161229051452;649.6149694929675;9404000.0;98.6851080352177;1.0;1.564866014461931;;
4204;Kristiansand;2025;222;212692.0;498796.0;139283000.0;24926000.0;47294000.0;23722000.0;80123000.0;654.8577285464428;117.1929362646456;222.3590920203863;315.3057002614109;111.53216858179903;160.63280379153;766.3898971282417;927.0227009197718;16204000.0;76.1852820040246;1.0;1.5382621574919773;;
4205;Lindesnes;2025;222;54667.0;140793.0;35255000.0;7227000.0;11061000.0;8104000.0;6103000.0;644.9046042402181;132.20041341211333;202.33413210895054;310.37005871915414;148.2429985183017;43.347325506239656;793.1476027585197;836.4949282647594;4798000.0;87.7677575136737;1.0;1.5062526052521883;;
4206;Farsund;2025;222;25706.0;49809.0;18023000.0;4052000.0;6635000.0;186000.0;6647000.0;701.1203610052128;157.6285692056329;258.1109468606551;285.3808449389248;7.2356648253326075;133.4497781525427;708.3560258305454;841.805803983088;2257000.0;87.80051349879406;1.0;1.7953035002215327;;
4207;Flekkefjord;2025;222;17569.0;51181.0;18864000.0;4273000.0;5843000.0;195000.0;736000.0;1073.7093744663896;243.2124765211452;332.57442085491493;497.92247709032955;11.099094996869486;14.380336452980599;1084.8084694632591;1099.1888059162397;2425000.0;138.0272070123513;1.0;1.7620618556701029;;
4211;Gjerstad;2025;222;3932.0;18154.0;3310000.0;715000.0;760000.0;216000.0;0.0;841.8107833163784;181.8413021363174;193.28585961342827;466.6836215666328;54.93387589013225;0.0;896.7446592065107;896.7446592065107;1571000.0;399.54221770091556;1.0;0.4551241247612986;;implisitt_pris_utenfor|kwh_uteligger
4212;Vegårshei;2025;222;5122.0;15651.0;4670000.0;1253000.0;1315000.0;380000.0;300000.0;911.7532213978915;244.63100351425226;256.73565013666536;410.3865677469738;74.18976962124171;19.168104274487252;985.9429910191332;1005.1110952936205;1140000.0;222.5693088637251;1.0;1.099122807017544;;
4213;Tvedestrand;2025;222;13987.0;40327.0;7863000.0;1461000.0;3672000.0;640000.0;3414000.0;562.1648673768499;104.45413598341317;262.5294916708372;195.18123972259954;45.756774147422604;84.6579214918045;607.9216415242726;692.579563016077;815000.0;58.268392078358474;1.0;1.792638036809816;;
4214;Froland;2025;222;15351.0;38654.0;11733000.0;1889000.0;5109000.0;331000.0;487000.0;764.3150283369162;123.05387271187544;332.8121946453;308.4489609797407;21.562113217379974;12.598954830030527;785.8771415542961;798.4760963843266;1886000.0;122.85844570386294;0.9141039236479321;1.0015906680805937;;
4215;Lillesand;2025;222;29535.0;69798.0;16985000.0;2992000.0;6786000.0;971000.0;3314000.0;575.0804130692399;101.30353817504655;229.7613001523616;244.01557474183173;32.87624851870662;47.47987048339494;607.9566615879465;655.4365320713415;2071000.0;70.12019637717962;1.0;1.4447126991791404;;
4216;Birkenes;2025;222;25111.0;57422.0;6657000.0;1849000.0;2894000.0;1267000.0;2360000.0;265.1029429333758;73.63306917287245;115.24829755883876;76.2215762016646;50.455975468918005;41.09923026017903;315.55891840229384;356.65814866247285;975000.0;38.82760543188244;0.9148717948717948;1.8964102564102567;DV_uteligger_lav;kwh_urimelig_lav
4217;Åmli;2025;222;4733.0;14216.0;5176000.0;1311000.0;1725000.0;440000.0;491000.0;1093.5981407141348;276.991337418128;364.46228607648425;452.1445172195225;92.96429326008874;34.53854811480023;1186.5624339742235;1221.1009820890238;848000.0;179.16754701035285;1.0;1.5459905660377355;;
4218;Iveland;2025;222;2211.0;11351.0;1813000.0;342000.0;815000.0;281000.0;1394000.0;819.9909543193126;154.68113975576662;368.6114880144731;296.6983265490728;127.09181365897784;122.80856312219187;947.0827679782903;1069.8913311004821;200000.0;90.45680687471732;1.0;1.7100000000000002;;
4219;Evje og Hornnes;2025;222;8836.0;17367.0;7548000.0;1570000.0;2345000.0;495000.0;1543000.0;854.232684472612;177.68220914440923;265.3915799004074;411.15889542779536;56.0208239022182;88.84666321183855;910.2535083748303;999.1001715866688;1438000.0;162.74332277048438;1.0;1.0917941585535464;;
4220;Bygland;2025;222;4649.0;14705.0;3976000.0;1146000.0;921000.0;67000.0;544000.0;855.2376855237685;246.50462465046246;198.107119810712;410.6259410625941;14.411701441170145;36.994219653179194;869.6493869649387;906.6436066181179;495000.0;106.47451064745107;1.0;2.315151515151515;;
4221;Valle;2025;222;3949.0;14646.0;5471000.0;746000.0;2127000.0;146000.0;1189000.0;1385.4140288680678;188.90858445175994;538.6173714864523;657.8880729298556;36.9713851608002;81.18257544722108;1422.3854140288681;1503.5679894760892;425000.0;107.62218283109648;1.0;1.7552941176470587;;
4222;Bykle;2025;222;5032.0;20819.0;4166000.0;963000.0;1185000.0;423000.0;1044000.0;827.9014308426073;191.3751987281399;235.49284578696344;401.033386327504;84.06200317965023;50.14650079254527;911.9634340222575;962.1099348148027;548000.0;108.90302066772655;1.0;1.7572992700729928;;
4223;Vennesla;2025;222;31956.0;77134.0;21679000.0;3920000.0;6948000.0;4201000.0;5277000.0;678.4015521341845;122.66866942045313;217.4239579421705;338.3089247715609;131.46201026411316;68.41341042860476;809.8635623982976;878.2769728269024;2949000.0;92.28313931656027;1.0;1.3292641573414719;;
4224;Åseral;2025;222;3610.0;15104.0;3462000.0;648000.0;1417000.0;892000.0;1731000.0;959.0027700831025;179.50138504155126;392.5207756232687;386.98060941828254;247.09141274238226;114.60540254237289;1206.0941828254847;1320.6995853678577;311000.0;86.14958448753463;1.0;2.0836012861736335;;
4225;Lyngdal;2025;222;25106.0;63786.0;16231000.0;3654000.0;7163000.0;661000.0;1633000.0;646.4988448976341;145.5428981120051;285.3102843941687;215.6456623914602;26.32836772086354;25.601229109836016;672.8272126184976;698.4284417283336;2805000.0;111.72628057038158;1.0;1.302673796791444;;
4226;Hægebostad;2025;222;6106.0;11866.0;5086000.0;950000.0;2472000.0;1012000.0;324000.0;832.9511955453652;155.5846708155912;404.84769079593843;272.5188339338356;165.7386177530298;27.304904769930896;998.689813298395;1025.994718068326;694000.0;113.6586963642319;1.0;1.3688760806916427;;
4227;Kvinesdal;2025;222;18104.0;48482.0;20834000.0;3914000.0;5832000.0;1855000.0;617000.0;1150.7954043305347;216.19531595227573;322.1387538665488;612.4613345117101;102.46354396818383;12.726372674394621;1253.2589482987185;1265.9853209731132;2681000.0;148.08882015024304;1.0;1.4599030212607236;;
4228;Sirdal;2025;222;18308.0;53457.0;8963000.0;2224000.0;3151000.0;472000.0;2953000.0;489.567402228534;121.47694996722744;172.1105527638191;195.97989949748742;25.781079309591437;55.24066071796023;515.3484815381254;570.5891422560857;1924000.0;105.0906707450295;1.0;1.1559251559251558;;
4601;Bergen;2025;222;468262.0;931822.0;476657000.0;72474000.0;131079000.0;58066000.0;193388000.0;1017.9279975740077;154.77232831192794;279.92662227556366;583.2290469865161;124.00322896156425;207.53749106589026;1141.931226535572;1349.4687176014622;52734000.0;112.61644122307597;0.9999810369021883;1.374331550802139;;
4602;Kinn;2025;222;35630.0;83311.0;24880000.0;4018000.0;8773000.0;2344000.0;3202000.0;698.2879595846197;112.77013752455795;246.22509121526804;339.2927308447937;65.78725792871175;38.43430039250519;764.0752175133315;802.5095179058367;3497000.0;98.14762840303115;1.0;1.1489848441521304;;
4611;Etne;2025;222;10476.0;33611.0;7826000.0;1466000.0;3028000.0;241000.0;80000.0;747.040855288278;139.9389079801451;289.04161893852614;318.06032836960674;23.004963726613212;2.3801731575972154;770.0458190148912;772.4259921724885;966000.0;92.21076746849943;1.0;1.5175983436853002;;
4613;Bømlo;2025;222;36568.0;64996.0;18483000.0;4689000.0;5618000.0;4755000.0;1869000.0;505.4419164296653;128.2268650185955;153.63159046160578;223.583460949464;130.03172172391163;28.75561573019878;635.4736381535769;664.2292538837756;2994000.0;81.87486326843141;1.0;1.5661322645290583;;
4614;Stord;2025;222;44740.0;87059.0;27421000.0;7592000.0;7905000.0;2718000.0;6853000.0;612.8967367009387;169.69155118462226;176.6875279392043;266.51765757711223;60.751005811354496;78.71673233094798;673.6477425122932;752.3644748432412;9743000.0;217.76933392936968;1.0;0.7792261110540901;;
4615;Fitjar;2025;222;3561.0;8629.0;7482000.0;1299000.0;2300000.0;770000.0;0.0;2101.095197978096;364.78517270429654;645.8859870822803;1090.4240381915192;216.23139567537208;0.0;2317.326593653468;2317.326593653468;927000.0;260.3201347935973;1.0;1.4012944983818771;DV_uteligger_hoy;
4616;Tysnes;2025;222;9829.0;26374.0;4870000.0;1306000.0;30000.0;3663000.0;756000.0;495.4725811374504;132.87211313460168;3.0521924916064704;359.54827551124225;372.6727032251501;28.664593918252823;868.1452843626005;896.8098782808534;1025000.0;104.28324346322108;1.0;1.2741463414634144;renhold_urimelig_lav;
4618;Ullensvang;2025;222;36611.0;113834.0;23929000.0;2713000.0;8864000.0;2894000.0;11828000.0;653.6013766354374;74.10341154297889;242.1130261396848;337.3849389527738;79.0472808718691;103.90568722877173;732.6486575073066;836.5543447360783;4577000.0;125.01707137199202;1.0;0.5927463403976404;;
4619;Eidfjord;2025;222;1912.0;14038.0;2461000.0;471000.0;539000.0;148000.0;637000.0;1287.1338912133892;246.33891213389123;281.9037656903766;758.8912133891214;77.40585774058577;45.37683430688132;1364.5397489539748;1409.9165832608562;223000.0;116.63179916317992;1.0;2.1121076233183858;;
4620;Ulvik;2025;222;3550.0;12202.0;4027000.0;881000.0;566000.0;191000.0;721000.0;1134.3661971830986;248.16901408450704;159.43661971830986;726.7605633802817;53.80281690140845;59.08867398787084;1188.1690140845071;1247.257688072378;736000.0;207.32394366197184;1.0;1.1970108695652173;;
4621;Voss;2025;222;34431.0;82033.0;27393000.0;4288000.0;6692000.0;6036000.0;21795000.0;795.5911823647294;124.53893293834045;194.359733960675;476.69251546571405;175.30713601115275;265.6857606085356;970.8983183758822;1236.5840789844178;4454000.0;129.3601696145915;1.0;0.9627301302200268;;
4622;Kvam;2025;222;21263.0;65390.0;12357000.0;2440000.0;4697000.0;1524000.0;4444000.0;581.1503550768941;114.75332737619338;220.90015519917227;245.4968725015285;71.6737995579175;67.96146199724728;652.8241546348116;720.7856166320589;2196000.0;103.27799463857404;1.0;1.1111111111111112;;
4623;Samnanger;2025;222;6052.0;15231.0;4744000.0;987000.0;1421000.0;617000.0;569000.0;783.8730998017185;163.08658294778584;234.7984137475215;385.98810310641113;101.94976867151355;37.3580198279824;885.822868473232;923.1808883012144;885000.0;146.2326503635162;1.0;1.1152542372881356;;
4624;Bjørnafjorden;2025;222;65573.0;114667.0;30450000.0;7176000.0;10993000.0;4132000.0;7320000.0;464.3679563234868;109.43528586460891;167.645219831333;187.28745062754487;63.01374041144984;63.83702372958218;527.3816967349367;591.2187204645188;5093000.0;77.6691626126607;1.0;1.4089927351266445;;
4625;Austevoll;2025;222;14899.0;34100.0;11601000.0;1428000.0;5662000.0;1576000.0;2681000.0;778.6428619370428;95.84535874890932;380.0255050674542;302.77199812067926;105.77891133633129;78.6217008797654;884.421773273374;963.0434741531394;939000.0;63.02436405127861;1.0;1.5207667731629393;;
4626;Øygarden;2025;222;42353.0;121836.0;64473000.0;14726000.0;24539000.0;6422000.0;12151000.0;1522.2770523929828;347.6967393100843;579.392250844096;595.1880622388024;151.63034495785422;99.73242719721593;1673.907397350837;1773.639824548053;10643000.0;251.29270653790758;0.9431551254345579;1.383632434463967;DV_uteligger_hoy;
4627;Askøy;2025;222;66643.0;103895.0;41971000.0;7902000.0;20012000.0;6685000.0;21607000.0;629.7885749441051;118.57209309304803;300.286601743619;210.92988010743815;100.31061026664466;207.9695846768372;730.0991852107499;938.068769887587;5735000.0;86.05554972015065;1.0;1.377855274629468;;
4628;Vaksdal;2025;222;12268.0;33341.0;9769000.0;1796000.0;1980000.0;901000.0;2131000.0;796.2993152918161;146.39713074665798;161.39550048907728;488.50668405608087;73.44310401043364;63.91529948111934;869.7424193022498;933.6577187833691;1401000.0;114.19954352787741;1.0;1.2819414703783012;;
4629;Modalen;2025;222;1807.0;7749.0;2471000.0;290000.0;897000.0;44000.0;631000.0;1367.459878251245;160.48699501936912;496.40287769784175;710.5700055340343;24.349750968456004;81.4298619176668;1391.8096292197013;1473.239491137368;352000.0;194.79800774764803;1.0;0.8238636363636364;;
4630;Osterøy;2025;222;17226.0;35329.0;11868000.0;2039000.0;5014000.0;1864000.0;1715000.0;688.9585510275166;118.36758388482527;291.0716358992221;279.5193312434692;108.20852200162545;48.54368932038835;797.167073029142;845.7107623495303;1619000.0;93.9858353651457;1.0;1.2594193946880792;;
4631;Alver;2025;222;83186.0;171075.0;63861000.0;11734000.0;18442000.0;7163000.0;12640000.0;767.6892746375592;141.05738946457336;221.69595845454765;404.9359267184382;86.10823936720121;73.88572263627064;853.7975140047604;927.683236641031;8527000.0;102.5052292453057;0.9781869356162777;1.3760994488096634;;
4632;Austrheim;2025;222;10140.0;22347.0;3470000.0;574000.0;1284000.0;363000.0;-6000.0;342.20907297830377;56.60749506903353;126.62721893491124;158.97435897435898;35.798816568047336;-0.26849241508927374;378.00788954635107;377.7393971312618;516000.0;50.887573964497044;1.0;1.1124031007751938;DV_uteligger_lav;
4633;Fedje;2025;222;2721.0;6067.0;589000.0;472000.0;0.0;1160000.0;722000.0;216.46453509739067;173.46563763322308;0.0;42.998897464167584;426.31385520029403;119.0044503049283;642.7783902976847;761.7828406026131;436000.0;160.23520764424845;1.0;1.0825688073394495;renhold_urimelig_lav;
4635;Gulen;2025;222;10089.0;17347.0;7219000.0;1394000.0;2823000.0;1438000.0;3764000.0;715.5317672712855;138.17028446823272;279.80969372584;297.5517890772128;142.53146991773218;216.98276359024615;858.0632371890177;1075.046000779264;1076000.0;106.65080781048667;1.0;1.295539033457249;;
4636;Solund;2025;222;3374.0;7964.0;2525000.0;297000.0;1475000.0;319000.0;1426000.0;748.3698873740368;88.02608180201541;437.16656787196206;223.17723770005927;94.54653230586841;179.0557508789553;842.9164196799052;1021.9721705588605;316000.0;93.6573799644339;1.0;0.939873417721519;;
4637;Hyllestad;2025;222;3136.0;13615.0;1702000.0;280000.0;728000.0;233000.0;387000.0;542.7295918367347;89.28571428571429;232.14285714285714;221.30102040816325;74.2984693877551;28.42453176643408;617.0280612244898;645.4525929909238;281000.0;89.6045918367347;1.0;0.99644128113879;;
4638;Høyanger;2025;222;8250.0;25279.0;10333000.0;1026000.0;3859000.0;1141000.0;168000.0;1252.4848484848485;124.36363636363636;467.75757575757575;660.3636363636364;138.3030303030303;6.645832509197358;1390.7878787878788;1397.4337112970761;2238000.0;271.27272727272725;1.0;0.45844504021447724;;implisitt_pris_utenfor
4639;Vik;2025;222;9590.0;19462.0;7884000.0;1169000.0;3292000.0;301000.0;1083000.0;822.1063607924922;121.89781021897811;343.274244004171;356.93430656934305;31.386861313868614;55.646901654506216;853.4932221063608;909.140123760867;806000.0;84.0458811261731;1.0;1.4503722084367245;;
4640;Sogndal;2025;222;23209.0;85372.0;21394000.0;4984000.0;5832000.0;2333000.0;3656000.0;921.797578525572;214.7442802361153;251.2818303244431;455.7714679650136;100.52134947649618;42.82434521857284;1022.3189280020682;1065.143273220641;3029000.0;130.50971605842562;1.0;1.6454275338395508;;
4641;Aurland;2025;222;5380.0;25959.0;4415000.0;736000.0;1761000.0;1856000.0;1064000.0;820.631970260223;136.80297397769516;327.32342007434943;356.5055762081784;344.9814126394052;40.98771139103972;1165.6133828996283;1206.601094290668;95000.0;17.65799256505576;1.0;7.747368421052632;;kwh_urimelig_lav|implisitt_pris_utenfor
4642;Lærdal;2025;222;5430.0;18146.0;7347000.0;1887000.0;1966000.0;223000.0;0.0;1353.0386740331492;347.51381215469615;362.0626151012891;643.462246777164;41.06813996316759;0.0;1394.1068139963168;1394.1068139963168;918000.0;169.060773480663;1.0;2.055555555555556;;
4643;Årdal;2025;222;16064.0;39566.0;10148000.0;2163000.0;3563000.0;838000.0;4979000.0;631.7231075697212;134.6489043824701;221.80029880478088;275.2739043824701;52.16633466135458;125.84036799272103;683.8894422310757;809.7298102237967;2794000.0;173.9292828685259;0.9813886900501074;0.7741589119541875;;
4644;Luster;2025;222;16722.0;38667.0;7040000.0;1679000.0;257000.0;7022000.0;3618000.0;421.0022724554479;100.4066499222581;15.368975002990073;305.2266475301997;419.92584619064706;93.56815889518194;840.928118646095;934.4962775412769;2728000.0;163.13838057648607;1.0;0.6154692082111436;renhold_urimelig_lav;
4646;Fjaler;2025;222;10519.0;28018.0;5728000.0;575000.0;2001000.0;210000.0;2600000.0;544.5384542256869;54.66299077859112;190.2272079094971;299.64825553759863;19.96387489305067;92.79748732957384;564.5023291187375;657.2998164483114;956000.0;90.8831637988402;1.0;0.6014644351464435;;
4647;Sunnfjord;2025;222;79625.0;186309.0;46203000.0;8771000.0;17137000.0;1930000.0;6016000.0;580.2574568288854;110.15384615384616;215.22135007849295;254.8822605965463;24.23861852433281;32.290442222329574;604.4960753532182;636.7865175755478;8703000.0;109.29984301412873;1.0;1.0078133976789614;;
4649;Stad;2025;222;30353.0;59452.0;13427000.0;2762000.0;3777000.0;1064000.0;4527000.0;442.36154581095775;90.99594768227193;124.43580535696637;226.92979277171943;35.054195631403815;76.14546188521832;477.41574144236154;553.5612033275798;2509000.0;82.66069251803775;1.0;1.1008369868473495;;
4650;Gloppen;2025;222;15122.0;33572.0;10896000.0;1660000.0;5262000.0;1081000.0;4301000.0;720.5396111625446;109.77383943922761;347.9698452585637;262.79592646475334;71.48525327337654;128.1127129750983;792.0248644359211;920.1375774110195;1468000.0;97.07710620288321;1.0;1.1307901907356948;;
4651;Stryn;2025;222;16788.0;41196.0;15431000.0;2528000.0;4963000.0;2527000.0;3191000.0;919.1684536573744;150.58375029783178;295.62782940195376;472.95687395758875;150.52418394091018;77.45897659966987;1069.6926375982846;1147.1516141979544;2503000.0;149.09459137479152;1.0;1.0099880143827407;;
5001;Trondheim - Tråante;2025;222;427093.0;866384.0;221039000.0;30333000.0;75895000.0;55114000.0;103777000.0;517.5430175629195;71.02200223370554;177.70134373543937;268.8196715937747;129.0444938221886;119.78175958928142;646.5875113851082;766.3692709743896;34985000.0;81.91424350200073;1.0;0.867028726597113;;
5006;Steinkjer - Stïentje;2025;222;47584.0;141994.0;29438000.0;7591000.0;12440000.0;1059000.0;22679000.0;618.6533288500336;159.52841291190316;261.4324142568931;197.6925016812374;22.255379959650302;159.71801625420792;640.908708809684;800.6267250638919;6282000.0;132.0191661062542;1.0;1.208373129576568;;
5007;Namsos - Nåavmesjenjaelmie;2025;222;40606.0;86928.0;27837000.0;5644000.0;16308000.0;3269000.0;10333000.0;685.5390828941536;138.99423730483178;401.61552479929077;144.92932079003103;80.50534403782692;118.86848886434751;766.0444269319805;884.912915796328;5891000.0;145.07708220460032;0.9855712103208284;0.9580716346969953;;
5014;Frøya;2025;222;14951.0;35105.0;11788000.0;1733000.0;5546000.0;1159000.0;5496000.0;788.4422446659087;115.91197913183065;370.9450872851314;301.58517824894653;77.51989833455956;156.5588947443384;865.9621430004682;1022.5210377448067;1299000.0;86.88382048023544;1.0;1.3341031562740568;;
5020;Osen;2025;222;2625.0;10478.0;1511000.0;310000.0;0.0;41000.0;582000.0;575.6190476190476;118.0952380952381;0.0;457.5238095238095;15.619047619047619;55.54495132658904;591.2380952380952;646.7830465646842;245000.0;93.33333333333333;1.0;1.2653061224489797;renhold_urimelig_lav;
5021;Oppdal;2025;222;11654.0;27938.0;9355000.0;1314000.0;3799000.0;1378000.0;4256000.0;802.7286768491505;112.750986785653;325.98249528059034;363.99519478290716;118.2426634631886;152.33731834777006;920.9713403123391;1073.3086586601091;1807000.0;155.0540586922945;1.0;0.7271721084670725;;
5022;Rennebu;2025;222;5152.0;22891.0;4449000.0;867000.0;1539000.0;340000.0;203000.0;863.5481366459627;168.28416149068323;298.71894409937886;396.5450310559006;65.99378881987577;8.868114105980517;929.5419254658385;938.4100395718191;1169000.0;226.90217391304347;1.0;0.7416595380667237;;
5025;Røros - Rosse;2025;222;6230.0;34901.0;9018000.0;2182000.0;61000.0;339000.0;2331000.0;1447.5120385232744;350.24077046548956;9.791332263242376;1087.4799357945426;54.414125200642054;66.7889172230022;1501.9261637239165;1568.7150809469188;2572000.0;412.8410914927769;1.0;0.848367029548989;renhold_urimelig_lav;kwh_uteligger
5026;Holtålen;2025;222;5743.0;15479.0;3951000.0;651000.0;1074000.0;11078000.0;2099000.0;687.9679609959951;113.35538916942365;187.01027337628418;387.6022984502873;1928.9569911196238;135.60307513405257;2616.924952115619;2752.5280272496716;670000.0;116.66376458297057;1.0;0.9716417910447761;DV_uteligger_hoy;
5027;Midtre Gauldal;2025;222;13890.0;37389.0;12136000.0;2164000.0;3765000.0;1020000.0;0.0;873.7221022318215;155.79553635709144;271.0583153347732;446.8682505399568;73.4341252699784;0.0;947.1562275017999;947.1562275017999;1918000.0;138.0849532037437;1.0;1.1282586027111574;;
5028;Melhus;2025;222;42419.0;94808.0;32792000.0;4015000.0;10676000.0;2593000.0;11519000.0;773.0498125839836;94.65098187133124;251.6796718451637;426.7191588674886;61.12826799311629;121.49818580710489;834.1780805770999;955.6762663842047;4809000.0;113.36900917041892;1.0;0.8348929091287169;;
5029;Skaun;2025;222;21377.0;46711.0;17984000.0;2437000.0;6290000.0;1506000.0;4496000.0;841.2780090751743;114.00102914347195;294.2414744819198;433.0355054497825;70.4495485802498;96.25141829547644;911.7275576554241;1007.9789759509006;;;;;;kwh_mangler
5031;Malvik;2025;222;37852.0;76536.0;23425000.0;4604000.0;6247000.0;5530000.0;7860000.0;618.8576561344182;121.63161788016485;165.0375145302758;332.1885237239776;146.09531860932051;102.69677014738163;764.9529747437388;867.6497448911203;4583000.0;121.07682553101553;1.0;1.0045821514291948;;
5032;Selbu;2025;222;6985.0;26278.0;7575000.0;1141000.0;2143000.0;512000.0;1682000.0;1084.4667143879742;163.35003579098068;306.80028632784536;614.3163922691482;73.29992841803866;64.00791536646625;1157.766642806013;1221.7745581724791;1371000.0;196.27773801002147;1.0;0.8322392414296135;;
5033;Tydal;2025;222;3100.0;13788.0;2565000.0;293000.0;822000.0;297000.0;1604000.0;827.4193548387096;94.51612903225806;265.16129032258067;467.741935483871;95.80645161290323;116.33304322599362;923.2258064516129;1039.5588496776065;358000.0;115.48387096774194;1.0;0.8184357541899441;;
5034;Meråker;2025;222;5682.0;15322.0;4145000.0;1016000.0;1642000.0;275000.0;3479000.0;729.4966561070046;178.81027807110172;288.98275255191834;261.7036254839845;48.39845124956001;227.0591306617935;777.8951073565646;1004.9542380183581;1086000.0;191.129883843717;0.992633517495396;0.9355432780847145;;
5035;Stjørdal;2025;222;63590.0;173346.0;34071000.0;5689000.0;12671000.0;1458000.0;9304000.0;535.7917911621324;89.46375216228967;199.26089007705613;247.0671489227866;22.92813335430099;53.67300081917091;558.7199245164334;612.3929253356043;4945000.0;77.7637993395188;1.0;1.1504550050556117;;
5036;Frosta;2025;222;6870.0;13030.0;5436000.0;933000.0;1723000.0;864000.0;1490000.0;791.2663755458515;135.80786026200875;250.80058224163028;404.6579330422125;125.76419213973799;114.3514965464313;917.0305676855895;1031.3820642320209;988000.0;143.8136826783115;1.0;0.9443319838056682;;
5037;Levanger;2025;222;42182.0;81267.0;32259000.0;5280000.0;10438000.0;642000.0;16907000.0;764.7574794936229;125.17187425916268;247.45151960551894;392.13408562894125;15.219761983784553;208.04262492770744;779.9772414774075;988.019866405115;4174000.0;98.95215968896686;1.0;1.264973646382367;;
5038;Verdal;2025;222;35200.0;79010.0;29688000.0;5921000.0;6154000.0;3907000.0;3076000.0;843.4090909090909;168.21022727272728;174.82954545454547;500.3693181818182;110.99431818181819;38.93178078724212;954.4034090909091;993.3351898781513;5512000.0;156.5909090909091;1.0;1.074201741654572;;
5041;Snåase - Snåsa;2025;222;6176.0;18235.0;5590000.0;1485000.0;1621000.0;148000.0;3777000.0;905.1165803108809;240.44689119170985;262.4676165803109;402.2020725388601;23.963730569948186;207.1291472443104;929.080310880829;1136.2094581251395;1433000.0;232.02720207253887;1.0;1.0362875087229588;;
5042;Lierne;2025;222;3779.0;16542.0;4891000.0;678000.0;1519000.0;235000.0;1604000.0;1294.257740142895;179.41254300079387;401.95818999735377;712.8870071447473;62.1857634294787;96.96530044734615;1356.4435035723736;1453.4088040197198;518000.0;137.07329981476582;1.0;1.308880308880309;;
5043;Raarvihke - Røyrvik;2025;222;2105.0;9991.0;1350000.0;229000.0;471000.0;46000.0;1220000.0;641.3301662707838;108.78859857482185;223.75296912114015;308.78859857482183;21.852731591448933;122.10989890901811;663.1828978622328;785.292796771251;296000.0;140.61757719714964;1.0;0.7736486486486486;;
5044;Namsskogan;2025;222;4120.0;12577.0;2057000.0;331000.0;769000.0;152000.0;1089000.0;499.2718446601942;80.33980582524272;186.6504854368932;232.28155339805826;36.89320388349515;86.58662638149002;536.1650485436893;622.7516749251793;140000.0;33.980582524271846;1.0;2.3642857142857143;;kwh_urimelig_lav
5045;Grong;2025;222;11686.0;28011.0;6361000.0;1532000.0;2503000.0;347000.0;3285000.0;544.326544583262;131.09703919219578;214.18791716583948;199.04158822522677;29.693650521992126;117.27535611009961;574.0201951052542;691.2955512153537;1750000.0;149.75183980831764;0.9691428571428572;0.8754285714285713;;
5046;Høylandet;2025;222;3572.0;11416.0;3957000.0;1087000.0;1236000.0;174000.0;3399000.0;1107.7827547592385;304.31131019036957;346.02463605823067;457.4468085106383;48.712206047032474;297.74001401541693;1156.494960806271;1454.234974821688;1225000.0;342.9451287793953;1.0;0.8873469387755103;;kwh_uteligger
5047;Overhalla;2025;222;10742.0;27604.0;5197000.0;1230000.0;1737000.0;1025000.0;1220000.0;483.8018990876932;114.50381679389314;161.70173152113202;207.59635077266805;95.41984732824427;44.19649326184611;579.2217464159374;623.4182396777835;1507000.0;140.2904487060138;1.0;0.8161911081619111;;
5049;Flatanger;2025;222;2312.0;12367.0;2942000.0;735000.0;0.0;379000.0;499000.0;1272.491349480969;317.9065743944637;0.0;954.5847750865051;163.9273356401384;40.349316730007274;1436.4186851211073;1476.7680018511146;381000.0;164.7923875432526;1.0;1.9291338582677167;renhold_urimelig_lav;
5052;Leka;2025;222;2650.0;6483.0;2196000.0;429000.0;949000.0;59000.0;440000.0;828.6792452830189;161.88679245283018;358.1132075471698;308.6792452830189;22.264150943396228;67.86981335801326;850.9433962264151;918.8132095844284;450000.0;169.81132075471697;1.0;0.9533333333333334;;
5053;Inderøy;2025;222;12600.0;33475.0;9896000.0;2544000.0;2234000.0;1560000.0;2313000.0;785.3968253968254;201.9047619047619;177.3015873015873;406.1904761904762;123.80952380952381;69.09634055265123;909.2063492063492;978.3026897590004;1617000.0;128.33333333333334;1.0;1.5732838589981446;;
5054;Indre Fosen;2025;222;32108.0;70691.0;14162000.0;2648000.0;5373000.0;435000.0;10229000.0;441.07387566961506;82.47165815373116;167.34147253021055;191.26074498567334;13.548025414226984;144.7001739966898;454.62190108384203;599.3220750805318;2810000.0;87.51712968730534;1.0;0.9423487544483986;;
5055;Heim;2025;222;14483.0;38550.0;11947000.0;1843000.0;4585000.0;1178000.0;3003000.0;824.8981564592971;127.25264102741144;316.5780570323828;381.06745839950287;81.33673962576815;77.8988326848249;906.2348960850652;984.1337287698901;2666000.0;184.0778844162121;1.0;0.691297824456114;;
5056;Hitra;2025;222;12500.0;29041.0;8143000.0;1727000.0;2142000.0;357000.0;3148000.0;651.44;138.16;171.36;341.92;28.56;108.3984711270273;680.0;788.3984711270273;1312000.0;104.96;1.0;1.3163109756097562;;
5057;Ørland;2025;222;22987.0;82078.0;13773000.0;3232000.0;4726000.0;1935000.0;8384000.0;599.1647452908165;140.60120937921434;205.59446643755166;252.96906947405054;84.17801365989472;102.14673846828626;683.3427589507113;785.4894974189975;2370000.0;103.1017531648323;1.0;1.3637130801687762;;
5058;Åfjord;2025;222;1430.0;29229.0;8161000.0;1121000.0;1763000.0;58000.0;1354000.0;5706.993006993007;783.916083916084;1232.8671328671328;3690.2097902097903;40.55944055944056;46.32385644394266;5747.552447552447;5793.87630399639;247000.0;172.72727272727272;1.0;4.538461538461539;DV_uteligger_hoy;implisitt_pris_utenfor
5059;Orkland;2025;222;36633.0;106318.0;30196000.0;4198000.0;11472000.0;2941000.0;17868000.0;824.284115415063;114.59612917314989;313.1602653345344;396.5277209073786;80.2828051210657;168.06185217931113;904.5669205361286;1072.6287727154397;4987000.0;136.13408675238173;1.0;0.8417886504912773;;
5060;Nærøysund;2025;222;24017.0;83711.0;19103000.0;2831000.0;8217000.0;1361000.0;5666000.0;795.3949285922472;117.87483865595203;342.13265603530834;335.3874339009868;56.66819336303452;67.68525044498334;852.0631219552816;919.748372400265;1920000.0;79.94337344381063;1.0;1.4744791666666668;;
5061;Rindal;2025;222;3253.0;15914.0;2125000.0;368000.0;715000.0;373000.0;0.0;653.2431601598524;113.12634491238856;219.797110359668;320.31970488779587;114.66338764217645;0.0;767.9065478020289;767.9065478020289;340000.0;104.5189056255764;1.0;1.0823529411764705;;
5501;Tromsø;2025;222;153252.0;323997.0;108315000.0;21286000.0;39551000.0;6919000.0;71479000.0;706.7770730561429;138.89541408921255;258.07819800067864;309.8034609662517;45.14786103933391;220.6162402738297;751.9249340954767;972.5411743693064;25798000.0;168.33711794952106;1.0;0.8251027211411738;;
5503;Harstad - Hárstták;2025;222;59411.0;141212.0;33394000.0;5989000.0;13815000.0;5729000.0;15888000.0;562.0844624732794;100.8062480012119;232.5326959653936;228.74551850667385;96.4299540489135;112.51168455938588;658.5144165221928;771.0261010815788;10838000.0;182.424130211577;0.9981546410776896;0.552592729285846;;
5510;Kvæfjord;2025;222;7568.0;29595.0;4728000.0;621000.0;1695000.0;854000.0;632000.0;624.7357293868922;82.05602536997885;223.96934460887948;318.7103594080338;112.84355179704016;21.354958607872952;737.5792811839324;758.9342397918053;1477000.0;195.16384778012684;1.0;0.42044685172647256;;implisitt_pris_utenfor
5512;Dielddanuorri - Tjeldsund;2025;222;5300.0;17200.0;8752000.0;1745000.0;3645000.0;1841000.0;2368000.0;1651.3207547169811;329.24528301886795;687.7358490566038;634.3396226415094;347.35849056603774;137.67441860465115;1998.6792452830189;2136.35366388767;2473000.0;466.60377358490564;1.0;0.7056207035988679;DV_uteligger_hoy;kwh_uteligger
5514;Ibestad;2025;222;2198.0;9433.0;1108000.0;149000.0;567000.0;56000.0;623000.0;504.0946314831665;67.78889899909008;257.96178343949043;178.343949044586;25.477707006369428;66.04473656312943;529.5723384895359;595.6170750526653;219000.0;99.63603275705186;1.0;0.680365296803653;;
5516;Gratangen;2025;222;1723.0;11100.0;2299000.0;410000.0;883000.0;414000.0;96000.0;1334.3006384213581;237.9570516540917;512.4782356355195;583.8653511317469;240.27858386535112;8.64864864864865;1574.5792222867092;1583.227870935358;390000.0;226.34939059779455;0.8564102564102564;1.0512820512820513;;
5518;Loabák - Lavangen;2025;222;2785.0;9890.0;3801000.0;501000.0;1998000.0;382000.0;180000.0;1364.8114901256733;179.89228007181327;717.4147217235188;467.50448833034113;137.1633752244165;18.200202224469162;1501.9748653500897;1520.1750675745589;544000.0;195.33213644524238;1.0;0.920955882352941;;
5520;Bardu;2025;222;9495.0;30027.0;7854000.0;1111000.0;4629000.0;641000.0;2396000.0;827.172195892575;117.00895208004212;487.51974723538706;222.64349657714587;67.50921537651395;79.79485130049622;894.681411269089;974.4762625695853;977000.0;102.89626119010005;1.0;1.1371545547594677;;
5522;Salangen;2025;222;5087.0;16897.0;2502000.0;591000.0;622000.0;657000.0;658000.0;491.8419500688028;116.17849420090427;122.27245920975034;253.39099665814823;129.15274228425397;38.94182399242469;620.9946923530568;659.9365163454816;386000.0;75.8796933359544;1.0;1.5310880829015543;;
5524;Målselv;2025;222;18046.0;43265.0;13148000.0;2352000.0;4643000.0;1344000.0;8230000.0;728.5825113598581;130.33359193173;257.28693339244154;340.9619860356866;74.47633824670287;190.22304403097192;803.058849606561;993.2818936375329;4028000.0;223.20735897151724;1.0;0.5839126117179742;;
5526;Sørreisa;2025;222;6750.0;21875.0;5224000.0;550000.0;2213000.0;1909000.0;2716000.0;773.925925925926;81.48148148148148;327.85185185185185;364.5925925925926;282.81481481481484;124.16;1056.7407407407406;1180.9007407407407;895000.0;132.59259259259258;1.0;0.6145251396648045;;
5528;Dyrøy;2025;222;4100.0;9114.0;1577000.0;578000.0;0.0;404000.0;6430000.0;384.6341463414634;140.97560975609755;0.0;243.65853658536585;98.53658536585365;705.5080096554751;483.1707317073171;1188.6787413627922;936000.0;228.29268292682926;1.0;0.6175213675213675;renhold_urimelig_lav;
5530;Senja;2025;222;43401.0;102565.0;34039000.0;6671000.0;12414000.0;5840000.0;12014000.0;784.290684546439;153.7061358033225;286.0302758000968;344.5542729430197;134.55911154120872;117.13547506459318;918.8497960876477;1035.985271152241;8920000.0;205.5252183129421;1.0;0.7478699551569506;;
5532;Balsfjord;2025;222;13559.0;38762.0;13311000.0;2010000.0;3324000.0;3284000.0;3061000.0;981.709565602183;148.2410207242422;245.15082233203037;588.3177225459104;242.20075226786636;78.96909344203085;1223.9103178700493;1302.8794113120803;1890000.0;139.39081053175013;1.0;1.0634920634920635;;
5534;Karlsøy;2025;222;4418.0;20282.0;3140000.0;611000.0;1420000.0;462000.0;3494000.0;710.7288365776369;138.29787234042553;321.41240380262565;251.0185604345858;104.57220461747397;172.27097919337342;815.3010411951109;987.5720203884844;1252000.0;283.3861475780896;1.0;0.4880191693290735;;implisitt_pris_utenfor
5536;Lyngen - Ivgu - Yykeä;2025;222;7410.0;26525.0;8121000.0;1534000.0;2541000.0;869000.0;1791000.0;1095.9514170040486;207.01754385964912;342.914979757085;546.0188933873144;117.27395411605939;67.52120640904806;1213.2253711201079;1280.746577529156;2339000.0;315.65452091767884;1.0;0.6558358272766139;;kwh_uteligger
5538;Storfjord - Omasvuotna - Omasvuono;2025;222;4330.0;21973.0;4552000.0;680000.0;2132000.0;41000.0;856000.0;1051.270207852194;157.04387990762126;492.378752886836;401.8475750577367;9.468822170900692;38.95690165202749;1060.7390300230948;1099.6959316751222;970000.0;224.01847575057738;1.0;0.7010309278350516;;
5540;Gáivuotna - Kåfjord - Kaivuono;2025;222;4922.0;16983.0;5160000.0;848000.0;2849000.0;1191000.0;564000.0;1048.3543275091426;172.28768793173506;578.8297440065014;297.23689557090614;241.97480698902885;33.209680268503796;1290.3291344981715;1323.5388147666752;914000.0;185.69687119057295;1.0;0.9277899343544858;;
5542;Skjervøy;2025;222;13767.0;37580.0;7514000.0;1927000.0;2193000.0;887000.0;1883000.0;545.7979225684608;139.97239776276604;159.29396382654173;246.53156097915306;64.42943270138737;50.10643959552954;610.2273552698482;660.3337948653777;1505000.0;109.31938693978354;1.0;1.2803986710963455;;
5544;Nordreisa - Ráisa - Raisi;2025;222;12078.0;41829.0;7822000.0;1977000.0;2838000.0;288000.0;1095000.0;647.6237787713197;163.68604073522107;234.97267759562843;248.96506044047027;23.84500745156483;26.17801047120419;671.4687862228845;697.6467966940887;2132000.0;176.51929127338963;1.0;0.927298311444653;;
5546;Kvænangen;2025;222;4300.0;14652.0;3868000.0;383000.0;1914000.0;904000.0;296000.0;899.5348837209302;89.06976744186046;445.1162790697674;365.3488372093023;210.2325581395349;20.2020202020202;1109.7674418604652;1129.9694620624853;756000.0;175.8139534883721;1.0;0.5066137566137565;;
5601;Alta;2025;222;64621.0;133031.0;32565000.0;3788000.0;13971000.0;2234000.0;11923000.0;503.93834821497654;58.6187152783151;216.19906841429255;229.12056452236888;34.57080515621857;89.6257263344634;538.5091533711951;628.1348797056585;9928000.0;153.6342674981817;1.0;0.38154713940370666;;implisitt_pris_utenfor
5603;Hammerfest - Hámmerfeasta;2025;222;41463.0;124243.0;19980000.0;2088000.0;8910000.0;350000.0;6385000.0;481.875406989364;50.35815064032993;214.89038419795963;216.62687215107445;8.441260883197067;51.391225260175624;490.3166678725611;541.7078931327367;5974000.0;144.0802643320551;1.0;0.3495145631067961;;implisitt_pris_utenfor
5605;Sør-Varanger;2025;222;32738.0;60414.0;19420000.0;2424000.0;6467000.0;1361000.0;2227000.0;593.1944529293177;74.04239721424644;197.5380292015395;321.61402651353166;41.57248457450058;36.862316681563875;634.7669375038182;671.6292541853821;3895000.0;118.97489156332091;1.0;0.6223363286264442;;
5607;Vadsø;2025;222;14867.0;54724.0;6750000.0;902000.0;3622000.0;1038000.0;228000.0;454.0256944911549;60.671285397188406;243.6268245106612;149.72758458330532;69.81906235286205;4.166362108033039;523.844756844017;528.01111895205;2257000.0;151.8127396246721;1.0;0.3996455471865308;;implisitt_pris_utenfor
5612;Guovdageaidnu - Kautokeino;2025;222;9341.0;30772.0;6921000.0;1003000.0;3292000.0;598000.0;3726000.0;740.9270956000428;107.37608393105663;352.4247939192806;281.1262177497056;64.01884166577454;121.08410243078123;804.9459372658174;926.0300396965986;1909000.0;204.36784070228026;1.0;0.5254059717129387;;
5614;Loppa;2025;222;2500.0;5400.0;3859000.0;350000.0;0.0;240000.0;760000.0;1543.6;140.0;0.0;1403.6;96.0;140.74074074074073;1639.6;1780.3407407407406;244000.0;97.6;1.0;1.4344262295081969;renhold_urimelig_lav;
5616;Hasvik;2025;222;6000.0;9880.0;3235000.0;532000.0;1292000.0;1249000.0;1442000.0;539.1666666666666;88.66666666666667;215.33333333333334;235.16666666666666;208.16666666666666;145.95141700404858;747.3333333333334;893.284750337382;1528000.0;254.66666666666666;1.0;0.3481675392670157;;implisitt_pris_utenfor
5620;Nordkapp;2025;222;8277.0;26078.0;5313000.0;1242000.0;2002000.0;400000.0;1034000.0;641.8992388546575;150.0543675244654;241.87507551045064;249.96979581974145;48.32668841367645;39.65027992944244;690.225927268334;729.8762071977765;1390000.0;167.93524223752567;1.0;0.8935251798561151;;
5622;Porsanger - Porsángu - Porsanki;2025;222;14794.0;36736.0;8528000.0;1573000.0;3170000.0;514000.0;1242000.0;576.4499121265378;106.32688927943761;214.27605786129513;255.84696498580504;34.74381506015953;33.808797909407666;611.1937271866973;645.0025250961049;2676000.0;180.88414221981884;1.0;0.5878176382660688;;
5624;Lebesby;2025;222;3248.0;12572.0;2094000.0;38000.0;1269000.0;37000.0;1058000.0;644.7044334975369;11.699507389162562;390.70197044334975;242.30295566502463;11.391625615763546;84.15526566974228;656.0960591133005;740.2513247830427;229000.0;70.50492610837438;1.0;0.165938864628821;energi_urimelig_lav;implisitt_pris_utenfor
5626;Gamvik;2025;222;5906.0;16288.0;3096000.0;417000.0;641000.0;172000.0;1154000.0;524.2126650863529;70.60616322384016;108.53369454791738;345.0728073145953;29.122925838130715;70.84970530451866;553.3355909244835;624.1852962290022;806000.0;136.47138503217067;1.0;0.5173697270471463;;
5628;Deatnu - Tana;2025;222;8505.0;25276.0;4631000.0;643000.0;1581000.0;148000.0;2570000.0;544.5032333921223;75.60258671369782;185.8906525573192;283.00999412110525;17.401528512639622;101.6774806140212;561.9047619047619;663.5822425187831;1169000.0;137.4485596707819;1.0;0.5500427715996578;;
5630;Berlevåg;2025;222;2464.0;10114.0;1720000.0;180000.0;720000.0;140000.0;664000.0;698.0519480519481;73.05194805194805;292.2077922077922;332.7922077922078;56.81818181818182;65.6515720783073;754.8701298701299;820.5217019484371;464000.0;188.3116883116883;1.0;0.3879310344827586;;implisitt_pris_utenfor
5632;Båtsfjord;2025;222;7795.0;19513.0;4310000.0;1159000.0;1192000.0;26000.0;32000.0;552.9185375240539;148.68505452212958;152.91853752405387;251.31494547787042;3.335471456061578;1.6399323527904475;556.2540089801155;557.8939413329059;1342000.0;172.16164207825528;1.0;0.8636363636363638;;
5634;Vardø;2025;222;1850.0;14491.0;2299000.0;96000.0;792000.0;69000.0;1085000.0;1242.7027027027027;51.891891891891895;428.1081081081081;762.7027027027027;37.2972972972973;74.87405976123111;1280.0;1354.8740597612311;0.0;0.0;;;;kwh_null|kwh_urimelig_lav
5636;Unjárga - Nesseby;2025;222;3000.0;8863.0;2628000.0;126000.0;1242000.0;177000.0;92000.0;876.0;42.0;414.0;420.0;59.0;10.380232426943472;935.0;945.3802324269435;588000.0;196.0;1.0;0.21428571428571427;;implisitt_pris_utenfor
