kommune;kommunenavn;aargang;funksjon;eid_areal_m2;portefoljeareal_m2;drift_kr;energi_kr;renhold_kr;vedlikehold_kr;forvaltning_kr;drift_kr_m2;energi_kr_m2;renhold_kr_m2;ovrig_drift_kr_m2;vedlikehold_kr_m2;forvaltning_kr_m2;dv_kr_m2;fdv_kr_m2;energibruk_kwh;kwh_m2;fornybarandel;implisitt_energipris_kr_kwh;flagg_kostnad;flagg_energi
0301;Oslo - Oslove;2023;261;379948.0;2301233.0;176770000.0;86598000.0;31405000.0;268874000.0;292785000.0;465.2478760251403;227.92066282754482;82.65604766968112;154.67116552791435;707.6599955783423;127.2296199472196;1172.9078716034826;1300.1374915507022;48991000.0;128.94132881341656;1.0;1.7676307893286523;;
1101;Eigersund;2023;261;3172.0;46878.0;837000.0;106000.0;396000.0;93000.0;9696000.0;263.8713745271122;33.417402269861284;124.84237074401008;105.61160151324086;29.31904161412358;206.83476257519519;293.1904161412358;500.025178716431;772000.0;243.3795712484237;1.0;0.13730569948186527;energi_urimelig_lav;implisitt_pris_utenfor
1103;Stavanger;2023;261;100826.0;643220.0;59078000.0;18690000.0;12689000.0;20537000.0;101469000.0;585.9401344891198;185.3688532719735;125.85047507587329;274.7208061412731;203.68754091206634;157.75162463853735;789.6276754011863;947.3793000397236;17202000.0;170.6107551623589;1.0;1.086501569584932;;
1106;Haugesund;2023;261;22292.0;135720.0;16334000.0;7204000.0;4799000.0;3325000.0;3174000.0;732.7292302171182;323.16526108020815;215.2790238650637;194.2849452718464;149.15664812488785;23.386383731211318;881.8858783420061;905.2722620732175;6805000.0;305.2664633052216;0.732990448199853;1.0586333578251288;;
1108;Sandnes;2023;261;54714.0;322126.0;63315000.0;11298000.0;12997000.0;5449000.0;33685000.0;1157.1992543042;206.49193990569142;237.54432138026831;713.1629930182403;99.59059838432577;104.57088220137462;1256.7898526885258;1361.3607348899004;11810000.0;215.84969112110247;0.9996613039796782;0.9566469093988146;;
1111;Sokndal;2023;261;8765.0;22443.0;4628000.0;1614000.0;1839000.0;448000.0;850000.0;528.0091272104963;184.14147176269253;209.81175128351398;134.05590416428979;51.1123787792356;37.87372454662924;579.1215059897319;616.9952305363611;1476000.0;168.39703365658872;1.0;1.0934959349593496;;
1112;Lund;2023;261;6980.0;23592.0;2977000.0;1313000.0;396000.0;139000.0;87000.0;426.50429799426934;188.10888252148996;56.73352435530086;181.66189111747852;19.91404011461318;3.6876907426246186;446.4183381088825;450.1060288515071;1277000.0;182.9512893982808;1.0;1.0281910728269381;;
1114;Bjerkreim;2023;261;3503.0;18151.0;3248000.0;736000.0;852000.0;0.0;766000.0;927.2052526405938;210.1056237510705;243.22009705966315;473.8795318298601;0.0;42.20153159605531;927.2052526405938;969.4067842366492;624000.0;178.13302883242935;1.0;1.1794871794871795;;
1119;Hå;2023;261;20530.0;87311.0;14351000.0;4886000.0;3897000.0;1733000.0;2301000.0;699.0258158792012;237.9931807111544;189.81977593765222;271.21285923039454;84.41305406721871;26.354067643252282;783.4388699464199;809.7929375896722;3567000.0;173.7457379444715;1.0;1.3697785253714605;;
1120;Klepp;2023;261;10915.0;90439.0;9656000.0;2714000.0;2095000.0;1195000.0;2465000.0;884.6541456710949;248.64864864864865;191.93770041227668;444.06779661016947;109.48236371965186;27.25594046816086;994.1365093907467;1021.3924498589075;2304000.0;211.08566193311955;1.0;1.1779513888888888;;
1121;Time;2023;261;8654.0;88298.0;7606000.0;1458000.0;2558000.0;611000.0;8583000.0;878.8999306678992;168.47700485324705;295.5858562514444;414.83706956320776;70.60318927663508;97.20491970373055;949.5031199445343;1046.708039648265;1437000.0;166.0503813265542;0.9331941544885177;1.0146137787056366;;
1122;Gjesdal;2023;261;5450.0;57995.0;4152000.0;1673000.0;773000.0;486000.0;3787000.0;761.8348623853211;306.9724770642202;141.8348623853211;313.0275229357798;89.1743119266055;65.29873264936633;851.0091743119266;916.3079069612929;1122000.0;205.87155963302752;1.0;1.4910873440285206;;
1124;Sola;2023;261;27870.0;185461.0;16846000.0;5317000.0;4779000.0;2789000.0;19456000.0;604.4492285611769;190.77861499820597;171.47470398277719;242.19590958019376;100.07176175098672;104.90615277605535;704.5209903121636;809.4271430882189;4721000.0;169.3936132041622;1.0;1.1262444397373437;;
1127;Randaberg;2023;261;15268.0;71912.0;8534000.0;2469000.0;2673000.0;1659000.0;3517000.0;558.9468168718889;161.7107676185486;175.0720461095101;222.16400314383023;108.65863243384857;48.906997441317166;667.6054493057375;716.5124467470546;452000.0;29.604401362326435;1.0;5.462389380530974;;kwh_urimelig_lav|implisitt_pris_utenfor
1130;Strand;2023;261;4429.0;67525.0;6545000.0;2612000.0;1119000.0;1642000.0;4807000.0;1477.7602167532175;589.7493790923459;252.6529690675096;635.3578685933619;370.7383156468729;71.1884487226953;1848.4985324000904;1919.6869811227857;1022000.0;230.7518627229623;1.0;2.5557729941291583;;
1133;Hjelmeland;2023;261;6425.0;26169.0;5706000.0;1497000.0;1921000.0;405000.0;2457000.0;888.0933852140078;232.99610894941634;298.988326848249;356.1089494163424;63.03501945525292;93.88971684053651;951.1284046692607;1045.0181215097973;842000.0;131.05058365758754;1.0;1.7779097387173397;;
1134;Suldal;2023;261;6798.0;38732.0;4740000.0;1192000.0;1554000.0;633000.0;1364000.0;697.2639011473963;175.34568990879671;228.59664607237423;293.32156516622535;93.11562224183584;35.21635856655995;790.3795233892321;825.595881955792;1335000.0;196.3812886142983;1.0;0.8928838951310862;;
1135;Sauda;2023;261;2678.0;26048.0;5941000.0;1746000.0;2212000.0;334000.0;545000.0;2218.4466019417478;651.9790888722928;825.9895444361464;740.4779686333085;124.71994025392084;20.922911547911546;2343.1665421956686;2364.08945374358;2972000.0;1109.7834204630321;1.0;0.5874831763122477;DV_uteligger_hoy;kwh_urimelig_hoy
1144;Kvitsøy;2023;261;1540.0;6644.0;1442000.0;421000.0;277000.0;322000.0;191000.0;936.3636363636364;273.3766233766234;179.87012987012986;483.1168831168831;209.0909090909091;28.747742323901264;1145.4545454545455;1174.2022877784468;304000.0;197.4025974025974;1.0;1.3848684210526319;;
1145;Bokn;2023;261;2200.0;11283.0;1646000.0;572000.0;168000.0;97000.0;483000.0;748.1818181818181;260.0;76.36363636363636;411.8181818181818;44.09090909090909;42.80776389258176;792.2727272727273;835.080491165309;500000.0;227.27272727272728;1.0;1.144;;
1146;Tysvær;2023;261;19639.0;76188.0;14014000.0;4859000.0;3132000.0;1063000.0;6535000.0;713.5801211874332;247.41585620449106;159.4785885228372;306.6856764601049;54.126992209379296;85.77466267653699;767.7071133968125;853.4817760733495;3411000.0;173.68501451194052;0.6203459396071533;1.4245089416593375;;
1149;Karmøy;2023;261;38621.0;189453.0;35710000.0;10973000.0;11587000.0;3852000.0;7810000.0;924.6264985370653;284.12003832112066;300.01812485435386;340.4883353615908;99.73848424432303;41.22394472507693;1024.3649827813883;1065.5889275064653;7940000.0;205.58763367080087;0.7978589420654912;1.3819899244332494;;
1151;Utsira;2023;261;450.0;3289.0;875000.0;78000.0;103000.0;122000.0;126000.0;1944.4444444444443;173.33333333333334;228.88888888888889;1542.2222222222222;271.1111111111111;38.30951657038614;2215.5555555555557;2253.865072125942;78000.0;173.33333333333334;1.0;1.0;areal_for_lite;areal_for_lite
1160;Vindafjord;2023;261;10538.0;60864.0;9001000.0;2927000.0;2620000.0;1137000.0;2609000.0;854.1468969443918;277.75669007401785;248.62402732966407;327.7661795407098;107.89523628772064;42.86606203995794;962.0421332321124;1004.9081952720703;2689000.0;255.1717593471247;1.0;1.088508739308293;;
1505;Kristiansund;2023;261;28693.0;115530.0;20227000.0;4355000.0;6699000.0;970000.0;15636000.0;704.9454570801241;151.77917959084098;233.47157843376434;319.69469905551875;33.80615481127801;135.34146974811736;738.751611891402;874.0930816395194;5124000.0;178.58014149792632;1.0;0.8499219359875099;;
1506;Molde;2023;261;45371.0;166855.0;27111000.0;7533000.0;2159000.0;2413000.0;15084000.0;597.5402790328624;166.03116528178793;47.585462079301756;383.92365167177275;53.1837517356902;90.40184591411705;650.7240307685526;741.1258766826696;9045000.0;199.3564170946199;1.0;0.8328358208955224;renhold_urimelig_lav;
1507;Ålesund (2020-2023);2023;261;48134.0;253362.0;35839000.0;6061000.0;6821000.0;10916000.0;6162000.0;744.5672497610836;125.91930859683384;141.70856359330205;476.9393775709478;226.78356255453525;24.32093210505127;971.3508123156189;995.6717444206702;26835000.0;557.5061287239789;1.0;0.22586174771753306;;kwh_urimelig_hoy|implisitt_pris_utenfor
1511;Vanylven;2023;261;8047.0;23544.0;1794000.0;753000.0;4000.0;540000.0;0.0;222.94022617124395;93.57524543308065;0.49707965701503665;128.86790108114826;67.10575369702995;0.0;290.0459798682739;290.0459798682739;1311000.0;162.91785758667825;1.0;0.5743707093821511;renhold_urimelig_lav;
1514;Sande;2023;261;11507.0;23289.0;3680000.0;116000.0;1197000.0;420000.0;784000.0;319.8053358825063;10.080820370209437;104.02363778569567;205.7008777266012;36.499522030068654;33.66396152690111;356.30485791257496;389.9688194394761;740000.0;64.30868167202573;1.0;0.15675675675675674;energi_urimelig_lav;implisitt_pris_utenfor|kwh_uteligger
1515;Herøy (Møre og Romsdal);2023;261;7212.0;47224.0;10283000.0;232000.0;2157000.0;778000.0;4229000.0;1425.818080976151;32.16860787576262;299.08485856905156;1094.5646145313367;107.87576261785912;89.5519227511435;1533.6938435940099;1623.2457663451535;1873000.0;259.70604547975597;1.0;0.12386545648691938;energi_urimelig_lav;implisitt_pris_utenfor
1516;Ulstein;2023;261;5416.0;51946.0;4964000.0;1337000.0;1169000.0;1866000.0;7012000.0;916.5435745937962;246.86115214180208;215.84194977843427;453.8404726735598;344.5347119645495;134.98633196011244;1261.0782865583456;1396.064618518458;1801000.0;332.533234859675;1.0;0.7423653525818991;;
1517;Hareid;2023;261;13474.0;40307.0;6524000.0;523000.0;2110000.0;860000.0;5208000.0;484.1917767552323;38.815496511800504;156.5978922369007;288.7783880065311;63.826629063381326;129.20832609720395;548.0184058186136;677.2267319158175;1958000.0;145.31690663500075;1.0;0.2671092951991828;energi_urimelig_lav;implisitt_pris_utenfor
1520;Ørsta;2023;261;11065.0;67119.0;8443000.0;135000.0;2398000.0;905000.0;3775000.0;763.0366018978762;12.200632625395391;216.7193854496159;534.1165838228649;81.78942611839132;56.24338860829273;844.8260280162675;901.0694166245603;1809000.0;163.48847718029825;1.0;0.07462686567164178;energi_urimelig_lav;implisitt_pris_utenfor
1525;Stranda;2023;261;5608.0;24522.0;4380000.0;1120000.0;0.0;204000.0;44000.0;781.0271041369472;199.71469329529245;0.0;581.3124108416548;36.37660485021398;1.7943071527607863;817.4037089871612;819.198016139922;1181000.0;210.5920114122682;1.0;0.9483488569009314;renhold_urimelig_lav;
1528;Sykkylven;2023;261;2443.0;30993.0;453000.0;207000.0;0.0;103000.0;1873000.0;185.4277527629963;84.73188702415064;0.0;100.69586573884568;42.16127711829718;60.43300100022586;227.5890298812935;288.02203088151936;227000.0;92.9185427752763;1.0;0.9118942731277534;drift_urimelig_lav|renhold_urimelig_lav;
1531;Sula;2023;261;19245.0;56844.0;554000.0;0.0;0.0;0.0;6272000.0;28.78669784359574;0.0;0.0;28.78669784359574;0.0;110.33706283864612;28.78669784359574;139.12376068224185;2526000.0;131.25487139516758;1.0;0.0;drift_urimelig_lav|energi_urimelig_lav|renhold_urimelig_lav;implisitt_pris_utenfor
1532;Giske;2023;261;4370.0;42930.0;369000.0;147000.0;0.0;48000.0;2307000.0;84.43935926773456;33.63844393592677;0.0;50.80091533180778;10.983981693363845;53.73864430468204;95.4233409610984;149.16198526578046;593000.0;135.6979405034325;1.0;0.24789207419898818;drift_urimelig_lav|energi_urimelig_lav|renhold_urimelig_lav;implisitt_pris_utenfor
1535;Vestnes;2023;261;12133.0;43894.0;3979000.0;758000.0;1103000.0;479000.0;6275000.0;327.94857001565975;62.47424379790654;90.9090909090909;174.56523530866232;39.47910656886178;142.95803526677906;367.4276765845216;510.38571185130064;4705000.0;387.7853787191956;1.0;0.16110520722635494;DV_uteligger_lav;implisitt_pris_utenfor
1539;Rauma;2023;261;16156.0;53750.0;8361000.0;1348000.0;2191000.0;200000.0;2511000.0;517.5167120574399;83.43649418172815;135.6152512998267;298.4649665758851;12.379301807378065;46.716279069767445;529.896013864818;576.6122929345854;2155000.0;133.38697697449865;1.0;0.625522041763341;;
1547;Aukra;2023;261;5200.0;26396.0;3576000.0;685000.0;999000.0;579000.0;483000.0;687.6923076923077;131.73076923076923;192.1153846153846;363.84615384615387;111.34615384615384;18.29822700409153;799.0384615384615;817.336688542553;770000.0;148.07692307692307;1.0;0.8896103896103896;;
1554;Averøy;2023;261;3908.0;23852.0;4500000.0;957000.0;1023000.0;884000.0;1649000.0;1151.484135107472;244.8822927328557;261.77072671443193;644.8311156601842;226.2026612077789;69.13466375985243;1377.6867963152508;1446.8214600751032;767000.0;196.26407369498466;1.0;1.2477183833116037;;
1557;Gjemnes;2023;261;4973.0;18282.0;3925000.0;1453000.0;837000.0;340000.0;558000.0;789.262014880354;292.1777599034788;168.30886788658756;328.77538709028755;68.3691936456867;30.52182474565146;857.6312085260406;888.153033271692;812000.0;163.28172129499296;1.0;1.7894088669950738;;
1560;Tingvoll;2023;261;5482.0;26517.0;4110000.0;1432000.0;1237000.0;1162000.0;1660000.0;749.7263772345859;261.2185333819774;225.64757387814666;262.86026997446186;211.96643560744255;62.601350077308894;961.6928128420285;1024.2941629193374;1078000.0;196.64356074425393;1.0;1.3283858998144713;;
1563;Sunndal;2023;261;12100.0;48587.0;5841000.0;1706000.0;2583000.0;2272000.0;3638000.0;482.72727272727275;140.9917355371901;213.47107438016528;128.26446280991735;187.76859504132233;74.87599563669295;670.4958677685951;745.371863405288;2430000.0;200.82644628099175;1.0;0.7020576131687243;;
1566;Surnadal;2023;261;7480.0;33305.0;7114000.0;1425000.0;1591000.0;258000.0;1817000.0;951.0695187165776;190.50802139037432;212.70053475935828;547.8609625668449;34.49197860962567;54.556372916979434;985.5614973262032;1040.1178702431826;1742000.0;232.88770053475935;1.0;0.8180252583237658;;
1573;Smøla;2023;261;6348.0;15864.0;2065000.0;684000.0;551000.0;791000.0;0.0;325.299306868305;107.75047258979205;86.7989918084436;130.74984247006932;124.60617517328292;0.0;449.9054820415879;449.9054820415879;;;;;;kwh_mangler
1576;Aure;2023;261;6805.0;24660.0;4267000.0;1383000.0;1451000.0;476000.0;0.0;627.0389419544452;203.2329169728141;213.22556943423953;210.58045554739164;69.94856722997795;0.0;696.9875091844232;696.9875091844232;1629000.0;239.3828067597355;1.0;0.8489871086556169;;
1577;Volda;2023;261;9647.0;47817.0;6219000.0;306000.0;2210000.0;2577000.0;10758000.0;644.6563698559138;31.719705607961025;229.08676272416295;383.84990152378975;267.1296776199855;224.98274672187716;911.7860474758993;1136.7687941977765;2485000.0;257.5930341038665;1.0;0.12313883299798792;energi_urimelig_lav;implisitt_pris_utenfor
1578;Fjord;2023;261;7036.0;31570.0;6927000.0;865000.0;2088000.0;585000.0;0.0;984.5082433200682;122.93916998294486;296.7595224559409;564.8095508811825;83.14383172256964;0.0;1067.6520750426378;1067.6520750426378;1675000.0;238.06139852188744;1.0;0.5164179104477612;;
1579;Hustadvika;2023;261;11211.0;62859.0;8525000.0;1929000.0;2473000.0;944000.0;7373000.0;760.4138792257604;172.06315226117206;220.5869235572206;367.7638034073678;84.2030148960842;117.29426176044798;844.6168941218447;961.9111558822926;2303000.0;205.4232450272054;1.0;0.8376031263569258;;
1804;Bodø;2023;261;34838.0;243293.0;23093000.0;5584000.0;3707000.0;14465000.0;26816000.0;662.8681324989954;160.28474654113325;106.40679717549801;396.1765887823641;415.20753200528156;110.22100923577743;1078.075664504277;1188.2966737400545;6501000.0;186.60657902290603;1.0;0.8589447777265036;;
1806;Narvik;2023;261;30894.0;122049.0;22136000.0;5388000.0;1078000.0;2184000.0;9814000.0;716.5145335663883;174.40279665954554;34.89350682980514;507.2182300770376;70.69333851233249;80.41032699981155;787.2078720787208;867.6181990785324;7617000.0;246.5527286851816;1.0;0.7073651043717999;renhold_urimelig_lav;
1811;Bindal;2023;261;3026.0;12427.0;2744000.0;574000.0;686000.0;214000.0;387000.0;906.8076668869795;189.68935888962326;226.70191672174488;490.4163912756114;70.72042300066094;31.141868512110726;977.5280898876405;1008.6699583997512;1059000.0;349.96695307336415;1.0;0.5420207743153919;;
1812;Sømna;2023;261;4800.0;16671.0;5998000.0;909000.0;2052000.0;316000.0;0.0;1249.5833333333333;189.375;427.5;632.7083333333334;65.83333333333333;0.0;1315.4166666666667;1315.4166666666667;1243000.0;258.9583333333333;1.0;0.7312952534191473;;
1813;Brønnøy;2023;261;14418.0;47152.0;7291000.0;1100000.0;1251000.0;135000.0;2281000.0;505.6873352753503;76.29352198640588;86.76654182272159;342.6272714662228;9.363295880149813;48.375466576179164;515.0506311555;563.4260977316792;2046000.0;141.90595089471495;1.0;0.5376344086021505;;
1815;Vega;2023;261;3300.0;12500.0;2304000.0;931000.0;0.0;808000.0;0.0;698.1818181818181;282.1212121212121;0.0;416.06060606060606;244.84848484848484;0.0;943.030303030303;943.030303030303;;;;;renhold_urimelig_lav;kwh_mangler
1816;Vevelstad;2023;261;1400.0;4662.0;856000.0;283000.0;0.0;592000.0;0.0;611.4285714285714;202.14285714285714;0.0;409.2857142857143;422.85714285714283;0.0;1034.2857142857142;1034.2857142857142;283000.0;202.14285714285714;1.0;1.0;renhold_urimelig_lav;
1818;Herøy (Nordland);2023;261;3877.0;13648.0;3943000.0;720000.0;1084000.0;2248000.0;576000.0;1017.0234717565128;185.71060098013928;279.5976270312097;551.7152437451638;579.8297652824349;42.20398593200469;1596.8532370389476;1639.0572229709524;890000.0;229.55893732267216;1.0;0.8089887640449438;;
1820;Alstahaug;2023;261;4802.0;50792.0;3401000.0;853000.0;118000.0;1867000.0;5082000.0;708.2465639316952;177.63431903373595;24.573094543940027;506.03915035401917;388.7963348604748;100.05512679162072;1097.04289879217;1197.0980255837908;1084000.0;225.73927530195752;1.0;0.7869003690036901;renhold_urimelig_lav;
1822;Leirfjord;2023;261;4018.0;18895.0;1441000.0;0.0;609000.0;84000.0;581000.0;358.63613738178196;0.0;151.56794425087108;207.0681931309109;20.905923344947734;30.74887536385287;379.54206072672974;410.2909360905826;1013000.0;252.11548033847686;1.0;0.0;energi_urimelig_lav;implisitt_pris_utenfor
1824;Vefsn;2023;261;14700.0;74993.0;14810000.0;3236000.0;2475000.0;2382000.0;6394000.0;1007.4829931972789;220.1360544217687;168.3673469387755;618.9795918367347;162.0408163265306;85.26129105383168;1169.5238095238096;1254.7851005776413;4202000.0;285.8503401360544;1.0;0.7701094716801523;;
1825;Grane;2023;261;4000.0;13298.0;5093000.0;958000.0;1814000.0;420000.0;0.0;1273.25;239.5;453.5;580.25;105.0;0.0;1378.25;1378.25;615000.0;153.75;1.0;1.5577235772357723;;
1826;Hattfjelldal - Aarborte;2023;261;2839.0;18371.0;2526000.0;763000.0;696000.0;178000.0;690000.0;889.7499119408243;268.7566044381825;245.1567453328637;375.83656216977806;62.69813314547376;37.55919655979533;952.448045086298;990.0072416460932;1712000.0;603.0292356463543;0.9707943925233645;0.445677570093458;;kwh_urimelig_hoy|implisitt_pris_utenfor
1827;Dønna;2023;261;2510.0;13780.0;2613000.0;791000.0;618000.0;28000.0;2461000.0;1041.0358565737051;315.1394422310757;246.21513944223108;479.6812749003984;11.155378486055778;178.5921625544267;1052.1912350597609;1230.7833976141876;254000.0;101.19521912350598;1.0;3.1141732283464565;;implisitt_pris_utenfor
1832;Hemnes;2023;261;10588.0;37901.0;6856000.0;1622000.0;1364000.0;1081000.0;383000.0;647.5255005666793;153.19229316207026;128.82508500188894;365.50812240272006;102.09671326029468;10.105274267169731;749.622213826974;759.7274880941437;585000.0;55.251227805062335;1.0;2.7726495726495726;;kwh_uteligger
1833;Rana;2023;261;24599.0;107612.0;15939000.0;3915000.0;3925000.0;1143000.0;10715000.0;647.9531688280011;159.1528110898817;159.5593316801496;329.24102605796986;46.465303467620636;99.57067984983087;694.4184722956218;793.9891521454526;5483000.0;222.89523964388798;1.0;0.7140251687032646;;
1834;Lurøy;2023;261;7040.0;23500.0;65000.0;0.0;0.0;104000.0;0.0;9.232954545454545;0.0;0.0;9.232954545454545;14.772727272727273;0.0;24.005681818181817;24.005681818181817;1263000.0;179.4034090909091;1.0;0.0;drift_urimelig_lav|energi_urimelig_lav|renhold_urimelig_lav;implisitt_pris_utenfor
1835;Træna;2023;261;1310.0;5050.0;1079000.0;248000.0;316000.0;219000.0;136000.0;823.6641221374045;189.31297709923663;241.22137404580153;393.1297709923664;167.17557251908397;26.93069306930693;990.8396946564885;1017.7703877257954;343000.0;261.8320610687023;1.0;0.7230320699708455;;
1837;Meløy;2023;261;8044.0;42380.0;7125000.0;2056000.0;1210000.0;398000.0;5416000.0;885.7533565390353;255.5942317255097;150.4226752859274;479.7364495275982;49.477871705619094;127.79613025011798;935.2312282446544;1063.0273584947724;1796000.0;223.27200397812032;1.0;1.1447661469933186;;
1838;Gildeskål;2023;261;6881.0;23267.0;5022000.0;917000.0;553000.0;900000.0;2101000.0;729.8357796831856;133.26551373346896;80.36622583926754;516.2040401104491;130.79494259555298;90.29956590879787;860.6307222787385;950.9302881875363;1523000.0;221.33410841447463;1.0;0.6021011162179908;;
1839;Beiarn;2023;261;3155.0;11383.0;2507000.0;559000.0;686000.0;429000.0;102000.0;794.6117274167988;177.17908082408874;217.43264659270997;400.0;135.97464342313788;8.960730914521655;930.5863708399366;939.5471017544583;748000.0;237.08399366085578;1.0;0.7473262032085561;;
1840;Saltdal;2023;261;7884.0;32465.0;3217000.0;288000.0;1172000.0;1241000.0;1769000.0;408.0416032470827;36.529680365296805;148.6555048198884;222.8564180618975;157.40740740740742;54.48945017711382;565.44901065449;619.9384608316038;1185000.0;150.30441400304414;1.0;0.2430379746835443;energi_urimelig_lav;implisitt_pris_utenfor
1841;Fauske - Fuossko;2023;261;7993.0;38761.0;6848000.0;1290000.0;1367000.0;1119000.0;5448000.0;856.7496559489554;161.39121731515075;171.02464656574503;524.3337920680596;139.99749781058426;140.55364928665412;996.7471537595396;1137.3008030461938;2372000.0;296.7596647066183;1.0;0.5438448566610455;;
1845;Sørfold;2023;261;4718.0;23702.0;4783000.0;427000.0;1249000.0;311000.0;679000.0;1013.7770241627809;90.50445103857567;264.73081814328106;658.5417549809241;65.9177617634591;28.647371529828707;1079.69478592624;1108.3421574560687;991000.0;210.04662992793556;1.0;0.4308779011099899;;implisitt_pris_utenfor
1848;Steigen;2023;261;5000.0;20151.0;5184000.0;1237000.0;1459000.0;563000.0;1988000.0;1036.8;247.4;291.8;497.6;112.6;98.65515359039253;1149.4;1248.0551535903926;1618000.0;323.6;1.0;0.7645241038318912;;
1851;Lødingen;2023;261;2867.0;12491.0;1163000.0;743000.0;0.0;197000.0;447000.0;405.65050575514476;259.1559121032438;0.0;146.49459365190094;68.71294035577259;35.78576575134097;474.3634461109173;510.1492118622583;1196000.0;417.16079525636553;1.0;0.6212374581939799;renhold_urimelig_lav;
1853;Evenes - Evenássi;2023;261;4840.0;16553.0;2536000.0;567000.0;592000.0;163000.0;482000.0;523.9669421487604;117.14876033057851;122.31404958677686;284.504132231405;33.67768595041322;29.118588775448558;557.6446280991736;586.7632168746221;882000.0;182.23140495867767;1.0;0.6428571428571429;;
1856;Røst;2023;261;1100.0;5519.0;956000.0;208000.0;219000.0;141000.0;373000.0;869.0909090909091;189.0909090909091;199.0909090909091;480.90909090909093;128.1818181818182;67.58470737452437;997.2727272727273;1064.8574346472517;297000.0;270.0;1.0;0.7003367003367004;;
1857;Værøy;2023;261;950.0;7950.0;739000.0;248000.0;241000.0;157000.0;142000.0;777.8947368421053;261.05263157894734;253.68421052631578;263.1578947368421;165.26315789473685;17.861635220125788;943.1578947368421;961.0195299569679;216000.0;227.3684210526316;1.0;1.148148148148148;;
1859;Flakstad;2023;261;2100.0;7042.0;1189000.0;495000.0;0.0;812000.0;285000.0;566.1904761904761;235.71428571428572;0.0;330.4761904761905;386.6666666666667;40.47145697245101;952.8571428571429;993.3285998295939;634000.0;301.9047619047619;1.0;0.780757097791798;renhold_urimelig_lav;
1860;Vestvågøy;2023;261;11291.0;65709.0;7376000.0;2525000.0;2103000.0;965000.0;14000.0;653.2636613231778;223.62943937649456;186.2545390133735;243.3796829333097;85.46630059339297;0.2130606157451795;738.7299619165707;738.9430225323159;2970000.0;263.0413603755203;1.0;0.8501683501683502;;
1865;Vågan;2023;261;11652.0;60584.0;7772000.0;1839000.0;35000.0;4169000.0;4385000.0;667.0099553724682;157.82698249227602;3.0037761757638175;506.1791967044284;357.7926536216958;72.37884589990756;1024.802608994164;1097.1814548940715;2404000.0;206.31651218674907;1.0;0.7649750415973378;renhold_urimelig_lav;
1866;Hadsel;2023;261;3492.0;43529.0;2767000.0;573000.0;637000.0;721000.0;3628000.0;792.3825887743413;164.0893470790378;182.41695303550975;445.87628865979383;206.47193585337916;83.34673436100071;998.8545246277205;1082.2012589887213;756000.0;216.49484536082474;1.0;0.7579365079365079;;
1867;Bø;2023;261;10531.0;23899.0;2258000.0;1145000.0;0.0;686000.0;10000.0;214.4145855094483;108.72661665558826;0.0;105.68796885386003;65.14101224954895;0.41842754926984393;279.55559775899724;279.9740253082671;1648000.0;156.49036178900388;1.0;0.6947815533980582;renhold_urimelig_lav;
1868;Øksnes;2023;261;10686.0;30258.0;3789000.0;982000.0;1506000.0;755000.0;3354000.0;354.5760808534531;91.89593861126708;140.93206064008984;121.7480816020962;70.65319109114729;110.8467182232798;425.2292719446004;536.0759901678801;1782000.0;166.76024705221786;1.0;0.5510662177328844;;
1870;Sortland - Suortá;2023;261;14054.0;70019.0;7774000.0;1505000.0;2469000.0;523000.0;5222000.0;553.1521275081827;107.08695033442436;175.6795218443148;270.3856553294436;37.21360466771026;74.57975692312087;590.365732175893;664.9454890990138;2933000.0;208.6950334424363;1.0;0.513126491646778;;
1871;Andøy;2023;261;7157.0;25177.0;4585000.0;1116000.0;985000.0;316000.0;47000.0;640.6315495319268;155.93125611289648;137.62749755484143;347.0727958641889;44.152577895766385;1.8667831751201494;684.7841274276932;686.6509106028134;1555000.0;217.2698057845466;1.0;0.7176848874598071;;
1875;Hamarøy - Hábmer;2023;261;5281.0;25037.0;2522000.0;578000.0;706000.0;193000.0;1706000.0;477.5610679795493;109.44896799848513;133.6868017420943;234.4252982389699;36.54610869153569;68.13915405200304;514.107176671085;582.246330723088;1116000.0;211.32361295209242;1.0;0.517921146953405;;
2111;Longyearbyen;2023;261;0.0;17843.0;0.0;0.0;0.0;0.0;3403000.0;;;;;;;;;0.0;;;;areal_mangler|drift_null;areal_mangler|kwh_mangler
3001;Halden (2020-2023);2023;261;29847.0;128370.0;23570000.0;4468000.0;6492000.0;868000.0;16349000.0;789.6941066103795;149.69678694676182;217.5092974168258;422.48802224679196;29.081649747043254;127.35841707564073;818.7757563574229;946.1341734330637;2703000.0;90.56186551412202;1.0;1.652978172401036;;kwh_uteligger
3002;Moss (2020-2023);2023;261;29182.0;181980.0;21922000.0;5350000.0;6215000.0;11313000.0;21061000.0;751.2165033239668;183.33219107669112;212.97375094236173;354.910561304914;387.6704818038517;115.73249807671172;1138.8869851278184;1254.61948320453;2806000.0;96.15516414227949;1.0;1.9066286528866714;;
3003;Sarpsborg (2020-2023);2023;261;57294.0;231862.0;45441000.0;11878000.0;11283000.0;6260000.0;24445000.0;793.119698397738;207.3166474674486;196.93161587600795;388.87143505428145;109.26100464272001;105.42909144232345;902.380703040458;1007.8097944827814;10272000.0;179.2857890878626;1.0;1.1563473520249221;;
3004;Fredrikstad (2020-2023);2023;261;88646.0;396835.0;55333000.0;19466000.0;14598000.0;3997000.0;35611000.0;624.2018816415856;219.59253660627664;164.67748121742662;239.93186381788237;45.089456941091534;89.73754835132989;669.2913385826772;759.0288869340071;14692000.0;165.73787875369447;0.8359651511026409;1.3249387421726109;;
3005;Drammen (2020-2023);2023;261;48722.0;379436.0;31475000.0;4503000.0;12641000.0;8422000.0;52984000.0;646.0120684700956;92.42231435491153;259.4515824473544;294.13817166782974;172.8582570502032;139.63883237225778;818.8703255202988;958.5091578925566;8041000.0;165.0383810188416;1.0;0.5600049745056584;;
3006;Kongsberg (2020-2023);2023;261;19237.0;98085.0;20207000.0;6027000.0;4316000.0;1522000.0;21201000.0;1050.4236627332743;313.3024899932422;224.35930758434267;512.7618651556895;79.11836564952955;216.1492582963756;1129.542028382804;1345.6912866791795;4265000.0;221.7081665540365;1.0;1.4131301289566238;;
3007;Ringerike (2020-2023);2023;261;23686.0;128482.0;32043000.0;7412000.0;6619000.0;1391000.0;4441000.0;1352.8244532635313;312.92746770244025;279.4477750569957;760.4492105040953;58.72667398463227;34.56515309537523;1411.5511272481635;1446.1162803435388;3407000.0;143.84024318162628;1.0;2.175520986204872;;
3011;Hvaler (2020-2023);2023;261;1176.0;18346.0;5399000.0;1254000.0;880000.0;173000.0;4038000.0;4590.986394557823;1066.3265306122448;748.2993197278912;2776.360544217687;147.10884353741497;220.1024746538755;4738.0952380952385;4958.197712749114;776000.0;659.8639455782313;1.0;1.6159793814432988;DV_uteligger_hoy;kwh_urimelig_hoy
3012;Aremark (2020-2023);2023;261;5172.0;16474.0;3343000.0;716000.0;993000.0;132000.0;311000.0;646.3650425367363;138.43774168600154;191.9953596287703;315.93194122196445;25.52204176334107;18.878232366152726;671.8870843000774;690.7653166662301;716000.0;138.43774168600154;1.0;1.0;;
3013;Marker (2020-2023);2023;261;6400.0;22820.0;5235000.0;1364000.0;1214000.0;340000.0;699000.0;817.96875;213.125;189.6875;415.15625;53.125;30.63102541630149;871.09375;901.7247754163014;994000.0;155.3125;0.9104627766599598;1.3722334004024146;;
3014;Indre Østfold (2020-2023);2023;261;45906.0;178799.0;36324000.0;10895000.0;9393000.0;4725000.0;15486000.0;791.2691151483466;237.33281052585718;204.61377597699646;349.322528645493;102.92772186642269;86.61122265784485;894.1968370147694;980.8080596726143;8566000.0;186.59870169476756;0.9718655148260565;1.2718888629465328;;
3015;Skiptvet (2020-2023);2023;261;8634.0;26884.0;5052000.0;2320000.0;143000.0;544000.0;866000.0;585.1285615010424;268.70511929580726;16.562427611767433;299.8610145934677;63.0067176279824;32.21246838268115;648.1352791290248;680.3477475117058;1727000.0;200.02316423442204;0.8662420382165605;1.343370005790388;renhold_urimelig_lav;
3016;Rakkestad (2020-2023);2023;261;6954.0;38827.0;4640000.0;968000.0;1340000.0;363000.0;1658000.0;667.2418751797527;139.20046016681047;192.69485188380787;335.3465631291343;52.200172562553924;42.702243284312466;719.4420477423066;762.144291026619;1220000.0;175.43859649122808;1.0;0.7934426229508197;;
3017;Råde (2020-2023);2023;261;7691.0;38122.0;6213000.0;1999000.0;2294000.0;1403000.0;1717000.0;807.8273306462098;259.91418541151995;298.2707060200234;249.6424392146665;182.42101157196723;45.039609674203874;990.2483422181771;1035.287951892381;1586000.0;206.21505655961514;1.0;1.260403530895334;;
3018;Våler (Viken) (2020-2023);2023;261;6064.0;21135.0;4007000.0;1434000.0;28000.0;286000.0;3733000.0;660.7849604221636;236.47757255936676;4.617414248021108;419.68997361477574;47.16358839050132;176.62644901821622;707.9485488126649;884.5749978308811;716000.0;118.07387862796834;0.994413407821229;2.0027932960893855;renhold_urimelig_lav;
3019;Vestby (2020-2023);2023;261;9718.0;99903.0;6708000.0;3064000.0;133000.0;2959000.0;3139000.0;690.2654867256637;315.2912121835769;13.685943609796254;361.2883309322906;304.48651986005353;31.420477863527623;994.7520065857173;1026.1724844492448;2806000.0;288.7425396172052;0.9878831076265147;1.0919458303635068;renhold_urimelig_lav;
3020;Nordre Follo (2020-2023);2023;261;30128.0;256829.0;54498000.0;12519000.0;14030000.0;4081000.0;37432000.0;1808.8821030270844;415.52708443972386;465.67976633032396;927.6752522570366;135.45539033457248;145.74678093205986;1944.337493361657;2090.0842742937166;8947000.0;296.9662772172066;1.0;1.3992399687045938;;
3021;Ås (2020-2023);2023;261;27597.0;129775.0;15601000.0;4425000.0;4152000.0;1232000.0;13166000.0;565.3150704786752;160.34351559952168;150.45113599304273;254.5204188861108;44.642533608725586;101.45251396648045;609.9576040874008;711.4101180538812;3255000.0;117.94760300032613;1.0;1.359447004608295;;
3022;Frogn (2020-2023);2023;261;19989.0;77315.0;11916000.0;2743000.0;4087000.0;2640000.0;5884000.0;596.1278703286807;137.22547401070588;204.46245434989245;254.43994196808245;132.0726399519736;76.10424885209856;728.2005102806544;804.3047591327529;2578000.0;128.97093401370753;1.0;1.0640031031807602;;
3023;Nesodden (2020-2023);2023;261;11194.0;76010.0;14015000.0;2821000.0;4759000.0;775000.0;7129000.0;1252.0100053600142;252.0100053600143;425.1384670359121;574.8615329640879;69.23351795604788;93.79029075121694;1321.2435233160622;1415.033814067279;1358000.0;121.31499017330712;1.0;2.077319587628866;;
3024;Bærum (2020-2023);2023;261;115348.0;604667.0;92477000.0;22493000.0;16084000.0;19887000.0;92453000.0;801.7217463675139;195.00121371848667;139.43891528244964;467.2816173665777;172.40871103096717;152.8990336830024;974.1304573984811;1127.0294910814835;27409000.0;237.62007143600235;1.0;0.8206428545368311;;
3025;Asker (2020-2023);2023;261;60690.0;441633.0;51428000.0;13205000.0;10284000.0;9017000.0;52171000.0;847.3883671115505;217.58115010710168;169.451309935739;460.3559070687098;148.57472400724996;118.1320236485951;995.9630911188004;1114.0951147673954;9619000.0;158.49398582962596;0.9923068926083792;1.3728038257615138;;
3026;Aurskog-Høland (2020-2023);2023;261;26096.0;84731.0;16380000.0;1337000.0;4639000.0;7524000.0;7979000.0;627.6824034334763;51.23390557939914;177.76670754138564;398.6817903126916;288.32004904966277;94.16860417084656;916.0024524831392;1010.1710566539858;4175000.0;159.98620478234213;1.0;0.32023952095808383;;implisitt_pris_utenfor
3027;Rælingen (2020-2023);2023;261;19516.0;123874.0;9499000.0;2770000.0;2597000.0;203000.0;10020000.0;486.7288378766141;141.93482270957162;133.0703012912482;211.72371387579423;10.401721664275467;80.88864491337972;497.1305595408895;578.0192044542692;3810000.0;195.224431235909;1.0;0.727034120734908;;
3028;Enebakk (2020-2023);2023;261;9700.0;49970.0;8372000.0;1781000.0;886000.0;401000.0;4018000.0;863.0927835051547;183.60824742268042;91.34020618556701;588.1443298969073;41.34020618556701;80.40824494696818;904.4329896907217;984.8412346376899;1364000.0;140.61855670103094;1.0;1.3057184750733137;;
3029;Lørenskog (2020-2023);2023;261;23875.0;207178.0;22677000.0;6863000.0;4321000.0;8748000.0;16139000.0;949.8219895287958;287.4554973821989;180.98429319371726;481.3821989528796;366.4083769633508;77.89919779127128;1316.2303664921467;1394.129564283418;4923000.0;206.19895287958116;1.0;1.3940686573227705;;
3030;Lillestrøm (2020-2023);2023;261;64213.0;406808.0;56827000.0;15902000.0;13419000.0;9364000.0;41992000.0;884.9765623783346;247.64455795555418;208.9763755002881;428.3556289224923;145.8271689533272;103.2231421210989;1030.8037313316618;1134.0268734527606;13661000.0;212.74508277140143;1.0;1.164043627845692;;
3031;Nittedal (2020-2023);2023;261;15334.0;109060.0;11580000.0;3705000.0;2554000.0;2391000.0;8973000.0;755.1845571931655;241.61992956827964;166.5579757401852;347.00665188470066;155.9280031302987;82.27581147991931;911.1125603234642;993.3883718033835;3008000.0;196.16538411373418;1.0;1.231715425531915;;
3032;Gjerdrum (2020-2023);2023;261;8746.0;32160.0;4133000.0;1340000.0;1335000.0;1493000.0;5885000.0;472.55888406128514;153.2128973244912;152.6412074091013;166.70477932769265;170.7066087354219;182.99129353233832;643.2654927967071;826.2567863290454;944000.0;107.93505602561171;1.0;1.4194915254237288;;
3033;Ullensaker (2020-2023);2023;261;9879.0;157996.0;36429000.0;13550000.0;9659000.0;1669000.0;14626000.0;3687.518979653811;1371.5963154165402;977.7305395282923;1338.1921247089786;168.9442251240004;92.571963847186;3856.4632047778114;3949.0351686249974;7621000.0;771.4343557040186;1.0;1.7779818921401394;DV_uteligger_hoy;kwh_urimelig_hoy
3034;Nes (2020-2023);2023;261;13469.0;80867.0;12334000.0;4510000.0;2704000.0;1180000.0;9687000.0;915.7324226000445;334.8429727522459;200.7572945281758;380.1321553196228;87.60858267131933;119.78928363856703;1003.3410052713639;1123.1302889099309;2472000.0;183.5325562402554;1.0;1.824433656957929;;
3035;Eidsvoll (2020-2023);2023;261;14329.0;94628.0;15249000.0;3969000.0;4096000.0;3685000.0;11048000.0;1064.2054574638844;276.990718124084;285.85386279572896;501.36087654407146;257.1707725591458;116.75191275309633;1321.3762300230303;1438.1281427761267;1974000.0;137.76257938446508;1.0;2.0106382978723403;;
3036;Nannestad (2020-2023);2023;261;8115.0;57813.0;10857000.0;4543000.0;1679000.0;431000.0;7213000.0;1337.8927911275416;559.8274799753543;206.9008009858287;571.1645101663586;53.11152187307455;124.7643263625828;1391.004313000616;1515.7686393631989;3111000.0;383.3641404805915;1.0;1.4603021536483447;;
3037;Hurdal (2020-2023);2023;261;3826.0;14980.0;4934000.0;2904000.0;544000.0;556000.0;957000.0;1289.5974908520648;759.0172503920544;142.18504966021956;388.3951907997909;145.321484579195;63.88518024032043;1434.9189754312597;1498.80415567158;1508000.0;394.1453214845792;1.0;1.9257294429708223;;
3038;Hole (2020-2023);2023;261;5074.0;30286.0;5078000.0;1450000.0;1421000.0;1426000.0;3045000.0;1000.7883326763895;285.7705951911707;280.05518328734723;434.9625541978715;281.0405991328341;100.54150432543089;1281.8289318092236;1382.3704361346545;921000.0;181.51359873866772;1.0;1.5743756786102063;;
3039;Flå (2020-2023);2023;261;4110.0;12194.0;2434000.0;424000.0;708000.0;57000.0;882000.0;592.2141119221411;103.16301703163018;172.26277372262774;316.7883211678832;13.86861313868613;72.33065442020666;606.0827250608272;678.4133794810339;946000.0;230.17031630170317;1.0;0.44820295983086683;;implisitt_pris_utenfor
3040;Nesbyen (2020-2023);2023;261;8974.0;34093.0;4182000.0;733000.0;1850000.0;198000.0;6559000.0;466.012926231335;81.6804100735458;206.1511031869846;178.18141297080456;22.06373969244484;192.38553368726718;488.0766659237798;680.462199611047;1689000.0;188.21038555827948;1.0;0.4339846062759029;;implisitt_pris_utenfor
3041;Gol (2020-2023);2023;261;5656.0;37004.0;5169000.0;520000.0;1911000.0;167000.0;3075000.0;913.8967468175389;91.93776520509194;337.8712871287129;484.0876944837341;29.526166902404526;83.09912441898173;943.4229137199434;1026.5220381389252;1361000.0;240.62942008486564;1.0;0.3820720058780308;;implisitt_pris_utenfor
3042;Hemsedal (2020-2023);2023;261;4965.0;22970.0;2386000.0;326000.0;512000.0;729000.0;2716000.0;480.56394763343405;65.65961732124875;103.12185297079557;311.7824773413897;146.82779456193353;118.24118415324337;627.3917421953676;745.6329263486109;678000.0;136.55589123867068;1.0;0.48082595870206496;;implisitt_pris_utenfor
3044;Hol (2020-2023);2023;261;8004.0;34510.0;6377000.0;192000.0;2685000.0;1048000.0;5497000.0;796.7266366816592;23.988005997001498;335.4572713643178;437.28135932033985;130.93453273363318;159.28716314111853;927.6611694152923;1086.9483325564108;1536000.0;191.90404797601198;1.0;0.125;energi_urimelig_lav;implisitt_pris_utenfor
3045;Sigdal (2020-2023);2023;261;5945.0;20596.0;5969000.0;2198000.0;1269000.0;859000.0;3308000.0;1004.0370058873002;369.72245584524813;213.45668629100084;420.8578637510513;144.49116904962153;160.6137114002719;1148.5281749369217;1309.1418863371937;1992000.0;335.07148864592097;1.0;1.1034136546184738;;
3046;Krødsherad (2020-2023);2023;261;7979.0;19464.0;4875000.0;1704000.0;1000.0;315000.0;2624000.0;610.9788194009275;213.56059656598572;0.12532898859506203;397.29289384634666;39.47863140744454;134.812988080559;650.457450808372;785.2704388889309;1444000.0;180.97505953126958;1.0;1.18005540166205;renhold_urimelig_lav;
3047;Modum (2020-2023);2023;261;25464.0;78634.0;9376000.0;1595000.0;2354000.0;1244000.0;6006000.0;368.20609487904494;62.63744894753377;92.44423499842915;213.124410933082;48.85328306628966;76.37917440293003;417.0593779453346;493.4385523482646;0.0;0.0;;;;kwh_null|kwh_urimelig_lav
3048;Øvre Eiker (2020-2023);2023;261;21790.0;88251.0;12037000.0;4426000.0;1953000.0;1532000.0;9382000.0;552.4093620927031;203.1206975676916;89.62826984855438;259.6603946764571;70.3074804956402;106.31041008033904;622.7168425883433;729.0272526686823;3248000.0;149.05920146856357;1.0;1.3626847290640391;;
3049;Lier (2020-2023);2023;261;25024.0;119944.0;16235000.0;3595000.0;3074000.0;2526000.0;16430000.0;648.7771739130435;143.662084398977;122.8420716112532;382.2730179028133;100.94309462915601;136.98059094243982;749.7202685421995;886.7008594846393;3400000.0;135.8695652173913;1.0;1.0573529411764706;;
3050;Flesberg (2020-2023);2023;261;5366.0;20497.0;1533000.0;417000.0;330000.0;112000.0;2519000.0;285.68766306373465;77.7115169586284;61.49832277301528;146.47782333209094;20.872158032053672;122.89603356588769;306.5598210957883;429.455854661676;1558000.0;290.3466269101752;1.0;0.26765083440308085;DV_uteligger_lav;implisitt_pris_utenfor
3051;Rollag (2020-2023);2023;261;6068.0;18541.0;2375000.0;998000.0;32000.0;163000.0;3223000.0;391.39749505603163;164.46934739617666;5.273566249176005;221.65458141067896;26.862228081740277;173.8309692033871;418.2597231377719;592.090692341159;717000.0;118.16084377059987;1.0;1.3919107391910739;renhold_urimelig_lav;
3052;Nore og Uvdal (2020-2023);2023;261;10811.0;30388.0;6390000.0;639000.0;2474000.0;388000.0;2634000.0;591.0646563685135;59.106465636851354;228.84099528258255;303.11719544907965;35.88937193599112;86.67895221798078;626.9540283045046;713.6329805224854;1319000.0;122.00536490611414;1.0;0.4844579226686884;;implisitt_pris_utenfor
3053;Jevnaker (2020-2023);2023;261;13333.0;40473.0;5873000.0;1824000.0;1143000.0;1091000.0;2406000.0;440.48601215030374;136.80342008550213;85.72714317857947;217.95544888622214;81.8270456761419;59.44703876658513;522.3130578264456;581.7600965930308;1559000.0;116.92792319807995;1.0;1.1699807568954457;;
3054;Lunner (2020-2023);2023;261;10158.0;46139.0;9815000.0;2383000.0;1863000.0;31000.0;3141000.0;966.2335105335696;234.59342390234298;183.40224453632604;548.2378420949005;3.0517818468202402;68.07689806887882;969.2852923803898;1037.3621904492686;1845000.0;181.63024217365623;1.0;1.2915989159891599;;
3401;Kongsvinger;2023;261;18831.0;80962.0;12733000.0;3279000.0;2838000.0;752000.0;11101000.0;676.1722691306887;174.1277680420583;150.70893739047315;351.3355636981573;39.934151133768786;137.11370766532448;716.1064202644576;853.220127929782;3208000.0;170.3573894110775;1.0;1.0221321695760597;;
3403;Hamar;2023;261;45657.0;180283.0;44196000.0;13129000.0;14126000.0;3585000.0;20402000.0;968.0005256587161;287.5572201414898;309.3939593052544;371.04934621197185;78.52027071423878;113.16652152449205;1046.520796372955;1159.687317897447;9569000.0;209.5845105898329;1.0;1.372034695370467;;
3405;Lillehammer;2023;261;25060.0;120279.0;19747000.0;3286000.0;4143000.0;323000.0;19138000.0;787.9888268156425;131.12529928172387;165.32322426177174;491.54030327214684;12.889066241021549;159.1133946906775;800.877893056664;959.9912877473415;3823000.0;152.55387071029529;1.0;0.8595343970703636;;
3407;Gjøvik;2023;261;34690.0;135473.0;20984000.0;4987000.0;7512000.0;1110000.0;13599000.0;604.9005477082733;143.75900835975784;216.5465552032286;244.59498414528682;31.99769385990199;100.38162585902727;636.8982415681753;737.2798674272026;5081000.0;146.46872297492072;1.0;0.981499704782523;;
3411;Ringsaker;2023;261;41098.0;157711.0;38468000.0;11026000.0;13165000.0;6523000.0;23205000.0;936.0066183269258;268.28556134118446;320.3318896296657;347.38916735607575;158.7181857997956;147.1362175117779;1094.7248041267214;1241.8610216384993;8313000.0;202.27261667234416;1.0;1.3263563093949235;;
3412;Løten;2023;261;9571.0;38951.0;7500000.0;1593000.0;2079000.0;308000.0;965000.0;783.6171768885174;166.44028837112108;217.218681433497;399.95820708389925;32.180545397555115;24.774716952067983;815.7977222860725;840.5724392381404;2225000.0;232.47309581026016;1.0;0.7159550561797753;;
3413;Stange;2023;261;14470.0;101646.0;12094000.0;4008000.0;2807000.0;2815000.0;11233000.0;835.798203178991;276.9868693849343;193.9875604699378;364.82377332411886;194.54042847270213;110.51098911909962;1030.338631651693;1140.8496207707926;2844000.0;196.54457498272288;0.9848804500703235;1.4092827004219408;;
3414;Nord-Odal;2023;261;6365.0;26489.0;5245000.0;1667000.0;1784000.0;1320000.0;3379000.0;824.037706205813;261.90102120974075;280.2827965435978;281.85388845247445;207.38413197172034;127.56238438597154;1031.4218381775333;1158.9842225635048;1285000.0;201.885310290652;1.0;1.2972762645914395;;
3415;Sør-Odal;2023;261;7759.0;34464.0;4867000.0;2265000.0;941000.0;849000.0;6259000.0;627.2715556128367;291.9190617347596;121.27851527258667;214.0739786054904;109.42131718004897;181.60979572887652;736.6928727928857;918.3026685217623;2306000.0;297.20324784121664;1.0;0.9822202948829142;;
3416;Eidskog;2023;261;7274.0;31071.0;5602000.0;2423000.0;1342000.0;1044000.0;3567000.0;770.1402254605445;333.1042067638163;184.49271377508936;252.5433049216387;143.52488314544954;114.80158347011682;913.665108605994;1028.4666920761108;1983000.0;272.61479241132804;0.9924357034795764;1.2218860312657587;;
3417;Grue;2023;261;5900.0;19598.0;7235000.0;2369000.0;1418000.0;450000.0;1457000.0;1226.2711864406779;401.52542372881356;240.33898305084745;584.4067796610169;76.27118644067797;74.34432084906624;1302.542372881356;1376.8866937304222;1912000.0;324.06779661016947;1.0;1.2390167364016738;;
3418;Åsnes;2023;261;6250.0;41800.0;9884000.0;3255000.0;2584000.0;644000.0;2448000.0;1581.44;520.8;413.44;647.2;103.04;58.56459330143541;1684.48;1743.0445933014355;2601000.0;416.16;1.0;1.2514417531718567;;
3419;Våler (Innlandet);2023;261;11218.0;26050.0;13164000.0;2388000.0;549000.0;256000.0;2087000.0;1173.471206988768;212.8721697272241;48.93920484934926;911.6598324121946;22.820467106436084;80.1151631477927;1196.2916740952041;1276.4068372429967;1866000.0;166.33981101800677;0.5605573419078242;1.279742765273312;renhold_urimelig_lav;
3420;Elverum;2023;261;26906.0;106684.0;20189000.0;6180000.0;5011000.0;2547000.0;7906000.0;750.3530810971531;229.68854530587973;186.24098714041477;334.42354865085855;94.66290046829704;74.10670766000526;845.01598156545;919.1226892254552;6483000.0;240.9499739834981;1.0;0.9532623785284591;;
3421;Trysil;2023;261;9325.0;30860.0;9687000.0;2323000.0;3616000.0;587000.0;1334000.0;1038.8203753351206;249.1152815013405;387.7747989276139;401.93029490616624;62.94906166219839;43.22747893713545;1101.769436997319;1144.9969159344544;2921000.0;313.24396782841825;1.0;0.7952755905511811;;
3422;Åmot;2023;261;3856.0;26728.0;3704000.0;1385000.0;928000.0;292000.0;3890000.0;960.5809128630706;359.1804979253112;240.66390041493776;360.73651452282155;75.72614107883817;145.5402574079617;1036.3070539419086;1181.8473113498703;1050000.0;272.3029045643153;1.0;1.3190476190476192;;
3423;Stor-Elvdal;2023;261;4640.0;18089.0;4052000.0;1328000.0;1171000.0;35000.0;1697000.0;873.2758620689655;286.2068965517241;252.3706896551724;334.69827586206895;7.543103448275862;93.81392006191608;880.8189655172414;974.6328855791575;1087000.0;234.26724137931035;0.9972401103955841;1.2217111315547378;;
3424;Rendalen;2023;261;4017.0;15320.0;1930000.0;1481000.0;0.0;286000.0;11378000.0;480.45805327358727;368.68309683843665;0.0;111.77495643515061;71.19741100323624;742.6892950391644;551.6554642768235;1294.344759315988;724000.0;180.23400547672392;1.0;2.0455801104972378;renhold_urimelig_lav;
3425;Engerdal;2023;261;3700.0;14750.0;3726000.0;1674000.0;640000.0;213000.0;2089000.0;1007.027027027027;452.43243243243245;172.97297297297297;381.6216216216216;57.567567567567565;141.6271186440678;1064.5945945945946;1206.2217132386625;1183000.0;319.72972972972974;1.0;1.4150464919695689;;
3426;Tolga;2023;261;4030.0;15619.0;2890000.0;897000.0;790000.0;922000.0;2678000.0;717.12158808933;222.58064516129033;196.02977667493798;298.51116625310175;228.78411910669976;171.45783981048723;945.9057071960298;1117.363547006517;1156000.0;286.848635235732;1.0;0.7759515570934257;;
3427;Tynset;2023;261;15918.0;48773.0;4317000.0;1663000.0;1005000.0;210000.0;2921000.0;271.2024123633622;104.47292373413745;63.13607237090087;103.59341625832391;13.192612137203167;59.88969306788592;284.3950245005654;344.2847175684513;3098000.0;194.62244000502577;1.0;0.5367979341510651;DV_uteligger_lav;
3428;Alvdal;2023;261;6560.0;23607.0;3546000.0;1070000.0;1130000.0;72000.0;0.0;540.5487804878048;163.109756097561;172.2560975609756;205.1829268292683;10.975609756097562;0.0;551.5243902439024;551.5243902439024;1666000.0;253.96341463414635;1.0;0.6422569027611045;;
3429;Folldal;2023;261;2480.0;10547.0;4924000.0;1043000.0;993000.0;240000.0;369000.0;1985.483870967742;420.56451612903226;400.4032258064516;1164.516129032258;96.7741935483871;34.986252014790935;2082.2580645161293;2117.24431653092;681000.0;274.5967741935484;0.9353891336270191;1.5315712187958883;;
3430;Os;2023;261;4366.0;16925.0;1732000.0;1116000.0;287000.0;439000.0;585000.0;396.701786532295;255.61154374713698;65.7352267521759;75.35501603298214;100.54970224461749;34.56425406203841;497.2514887769125;531.8157428389509;1003000.0;229.72972972972974;1.0;1.1126620139581256;;
3431;Dovre;2023;261;6740.0;20099.0;4929000.0;1952000.0;1242000.0;623000.0;1030000.0;731.3056379821959;289.6142433234421;184.27299703264094;257.4183976261128;92.43323442136499;51.24633066321707;823.7388724035608;874.9852030667779;2196000.0;325.8160237388724;1.0;0.8888888888888888;;
3432;Lesja;2023;261;5679.0;21230.0;4570000.0;496000.0;1166000.0;101000.0;995000.0;804.7191406937841;87.33932030287022;205.31783764747314;512.0619827434407;17.78482127135059;46.867640131888834;822.5039619651347;869.3716020970236;886000.0;156.01338263778834;1.0;0.5598194130925508;;
3433;Skjåk;2023;261;6894.0;19390.0;4489000.0;1310000.0;1022000.0;809000.0;1963000.0;651.145923991877;190.0203075137801;148.24485059472005;312.88076588337685;117.34841891499855;101.23775141825683;768.4943429068755;869.7320943251324;2447000.0;354.9463301421526;1.0;0.5353494074376788;;
3434;Lom;2023;261;7452.0;20627.0;5233000.0;1348000.0;1329000.0;561000.0;1749000.0;702.2275899087493;180.89103596349972;178.341384863124;342.9951690821256;75.2818035426731;84.7917777670044;777.5093934514224;862.3011712184268;1735000.0;232.8234031132582;1.0;0.7769452449567722;;
3435;Vågå;2023;261;7028.0;23647.0;9316000.0;2141000.0;2596000.0;531000.0;2036000.0;1325.554923164485;304.63858850313034;369.37962435970405;651.5367103016505;75.55492316448492;86.09971666596185;1401.1098463289698;1487.2095629949315;1805000.0;256.8298235628913;0.9983379501385041;1.1861495844875345;;
3436;Nord-Fron;2023;261;17098.0;55119.0;6525000.0;3412000.0;159000.0;472000.0;3045000.0;381.62358170546264;199.55550356766872;9.299333255351502;172.76874488244238;27.605567902678676;55.24410820225331;409.2291496081413;464.4732578103946;4571000.0;267.3412094981869;1.0;0.7464449792168015;renhold_urimelig_lav;
3437;Sel;2023;261;13300.0;40770.0;12802000.0;3437000.0;2409000.0;1207000.0;2389000.0;962.5563909774436;258.42105263157896;181.12781954887217;523.0075187969925;90.75187969924812;58.59700760363012;1053.3082706766918;1111.905278280322;3157000.0;237.3684210526316;1.0;1.0886917960088691;;
3438;Sør-Fron;2023;261;9635.0;31943.0;6488000.0;1276000.0;1943000.0;526000.0;146000.0;673.3783082511676;132.43383497664763;201.66061235080437;339.2838609237156;54.592631032693305;4.570641455091883;727.970939283861;732.5415807389528;1865000.0;193.5651271406331;1.0;0.6841823056300268;;
3439;Ringebu;2023;261;3587.0;26086.0;3087000.0;1027000.0;652000.0;124000.0;2947000.0;860.6077502090884;286.3116810705325;181.76749372734875;392.52857541120716;34.56927794814608;112.97247565744077;895.1770281572344;1008.1495038146752;646000.0;180.09478672985782;1.0;1.589783281733746;;
3440;Øyer;2023;261;4700.0;28401.0;6239000.0;1438000.0;2494000.0;269000.0;2594000.0;1327.4468085106382;305.9574468085106;530.6382978723404;490.8510638297872;57.234042553191486;91.3348121545016;1384.6808510638298;1476.0156632183314;1179000.0;250.85106382978722;1.0;1.2196776929601356;;
3441;Gausdal;2023;261;10657.0;37929.0;8416000.0;2253000.0;2231000.0;813000.0;5290000.0;789.7156798348503;211.41034062118794;209.34596978511777;368.9593694285446;76.28788589659379;139.4711170871892;866.0035657314442;1005.4746828186334;1716000.0;161.0209252134747;0.9597902097902098;1.312937062937063;;
3442;Østre Toten;2023;261;16528.0;71409.0;16235000.0;3927000.0;3340000.0;1984000.0;9884000.0;982.2725072604065;237.59680542110357;202.08131655372702;542.594385285576;120.03872216844144;138.41392541556385;1102.311229428848;1240.725154844412;2708000.0;163.8431752178122;1.0;1.4501477104874445;;
3443;Vestre Toten;2023;261;14800.0;75284.0;7650000.0;3577000.0;1073000.0;367000.0;7562000.0;516.8918918918919;241.6891891891892;72.5;202.7027027027027;24.7972972972973;100.44630997290261;541.6891891891892;642.1354991620917;3873000.0;261.68918918918916;1.0;0.9235734572682676;;
3446;Gran;2023;261;20532.0;75224.0;11546000.0;3586000.0;3037000.0;1756000.0;4711000.0;562.3417105006819;174.65419832456652;147.91544905513345;239.77206312098187;85.52503409312293;62.62628948208019;647.8667445938048;710.493034075885;3346000.0;162.96512760568868;0.9997011356843993;1.0717274357441722;;
3447;Søndre Land;2023;261;5129.0;28150.0;6730000.0;2519000.0;773000.0;607000.0;1604000.0;1312.1466172743226;491.1288750243712;150.71163969584714;670.3061025541041;118.34665626827842;56.98046181172291;1430.493273542601;1487.473735354324;762000.0;148.5669721193215;1.0;3.3057742782152233;;implisitt_pris_utenfor
3448;Nordre Land;2023;261;13992.0;49357.0;9855000.0;3341000.0;3506000.0;303000.0;2286000.0;704.3310463121784;238.77930245854773;250.57175528873643;214.97998856489423;21.655231560891938;46.31561885852057;725.9862778730703;772.3018967315909;2522000.0;180.24585477415667;1.0;1.324742268041237;;
3449;Sør-Aurdal;2023;261;5479.0;26128.0;5474000.0;2225000.0;1151000.0;561000.0;1738000.0;999.0874247125388;406.0960029202409;210.07483117357182;382.91659061872605;102.39094725314838;66.51867728107777;1101.478371965687;1167.9970492467648;1277000.0;233.07172841759444;0.9537979639780736;1.7423649177760376;;
3450;Etnedal;2023;261;2305.0;12405.0;2623000.0;1269000.0;5000.0;158000.0;1009000.0;1137.9609544468547;550.5422993492408;2.1691973969631237;585.2494577006507;68.54663774403471;81.33817009270456;1206.5075921908895;1287.845762283594;988000.0;428.63340563991324;1.0;1.2844129554655872;renhold_urimelig_lav;kwh_uteligger
3451;Nord-Aurdal;2023;261;1234.0;28019.0;8814000.0;2381000.0;2173000.0;500000.0;2407000.0;7142.625607779579;1929.4975688816855;1760.9400324149108;3452.188006482982;405.1863857374392;85.90599236232556;7547.811993517018;7633.717985879343;416000.0;337.1150729335494;1.0;5.7235576923076925;DV_uteligger_hoy;implisitt_pris_utenfor
3452;Vestre Slidre;2023;261;3864.0;13412.0;3282000.0;1376000.0;423000.0;261000.0;0.0;849.3788819875776;356.10766045548655;109.472049689441;383.7991718426501;67.54658385093168;0.0;916.9254658385094;916.9254658385094;659000.0;170.54865424430642;1.0;2.0880121396054627;;
3453;Øystre Slidre;2023;261;10489.0;26228.0;6388000.0;1659000.0;1752000.0;381000.0;505000.0;609.0189722566498;158.16569739727333;167.03212889693964;283.82114596243684;36.32376775669749;19.254232118346806;645.3427400133473;664.5969721316942;1681000.0;160.26313280579654;1.0;0.9869125520523498;;
3454;Vang;2023;261;5400.0;18100.0;5766000.0;912000.0;1382000.0;832000.0;674000.0;1067.7777777777778;168.88888888888889;255.92592592592592;642.9629629629629;154.07407407407408;37.23756906077348;1221.851851851852;1259.0894209126254;1154000.0;213.7037037037037;1.0;0.7902946273830156;;
3801;Horten (2020-2023);2023;261;21642.0;128434.0;14605000.0;5775000.0;3687000.0;724000.0;9098000.0;674.8452083910914;266.84225117826446;170.36318270030498;237.63977451252194;33.45347010442658;70.83794010931685;708.298678495518;779.1366186048348;3989000.0;184.31753072728952;0.957132113311607;1.447731260967661;;
3802;Holmestrand (2020-2023);2023;261;22069.0;114682.0;15224000.0;5801000.0;2549000.0;829000.0;8770000.0;689.8364221305904;262.8574017853097;115.50138202909058;311.4776383161901;37.56400380624405;76.47233218813763;727.4004259368345;803.8727581249722;3589000.0;162.62630839639314;0.8509334076344386;1.6163276678740595;;
3803;Tønsberg (2020-2023);2023;261;44716.0;233089.0;36461000.0;12873000.0;7989000.0;3485000.0;21414000.0;815.390464263351;287.88353162179084;178.66088201091333;348.84605063064674;77.93630915108686;91.87048723878004;893.3267734144378;985.1972606532178;7279000.0;162.7828965023705;0.9913449649677153;1.7685121582634977;;
3804;Sandefjord (2020-2023);2023;261;47082.0;270940.0;46233000.0;14698000.0;10840000.0;2157000.0;15177000.0;981.9676309417612;312.1787519646574;230.23660847032835;439.5522705067754;45.81368675927106;56.01609212371743;1027.7813177010323;1083.7974098247498;10296000.0;218.68229896775838;1.0;1.4275446775446776;;
3805;Larvik (2020-2023);2023;261;49940.0;175972.0;44910000.0;16565000.0;8048000.0;5658000.0;9240000.0;899.2791349619544;331.6980376451742;161.15338406087304;406.42771325590707;113.29595514617542;52.508353601709366;1012.5750901081298;1065.0834437098392;9564000.0;191.50981177412896;1.0;1.7320158929318277;;
3806;Porsgrunn (2020-2023);2023;261;35128.0;181844.0;32068000.0;9673000.0;6153000.0;1914000.0;10281000.0;912.8900022773855;275.3643816898201;175.1594169892963;462.3662035982692;54.486449555909815;56.53747167902158;967.3764518332954;1023.913923512317;5696000.0;162.1498519699385;1.0;1.6982092696629214;;
3807;Skien (2020-2023);2023;261;56982.0;225540.0;39926000.0;14781000.0;9784000.0;6059000.0;16900000.0;700.6774069004247;259.39770453827526;171.70334491593837;269.5763574462111;106.33182408479871;74.93127604859448;807.0092309852234;881.9405070338179;9394000.0;164.8590783054298;1.0;1.5734511390249095;;
3808;Notodden (2020-2023);2023;261;10509.0;57092.0;7926000.0;2877000.0;1947000.0;628000.0;2151000.0;754.210676562946;273.76534399086495;185.26976876962604;295.17556380245503;59.75830240746027;37.676031668184685;813.9689789704063;851.645010638591;2099000.0;199.73356170901133;1.0;1.3706526917579798;;
3811;Færder (2020-2023);2023;261;20513.0;89819.0;17144000.0;5055000.0;5203000.0;5157000.0;10185000.0;835.7626870764881;246.42909374542973;253.64403061473212;335.68956271632624;251.40155023643544;113.39471604003607;1087.1642373129234;1200.5589533529594;3639000.0;177.39969775264467;1.0;1.3891178895300906;;
3812;Siljan (2020-2023);2023;261;2285.0;11625.0;1992000.0;800000.0;193000.0;701000.0;337000.0;871.7724288840262;350.109409190372;84.46389496717724;437.199124726477;306.78336980306347;28.989247311827956;1178.5557986870897;1207.5450459989177;501000.0;219.25601750547045;1.0;1.596806387225549;;
3813;Bamble (2020-2023);2023;261;8125.0;79257.0;7775000.0;2871000.0;1687000.0;447000.0;7043000.0;956.9230769230769;353.3538461538462;207.63076923076923;395.9384615384615;55.01538461538462;88.86281337925988;1011.9384615384615;1100.8012749177215;1934000.0;238.03076923076924;1.0;1.484488107549121;;
3814;Kragerø (2020-2023);2023;261;13861.0;49630.0;6305000.0;450000.0;2900000.0;593000.0;2220000.0;454.87338575860326;32.46519010172426;209.2201139888897;213.1880816679893;42.781906067383304;44.73100947007858;497.6552918259866;542.3863012960652;2049000.0;147.82483226318448;1.0;0.21961932650073204;energi_urimelig_lav;implisitt_pris_utenfor
3815;Drangedal (2020-2023);2023;261;3600.0;21191.0;3681000.0;54000.0;1237000.0;5079000.0;247000.0;1022.5;15.0;343.6111111111111;663.8888888888889;1410.8333333333333;11.655891652116464;2433.3333333333335;2444.98922498545;1095000.0;304.1666666666667;1.0;0.049315068493150684;energi_urimelig_lav;implisitt_pris_utenfor
3816;Nome (2020-2023);2023;261;6770.0;38384.0;7397000.0;2415000.0;9000.0;407000.0;2163000.0;1092.6144756277695;356.7208271787297;1.329394387001477;734.5642540620385;60.118168389955684;56.35160483534806;1152.7326440177253;1209.0842488530734;1352000.0;199.70457902511077;1.0;1.7862426035502958;renhold_urimelig_lav;
3817;Midt-Telemark (2020-2023);2023;261;12581.0;40078.0;8866000.0;3073000.0;2119000.0;1225000.0;5862000.0;704.7134567999365;244.2572132580876;168.42858278356252;292.0276607582863;97.36904856529688;146.26478367183992;802.0825053652333;948.3472890370732;2067000.0;164.29536602813766;1.0;1.4866956942428642;;
3818;Tinn (2020-2023);2023;261;12541.0;45107.0;8913000.0;2197000.0;2575000.0;1488000.0;2969000.0;710.7088748903597;175.18539191452038;205.32652898492944;330.19695399090983;118.65082529303884;65.82126942603144;829.3597001833984;895.1809696094299;2348000.0;187.22589905111235;1.0;0.9356899488926746;;
3819;Hjartdal (2020-2023);2023;261;3466.0;10139.0;3378000.0;655000.0;988000.0;69000.0;272000.0;974.6105020196192;188.97864974033467;285.05481823427584;500.57703404500865;19.907674552798614;26.82710326462176;994.5181765724178;1021.3452798370396;516000.0;148.87478361223313;1.0;1.2693798449612401;;
3820;Seljord (2020-2023);2023;261;2868.0;13650.0;3466000.0;1353000.0;783000.0;795000.0;2451000.0;1208.507670850767;471.7573221757322;273.01255230125525;463.73779637377964;277.1966527196653;179.56043956043956;1485.7043235704323;1665.2647631308719;637000.0;222.10599721059972;1.0;2.1240188383045524;;
3821;Kviteseid (2020-2023);2023;261;6744.0;16887.0;2871000.0;977000.0;660000.0;282000.0;383000.0;425.711743772242;144.86951364175565;97.86476868327402;182.97746144721233;41.81494661921708;22.680168176703972;467.52669039145906;490.20685856816306;626000.0;92.8232502965599;1.0;1.560702875399361;;
3822;Nissedal (2020-2023);2023;261;2310.0;11270.0;3931000.0;1239000.0;998000.0;117000.0;504000.0;1701.7316017316018;536.3636363636364;432.034632034632;733.3333333333334;50.64935064935065;44.72049689440994;1752.3809523809523;1797.1014492753623;790000.0;341.991341991342;1.0;1.568354430379747;;
3823;Fyresdal (2020-2023);2023;261;3899.0;12921.0;3381000.0;1350000.0;984000.0;125000.0;260000.0;867.145421903052;346.2426263144396;252.37240318030265;268.5303924083098;32.05950243652219;20.12228155715502;899.2049243395743;919.3272058967293;869000.0;222.87766093870223;1.0;1.5535097813578824;;
3824;Tokke (2020-2023);2023;261;5650.0;24390.0;5709000.0;1185000.0;1930000.0;953000.0;1595000.0;1010.4424778761062;209.73451327433628;341.5929203539823;459.11504424778764;168.67256637168143;65.39565395653956;1179.1150442477876;1244.5106982043271;1409000.0;249.38053097345133;1.0;0.8410220014194464;;
3825;Vinje (2020-2023);2023;261;9310.0;39697.0;15757000.0;5399000.0;5668000.0;1852000.0;557000.0;1692.4812030075188;579.9140708915145;608.8077336197637;503.7593984962406;198.92588614393125;14.031286999017558;1891.40708915145;1905.4383761504675;25203000.0;2707.0891514500536;1.0;0.21422052930206723;;kwh_urimelig_hoy|implisitt_pris_utenfor
4201;Risør;2023;261;13080.0;38927.0;8884000.0;3039000.0;2064000.0;906000.0;3264000.0;679.2048929663608;232.3394495412844;157.7981651376147;289.06727828746176;69.26605504587155;83.84925630025432;748.4709480122324;832.3202043124867;2399000.0;183.40978593272172;0.9929137140475198;1.2667778240933723;;
4202;Grimstad;2023;261;14143.0;87121.0;16702000.0;6721000.0;3340000.0;654000.0;9430000.0;1180.9375662872092;475.21742204624195;236.15923071484127;469.560913526126;46.24195715194796;108.24026354151123;1227.1795234391573;1335.4197869806685;3264000.0;230.7855476207311;0.9969362745098039;2.0591299019607843;;
4203;Arendal;2023;261;42591.0;200360.0;45021000.0;18471000.0;8471000.0;10998000.0;10015000.0;1057.0543072480102;433.68317250123266;198.89178464933906;424.47935009743844;258.22356835951257;49.98502695148732;1315.2778756075227;1365.26290255901;8167000.0;191.7541264586415;1.0;2.261662789273907;;
4204;Kristiansand;2023;261;86970.0;496776.0;51569000.0;16013000.0;11037000.0;11400000.0;61046000.0;592.951592503162;184.1209612510061;126.90582959641256;281.92480165574335;131.07968264918938;122.88435834259305;724.0312751523514;846.9156334949445;13190000.0;151.66149246866735;1.0;1.2140257771038667;;
4205;Lindesnes;2023;261;24562.0;132769.0;25121000.0;6521000.0;5017000.0;4485000.0;6527000.0;1022.7587330021985;265.49140949434087;204.25861086230762;553.0087126455501;182.5991368781044;49.160572121504266;1205.3578698803028;1254.518442001807;5132000.0;208.94064001302826;0.9986360093530787;1.2706547155105223;;
4206;Farsund;2023;261;5008.0;49261.0;4364000.0;1871000.0;876000.0;96000.0;5886000.0;871.405750798722;373.60223642172525;174.92012779552715;322.88338658146967;19.169329073482427;119.48600312620532;890.5750798722045;1010.0610829984098;953000.0;190.29552715654953;1.0;1.963273871983211;;
4207;Flekkefjord;2023;261;14700.0;51181.0;5118000.0;3216000.0;0.0;554000.0;1256000.0;348.16326530612247;218.77551020408163;0.0;129.3877551020408;37.68707482993197;24.540356773021237;385.8503401360544;410.39069690907564;2510000.0;170.7482993197279;1.0;1.2812749003984063;renhold_urimelig_lav;
4211;Gjerstad;2023;261;6654.0;19289.0;3887000.0;2242000.0;369000.0;255000.0;471000.0;584.1599038172528;336.94018635407275;55.45536519386835;191.7643522693117;38.322813345356174;24.418062107937168;622.482717162609;646.9007792705462;343000.0;51.547941088067326;1.0;6.536443148688047;;implisitt_pris_utenfor|kwh_uteligger
4213;Tvedestrand;2023;261;3900.0;39487.0;3707000.0;1068000.0;1548000.0;2790000.0;2632000.0;950.5128205128206;273.84615384615387;396.9230769230769;279.7435897435897;715.3846153846154;66.65484843112924;1665.8974358974358;1732.552284328565;598000.0;153.33333333333334;1.0;1.7859531772575252;;
4214;Froland;2023;261;3207.0;36473.0;4580000.0;1482000.0;1147000.0;155000.0;3801000.0;1428.1259744309323;462.1141253507951;357.65512940442784;608.3567196757094;48.33177424384159;104.21407616593096;1476.457748674774;1580.6718248407049;851000.0;265.35703149360774;1.0;1.7414806110458283;;
4215;Lillesand;2023;261;18414.0;68083.0;7529000.0;1853000.0;2296000.0;552000.0;3356000.0;408.87368306723147;100.62995546866514;124.6877375909634;183.5559900076029;29.97719126751385;49.29277499522642;438.8508743347453;488.1436493299717;1869000.0;101.49885956337569;1.0;0.9914392723381488;;
4216;Birkenes;2023;261;20130.0;57422.0;4129000.0;1756000.0;1071000.0;687000.0;1921000.0;205.11674118231494;87.23298559364133;53.20417287630402;64.6795827123696;34.12816691505216;33.45407683466267;239.2449080973671;272.69898493202976;1059000.0;52.60804769001491;1.0;1.6581680830972614;DV_uteligger_lav;kwh_uteligger
4217;Åmli;2023;261;3699.0;14216.0;2850000.0;1615000.0;0.0;188000.0;302000.0;770.4785077047851;436.6044876993782;0.0;333.87402000540686;50.82454717491214;21.24366910523354;821.3030548796972;842.5467239849307;822000.0;222.22222222222223;1.0;1.9647201946472017;renhold_urimelig_lav;
4218;Iveland;2023;261;2988.0;11493.0;2268000.0;615000.0;275000.0;195000.0;1878000.0;759.0361445783133;205.82329317269077;92.03480589022757;461.1780455153949;65.26104417670683;163.4038110154007;824.2971887550201;987.7009997704208;359000.0;120.14725568942437;1.0;1.713091922005571;;
4219;Evje og Hornnes;2023;261;11196.0;27367.0;7391000.0;2655000.0;1728000.0;704000.0;708000.0;660.1464808860308;237.13826366559485;154.34083601286173;268.6673812075741;62.87959985709182;25.870574049037163;723.0260807431225;748.8966547921597;1680000.0;150.05359056806003;1.0;1.5803571428571428;;
4220;Bygland;2023;261;4652.0;14707.0;3067000.0;740000.0;683000.0;275000.0;647000.0;659.286328460877;159.0713671539123;146.81857265692176;353.396388650043;59.114359415305245;43.99265655810159;718.4006878761822;762.3933444342838;896000.0;192.60533104041272;1.0;0.8258928571428571;;
4221;Valle;2023;261;3300.0;14646.0;3318000.0;1069000.0;26000.0;248000.0;952000.0;1005.4545454545455;323.93939393939394;7.878787878787879;673.6363636363636;75.15151515151516;65.00068278028131;1080.6060606060605;1145.6067433863418;776000.0;235.15151515151516;1.0;1.3775773195876289;renhold_urimelig_lav;
4222;Bykle;2023;261;6253.0;20819.0;3672000.0;2035000.0;35000.0;778000.0;172000.0;587.2381256996641;325.4437869822485;5.597313289620982;256.19702542779464;124.4202782664321;8.26168403861857;711.6584039660963;719.9200880047149;1099000.0;175.75563729409885;1.0;1.851683348498635;renhold_urimelig_lav;
4223;Vennesla;2023;261;12028.0;72923.0;10746000.0;3681000.0;1735000.0;1065000.0;4579000.0;893.4153641503159;306.03591619554373;144.24675756568007;443.1326903890921;88.54339873628201;62.79226032938853;981.9587628865979;1044.7510232159864;2463000.0;204.77219820419023;1.0;1.494518879415347;;
4224;Åseral;2023;261;3636.0;14428.0;3327000.0;711000.0;1275000.0;107000.0;1257000.0;915.016501650165;195.54455445544554;350.6600660066007;368.81188118811883;29.427942794279428;87.12226226781259;944.4444444444445;1031.566706712257;541000.0;148.7898789878988;1.0;1.3142329020332717;;
4225;Lyngdal;2023;261;19503.0;63786.0;11415000.0;2328000.0;2721000.0;159000.0;96000.0;585.2945700661437;119.36625134594678;139.5169973850177;326.4113213351792;8.152591908937087;1.5050324522622518;593.4471619750808;594.9521944273431;3301000.0;169.2560118956058;1.0;0.7052408361102696;;
4226;Hægebostad;2023;261;2700.0;11693.0;3580000.0;1015000.0;911000.0;734000.0;244000.0;1325.9259259259259;375.9259259259259;337.4074074074074;612.5925925925926;271.85185185185185;20.867185495595656;1597.7777777777778;1618.6449632733734;535000.0;198.14814814814815;1.0;1.8971962616822429;;
4227;Kvinesdal;2023;261;11239.0;50100.0;12718000.0;5493000.0;2173000.0;2494000.0;81000.0;1131.5953376634932;488.7445502268885;193.34460361242103;449.50618382418367;221.90586351098852;1.6167664670658684;1353.5012011744818;1355.1179676415477;2696000.0;239.8789927929531;1.0;2.0374629080118694;;
4228;Sirdal;2023;261;8520.0;56738.0;4091000.0;2456000.0;17000.0;468000.0;4718000.0;480.1643192488263;288.26291079812205;1.9953051643192488;189.906103286385;54.929577464788736;83.1541471324333;535.093896713615;618.2480438460483;1391000.0;163.26291079812208;0.9568655643421998;1.7656362329259523;renhold_urimelig_lav;
4601;Bergen;2023;261;180501.0;927779.0;153677000.0;38495000.0;20834000.0;22183000.0;160767000.0;851.3914050337671;213.26751652345416;115.42318325106233;522.7007052592506;122.89682605636534;173.28156813206593;974.2882310901325;1147.5697992221985;30188000.0;167.24561082764083;0.7897177686497946;1.2751755664502453;;
4602;Kinn;2023;261;14743.0;85526.0;9863000.0;1181000.0;3126000.0;352000.0;3253000.0;668.9954554703927;80.1058129281693;212.03282913925253;376.8568134029709;23.87573763820118;38.03521736080256;692.871193108594;730.9064104693965;1704000.0;115.58027538492844;1.0;0.693075117370892;;
4611;Etne;2023;261;15769.0;30373.0;5480000.0;1598000.0;1400000.0;515000.0;589000.0;347.51728074069376;101.33806836197603;88.7817870505422;157.39742532817553;32.65901452216374;19.39222335627037;380.1762952628575;399.5685186191279;1868000.0;118.46027015029489;1.0;0.8554603854389721;;
4612;Sveio;2023;261;7347.0;35873.0;4962000.0;2211000.0;833000.0;352000.0;949000.0;675.3777051857901;300.939158840343;113.37961072546618;261.05893561998096;47.91071185517899;26.45443648426393;723.2884170409691;749.742853525233;1529000.0;208.11215462093372;1.0;1.4460431654676258;;
4613;Bømlo;2023;261;15887.0;68044.0;3851000.0;2633000.0;1000.0;941000.0;2680000.0;242.39944608799647;165.73298923648267;0.06294454585510166;76.60351230565871;59.23081764965066;39.386279466227734;301.6302637376471;341.01654320387485;2952000.0;185.8122993642601;1.0;0.8919376693766937;renhold_urimelig_lav;
4614;Stord;2023;261;15648.0;87940.0;9865000.0;1991000.0;2136000.0;1578000.0;6074000.0;630.4320040899795;127.23670756646217;136.50306748466258;366.6922290388548;100.84355828220859;69.06982033204457;731.2755623721881;800.3453827042326;3672000.0;234.66257668711657;0.8379629629629629;0.5422113289760349;;
4615;Fitjar;2023;261;3235.0;14316.0;1753000.0;923000.0;0.0;180000.0;0.0;541.885625965997;285.3168469860897;0.0;256.5687789799073;55.64142194744977;0.0;597.5270479134467;597.5270479134467;1113000.0;344.04945904173104;1.0;0.8292902066486973;renhold_urimelig_lav;
4616;Tysnes;2023;261;5300.0;19479.0;2797000.0;1220000.0;3000.0;1171000.0;532000.0;527.7358490566038;230.18867924528303;0.5660377358490566;296.9811320754717;220.9433962264151;27.311463627496277;748.6792452830189;775.9907089105152;939000.0;177.16981132075472;1.0;1.2992545260915869;renhold_urimelig_lav;
4617;Kvinnherad;2023;261;24893.0;101757.0;12203000.0;2756000.0;3785000.0;2182000.0;1967000.0;490.2181336118588;110.71385530068694;152.05077732695938;227.45350098421244;87.65516410235809;19.330365478542017;577.8732977142168;597.2036631927589;5133000.0;206.20254690073514;1.0;0.5369179816871226;;
4618;Ullensvang;2023;261;12930.0;78818.0;10341000.0;1689000.0;2176000.0;1517000.0;9163000.0;799.7679814385151;130.6264501160093;168.2907965970611;500.8507347254447;117.32405259087393;116.25517013880078;917.092034029389;1033.3472041681898;2612000.0;202.01082753286929;1.0;0.6466309341500767;;
4619;Eidfjord;2023;261;3349.0;14038.0;2138000.0;762000.0;0.0;1289000.0;528000.0;638.3995222454464;227.53060615108987;0.0;410.8689160943565;384.8910122424604;37.61219546944009;1023.2905344879068;1060.902729957347;618000.0;184.53269632726187;1.0;1.233009708737864;renhold_urimelig_lav;
4620;Ulvik;2023;261;2600.0;12202.0;1758000.0;657000.0;101000.0;94000.0;0.0;676.1538461538462;252.69230769230768;38.84615384615385;384.61538461538464;36.15384615384615;0.0;712.3076923076923;712.3076923076923;496000.0;190.76923076923077;1.0;1.3245967741935483;renhold_urimelig_lav;
4621;Voss;2023;261;22749.0;87797.0;21194000.0;4354000.0;6278000.0;4170000.0;19062000.0;931.6453470482219;191.39302826497868;275.96817442524946;464.28414435799374;183.30476064881972;217.11447999362164;1114.9501076970416;1332.0645876906633;2267000.0;99.65273198821926;1.0;1.9205999117776797;;
4622;Kvam;2023;261;18453.0;54115.0;9853000.0;1706000.0;3275000.0;565000.0;3840000.0;533.9511190592316;92.4510919633664;177.47791686988566;264.02211022597953;30.61832764320165;70.9599926083341;564.5694467024332;635.5294393107673;3427000.0;185.71505988186203;0.9591479428071199;0.4978114969360957;;implisitt_pris_utenfor
4623;Samnanger;2023;261;2779.0;13885.0;3970000.0;947000.0;991000.0;207000.0;467000.0;1428.5714285714287;340.77006117308383;356.6030946383591;731.1982727599856;74.48722562072687;33.63341735685992;1503.0586541921555;1536.6920715490155;897000.0;322.77797768981645;1.0;1.0557413600891863;;
4624;Bjørnafjorden;2023;261;9272.0;112101.0;14241000.0;4172000.0;2709000.0;1938000.0;7114000.0;1535.9145815358067;449.9568593615185;292.1699741156169;793.7877480586712;209.01639344262296;63.46062925397632;1744.9309749784297;1808.391604232406;1603000.0;172.88610871440898;1.0;2.6026200873362444;;
4625;Austevoll;2023;261;6150.0;33930.0;2070000.0;-49000.0;0.0;886000.0;1393000.0;336.5853658536585;-7.967479674796748;0.0;344.5528455284553;144.0650406504065;41.05511346890657;480.650406504065;521.7055199729716;1351000.0;219.6747967479675;1.0;-0.03626943005181347;energi_urimelig_lav|renhold_urimelig_lav;implisitt_pris_utenfor
4626;Øygarden;2023;261;38822.0;166283.0;35372000.0;9123000.0;11845000.0;4344000.0;16915000.0;911.132862809747;234.9956210396167;305.1105043532018;371.02673741692854;111.89531708824893;101.72416903712346;1023.028179897996;1124.7523489351195;4835000.0;124.54278501880377;1.0;1.8868665977249224;;
4627;Askøy;2023;261;13530.0;115981.0;11375000.0;4341000.0;2052000.0;1263000.0;15299000.0;840.7243163340725;320.84257206208423;151.6629711751663;368.2187730968219;93.34811529933481;131.90953690690716;934.0724316334073;1065.9819685403145;2128000.0;157.280118255728;1.0;2.039943609022556;;
4628;Vaksdal;2023;261;6216.0;29098.0;5072000.0;453000.0;990000.0;264000.0;1804000.0;815.958815958816;72.87644787644787;159.26640926640925;583.8159588159588;42.47104247104247;61.997388136641696;858.4298584298584;920.4272465665001;129000.0;20.752895752895753;1.0;3.5116279069767438;;kwh_urimelig_lav|implisitt_pris_utenfor
4629;Modalen;2023;261;1422.0;7749.0;2686000.0;207000.0;497000.0;16000.0;445000.0;1888.888888888889;145.56962025316454;349.50773558368496;1393.8115330520393;11.251758087201125;57.426764743837914;1900.14064697609;1957.567411719928;287000.0;201.82841068917017;1.0;0.7212543554006968;;
4630;Osterøy;2023;261;7381.0;34629.0;5067000.0;1444000.0;1261000.0;362000.0;113000.0;686.492345210676;195.6374475003387;170.84405907058664;320.0108386397507;49.04484487196857;3.2631609344768835;735.5371900826447;738.8003510171216;1241000.0;168.1343991329088;1.0;1.1635777598710717;;
4631;Alver;2023;261;25093.0;156397.0;24460000.0;6231000.0;5394000.0;3913000.0;11849000.0;974.7738413103256;248.3162634997808;214.96034750727296;511.4972303032718;155.93990355876142;75.76232280670345;1130.713744869087;1206.4760676757903;4310000.0;171.76104889809906;0.991647331786543;1.445707656612529;;
4632;Austrheim;2023;261;3003.0;16564.0;4602000.0;1077000.0;964000.0;137000.0;176000.0;1532.4675324675325;358.64135864135864;321.012321012321;852.8138528138528;45.621045621045624;10.625452789181358;1578.088578088578;1588.7140308777593;713000.0;237.42923742923742;0.8597475455820477;1.5105189340813465;;
4633;Fedje;2023;261;1063.0;5717.0;490000.0;387000.0;0.0;176000.0;542000.0;460.9595484477893;364.06396989651927;0.0;96.89557855126999;165.56914393226717;94.80496764037082;626.5286923800564;721.3336600204273;302000.0;284.101599247413;1.0;1.281456953642384;renhold_urimelig_lav;
4634;Masfjorden;2023;261;3475.0;22465.0;6253000.0;1132000.0;1575000.0;369000.0;0.0;1799.4244604316548;325.75539568345323;453.23741007194246;1020.431654676259;106.18705035971223;0.0;1905.611510791367;1905.611510791367;504000.0;145.0359712230216;1.0;2.246031746031746;;
4635;Gulen;2023;261;3316.0;17347.0;4565000.0;543000.0;1782000.0;3058000.0;3412000.0;1376.6586248492158;163.751507840772;537.394451145959;675.5126658624849;922.1954161640531;196.6910705021041;2298.854041013269;2495.5451115153733;558000.0;168.27503015681543;0.8745519713261649;0.9731182795698925;DV_uteligger_hoy;
4636;Solund;2023;261;1290.0;5599.0;1724000.0;332000.0;658000.0;393000.0;1343000.0;1336.4341085271317;257.3643410852713;510.07751937984494;568.9922480620155;304.6511627906977;239.86426147526345;1641.0852713178294;1880.9495327930929;386000.0;299.2248062015504;1.0;0.8601036269430051;;
4637;Hyllestad;2023;261;3684.0;13287.0;3398000.0;386000.0;982000.0;160000.0;315000.0;922.3669923995657;104.77741585233441;266.5580890336591;551.0314875135722;43.43105320304017;23.70738315646873;965.7980456026058;989.5054287590746;494000.0;134.09337676438653;1.0;0.7813765182186234;;
4638;Høyanger;2023;261;3445.0;26336.0;6457000.0;2321000.0;1974000.0;58000.0;1234000.0;1874.310595065312;673.7300435413644;573.0043541364296;627.5761973875182;16.835994194484762;46.85601458080195;1891.1465892597969;1938.0026038405988;3280000.0;952.1044992743106;1.0;0.7076219512195123;;kwh_urimelig_hoy
4639;Vik;2023;261;7604.0;17241.0;6955000.0;1791000.0;1861000.0;269000.0;429000.0;914.6501841136244;235.5339295107838;244.73961073119412;434.3766438716465;35.37611783271962;24.882547416043153;950.026301946344;974.9088493623872;1258000.0;165.43924250394528;1.0;1.4236883942766296;;
4640;Sogndal;2023;261;25484.0;83102.0;16438000.0;3074000.0;6401000.0;1108000.0;3592000.0;645.0321770522681;120.62470569769268;251.17720922932037;273.2302621252551;43.47826086956522;43.223989795672786;688.5104379218333;731.734427717506;5419000.0;212.64322712290064;0.9867134157593652;0.5672633327182137;;
4641;Aurland;2023;261;4346.0;22592.0;3470000.0;838000.0;1601000.0;562000.0;726000.0;798.4353428439945;192.82098481362172;368.3847215830649;237.22963644730788;129.31431201104465;32.13526912181303;927.7496548550391;959.8849239768522;1344000.0;309.2498849516797;1.0;0.6235119047619048;;
4642;Lærdal;2023;261;4098.0;14438.0;3377000.0;1031000.0;884000.0;264000.0;0.0;824.0605173255246;251.58613958028306;215.71498291849682;356.75939482674477;64.42166910688141;0.0;888.482186432406;888.482186432406;1123000.0;274.0361151781357;1.0;0.9180765805877115;;
4643;Årdal;2023;261;7189.0;39566.0;5682000.0;1879000.0;1404000.0;406000.0;3485000.0;790.3741827792461;261.37153985255253;195.29837251356238;333.70427041313116;56.475170399221035;88.08067532730122;846.8493531784671;934.9300285057684;1785000.0;248.29600778967867;0.9641456582633053;1.0526610644257703;;
4644;Luster;2023;261;8046.0;38899.0;3859000.0;1162000.0;0.0;1463000.0;3240000.0;479.6172010937112;144.4195873726075;0.0;335.19761372110366;181.8294804871986;83.29262963058176;661.4466815809097;744.7393112114914;1835000.0;228.06363410390256;1.0;0.6332425068119891;renhold_urimelig_lav;
4645;Askvoll;2023;261;4141.0;16997.0;4607000.0;1258000.0;967000.0;249000.0;1855000.0;1112.5332045399662;303.79135474523065;233.51847379859936;575.2233759961362;60.13040328423086;109.13690651291404;1172.663607824197;1281.800514337111;1070000.0;258.3916928278194;1.0;1.1757009345794394;;
4646;Fjaler;2023;261;3800.0;28018.0;3727000.0;622000.0;937000.0;386000.0;554000.0;980.7894736842105;163.68421052631578;246.57894736842104;570.5263157894736;101.57894736842105;19.77300306945535;1082.3684210526317;1102.141424122087;910000.0;239.47368421052633;1.0;0.6835164835164834;;
4647;Sunnfjord;2023;261;29840.0;178833.0;20881000.0;4790000.0;7267000.0;1056000.0;7187000.0;699.7654155495978;160.52278820375335;243.53217158176943;295.71045576407505;35.388739946380696;40.18833213109437;735.1541554959786;775.342487627073;5929000.0;198.69302949061662;1.0;0.8078934052960027;;
4649;Stad;2023;261;9542.0;57296.0;9209000.0;1198000.0;3666000.0;1299000.0;3643000.0;965.1016558373507;125.55019911968141;384.1961852861035;455.3552714315657;136.1349821840285;63.582099972074836;1101.2366380213791;1164.8187379934539;1704000.0;178.57891427373715;1.0;0.7030516431924883;;
4650;Gloppen;2023;261;6134.0;33775.0;4507000.0;1113000.0;1363000.0;637000.0;3317000.0;734.757091620476;181.4476687316596;222.20410824910337;331.1053146397131;103.84740789044669;98.20873427091044;838.6044995109228;936.8132337818332;1608000.0;262.14541897619824;0.9975124378109452;0.6921641791044776;;
4651;Stryn;2023;261;8906.0;40985.0;5217000.0;1270000.0;1376000.0;1055000.0;2081000.0;585.7848641365372;142.60049404895577;154.5025825286324;288.681787558949;118.45946552885695;50.77467366109552;704.2443296653942;755.0190033264897;1270000.0;142.60049404895577;1.0;1.0;;
5001;Trondheim - Tråante;2023;261;168176.0;828301.0;112636000.0;23031000.0;33436000.0;21749000.0;73320000.0;669.7507373228046;136.94581866615925;198.81552659119018;333.98939206545526;129.32285225002377;88.51854579434288;799.0735895728285;887.5921353671714;30625000.0;182.10089430120826;1.0;0.7520326530612245;;
5006;Steinkjer - Stïentje;2023;261;43044.0;141994.0;10889000.0;3065000.0;3680000.0;1086000.0;22026000.0;252.97370132887278;71.20620760152403;85.49391320509247;96.2735805222563;25.229997212155006;155.11923039001647;278.2036985410278;433.32292893104426;7456000.0;173.2181024068395;1.0;0.4110783261802576;DV_uteligger_lav;implisitt_pris_utenfor
5007;Namsos - Nåavmesjenjaelmie;2023;261;12862.0;87772.0;13528000.0;2857000.0;8174000.0;2715000.0;7362000.0;1051.7804385010106;222.12719639247396;635.5154719328253;194.1377701757114;211.08692271808428;83.87640705464158;1262.867361219095;1346.7437682737366;3367000.0;261.77888353288756;1.0;0.8485298485298486;;
5014;Frøya;2023;261;11000.0;27768.0;5797000.0;705000.0;2036000.0;71000.0;1238000.0;527.0;64.0909090909091;185.0909090909091;277.8181818181818;6.454545454545454;44.583693460097955;533.4545454545455;578.0382389146434;898000.0;81.63636363636364;1.0;0.7850779510022272;;kwh_uteligger
5020;Osen;2023;261;2089.0;7958.0;2120000.0;369000.0;811000.0;2000.0;338000.0;1014.8396361895644;176.63954044997607;388.22403063666826;449.9760651029201;0.9573958831977023;42.47298316159839;1015.7970320727621;1058.2700152343605;0.0;0.0;;;;kwh_null|kwh_urimelig_lav
5021;Oppdal;2023;261;7044.0;34215.0;8554000.0;1256000.0;3371000.0;655000.0;2835000.0;1214.366837024418;178.30777967064168;478.56331629755823;557.4957410562181;92.9869392390687;82.85839544059623;1307.3537762634867;1390.212171704083;3181000.0;451.5900056785917;1.0;0.39484438855705756;;implisitt_pris_utenfor|kwh_uteligger
5022;Rennebu;2023;261;8172.0;22891.0;7303000.0;1140000.0;1305000.0;259000.0;138000.0;893.6612824278022;139.5007342143906;159.69162995594715;594.4689182574646;31.693587860988742;6.028570180420252;925.354870288791;931.3834404692112;1979000.0;242.16837983357806;1.0;0.5760485093481557;;
5025;Røros - Rosse;2023;261;16667.0;35704.0;7015000.0;2298000.0;1220000.0;597000.0;4633000.0;420.89158216835665;137.8772424551509;73.19853602927941;209.81580368392633;35.819283614327716;129.76137127492717;456.7108657826843;586.4722370576114;1946000.0;116.75766484670307;1.0;1.1808838643371018;;
5026;Holtålen;2023;261;3000.0;14629.0;2111000.0;229000.0;405000.0;229000.0;1353000.0;703.6666666666666;76.33333333333333;135.0;492.3333333333333;76.33333333333333;92.48752477954747;780.0;872.4875247795475;339000.0;113.0;1.0;0.6755162241887905;;
5027;Midtre Gauldal;2023;261;7905.0;36604.0;6726000.0;1585000.0;1779000.0;938000.0;2000.0;850.853889943074;200.50600885515496;225.0474383301708;425.30044275774827;118.65907653383934;0.054638837285542564;969.5129664769133;969.5676053141989;1553000.0;196.45793801391525;1.0;1.0206052801030263;;
5028;Melhus;2023;261;18600.0;98458.0;13478000.0;3573000.0;1954000.0;979000.0;11680000.0;724.6236559139785;192.09677419354838;105.05376344086021;427.4731182795699;52.634408602150536;118.62926323914766;777.258064516129;895.8873277552767;4276000.0;229.89247311827958;1.0;0.8355940130963516;;
5029;Skaun;2023;261;9720.0;46711.0;6770000.0;989000.0;1984000.0;515000.0;5103000.0;696.5020576131687;101.74897119341564;204.11522633744855;390.63786008230454;52.983539094650205;109.24621609471002;749.4855967078189;858.7318128025289;1055000.0;108.53909465020575;1.0;0.937440758293839;;
5031;Malvik;2023;261;18168.0;81498.0;6109000.0;116000.0;2006000.0;1352000.0;6133000.0;336.2505504183179;6.384852487890797;110.41391457507706;219.45178335535007;74.41655658300309;75.25338045105401;410.667107001321;485.920487452375;1740000.0;95.77278731836195;1.0;0.06666666666666667;energi_urimelig_lav;implisitt_pris_utenfor
5032;Selbu;2023;261;4390.0;25834.0;7286000.0;913000.0;2809000.0;452000.0;1692000.0;1659.6810933940774;207.97266514806378;639.8633257403189;811.8451025056947;102.96127562642369;65.49508399783231;1762.642369020501;1828.1374530183334;639000.0;145.55808656036447;1.0;1.4287949921752738;;
5033;Tydal;2023;261;3244.0;13494.0;3620000.0;517000.0;819000.0;366000.0;1307000.0;1115.9062885326757;159.3711467324291;252.46609124537608;704.0690505548705;112.82367447595561;96.8578627538165;1228.7299630086313;1325.587825762448;746000.0;229.96300863131935;1.0;0.693029490616622;;
5034;Meråker;2023;261;7084.0;16105.0;2516000.0;1033000.0;357000.0;799000.0;2773000.0;355.1665725578769;145.8215697346132;50.39525691699605;158.94974590626765;112.78938452851496;172.1825520024837;467.9559570863919;640.1385090888756;1030000.0;145.39808018068888;0.9368932038834952;1.0029126213592232;;
5035;Stjørdal;2023;261;30330.0;152558.0;17347000.0;2825000.0;5496000.0;614000.0;9552000.0;571.9419716452358;93.1421035278602;181.20672601384769;297.59314210352784;20.24398285525882;62.61225238925523;592.1859545004945;654.7982068897497;3650000.0;120.34289482360698;1.0;0.773972602739726;;
5036;Frosta;2023;261;2940.0;14410.0;2875000.0;778000.0;422000.0;317000.0;1595000.0;977.8911564625851;264.6258503401361;143.5374149659864;569.7278911564625;107.82312925170068;110.68702290076335;1085.7142857142858;1196.4013086150492;628000.0;213.60544217687075;0.9904458598726115;1.2388535031847134;;
5037;Levanger;2023;261;10740.0;93680.0;8449000.0;2116000.0;1730000.0;12000.0;14102000.0;786.6852886405959;197.02048417132215;161.08007448789573;428.584729981378;1.1173184357541899;150.533731853117;787.8026070763501;938.336338929467;1627000.0;151.48975791433892;1.0;1.3005531653349722;;
5038;Verdal;2023;261;21850.0;80600.0;12265000.0;3706000.0;1817000.0;785000.0;1562000.0;561.3272311212814;169.61098398169335;83.15789473684211;308.558352402746;35.92677345537757;19.379652605459057;597.254004576659;616.633657182118;3876000.0;177.3913043478261;1.0;0.9561403508771928;;
5041;Snåase - Snåsa;2023;261;6014.0;18235.0;1755000.0;255000.0;25000.0;46000.0;2335000.0;291.8190887928168;42.40106418357166;4.156967076820751;245.26105753242433;7.648819421350183;128.05045242665204;299.4679082141669;427.51836064081897;1136000.0;188.89258397073496;1.0;0.22447183098591547;renhold_urimelig_lav;implisitt_pris_utenfor
5042;Lierne;2023;261;5202.0;16510.0;3678000.0;563000.0;1201000.0;331000.0;1372000.0;707.035755478662;108.22760476739715;230.8727412533641;367.9354094579008;63.62937331795463;83.10115081768625;770.6651287966167;853.766279614303;1209000.0;232.41061130334487;1.0;0.46567411083540117;;implisitt_pris_utenfor
5043;Raarvihke - Røyrvik;2023;261;3241.0;8151.0;1710000.0;328000.0;369000.0;285000.0;1365000.0;527.6149336624499;101.20333230484418;113.85374884294971;312.55785251465596;87.93582227707498;167.4641148325359;615.5507559395248;783.0148707720607;450000.0;138.8460351743289;1.0;0.7288888888888889;;
5044;Namsskogan;2023;261;3771.0;12883.0;2688000.0;656000.0;939000.0;255000.0;1142000.0;712.8082736674622;173.9591620259878;249.00556881463802;289.84354282683637;67.62132060461416;88.64394939066987;780.4295942720764;869.0735436627463;844000.0;223.81331211880138;1.0;0.7772511848341233;;
5045;Grong;2023;261;7661.0;31397.0;5115000.0;781000.0;2204000.0;124000.0;3453000.0;667.6674063438194;101.94491580733586;287.6909019710221;278.03158856546145;16.185876517425925;109.97866038156512;683.8532828612452;793.8319432428103;1520000.0;198.40751860070486;1.0;0.5138157894736842;;
5046;Høylandet;2023;261;2671.0;11776.0;2995000.0;1027000.0;558000.0;117000.0;2903000.0;1121.302882815425;384.5001871958068;208.91052040434295;527.8921752152752;43.803818794459005;246.51834239130434;1165.1067016098839;1411.6250440011881;1150000.0;430.55035567203294;1.0;0.8930434782608696;;kwh_uteligger
5047;Overhalla;2023;261;7016.0;26374.0;2543000.0;336000.0;544000.0;390000.0;1099000.0;362.4572405929304;47.890535917901936;77.53705815279362;237.02964652223488;55.587229190421894;41.66982634412679;418.0444697833523;459.7142961274791;1518000.0;216.36259977194982;1.0;0.22134387351778656;;implisitt_pris_utenfor
5049;Flatanger;2023;261;4262.0;12367.0;2331000.0;438000.0;0.0;661000.0;106000.0;546.9263256687001;102.76865321445331;0.0;444.15767245424684;155.09150633505396;8.571197541845233;702.017832003754;710.5890295455993;680000.0;159.54950727358047;1.0;0.6441176470588236;renhold_urimelig_lav;
5052;Leka;2023;261;2295.0;6483.0;1781000.0;511000.0;392000.0;554000.0;311000.0;776.0348583877995;222.65795206971677;170.80610021786492;382.57080610021785;241.39433551198258;47.971618078050284;1017.4291938997821;1065.4008119778325;549000.0;239.2156862745098;1.0;0.930783242258652;;
5053;Inderøy;2023;261;11351.0;39345.0;4243000.0;850000.0;1096000.0;218000.0;2301000.0;373.7996652277332;74.88327019645847;96.55536957096291;202.36102546031188;19.20535635626817;58.48265345024781;393.0050215840014;451.4876750342492;812000.0;71.53554752885208;1.0;1.0467980295566504;;kwh_uteligger
5054;Indre Fosen;2023;261;17782.0;68111.0;13038000.0;2716000.0;4046000.0;2931000.0;6852000.0;733.2133618265661;152.73872455291868;227.53346080305928;352.94117647058823;164.8296029692948;100.60049037600388;898.0429647958609;998.6434551718648;2619000.0;147.28377010460017;1.0;1.037037037037037;;
5055;Heim;2023;261;9469.0;38550.0;6666000.0;1414000.0;1417000.0;1078000.0;1263000.0;703.9814130319992;149.32939064315133;149.64621396134754;405.00580842750026;113.84517900517478;32.762645914396884;817.8265920371739;850.5892379515708;2335000.0;246.59414932939063;1.0;0.6055674518201285;;
5056;Hitra;2023;261;11386.0;30746.0;8848000.0;1475000.0;2496000.0;1155000.0;3413000.0;777.0946776743369;129.5450553311084;219.21658176708237;428.3330405761461;101.44036536096961;111.00630976387173;878.5350430353066;989.5413527991783;1572000.0;138.0642894783067;1.0;0.938295165394402;;
5057;Ørland;2023;261;22175.0;83089.0;13194000.0;2644000.0;5018000.0;1655000.0;6439000.0;594.9943630214206;119.23337091319053;226.29086809470124;249.47012401352876;74.63359639233371;77.49521597323353;669.6279594137542;747.1231753869877;4881000.0;220.11273957158963;0.9897561975005121;0.5416922761729154;;
5058;Åfjord;2023;261;11032.0;26545.0;10098000.0;1277000.0;2562000.0;428000.0;1097000.0;915.3372008701958;115.75416968817984;232.23350253807106;567.3495286439448;38.7962291515591;41.326050103597666;954.1334300217549;995.4594801253526;2273000.0;206.03698332124728;1.0;0.5618125824901012;;
5059;Orkland;2023;261;24066.0;112307.0;14182000.0;2180000.0;5161000.0;694000.0;11325000.0;589.2961023851076;90.58422670988116;214.45192387600764;284.2599517992188;28.837363915897946;100.83966271024958;618.1334663010056;718.9731290112552;5452000.0;226.54367156984958;1.0;0.39985326485693323;;implisitt_pris_utenfor
5060;Nærøysund;2023;261;22000.0;90266.0;10075000.0;2980000.0;2297000.0;389000.0;7904000.0;457.95454545454544;135.45454545454547;104.4090909090909;218.0909090909091;17.681818181818183;87.5634236589635;475.6363636363636;563.1997872953272;5400000.0;245.45454545454547;1.0;0.5518518518518519;;
5061;Rindal;2023;261;5356.0;15914.0;2497000.0;1136000.0;0.0;3187000.0;0.0;466.20612397311425;212.09858103061987;0.0;254.1075429424944;595.0336071695295;0.0;1061.2397311426437;1061.2397311426437;1048000.0;195.66840926064228;1.0;1.083969465648855;renhold_urimelig_lav;
5401;Tromsø (2020-2023);2023;261;55093.0;345358.0;60497000.0;11484000.0;15256000.0;4614000.0;38905000.0;1098.0886864029912;208.4475341694952;276.91358248779335;612.7275697457027;83.74929664385675;112.65121989355973;1181.837983046848;1294.4892029404077;7834000.0;142.1959232570381;1.0;1.4659177942302783;;
5402;Harstad (2020-2023);2023;261;44606.0;147609.0;19801000.0;4225000.0;5505000.0;3030000.0;12541000.0;443.90889118055867;94.71819934537955;123.4138905080034;225.77680132717572;67.92808142402367;84.96094411587369;511.83697260458234;596.797916720456;10190000.0;228.4446038649509;1.0;0.414622178606477;;implisitt_pris_utenfor
5403;Alta (2020-2023);2023;261;48213.0;155370.0;14661000.0;2369000.0;5607000.0;1333000.0;9299000.0;304.0881090162404;49.13612511148445;116.29643457158858;138.65554933316741;27.64814469126584;59.85067902426466;331.73625370750625;391.5869327317709;3715000.0;77.05390662269512;1.0;0.6376850605652759;DV_uteligger_lav;kwh_uteligger
5404;Vardø (2020-2023);2023;261;4751.0;14491.0;2330000.0;670000.0;0.0;91000.0;501000.0;490.4230688276152;141.02294253841296;0.0;349.40012628920226;19.15386234476952;34.573183355185975;509.5769311723848;544.1501145275707;0.0;0.0;;;renhold_urimelig_lav;kwh_null|kwh_urimelig_lav
5405;Vadsø (2020-2023);2023;261;10748.0;60750.0;6649000.0;2700000.0;2058000.0;257000.0;1264000.0;618.6267212504652;251.20952735392632;191.47748418310383;175.93970971343506;23.91142538146632;20.80658436213992;642.5381466319316;663.3447309940715;3618000.0;336.6207666542613;1.0;0.7462686567164178;;
5406;Hammerfest (2020-2023);2023;261;21067.0;110113.0;19261000.0;2897000.0;8514000.0;440000.0;7472000.0;914.2735083305644;137.5136469359662;404.1391750130536;372.6206863815446;20.88574547871078;67.85756450192075;935.1592538092751;1003.0168183111958;4673000.0;221.81611050458062;1.0;0.619944361224053;;
5411;Kvæfjord (2020-2023);2023;261;11627.0;30832.0;5089000.0;771000.0;1106000.0;1040000.0;1124000.0;437.6881396748946;66.31117227143717;95.12341962673088;276.2535477767266;89.4469768641954;36.45563051375195;527.1351165390901;563.5907470528421;2565000.0;220.60720736217425;1.0;0.3005847953216374;;implisitt_pris_utenfor
5412;Tjeldsund (2020-2023);2023;261;5800.0;17700.0;5725000.0;1479000.0;1662000.0;478000.0;1450000.0;987.0689655172414;255.0;286.55172413793105;445.51724137931035;82.41379310344827;81.92090395480226;1069.4827586206898;1151.403662575492;1492000.0;257.2413793103448;1.0;0.9912868632707775;;
5413;Ibestad (2020-2023);2023;261;2162.0;9433.0;3170000.0;464000.0;972000.0;23000.0;389000.0;1466.2349676225717;214.61609620721555;449.5837187789084;802.0351526364477;10.638297872340425;41.2382062970423;1476.8732654949122;1518.1114717919545;649000.0;300.1850138760407;1.0;0.7149460708782742;;
5414;Gratangen (2020-2023);2023;261;4931.0;11071.0;920000.0;309000.0;13000.0;356000.0;199000.0;186.57473129182722;62.66477387953762;2.6363820726019065;121.2735753396877;72.19630906509836;17.974889350555504;258.7710403569256;276.7459297074811;760000.0;154.12695193672684;0.9776315789473684;0.40657894736842104;drift_urimelig_lav|renhold_urimelig_lav;implisitt_pris_utenfor
5415;Loabák - Lavangen (2020-2023);2023;261;1735.0;9085.0;1230000.0;461000.0;76000.0;87000.0;126000.0;708.9337175792507;265.7060518731989;43.804034582132566;399.42363112391934;50.14409221902017;13.869014859658778;759.0778097982709;772.9468246579297;572000.0;329.68299711815564;1.0;0.8059440559440559;renhold_urimelig_lav;
5416;Bardu (2020-2023);2023;261;4613.0;24858.0;1274000.0;-1175000.0;1182000.0;1019000.0;1721000.0;276.17602427921094;-254.71493605029266;256.23238673314546;274.6585735963581;220.89746368957296;69.23324483063803;497.07348796878387;566.3067327994219;1259000.0;272.92434424452637;1.0;-0.9332803812549642;energi_urimelig_lav;implisitt_pris_utenfor
5417;Salangen (2020-2023);2023;261;4100.0;16897.0;4243000.0;946000.0;1712000.0;379000.0;611000.0;1034.878048780488;230.73170731707316;417.5609756097561;386.5853658536585;92.4390243902439;36.160265135822925;1127.3170731707316;1163.4773383065547;719000.0;175.3658536585366;1.0;1.3157162726008345;;
5418;Målselv (2020-2023);2023;261;10636.0;44810.0;7793000.0;-1233000.0;2914000.0;1440000.0;-4158000.0;732.7002632568635;-115.927040240692;273.97517863858593;574.6521248589695;135.38924407672056;-92.79178754742244;868.089507333584;775.2977197861616;2412000.0;226.77698382850696;1.0;-0.5111940298507462;energi_urimelig_lav;implisitt_pris_utenfor
5419;Sørreisa (2020-2023);2023;261;6863.0;24183.0;1618000.0;-933000.0;1197000.0;725000.0;4024000.0;235.75695759871778;-135.9463791344893;174.41352178347663;197.28981494973044;105.63893341104473;166.3978828102386;341.3958910097625;507.7937738200011;905000.0;131.8665306717179;1.0;-1.0309392265193371;energi_urimelig_lav;implisitt_pris_utenfor
5420;Dyrøy (2020-2023);2023;261;2300.0;9114.0;-301000.0;-854000.0;0.0;168000.0;4040000.0;-130.8695652173913;-371.30434782608694;0.0;240.43478260869566;73.04347826086956;443.2740838270792;-57.82608695652174;385.44799687055746;632000.0;274.7826086956522;0.9920886075949367;-1.35126582278481;drift_null|drift_urimelig_lav|energi_urimelig_lav|renhold_urimelig_lav;implisitt_pris_utenfor
5421;Senja (2020-2023);2023;261;28994.0;103565.0;12191000.0;4572000.0;2091000.0;3522000.0;14275000.0;420.46630337311166;157.68779747533972;72.11836931778988;190.66013657998207;121.47340829137063;137.8361415536137;541.9397116644823;679.775853218096;5508000.0;189.9703386907636;1.0;0.8300653594771241;;
5422;Balsfjord (2020-2023);2023;261;12531.0;38452.0;7565000.0;975000.0;2515000.0;554000.0;3261000.0;603.7028170138058;77.80703854440986;200.70225839917006;325.1935200702258;44.21035831138776;84.80703214397171;647.9131753251935;732.7202074691652;2584000.0;206.20860266538983;1.0;0.37732198142414863;;implisitt_pris_utenfor
5423;Karlsøy (2020-2023);2023;261;3726.0;13746.0;4749000.0;1097000.0;1711000.0;1391000.0;3785000.0;1274.5571658615138;294.4176060118089;459.2055823939882;520.9339774557166;373.3225979602791;275.35282991415687;1647.8797638217927;1923.2325937359496;2071000.0;555.8239398819109;1.0;0.5296957991308547;;kwh_urimelig_hoy
5424;Lyngen (2020-2023);2023;261;13190.0;26525.0;3003000.0;873000.0;214000.0;817000.0;1153000.0;227.67247915087188;66.18650492797573;16.224412433661865;145.26156178923426;61.94086429112964;43.4684260131951;289.6133434420015;333.0817694551966;1635000.0;123.95754359363154;1.0;0.5339449541284403;renhold_urimelig_lav;
5425;Storfjord - Omasvuotna - Omasvuono (2020-2023);2023;261;1850.0;22486.0;1746000.0;193000.0;496000.0;97000.0;885000.0;943.7837837837837;104.32432432432432;268.1081081081081;571.3513513513514;52.432432432432435;39.35782264520146;996.2162162162163;1035.5740388614176;379000.0;204.86486486486487;1.0;0.5092348284960422;;
5426;Gáivuotna - Kåfjord - Kaivuono (2020-2023);2023;261;5500.0;18777.0;5119000.0;926000.0;1509000.0;672000.0;884000.0;930.7272727272727;168.36363636363637;274.3636363636364;488.0;122.18181818181819;47.078873089417904;1052.909090909091;1099.9879639985088;866000.0;157.45454545454547;1.0;1.069284064665127;;
5427;Skjervøy (2020-2023);2023;261;8312.0;28893.0;6846000.0;1520000.0;1910000.0;1629000.0;1958000.0;823.6284889316651;182.86814244465833;229.78825794032724;410.9720885466795;195.98171318575552;67.76727927179594;1019.6102021174206;1087.3774813892167;1988000.0;239.172281039461;1.0;0.7645875251509054;;
5428;Nordreisa (2020-2023);2023;261;11378.0;37085.0;9274000.0;2624000.0;3869000.0;990000.0;3928000.0;815.0817366848304;230.62049569344347;340.04218667604147;244.4190543153454;87.01001933555985;105.91883510853445;902.0917560203902;1008.0105911289247;3341000.0;293.6368430304096;1.0;0.785393594732116;;
5429;Kvænangen (2020-2023);2023;261;3777.0;12768.0;2537000.0;357000.0;980000.0;363000.0;279000.0;671.6971141117289;94.51945988880064;259.4651840084723;317.7124702144559;96.10802223987291;21.851503759398497;767.8051363516018;789.6566401110003;996000.0;263.7013502779984;1.0;0.35843373493975905;;implisitt_pris_utenfor
5432;Loppa (2020-2023);2023;261;3570.0;14705.0;2458000.0;416000.0;0.0;827000.0;626000.0;688.515406162465;116.5266106442577;0.0;571.9887955182073;231.65266106442576;42.57055423325399;920.1680672268908;962.7386214601448;1700000.0;476.1904761904762;1.0;0.24470588235294116;renhold_urimelig_lav;implisitt_pris_utenfor|kwh_uteligger
5433;Hasvik (2020-2023);2023;261;2180.0;9880.0;2259000.0;512000.0;777000.0;868000.0;980000.0;1036.2385321100917;234.86238532110093;356.42201834862385;444.95412844036696;398.1651376146789;99.19028340080972;1434.4036697247707;1533.5939531255804;1010000.0;463.302752293578;1.0;0.5069306930693069;;kwh_uteligger
5435;Nordkapp (2020-2023);2023;261;4006.0;27126.0;4760000.0;827000.0;1329000.0;969000.0;70000.0;1188.2176734897653;206.44033949076385;331.75237144283574;650.0249625561657;241.8871692461308;2.5805500258055;1430.1048427358962;1432.6853927617017;1753000.0;437.59360958562155;1.0;0.4717626925270964;;implisitt_pris_utenfor|kwh_uteligger
5436;Porsanger - Porsángu - Porsanki  (2020-2023);2023;261;7647.0;29881.0;419000.0;-4159000.0;1842000.0;281000.0;1844000.0;54.792729174839806;-543.8734144108801;240.87877599058453;357.7873675951353;36.746436511050085;61.71145543991165;91.5391656858899;153.25062112580156;2275000.0;297.5022884791421;1.0;-1.8281318681318681;drift_urimelig_lav|energi_urimelig_lav;implisitt_pris_utenfor
5437;Kárásjohka-Karasjok (2020-2023);2023;261;6138.0;25411.0;3552000.0;1156000.0;0.0;2304000.0;1875000.0;578.6901270772239;188.3349625285109;0.0;390.35516454871293;375.366568914956;73.78694266262642;954.0566959921798;1027.8436386548062;2108000.0;343.4343434343434;1.0;0.5483870967741936;renhold_urimelig_lav;
5438;Lebesby (2020-2023);2023;261;1429.0;12821.0;1289000.0;-383000.0;1268000.0;200000.0;781000.0;902.0293911826452;-268.0195941217635;887.333799860042;282.7151854443667;139.95801259622112;60.91568520396225;1041.9874037788663;1102.9030889828286;591000.0;413.57592722183347;1.0;-0.6480541455160744;energi_urimelig_lav;implisitt_pris_utenfor
5439;Gamvik (2020-2023);2023;261;3850.0;16288.0;2820000.0;512000.0;745000.0;209000.0;2676000.0;732.4675324675325;132.98701298701297;193.5064935064935;405.97402597402595;54.285714285714285;164.2927308447937;786.7532467532468;951.0459775980405;813000.0;211.16883116883116;1.0;0.6297662976629765;;
5440;Berlevåg (2020-2023);2023;261;2300.0;10114.0;2700000.0;624000.0;872000.0;61000.0;595000.0;1173.9130434782608;271.30434782608694;379.1304347826087;523.4782608695652;26.52173913043478;58.82934546173621;1200.4347826086957;1259.264128070432;890000.0;386.95652173913044;1.0;0.701123595505618;;
5441;Deatnu-Tana (2020-2023);2023;261;6609.0;26767.0;322000.0;11000.0;107000.0;99000.0;2594000.0;48.721440459978815;1.6643970343471024;16.19004387955818;30.866999546073536;14.979573309123921;96.91037471513431;63.70101376910274;160.61138848423704;1146000.0;173.3999092147072;1.0;0.009598603839441536;drift_urimelig_lav|energi_urimelig_lav|renhold_urimelig_lav;implisitt_pris_utenfor
5442;Unjárga-Nesseby (2020-2023);2023;261;3175.0;8863.0;1394000.0;354000.0;518000.0;449000.0;379000.0;439.0551181102362;111.49606299212599;163.1496062992126;164.40944881889763;141.41732283464566;42.76204445447365;580.4724409448819;623.2344853993555;645000.0;203.1496062992126;1.0;0.5488372093023256;;
5443;Båtsfjord (2020-2023);2023;261;1568.0;16497.0;1225000.0;361000.0;471000.0;156000.0;162000.0;781.25;230.2295918367347;300.3826530612245;250.6377551020408;99.48979591836735;9.819967266775777;880.7397959183673;890.5597631851431;751000.0;478.9540816326531;1.0;0.4806924101198402;;implisitt_pris_utenfor|kwh_uteligger
5444;Sør-Varanger (2020-2023);2023;261;12609.0;82858.0;12571000.0;2761000.0;4738000.0;680000.0;2472000.0;996.9862796415259;218.97057657228964;375.7633436434293;402.25235942580696;53.929732730589265;29.834174129233144;1050.9160123721151;1080.7501865013483;2239000.0;177.57157585851377;1.0;1.2331397945511389;;
