kommune;kommunenavn;aargang;funksjon;eid_areal_m2;portefoljeareal_m2;drift_kr;energi_kr;renhold_kr;vedlikehold_kr;forvaltning_kr;drift_kr_m2;energi_kr_m2;renhold_kr_m2;ovrig_drift_kr_m2;vedlikehold_kr_m2;forvaltning_kr_m2;dv_kr_m2;fdv_kr_m2;energibruk_kwh;kwh_m2;fornybarandel;implisitt_energipris_kr_kwh;flagg_kostnad;flagg_energi
0301;Oslo - Oslove;2023;130;46841.0;2301233.0;24173000.0;10316000.0;7272000.0;26021000.0;292785000.0;516.0649858030358;220.23441002540508;155.24860698960313;140.58196878802758;555.5176021007237;127.2296199472196;1071.5825879037595;1198.8122078509791;7507000.0;160.26557930018572;0.9989343279605701;1.3741840948448116;;
1101;Eigersund;2023;130;2377.0;46878.0;1746000.0;647000.0;380000.0;193000.0;9696000.0;734.5393352965923;272.19183845183005;159.86537652503156;302.48212031973077;81.19478334034497;206.83476257519519;815.7341186369373;1022.5688812121325;471000.0;198.14892721918383;1.0;1.3736730360934184;;
1103;Stavanger;2023;130;29673.0;643220.0;40301000.0;4456000.0;18860000.0;7931000.0;101469000.0;1358.1707275974793;150.1701883867489;635.5946483335018;572.4058908772284;267.28001887237554;157.75162463853735;1625.4507464698547;1783.202371108392;3970000.0;133.79166245408283;1.0;1.1224181360201513;;
1106;Haugesund;2023;130;5658.0;135720.0;14051000.0;3010000.0;3155000.0;4443000.0;3174000.0;2483.3863556026863;531.9901025097207;557.617532697066;1393.7787203958997;785.2598091198304;23.386383731211318;3268.646164722517;3292.0325484537284;2523000.0;445.91728525980915;1.0;1.193024177566389;;kwh_uteligger
1108;Sandnes;2023;130;10299.0;322126.0;16248000.0;2612000.0;3774000.0;1180000.0;33685000.0;1577.6288960093214;253.61685600543743;366.4433440139819;957.5686959899019;114.5742305078163;104.57088220137462;1692.2031265171377;1796.7740087185123;1652000.0;160.40392271094282;0.9957627118644068;1.5811138014527844;;
1111;Sokndal;2023;130;3800.0;22443.0;4098000.0;812000.0;983000.0;80000.0;850000.0;1078.421052631579;213.68421052631578;258.6842105263158;606.0526315789474;21.05263157894737;37.87372454662924;1099.4736842105262;1137.3474087571556;652000.0;171.57894736842104;1.0;1.245398773006135;;
1112;Lund;2023;130;2238.0;23592.0;856000.0;463000.0;79000.0;26000.0;87000.0;382.4843610366399;206.88114387846292;35.299374441465595;140.30384271671136;11.61751563896336;3.6876907426246186;394.1018766756032;397.7895674182278;300000.0;134.04825737265415;1.0;1.5433333333333334;renhold_urimelig_lav;
1114;Bjerkreim;2023;130;1772.0;18151.0;1714000.0;440000.0;270000.0;37000.0;766000.0;967.2686230248307;248.30699774266367;152.37020316027088;566.5914221218961;20.880361173814897;42.20153159605531;988.1489841986456;1030.3505157947009;244000.0;137.69751693002257;1.0;1.8032786885245902;;
1119;Hå;2023;130;7075.0;87311.0;7779000.0;1765000.0;2137000.0;1601000.0;2301000.0;1099.505300353357;249.46996466431096;302.0494699646643;547.9858657243816;226.28975265017667;26.354067643252282;1325.7950530035337;1352.149120646786;784000.0;110.81272084805654;1.0;2.251275510204082;;
1120;Klepp;2023;130;4155.0;90439.0;2379000.0;601000.0;797000.0;463000.0;2465000.0;572.5631768953068;144.64500601684716;191.8170878459687;236.10108303249098;111.43200962695548;27.25594046816086;683.9951865222623;711.2511269904231;818000.0;196.87123947051745;1.0;0.7347188264058679;;
1121;Time;2023;130;7940.0;88298.0;1793000.0;554000.0;463000.0;271000.0;8583000.0;225.81863979848868;69.77329974811083;58.31234256926952;97.73299748110831;34.130982367758186;97.20491970373055;259.94962216624685;357.1545418699774;905000.0;113.97984886649874;0.96353591160221;0.6121546961325967;;
1122;Gjesdal;2023;130;7215.0;57995.0;3752000.0;774000.0;881000.0;640000.0;3787000.0;520.0277200277201;107.27650727650727;122.1067221067221;290.64449064449065;88.7040887040887;65.29873264936633;608.7318087318088;674.0305413811751;817000.0;113.23631323631324;1.0;0.9473684210526315;;
1124;Sola;2023;130;35044.0;185461.0;11764000.0;3859000.0;2314000.0;1318000.0;19456000.0;335.69227257162424;110.11870791005593;66.03127496861089;159.5422896929574;37.60986188791234;104.90615277605535;373.3021344595366;478.20828723559197;3626000.0;103.46992352471179;1.0;1.0642581356867071;;
1127;Randaberg;2023;130;7310.0;71912.0;2509000.0;-382000.0;1367000.0;709000.0;3517000.0;343.22845417236664;-52.25718194254446;187.00410396716828;208.48153214774283;96.99042407660738;48.906997441317166;440.218878248974;489.1258756902912;161000.0;22.024623803009575;1.0;-2.3726708074534164;energi_urimelig_lav;kwh_urimelig_lav|implisitt_pris_utenfor
1130;Strand;2023;130;3459.0;67525.0;3654000.0;1060000.0;698000.0;167000.0;4807000.0;1056.3746747614919;306.44694998554496;201.79242555651922;548.1352992194276;48.279849667533966;71.1884487226953;1104.6545244290257;1175.842973151721;635000.0;183.5790690951142;1.0;1.6692913385826773;;
1133;Hjelmeland;2023;130;2738.0;26169.0;-656000.0;638000.0;-2329000.0;882000.0;2457000.0;-239.59094229364499;233.01680058436816;-850.6208911614317;378.01314828341856;322.13294375456536;93.88971684053651;82.54200146092037;176.4317183014569;330000.0;120.52593133674215;1.0;1.9333333333333333;drift_null|drift_urimelig_lav|renhold_urimelig_lav;
1134;Suldal;2023;130;3439.0;38732.0;3806000.0;903000.0;1009000.0;1011000.0;1364000.0;1106.7170689153825;262.5763303285839;293.39924396626924;550.7414946205292;293.9808083745275;35.21635856655995;1400.69787728991;1435.9142358564698;719000.0;209.07240476882814;1.0;1.2559109874826146;;
1135;Sauda;2023;130;960.0;26048.0;1338000.0;289000.0;414000.0;151000.0;545000.0;1393.75;301.0416666666667;431.25;661.4583333333334;157.29166666666666;20.922911547911546;1551.0416666666667;1571.9645782145783;807000.0;840.625;1.0;0.35811648079306074;;kwh_urimelig_hoy|implisitt_pris_utenfor
1144;Kvitsøy;2023;130;363.0;6644.0;1114000.0;252000.0;99000.0;51000.0;191000.0;3068.870523415978;694.2148760330579;272.72727272727275;2101.9283746556475;140.49586776859505;28.747742323901264;3209.366391184573;3238.114133508474;16000.0;44.07713498622589;1.0;15.750000000000002;areal_for_lite;areal_for_lite|kwh_urimelig_lav|implisitt_pris_utenfor
1145;Bokn;2023;130;1600.0;11283.0;683000.0;213000.0;63000.0;25000.0;483000.0;426.875;133.125;39.375;254.375;15.625;42.80776389258176;442.5;485.30776389258176;200000.0;125.0;1.0;1.065;renhold_urimelig_lav;
1146;Tysvær;2023;130;9900.0;76188.0;1339000.0;316000.0;280000.0;195000.0;6535000.0;135.25252525252526;31.91919191919192;28.282828282828284;75.05050505050505;19.696969696969695;85.77466267653699;154.94949494949495;240.72415762603194;793000.0;80.1010101010101;1.0;0.39848675914249687;drift_urimelig_lav|energi_urimelig_lav|renhold_urimelig_lav;implisitt_pris_utenfor
1149;Karmøy;2023;130;14278.0;189453.0;4466000.0;1520000.0;625000.0;2537000.0;7810000.0;312.788906009245;106.45748704300323;43.773637764392774;162.557781201849;177.68595041322314;41.22394472507693;490.4748564224681;531.698801147545;804000.0;56.31040762011486;1.0;1.8905472636815923;renhold_urimelig_lav;
1151;Utsira;2023;130;640.0;3289.0;526000.0;138000.0;88000.0;91000.0;126000.0;821.875;215.625;137.5;468.75;142.1875;38.30951657038614;964.0625;1002.3720165703861;127000.0;198.4375;1.0;1.0866141732283465;;
1160;Vindafjord;2023;130;7190.0;60864.0;3452000.0;1007000.0;665000.0;258000.0;2609000.0;480.11126564673157;140.05563282336578;92.48956884561892;247.56606397774686;35.88317107093185;42.86606203995794;515.9944367176635;558.8604987576214;748000.0;104.03337969401947;1.0;1.3462566844919786;;
1505;Kristiansund;2023;130;8172.0;115530.0;5062000.0;1498000.0;1196000.0;266000.0;15636000.0;619.4322075379345;183.30885952031326;146.3534018600098;289.76994615761134;32.55017131669114;135.34146974811736;651.9823788546255;787.3238486027428;1137000.0;139.13362701908957;1.0;1.3175021987686895;;
1506;Molde;2023;130;4536.0;166855.0;11048000.0;1689000.0;2689000.0;1533000.0;15084000.0;2435.626102292769;372.35449735449737;592.8130511463845;1470.4585537918872;337.962962962963;90.40184591411705;2773.589065255732;2863.990911169849;411000.0;90.60846560846561;1.0;4.109489051094891;;implisitt_pris_utenfor
1507;Ålesund (2020-2023);2023;130;6035.0;253362.0;14458000.0;630000.0;3771000.0;6555000.0;6162000.0;2395.691797845899;104.3910521955261;624.8550124275063;1666.4457332228667;1086.1640430820216;24.32093210505127;3481.8558409279203;3506.1767730329716;129000.0;21.375310687655343;1.0;4.883720930232559;;kwh_urimelig_lav|implisitt_pris_utenfor
1511;Vanylven;2023;130;1800.0;23544.0;456000.0;46000.0;34000.0;46000.0;0.0;253.33333333333334;25.555555555555557;18.88888888888889;208.88888888888889;25.555555555555557;0.0;278.8888888888889;278.8888888888889;197000.0;109.44444444444444;1.0;0.233502538071066;energi_urimelig_lav|renhold_urimelig_lav;implisitt_pris_utenfor
1514;Sande;2023;130;1607.0;23289.0;1191000.0;40000.0;463000.0;119000.0;784000.0;741.1325451151214;24.891101431238333;288.1144990665837;428.12694461729933;74.05102675793404;33.66396152690111;815.1835718730554;848.8475333999564;190000.0;118.23273179838208;1.0;0.2105263157894737;energi_urimelig_lav;implisitt_pris_utenfor
1515;Herøy (Møre og Romsdal);2023;130;6510.0;47224.0;1291000.0;176000.0;385000.0;100000.0;4229000.0;198.31029185867897;27.035330261136714;59.13978494623656;112.13517665130568;15.360983102918587;89.5519227511435;213.67127496159753;303.223197712741;622000.0;95.54531490015361;1.0;0.2829581993569132;drift_urimelig_lav|energi_urimelig_lav;implisitt_pris_utenfor
1516;Ulstein;2023;130;5721.0;51946.0;908000.0;58000.0;113000.0;810000.0;7012000.0;158.71351162384198;10.138087746897396;19.751791644817338;128.82363223212724;141.58363922391192;134.98633196011244;300.29715084775387;435.28348280786633;666000.0;116.41321447299423;1.0;0.0870870870870871;drift_urimelig_lav|energi_urimelig_lav|renhold_urimelig_lav;implisitt_pris_utenfor
1517;Hareid;2023;130;7468.0;40307.0;4420000.0;328000.0;1189000.0;241000.0;5208000.0;591.8585966791644;43.92072844134976;159.21264059989286;388.7252276379218;32.2710230316015;129.20832609720395;624.129619710766;753.3379458079698;881000.0;117.97000535618639;1.0;0.37230419977298523;;implisitt_pris_utenfor
1520;Ørsta;2023;130;8557.0;67119.0;1777000.0;97000.0;584000.0;345000.0;3775000.0;207.6662381675821;11.33574850999182;68.24821783335281;128.08227182423747;40.31786841182657;56.24338860829273;247.98410657940866;304.2274951877014;835000.0;97.5809278952904;1.0;0.1161676646706587;energi_urimelig_lav;implisitt_pris_utenfor
1525;Stranda;2023;130;1250.0;24522.0;1329000.0;366000.0;572000.0;0.0;44000.0;1063.2;292.8;457.6;312.8;0.0;1.7943071527607863;1063.2;1064.994307152761;466000.0;372.8;1.0;0.7854077253218884;;
1528;Sykkylven;2023;130;1457.0;30993.0;9504000.0;143000.0;3879000.0;228000.0;1873000.0;6522.99245024022;98.14687714481812;2662.3198352779687;3762.525737817433;156.48592999313658;60.43300100022586;6679.478380233356;6739.911381233582;202000.0;138.64104323953327;1.0;0.707920792079208;DV_uteligger_hoy;
1531;Sula;2023;130;3336.0;56844.0;737000.0;251000.0;185000.0;127000.0;6272000.0;220.9232613908873;75.23980815347721;55.455635491606714;90.22781774580336;38.069544364508396;110.33706283864612;258.9928057553957;369.32986859404184;372000.0;111.51079136690647;1.0;0.6747311827956989;;
1532;Giske;2023;130;5176.0;42930.0;1671000.0;458000.0;233000.0;736000.0;2307000.0;322.83616692426585;88.4853168469861;45.01545595054096;189.3353941267388;142.19474497681608;53.73864430468204;465.03091190108194;518.7695562057639;964000.0;186.24420401854715;1.0;0.475103734439834;renhold_urimelig_lav;implisitt_pris_utenfor
1535;Vestnes;2023;130;6231.0;43894.0;1412000.0;489000.0;376000.0;100000.0;6275000.0;226.60889102872733;78.4785748675975;60.34344406997272;87.78687209115712;16.048788316482106;142.95803526677906;242.65767934520943;385.6157146119885;903000.0;144.9205584978334;1.0;0.5415282392026578;;
1539;Rauma;2023;130;6407.0;53750.0;3005000.0;1041000.0;803000.0;100000.0;2511000.0;469.0182612767286;162.47853909786173;125.3316684875917;181.20805369127515;15.607928827844544;46.716279069767445;484.62619010457314;531.3424691743406;1053000.0;164.35149055720305;1.0;0.9886039886039888;;
1547;Aukra;2023;130;1925.0;26396.0;710000.0;262000.0;178000.0;70000.0;483000.0;368.83116883116884;136.1038961038961;92.46753246753246;140.25974025974025;36.36363636363637;18.29822700409153;405.1948051948052;423.49303219889674;525000.0;272.72727272727275;1.0;0.49904761904761896;;implisitt_pris_utenfor
1554;Averøy;2023;130;843.0;23852.0;1638000.0;310000.0;403000.0;448000.0;1649000.0;1943.0604982206405;367.73428232502965;478.05456702253855;1097.2716488730723;531.4353499406881;69.13466375985243;2474.4958481613285;2543.630511921181;85000.0;100.83036773428232;1.0;3.647058823529412;;implisitt_pris_utenfor
1557;Gjemnes;2023;130;1260.0;18282.0;999000.0;336000.0;287000.0;41000.0;558000.0;792.8571428571429;266.6666666666667;227.77777777777777;298.41269841269843;32.53968253968254;30.52182474565146;825.3968253968254;855.9186501424768;94000.0;74.60317460317461;1.0;3.574468085106383;;implisitt_pris_utenfor
1560;Tingvoll;2023;130;2327.0;26517.0;1495000.0;449000.0;366000.0;156000.0;1660000.0;642.4581005586592;192.9522990975505;157.2840567253975;292.22174473571124;67.0391061452514;62.601350077308894;709.4972067039106;772.0985567812195;327000.0;140.52428018908466;1.0;1.3730886850152906;;
1563;Sunndal;2023;130;3700.0;48587.0;1110000.0;369000.0;413000.0;467000.0;3638000.0;300.0;99.72972972972973;111.62162162162163;88.64864864864865;126.21621621621621;74.87599563669295;426.2162162162162;501.09221185290914;473000.0;127.83783783783784;1.0;0.7801268498942917;;
1566;Surnadal;2023;130;3960.0;33305.0;4857000.0;433000.0;1436000.0;140000.0;1817000.0;1226.5151515151515;109.34343434343434;362.62626262626264;754.5454545454545;35.35353535353536;54.556372916979434;1261.8686868686868;1316.4250597856662;412000.0;104.04040404040404;1.0;1.0509708737864076;;
1573;Smøla;2023;130;1890.0;15864.0;1013000.0;241000.0;247000.0;55000.0;0.0;535.978835978836;127.51322751322752;130.68783068783068;277.77777777777777;29.1005291005291;0.0;565.0793650793651;565.0793650793651;;;;;;kwh_mangler
1576;Aure;2023;130;2880.0;24660.0;8203000.0;345000.0;380000.0;163000.0;0.0;2848.2638888888887;119.79166666666667;131.94444444444446;2596.527777777778;56.59722222222222;0.0;2904.8611111111113;2904.8611111111113;303000.0;105.20833333333333;1.0;1.1386138613861387;;
1577;Volda;2023;130;5465.0;47817.0;1699000.0;136000.0;1047000.0;428000.0;10758000.0;310.88746569075937;24.885635864592864;191.58279963403476;94.41903019213174;78.31655992680696;224.98274672187716;389.20402561756634;614.1867723394435;722000.0;132.11344922232388;1.0;0.1883656509695291;energi_urimelig_lav;implisitt_pris_utenfor
1578;Fjord;2023;130;3507.0;31570.0;2351000.0;440000.0;884000.0;200000.0;0.0;670.3735386370117;125.46335899629312;252.06729398346164;292.84288565725694;57.0287995437696;0.0;727.4023381807813;727.4023381807813;450000.0;128.3147989734816;1.0;0.9777777777777779;;
1579;Hustadvika;2023;130;2350.0;62859.0;1624000.0;411000.0;520000.0;161000.0;7373000.0;691.063829787234;174.89361702127658;221.27659574468086;294.8936170212766;68.51063829787235;117.29426176044798;759.5744680851063;876.8687298455543;385000.0;163.82978723404256;1.0;1.0675324675324673;;
1804;Bodø;2023;130;20874.0;243293.0;9091000.0;2454000.0;2392000.0;-103000.0;26816000.0;435.5178691194788;117.56251796493245;114.59231579955926;203.36303535498706;-4.93436811344256;110.22100923577743;430.5835010060362;540.8045102418137;2572000.0;123.21548337644917;1.0;0.9541213063763608;vedlikehold_negativ;
1806;Narvik;2023;130;12110.0;122049.0;6506000.0;1104000.0;47000.0;1372000.0;9814000.0;537.2419488026425;91.1643270024773;3.8810900082576385;442.1965317919075;113.29479768786128;80.41032699981155;650.5367464905037;730.9470734903152;3342000.0;275.9702725020644;1.0;0.3303411131059246;renhold_urimelig_lav;implisitt_pris_utenfor
1811;Bindal;2023;130;2668.0;12427.0;1549000.0;219000.0;647000.0;180000.0;387000.0;580.5847076461769;82.0839580209895;242.50374812593702;255.9970014992504;67.46626686656671;31.141868512110726;648.0509745127437;679.1928430248544;327000.0;122.56371814092954;1.0;0.6697247706422018;;
1812;Sømna;2023;130;1202.0;16671.0;2594000.0;145000.0;313000.0;161000.0;0.0;2158.0698835274543;120.63227953410981;260.39933444259566;1777.0382695507487;133.9434276206323;0.0;2292.0133111480864;2292.0133111480864;180000.0;149.7504159733777;1.0;0.8055555555555556;;
1813;Brønnøy;2023;130;4567.0;47152.0;1835000.0;348000.0;0.0;0.0;2281000.0;401.7954893803372;76.1988176045544;0.0;325.5966717757828;0.0;48.375466576179164;401.7954893803372;450.17095595651637;850000.0;186.11780162031968;1.0;0.4094117647058823;renhold_urimelig_lav;implisitt_pris_utenfor
1815;Vega;2023;130;1700.0;12500.0;343000.0;224000.0;10000.0;190000.0;0.0;201.76470588235293;131.76470588235293;5.882352941176471;64.11764705882354;111.76470588235294;0.0;313.52941176470586;313.52941176470586;;;;;renhold_urimelig_lav;kwh_mangler
1816;Vevelstad;2023;130;990.0;4662.0;373000.0;135000.0;0.0;174000.0;0.0;376.7676767676768;136.36363636363637;0.0;240.40404040404042;175.75757575757575;0.0;552.5252525252525;552.5252525252525;135000.0;136.36363636363637;1.0;1.0;renhold_urimelig_lav;
1818;Herøy (Nordland);2023;130;1811.0;13648.0;1484000.0;249000.0;296000.0;511000.0;576000.0;819.436775262286;137.49309773605742;163.44561016013253;518.498067366096;282.16454997239094;42.20398593200469;1101.601325234677;1143.8053111666818;301000.0;166.2065157371618;1.0;0.8272425249169435;;
1820;Alstahaug;2023;130;9900.0;50792.0;4068000.0;838000.0;515000.0;362000.0;5082000.0;410.90909090909093;84.64646464646465;52.02020202020202;274.24242424242425;36.56565656565657;100.05512679162072;447.47474747474746;547.5298742663682;1643000.0;165.95959595959596;1.0;0.5100426049908704;;
1822;Leirfjord;2023;130;1707.0;18895.0;1583000.0;321000.0;109000.0;63000.0;581000.0;927.3579379027534;188.04920913884007;63.8547158758055;675.4540128881077;36.90685413005272;30.74887536385287;964.2647920328061;995.013667396659;385000.0;225.54188635032222;1.0;0.8337662337662337;;
1824;Vefsn;2023;130;7293.0;74993.0;4687000.0;933000.0;881000.0;485000.0;6394000.0;642.6710544357603;127.93089263677498;120.80076785959139;393.93939393939394;66.50212532565473;85.26129105383168;709.1731797614151;794.4344708152468;1206000.0;165.3640477169889;1.0;0.7736318407960199;;
1825;Grane;2023;130;2689.0;13298.0;1125000.0;195000.0;203000.0;203000.0;0.0;418.37114168836;72.51766455931573;75.49274823354406;270.3607288955002;75.49274823354406;0.0;493.86388992190405;493.86388992190405;530000.0;197.09929341762736;1.0;0.3679245283018868;;implisitt_pris_utenfor
1826;Hattfjelldal - Aarborte;2023;130;3057.0;18371.0;974000.0;261000.0;265000.0;48000.0;690000.0;318.6130192999673;85.37782139352306;86.68629375204449;146.54890415439974;15.701668302257115;37.55919655979533;334.3146876022244;371.87388416201975;707000.0;231.2724893686621;1.0;0.36916548797736914;;implisitt_pris_utenfor
1827;Dønna;2023;130;2142.0;13780.0;2070000.0;556000.0;344000.0;8000.0;2461000.0;966.3865546218487;259.5704948646125;160.59757236227824;546.218487394958;3.734827264239029;178.5921625544267;970.1213818860878;1148.7135444405144;274000.0;127.91783380018674;1.0;2.0291970802919708;;
1832;Hemnes;2023;130;2311.0;37901.0;3977000.0;277000.0;1359000.0;386000.0;383000.0;1720.9000432713112;119.86153180441367;588.0571181306793;1012.981393336218;167.02726092600605;10.105274267169731;1887.9273041973172;1898.032578464487;329000.0;142.3626135871917;1.0;0.8419452887537994;;
1833;Rana;2023;130;4713.0;107612.0;3581000.0;1932000.0;536000.0;228000.0;10715000.0;759.8132824103543;409.9299809038829;113.72798642053894;236.15531508593253;48.37683004455761;99.57067984983087;808.190112454912;907.7607923047428;656000.0;139.1894759176745;1.0;2.9451219512195124;;
1834;Lurøy;2023;130;2590.0;23500.0;967000.0;377000.0;106000.0;351000.0;0.0;373.35907335907336;145.55984555984557;40.92664092664093;186.87258687258688;135.52123552123552;0.0;508.88030888030886;508.88030888030886;345000.0;133.2046332046332;1.0;1.0927536231884059;renhold_urimelig_lav;
1835;Træna;2023;130;535.0;5050.0;365000.0;9000.0;41000.0;20000.0;136000.0;682.2429906542056;16.822429906542055;76.6355140186916;588.7850467289719;37.38317757009346;26.93069306930693;719.626168224299;746.556861293606;120000.0;224.29906542056074;1.0;0.075;energi_urimelig_lav;implisitt_pris_utenfor
1837;Meløy;2023;130;2714.0;42380.0;1522000.0;483000.0;505000.0;60000.0;5416000.0;560.7958732498157;177.96610169491527;186.07221812822402;196.75755342667648;22.10759027266028;127.79613025011798;582.903463522476;710.699593772594;511000.0;188.28297715549004;1.0;0.9452054794520549;;
1838;Gildeskål;2023;130;2259.0;23267.0;2072000.0;636000.0;434000.0;103000.0;2101000.0;917.220008853475;281.5405046480744;192.1204072598495;443.5590969455511;45.595396193005755;90.29956590879787;962.8154050464807;1053.1149709552785;429000.0;189.9070385126162;1.0;1.4825174825174825;;
1839;Beiarn;2023;130;2160.0;11383.0;1869000.0;372000.0;704000.0;73000.0;102000.0;865.2777777777778;172.22222222222223;325.9259259259259;367.1296296296296;33.7962962962963;8.960730914521655;899.074074074074;908.0348049885956;451000.0;208.7962962962963;1.0;0.8248337028824834;;
1840;Saltdal;2023;130;1797.0;32465.0;3542000.0;392000.0;756000.0;225000.0;1769000.0;1971.0628825820813;218.14134668892598;420.70116861435724;1332.220367278798;125.20868113522538;54.48945017711382;2096.2715637173064;2150.76101389442;403000.0;224.26265998887033;1.0;0.9727047146401985;;
1841;Fauske - Fuossko;2023;130;2454.0;38761.0;2848000.0;497000.0;513000.0;316000.0;5448000.0;1160.5541972290139;202.52648736756316;209.04645476772617;748.9812550937245;128.76935615321923;140.55364928665412;1289.323553382233;1429.877202668887;898000.0;365.9331703341483;1.0;0.5534521158129176;;
1845;Sørfold;2023;130;1729.0;23702.0;3213000.0;289000.0;948000.0;84000.0;679000.0;1858.2995951417004;167.14864083285136;548.2938114517062;1142.857142857143;48.582995951417004;28.647371529828707;1906.8825910931173;1935.529962622946;363000.0;209.94794679005204;1.0;0.7961432506887053;;
1848;Steigen;2023;130;2660.0;20151.0;1033000.0;402000.0;226000.0;140000.0;1988000.0;388.34586466165416;151.12781954887217;84.9624060150376;152.25563909774436;52.63157894736842;98.65515359039253;440.97744360902254;539.632597199415;1001000.0;376.3157894736842;1.0;0.40159840159840154;;implisitt_pris_utenfor
1851;Lødingen;2023;130;2067.0;12491.0;484000.0;370000.0;17000.0;17000.0;447000.0;234.15578132559264;179.00338655055637;8.22447992259313;46.92791485244315;8.22447992259313;35.78576575134097;242.38026124818578;278.16602699952676;425000.0;205.61199806482824;1.0;0.8705882352941178;renhold_urimelig_lav;
1853;Evenes - Evenássi;2023;130;1422.0;16553.0;820000.0;204000.0;164000.0;108000.0;482000.0;576.6526019690576;143.45991561181435;115.33052039381154;317.8621659634318;75.9493670886076;29.118588775448558;652.6019690576653;681.7205578331138;238000.0;167.36990154711674;1.0;0.8571428571428572;;
1856;Røst;2023;130;1295.0;5519.0;437000.0;96000.0;144000.0;18000.0;373000.0;337.4517374517375;74.13127413127413;111.1969111969112;152.12355212355212;13.8996138996139;67.58470737452437;351.35135135135135;418.93605872587574;97000.0;74.9034749034749;1.0;0.9896907216494845;;
1857;Værøy;2023;130;1100.0;7950.0;540000.0;111000.0;148000.0;49000.0;142000.0;490.90909090909093;100.9090909090909;134.54545454545453;255.45454545454547;44.54545454545455;17.861635220125788;535.4545454545455;553.3161806746713;75000.0;68.18181818181819;1.0;1.4799999999999998;;
1859;Flakstad;2023;130;2200.0;7042.0;1560000.0;378000.0;0.0;166000.0;285000.0;709.0909090909091;171.8181818181818;0.0;537.2727272727273;75.45454545454545;40.47145697245101;784.5454545454545;825.0169115179056;361000.0;164.0909090909091;1.0;1.0470914127423823;renhold_urimelig_lav;
1860;Vestvågøy;2023;130;7212.0;65709.0;4130000.0;1053000.0;1035000.0;1507000.0;14000.0;572.6566833056017;146.00665557404326;143.5108153078203;283.13921242373823;208.95729339988907;0.2130606157451795;781.6139767054908;781.827037321236;1099000.0;152.3849140321686;1.0;0.9581437670609645;;
1865;Vågan;2023;130;6045.0;60584.0;2418000.0;783000.0;0.0;2105000.0;4385000.0;400.0;129.5285359801489;0.0;270.4714640198511;348.22167080231594;72.37884589990756;748.221670802316;820.6005167022236;1135000.0;187.75847808105874;1.0;0.6898678414096916;renhold_urimelig_lav;
1866;Hadsel;2023;130;6152.0;43529.0;3760000.0;765000.0;737000.0;488000.0;3628000.0;611.183355006502;124.34980494148245;119.79843953185956;367.0351105331599;79.32379713914175;83.34673436100071;690.5071521456437;773.8538865066444;1024000.0;166.44993498049413;1.0;0.7470703125000001;;
1867;Bø;2023;130;1912.0;23899.0;1522000.0;267000.0;231000.0;81000.0;10000.0;796.0251046025105;139.64435146443515;120.81589958158996;535.5648535564853;42.36401673640167;0.41842754926984393;838.3891213389121;838.8075488881819;442000.0;231.1715481171548;1.0;0.6040723981900453;;
1868;Øksnes;2023;130;4665.0;30258.0;2931000.0;1060000.0;872000.0;333000.0;3354000.0;628.2958199356913;227.22400857449088;186.92390139335478;214.14790996784566;71.38263665594856;110.8467182232798;699.6784565916398;810.5251748149196;837000.0;179.42122186495178;1.0;1.2664277180406212;;
1870;Sortland - Suortá;2023;130;8207.0;70019.0;4153000.0;750000.0;854000.0;361000.0;5222000.0;506.03143657853053;91.38540270500792;104.05751188010235;310.5885219934203;43.98684050201048;74.57975692312087;550.018277080541;624.5980340036618;1921000.0;234.06847812842696;1.0;0.3904216553878188;;implisitt_pris_utenfor
1871;Andøy;2023;130;2302.0;25177.0;3461000.0;806000.0;460000.0;202000.0;47000.0;1503.475238922676;350.13032145960034;199.8262380538662;953.5186794092094;87.74978279756733;1.8667831751201494;1591.2250217202434;1593.0918048953636;1125000.0;488.70547350130323;1.0;0.7164444444444444;;kwh_uteligger
1875;Hamarøy - Hábmer;2023;130;5369.0;25037.0;3450000.0;1013000.0;794000.0;284000.0;1706000.0;642.5777612218291;188.6757310486124;147.88601229279195;306.01601788042467;52.896256286086796;68.13915405200304;695.4740175079158;763.6131715599189;925000.0;172.2853417768672;1.0;1.095135135135135;;
2111;Longyearbyen;2023;130;2700.0;17843.0;3737000.0;1285000.0;734000.0;421000.0;3403000.0;1384.0740740740741;475.9259259259259;271.85185185185185;636.2962962962963;155.92592592592592;190.71904948719387;1540.0;1730.7190494871938;636000.0;235.55555555555554;1.0;2.020440251572327;;
3001;Halden (2020-2023);2023;130;11629.0;128370.0;4490000.0;1954000.0;1180000.0;524000.0;16349000.0;386.1037062516123;168.0282053486972;101.470461776593;116.60503912632213;45.05976438214808;127.35841707564073;431.1634706337604;558.5218877094012;2265000.0;194.77169146100266;1.0;0.8626931567328918;;
3002;Moss (2020-2023);2023;130;12624.0;181980.0;11369000.0;3281000.0;1227000.0;3310000.0;21061000.0;900.5861850443599;259.90177439797213;97.19581749049429;543.4885931558936;262.19898605830167;115.73249807671172;1162.7851711026617;1278.5176691793733;1603000.0;126.98035487959443;1.0;2.0467872738615096;;
3003;Sarpsborg (2020-2023);2023;130;23666.0;231862.0;12458000.0;2879000.0;3258000.0;2360000.0;24445000.0;526.4091946252007;121.65131412152455;137.66584974224625;267.0920307614299;99.72111890475789;105.42909144232345;626.1303135299586;731.559404972282;2357000.0;99.59435477055692;1.0;1.2214679677556215;;
3004;Fredrikstad (2020-2023);2023;130;38535.0;396835.0;19659000.0;9144000.0;5156000.0;1749000.0;35611000.0;510.15959517321915;237.2907746204749;133.8004411573894;139.06837939535487;45.38731023744648;89.73754835132989;555.5469054106657;645.2844537619956;3788000.0;98.30024652912937;1.0;2.413938753959873;;
3005;Drammen (2020-2023);2023;130;24051.0;379436.0;14210000.0;2642000.0;4522000.0;6854000.0;52984000.0;590.8278242068936;109.84990229096503;188.01713026485385;292.96079165107477;284.97775560267763;139.63883237225778;875.8055798095713;1015.4444121818291;3978000.0;165.39852812772858;1.0;0.6641528406234288;;
3006;Kongsberg (2020-2023);2023;130;3126.0;98085.0;4241000.0;1361000.0;1572000.0;-194000.0;21201000.0;1356.685860524632;435.38067818298146;502.8790786948177;418.42610364683304;-62.06014075495841;216.1492582963756;1294.6257197696737;1510.7749780660492;573000.0;183.30134357005758;1.0;2.3752181500872602;vedlikehold_negativ;
3007;Ringerike (2020-2023);2023;130;11396.0;128482.0;3917000.0;1330000.0;808000.0;1267000.0;4441000.0;343.7170937170937;116.70761670761671;70.9020709020709;156.10740610740612;111.17936117936118;34.56515309537523;454.8964548964549;489.46160799183014;2151000.0;188.75043875043875;1.0;0.6183170618317062;;
3011;Hvaler (2020-2023);2023;130;3243.0;18346.0;1309000.0;261000.0;416000.0;53000.0;4038000.0;403.6386062288005;80.48103607770582;128.2762873882208;194.8812827628739;16.342892383595437;220.1024746538755;419.9814986123959;640.0839732662714;483000.0;148.93617021276594;0.9751552795031055;0.5403726708074534;;
3012;Aremark (2020-2023);2023;130;1205.0;16474.0;394000.0;172000.0;93000.0;468000.0;311000.0;326.97095435684645;142.73858921161826;77.17842323651452;107.0539419087137;388.3817427385892;18.878232366152726;715.3526970954357;734.2309294615884;172000.0;142.73858921161826;1.0;1.0;;
3013;Marker (2020-2023);2023;130;3400.0;22820.0;2502000.0;42000.0;1163000.0;44000.0;699000.0;735.8823529411765;12.352941176470589;342.05882352941177;381.47058823529414;12.941176470588236;30.63102541630149;748.8235294117648;779.4545548280662;352000.0;103.52941176470588;0.9715909090909091;0.11931818181818182;energi_urimelig_lav;implisitt_pris_utenfor
3014;Indre Østfold (2020-2023);2023;130;1550.0;178799.0;4593000.0;1185000.0;1565000.0;322000.0;15486000.0;2963.2258064516127;764.516129032258;1009.6774193548387;1189.032258064516;207.74193548387098;86.61122265784485;3170.967741935484;3257.5789645933287;160000.0;103.2258064516129;1.0;7.40625;;implisitt_pris_utenfor
3015;Skiptvet (2020-2023);2023;130;2694.0;26884.0;1246000.0;487000.0;176000.0;289000.0;866000.0;462.50927988121754;180.7720861172977;65.33036377134373;216.4068299925761;107.27542687453601;32.21246838268115;569.7847067557535;601.9971751384346;232000.0;86.11729769858945;1.0;2.099137931034483;;
3016;Rakkestad (2020-2023);2023;130;5015.0;38827.0;2428000.0;631000.0;475000.0;88000.0;1658000.0;484.147557328016;125.82253240279162;94.71585244267199;263.60917248255237;17.547357926221338;42.702243284312466;501.6949152542373;544.3971585385498;450000.0;89.7308075772682;1.0;1.4022222222222223;;
3017;Råde (2020-2023);2023;130;5919.0;38122.0;1802000.0;578000.0;507000.0;633000.0;1717000.0;304.4433181280622;97.65163034296334;85.65636087176888;121.13532691332995;106.94374049670553;45.039609674203874;411.3870586247677;456.42666829897155;718000.0;121.30427437067073;1.0;0.8050139275766017;;
3018;Våler (Viken) (2020-2023);2023;130;3032.0;21135.0;2809000.0;438000.0;473000.0;187000.0;3733000.0;926.4511873350923;144.45910290237467;156.00263852242745;625.9894459102902;61.675461741424805;176.62644901821622;988.1266490765172;1164.7530980947333;316000.0;104.22163588390501;0.9873417721518988;1.3860759493670887;;
3019;Vestby (2020-2023);2023;130;6887.0;99903.0;3365000.0;363000.0;435000.0;1749000.0;3139000.0;488.60171337302165;52.708000580804416;63.162480034848265;372.73123275736896;253.95673007114854;31.420477863527623;742.5584434441702;773.9789213076978;1096000.0;159.14040946711194;0.9343065693430657;0.33120437956204385;;implisitt_pris_utenfor
3020;Nordre Follo (2020-2023);2023;130;11870.0;256829.0;12034000.0;1794000.0;1080000.0;1203000.0;37432000.0;1013.8163437236731;151.13732097725358;90.98567818028644;771.6933445661331;101.34793597304127;145.74678093205986;1115.1642796967144;1260.9110606287743;1399000.0;117.86015164279696;1.0;1.2823445318084346;;
3021;Ås (2020-2023);2023;130;2671.0;129775.0;4387000.0;672000.0;1592000.0;47000.0;13166000.0;1642.4560089853987;251.5911643579184;596.0314488955447;794.8333957319356;17.596405840509174;101.45251396648045;1660.0524148259078;1761.5049287923882;572000.0;214.1520029951329;1.0;1.1748251748251748;;
3022;Frogn (2020-2023);2023;130;5590.0;77315.0;6463000.0;2044000.0;717000.0;963000.0;5884000.0;1156.1717352415026;365.6529516994633;128.26475849731665;662.2540250447228;172.27191413237924;76.10424885209856;1328.443649373882;1404.5478982259806;1583000.0;283.18425760286226;1.0;1.2912192040429562;;
3023;Nesodden (2020-2023);2023;130;6392.0;76010.0;1910000.0;414000.0;141000.0;488000.0;7129000.0;298.81101376720903;64.76846057571964;22.058823529411764;211.9837296620776;76.34543178973718;93.79029075121694;375.1564455569462;468.94673630816317;1302000.0;203.69211514392993;1.0;0.3179723502304147;renhold_urimelig_lav;implisitt_pris_utenfor
3024;Bærum (2020-2023);2023;130;22408.0;604667.0;55136000.0;5481000.0;10281000.0;6114000.0;92453000.0;2460.5498036415565;244.60014280614067;458.8093538022135;1757.1403070332024;272.84898250624775;152.8990336830024;2733.3987861478045;2886.297819830807;291000.0;12.986433416636915;1.0;18.835051546391753;;kwh_urimelig_lav|implisitt_pris_utenfor
3025;Asker (2020-2023);2023;130;17157.0;441633.0;24173000.0;3795000.0;4335000.0;3328000.0;52171000.0;1408.9292999941715;221.1925161741563;252.66655009617065;935.0702337238445;193.9733053564143;118.1320236485951;1602.9026053505859;1721.034628999181;2720000.0;158.5358745701463;0.9919117647058824;1.3952205882352942;;
3026;Aurskog-Høland (2020-2023);2023;130;7382.0;84731.0;7771000.0;1225000.0;2263000.0;504000.0;7979000.0;1052.695746410187;165.94418856678408;306.5564887564346;580.1950690869683;68.27418043890545;94.16860417084656;1120.9699268490924;1215.138531019939;897000.0;121.51178542400433;1.0;1.3656633221850614;;
3027;Rælingen (2020-2023);2023;130;13294.0;123874.0;5454000.0;1377000.0;867000.0;65000.0;10020000.0;410.26026778998045;103.58056265984655;65.21739130434783;241.46231382578608;4.889423800210621;80.88864491337972;415.1496915901911;496.0383365035708;1337000.0;100.57168647510154;1.0;1.029917726252805;;
3028;Enebakk (2020-2023);2023;130;3600.0;49970.0;3462000.0;-455000.0;403000.0;81000.0;4018000.0;961.6666666666666;-126.38888888888889;111.94444444444444;976.1111111111111;22.5;80.40824494696818;984.1666666666666;1064.5749116136349;491000.0;136.38888888888889;1.0;-0.9266802443991853;energi_urimelig_lav;implisitt_pris_utenfor
3029;Lørenskog (2020-2023);2023;130;5265.0;207178.0;7375000.0;1623000.0;1122000.0;1644000.0;16139000.0;1400.7597340930674;308.26210826210826;213.1054131054131;879.3922127255461;312.25071225071224;77.89919779127128;1713.0104463437797;1790.909644135051;672000.0;127.63532763532764;1.0;2.415178571428571;;
3030;Lillestrøm (2020-2023);2023;130;26617.0;406808.0;25762000.0;4713000.0;4641000.0;3268000.0;41992000.0;967.8776721644062;177.0672878235714;174.36224969004772;616.4481346507871;122.77867528271406;103.2231421210989;1090.6563474471202;1193.879489568219;3789000.0;142.35263177668406;1.0;1.2438638163103723;;
3031;Nittedal (2020-2023);2023;130;10368.0;109060.0;10353000.0;2721000.0;2306000.0;7578000.0;8973000.0;998.5532407407408;262.4421296296296;222.41512345679013;513.695987654321;730.9027777777778;82.27581147991931;1729.4560185185185;1811.731829998438;1924000.0;185.570987654321;1.0;1.414241164241164;;
3032;Gjerdrum (2020-2023);2023;130;3636.0;32160.0;1939000.0;669000.0;403000.0;221000.0;5885000.0;533.2783278327832;183.993399339934;110.83608360836084;238.44884488448844;60.78107810781078;182.99129353233832;594.059405940594;777.0506994729324;227000.0;62.43124312431243;1.0;2.947136563876652;;
3033;Ullensaker (2020-2023);2023;130;10733.0;157996.0;19143000.0;10055000.0;2268000.0;1538000.0;14626000.0;1783.5647069784775;936.8303363458492;211.31091027671667;635.4234603559116;143.29637566384048;92.571963847186;1926.861082642318;2019.433046489504;3124000.0;291.06493990496597;1.0;3.218629961587708;;implisitt_pris_utenfor
3034;Nes (2020-2023);2023;130;5928.0;80867.0;3494000.0;1887000.0;581000.0;521000.0;9687000.0;589.4062078272605;318.31983805668017;98.00944669365722;173.07692307692307;87.88798920377867;119.78928363856703;677.2941970310392;797.0834806696062;1109000.0;187.0782726045884;1.0;1.7015329125338143;;
3035;Eidsvoll (2020-2023);2023;130;1958.0;94628.0;4806000.0;445000.0;1173000.0;988000.0;11048000.0;2454.5454545454545;227.27272727272728;599.0806945863126;1628.1920326864147;504.5965270684372;116.75191275309633;2959.141981613892;3075.893894366988;387000.0;197.6506639427988;1.0;1.1498708010335916;;
3036;Nannestad (2020-2023);2023;130;7995.0;57813.0;7390000.0;2257000.0;486000.0;947000.0;7213000.0;924.3277048155097;282.3014383989994;60.78799249530957;581.2382739212007;118.4490306441526;124.7643263625828;1042.7767354596622;1167.541061822245;641000.0;80.17510944340212;1.0;3.5210608424336978;;implisitt_pris_utenfor
3037;Hurdal (2020-2023);2023;130;1653.0;14980.0;2399000.0;426000.0;339000.0;148000.0;957000.0;1451.3006654567453;257.7132486388385;205.08166969147007;988.5057471264367;89.53418027828191;63.88518024032043;1540.8348457350273;1604.7200259753477;240000.0;145.19056261343013;1.0;1.775;;
3038;Hole (2020-2023);2023;130;4050.0;30286.0;2414000.0;488000.0;684000.0;464000.0;3045000.0;596.0493827160494;120.49382716049382;168.88888888888889;306.6666666666667;114.5679012345679;100.54150432543089;710.6172839506173;811.1587882760482;333000.0;82.22222222222223;1.0;1.4654654654654653;;
3039;Flå (2020-2023);2023;130;0.0;12194.0;141000.0;12000.0;89000.0;7000.0;882000.0;;;;;;;;;0.0;;;;areal_mangler;areal_mangler|kwh_mangler
3040;Nesbyen (2020-2023);2023;130;9379.0;34093.0;3034000.0;481000.0;1392000.0;1632000.0;6559000.0;323.4886448448662;51.28478515833245;148.41667555176457;123.78718413476916;174.00575754344814;192.38553368726718;497.4944023883143;689.8799360755816;647000.0;68.98390020258023;1.0;0.7434312210200928;;
3041;Gol (2020-2023);2023;130;6936.0;37004.0;4591000.0;0.0;1941000.0;0.0;3075000.0;661.9088811995387;0.0;279.84429065743944;382.0645905420992;0.0;83.09912441898173;661.9088811995387;745.0080056185204;995000.0;143.45444059976933;1.0;0.0;energi_urimelig_lav;implisitt_pris_utenfor
3042;Hemsedal (2020-2023);2023;130;2823.0;22970.0;1665000.0;133000.0;468000.0;862000.0;2716000.0;589.798087141339;47.11300035423309;165.78108395324122;376.9040028338647;305.34891958908963;118.24118415324337;895.1470067304286;1013.388190883672;296000.0;104.85299326957137;1.0;0.44932432432432434;;implisitt_pris_utenfor
3044;Hol (2020-2023);2023;130;2771.0;34510.0;1944000.0;258000.0;423000.0;279000.0;5497000.0;701.5517863587153;93.10718152291591;152.6524720317575;455.79213280404184;100.68567304222303;159.28716314111853;802.2374594009383;961.5246225420568;511000.0;184.40996030313966;1.0;0.5048923679060665;;
3045;Sigdal (2020-2023);2023;130;1130.0;20596.0;1680000.0;647000.0;308000.0;450000.0;3308000.0;1486.725663716814;572.566371681416;272.56637168141594;641.5929203539823;398.2300884955752;160.6137114002719;1884.9557522123894;2045.5694636126614;517000.0;457.5221238938053;1.0;1.251450676982592;;kwh_uteligger
3046;Krødsherad (2020-2023);2023;130;2878.0;19464.0;2134000.0;581000.0;596000.0;201000.0;2624000.0;741.4871438498958;201.87630298818624;207.08825573314803;332.5225851285615;69.84016678248784;134.812988080559;811.3273106323836;946.1402987129426;431000.0;149.75677553856846;1.0;1.3480278422273781;;
3047;Modum (2020-2023);2023;130;8606.0;78634.0;5215000.0;1075000.0;803000.0;587000.0;6006000.0;605.972577271671;124.91285149895421;93.30699511968395;387.75273065303276;68.20822681849872;76.37917440293003;674.1808040901697;750.5599784930997;0.0;0.0;;;;kwh_null|kwh_urimelig_lav
3048;Øvre Eiker (2020-2023);2023;130;12075.0;88251.0;7038000.0;736000.0;1507000.0;2555000.0;9382000.0;582.8571428571429;60.95238095238095;124.80331262939958;397.1014492753623;211.59420289855072;106.31041008033904;794.4513457556936;900.7617558360326;2773000.0;229.648033126294;0.993869455463397;0.2654165164082221;;implisitt_pris_utenfor
3049;Lier (2020-2023);2023;130;9573.0;119944.0;5257000.0;1501000.0;1475000.0;1017000.0;16430000.0;549.1486472370208;156.7951530345764;154.07918102998016;238.27431317246422;106.23628956439987;136.98059094243982;655.3849368014206;792.3655277438604;1649000.0;172.25530136843204;1.0;0.9102486355366889;;
3050;Flesberg (2020-2023);2023;130;2057.0;20497.0;1833000.0;108000.0;383000.0;115000.0;2519000.0;891.1035488575595;52.503646086533784;186.1934856587263;652.4064171122994;55.90666018473505;122.89603356588769;947.0102090422946;1069.9062426081823;198000.0;96.2566844919786;1.0;0.5454545454545454;;
3051;Rollag (2020-2023);2023;130;3408.0;18541.0;1252000.0;424000.0;345000.0;103000.0;3223000.0;367.37089201877933;124.4131455399061;101.23239436619718;141.72535211267606;30.22300469483568;173.8309692033871;397.59389671361504;571.4248659170021;941000.0;276.11502347417843;1.0;0.4505844845908607;;implisitt_pris_utenfor
3052;Nore og Uvdal (2020-2023);2023;130;2548.0;30388.0;3337000.0;1036000.0;740000.0;202000.0;2634000.0;1309.6546310832025;406.5934065934066;290.4238618524333;612.6373626373627;79.27786499215071;86.67895221798078;1388.9324960753531;1475.611448293334;313000.0;122.8414442700157;1.0;3.3099041533546325;;implisitt_pris_utenfor
3053;Jevnaker (2020-2023);2023;130;3983.0;40473.0;2978000.0;858000.0;640000.0;196000.0;2406000.0;747.6776299271905;215.4155159427567;160.68290233492343;371.5792116495104;49.209138840070295;59.44703876658513;796.8867687672608;856.333807533846;600000.0;150.64022093899072;1.0;1.43;;
3054;Lunner (2020-2023);2023;130;2314.0;46139.0;1200000.0;850000.0;552000.0;1458000.0;3141000.0;518.5825410544512;367.32929991356957;238.54796888504754;-87.29472774416594;630.0777873811581;68.07689806887882;1148.6603284356092;1216.737226504488;376000.0;162.48919619706137;1.0;2.2606382978723403;drift_mindre_enn_delposter;
3401;Kongsvinger;2023;130;2941.0;80962.0;3210000.0;586000.0;808000.0;382000.0;11101000.0;1091.4654879292757;199.25195511730703;274.73648418905134;617.4770486229173;129.88779326759607;137.11370766532448;1221.3532811968719;1358.4669888621963;607000.0;206.39238354301258;1.0;0.9654036243822075;;
3403;Hamar;2023;130;11490.0;180283.0;1203000.0;1735000.0;2490000.0;1574000.0;20402000.0;104.69973890339426;151.00087032201915;216.71018276762402;-263.0113141862489;136.9886858137511;113.16652152449205;241.68842471714535;354.85494624163744;1337000.0;116.36205395996518;1.0;1.2976813762154078;drift_mindre_enn_delposter|drift_urimelig_lav;
3405;Lillehammer;2023;130;10937.0;120279.0;15724000.0;1810000.0;4031000.0;596000.0;19138000.0;1437.6885800493737;165.49327969278596;368.56542013349184;903.6298802230959;54.49391972204444;159.1133946906775;1492.1824997714182;1651.2958944620957;1831000.0;167.4133674682271;1.0;0.9885308574549427;;
3407;Gjøvik;2023;130;11500.0;135473.0;5665000.0;1021000.0;1648000.0;20000.0;13599000.0;492.60869565217394;88.78260869565217;143.30434782608697;260.5217391304348;1.7391304347826086;100.38162585902727;494.3478260869565;594.7294519459838;1218000.0;105.91304347826087;1.0;0.8382594417077175;;
3411;Ringsaker;2023;130;11483.0;157711.0;12858000.0;2737000.0;2111000.0;1458000.0;23205000.0;1119.7422276408604;238.35234694766177;183.8369763998955;697.5529042933032;126.97030392754506;147.1362175117779;1246.7125315684054;1393.8487490801833;1880000.0;163.72028215623095;1.0;1.4558510638297872;;
3412;Løten;2023;130;3521.0;38951.0;4224000.0;449000.0;481000.0;26000.0;965000.0;1199.6591877307583;127.52059074126669;136.60891792104516;935.5296790684465;7.384265833570009;24.774716952067983;1207.0434535643283;1231.8181705163963;798000.0;226.64015904572565;1.0;0.56265664160401;;
3413;Stange;2023;130;9476.0;101646.0;8689000.0;1838000.0;1822000.0;1416000.0;11233000.0;916.9480793583791;193.9636977627691;192.27522161249473;530.7091599831152;149.4301392992824;110.51098911909962;1066.3782186576614;1176.889207776761;872000.0;92.02195018995357;1.0;2.1077981651376145;;
3414;Nord-Odal;2023;130;2002.0;26489.0;1149000.0;520000.0;283000.0;175000.0;3379000.0;573.926073926074;259.7402597402597;141.35864135864136;172.82717282717283;87.41258741258741;127.56238438597154;661.3386613386614;788.9010457246329;365000.0;182.3176823176823;1.0;1.4246575342465753;;
3415;Sør-Odal;2023;130;5400.0;34464.0;2406000.0;1116000.0;538000.0;429000.0;6259000.0;445.55555555555554;206.66666666666666;99.62962962962963;139.25925925925927;79.44444444444444;181.60979572887652;525.0;706.6097957288765;841000.0;155.74074074074073;1.0;1.3269916765755054;;
3416;Eidskog;2023;130;6078.0;31071.0;3151000.0;1914000.0;215000.0;639000.0;3567000.0;518.4271141822968;314.9062191510365;35.37347811780191;168.1474169134584;105.13326752221126;114.80158347011682;623.560381704508;738.3619651746249;934000.0;153.66897005593944;1.0;2.0492505353319057;renhold_urimelig_lav;
3417;Grue;2023;130;4365.0;19598.0;1911000.0;598000.0;450000.0;270000.0;1457000.0;437.8006872852234;136.99885452462772;103.09278350515464;197.70904925544102;61.855670103092784;74.34432084906624;499.65635738831617;574.0006782373824;534000.0;122.33676975945018;1.0;1.1198501872659175;;
3418;Åsnes;2023;130;6850.0;41800.0;2898000.0;1495000.0;236000.0;397000.0;2448000.0;423.06569343065695;218.24817518248176;34.45255474452555;170.36496350364965;57.956204379562045;58.56459330143541;481.021897810219;539.5864911116544;1209000.0;176.4963503649635;1.0;1.2365591397849465;renhold_urimelig_lav;
3419;Våler (Innlandet);2023;130;3537.0;26050.0;1854000.0;533000.0;289000.0;11000.0;2087000.0;524.1730279898219;150.69267741023467;81.70766186033362;291.7726887192536;3.1099802092168503;80.1151631477927;527.2830081990387;607.3981713468314;191000.0;54.00056545094713;1.0;2.7905759162303667;;kwh_uteligger
3420;Elverum;2023;130;10079.0;106684.0;6055000.0;1995000.0;1447000.0;994000.0;7906000.0;600.7540430598274;197.936303204683;143.56582994344677;259.25190991169757;98.62089493005259;74.10670766000526;699.37493798988;773.4816456498852;1572000.0;155.96785395376526;1.0;1.2690839694656488;;
3421;Trysil;2023;130;3642.0;30860.0;7768000.0;1074000.0;1390000.0;477000.0;1334000.0;2132.8940142778692;294.89291598023067;381.6584294343767;1456.342668863262;130.97199341021417;43.22747893713545;2263.8660076880833;2307.0934866252187;682000.0;187.2597473915431;1.0;1.5747800586510265;;
3422;Åmot;2023;130;3980.0;26728.0;3266000.0;1029000.0;179000.0;120000.0;3890000.0;820.6030150753769;258.5427135678392;44.97487437185929;517.0854271356784;30.150753768844222;145.5402574079617;850.7537688442211;996.2940262521828;486000.0;122.1105527638191;1.0;2.117283950617284;renhold_urimelig_lav;
3423;Stor-Elvdal;2023;130;2295.0;18089.0;1023000.0;436000.0;232000.0;46000.0;1697000.0;445.7516339869281;189.97821350762527;101.08932461873638;154.68409586056646;20.043572984749456;93.81392006191608;465.79520697167754;559.6091270335936;334000.0;145.53376906318084;1.0;1.305389221556886;;
3424;Rendalen;2023;130;2284.0;15320.0;695000.0;440000.0;0.0;80000.0;11378000.0;304.2907180385289;192.6444833625219;0.0;111.64623467600701;35.02626970227671;742.6892950391644;339.3169877408056;1082.00628277997;296000.0;129.59719789842381;1.0;1.4864864864864866;renhold_urimelig_lav;
3425;Engerdal;2023;130;2600.0;14750.0;1429000.0;387000.0;336000.0;259000.0;2089000.0;549.6153846153846;148.84615384615384;129.23076923076923;271.53846153846155;99.61538461538461;141.6271186440678;649.2307692307693;790.857887874837;237000.0;91.15384615384616;1.0;1.6329113924050631;;
3426;Tolga;2023;130;3090.0;15619.0;1177000.0;504000.0;177000.0;763000.0;2678000.0;380.9061488673139;163.10679611650485;57.28155339805825;160.5177993527508;246.92556634304208;171.45783981048723;627.831715210356;799.2895550208433;559000.0;180.9061488673139;1.0;0.9016100178890877;;
3427;Tynset;2023;130;3710.0;48773.0;1370000.0;728000.0;193000.0;41000.0;2921000.0;369.2722371967655;196.22641509433961;52.02156334231806;121.02425876010781;11.05121293800539;59.88969306788592;380.3234501347709;440.2131432026568;721000.0;194.33962264150944;1.0;1.0097087378640777;;
3428;Alvdal;2023;130;3387.0;23607.0;2019000.0;588000.0;662000.0;34000.0;0.0;596.102745792737;173.60496014171832;195.45320342485977;227.04458222615884;10.038382049010924;0.0;606.1411278417479;606.1411278417479;430000.0;126.95600826690287;1.0;1.3674418604651162;;
3429;Folldal;2023;130;2046.0;10547.0;907000.0;309000.0;151000.0;84000.0;369000.0;443.30400782013686;151.02639296187684;73.80254154447702;218.47507331378299;41.05571847507331;34.986252014790935;484.3597262952102;519.3459783100011;256000.0;125.12218963831867;1.0;1.20703125;;
3430;Os;2023;130;3097.0;16925.0;522000.0;372000.0;30000.0;20000.0;585000.0;168.55020988052954;120.11624152405554;9.6867936712948;38.7471746851792;6.457862447529868;34.56425406203841;175.0080723280594;209.5723263900978;358000.0;115.59573781078463;1.0;1.0391061452513968;drift_urimelig_lav|renhold_urimelig_lav;
3431;Dovre;2023;130;1274.0;20099.0;1321000.0;240000.0;325000.0;341000.0;1030000.0;1036.8916797488225;188.38304552590267;255.10204081632654;593.4065934065934;267.66091051805336;51.24633066321707;1304.552590266876;1355.7989209300931;222000.0;174.25431711145995;1.0;1.0810810810810811;;
3432;Lesja;2023;130;3751.0;21230.0;2550000.0;456000.0;730000.0;380000.0;995000.0;679.8187150093308;121.56758197813916;194.61476939482804;363.6363636363636;101.30631831511597;46.867640131888834;781.1250333244468;827.9926734563356;317000.0;84.51079712076779;1.0;1.4384858044164037;;
3433;Skjåk;2023;130;2687.0;19390.0;1365000.0;150000.0;218000.0;327000.0;1963000.0;508.001488649051;55.82433941198362;81.13137327874954;371.04577595831785;121.6970599181243;101.23775141825683;629.6985485671753;730.9362999854321;373000.0;138.81652400446595;1.0;0.40214477211796246;;implisitt_pris_utenfor
3434;Lom;2023;130;0.0;20627.0;1348000.0;235000.0;665000.0;19000.0;1749000.0;;;;;;;;;0.0;;;;areal_mangler;areal_mangler|kwh_mangler
3435;Vågå;2023;130;3000.0;23647.0;1794000.0;474000.0;583000.0;70000.0;2036000.0;598.0;158.0;194.33333333333334;245.66666666666666;23.333333333333332;86.09971666596185;621.3333333333334;707.4330499992952;422000.0;140.66666666666666;1.0;1.123222748815166;;
3436;Nord-Fron;2023;130;14136.0;55119.0;3263000.0;802000.0;915000.0;157000.0;3045000.0;230.82908885116015;56.734578381437466;64.72835314091681;109.36615732880588;11.106395019807584;55.24410820225331;241.93548387096774;297.17959207322104;5015000.0;354.76796830786645;1.0;0.15992023928215354;;implisitt_pris_utenfor
3437;Sel;2023;130;4600.0;40770.0;2512000.0;579000.0;647000.0;228000.0;2389000.0;546.0869565217391;125.8695652173913;140.65217391304347;279.5652173913044;49.56521739130435;58.59700760363012;595.6521739130435;654.2491815166736;625000.0;135.8695652173913;1.0;0.9263999999999999;;
3438;Sør-Fron;2023;130;4146.0;31943.0;3356000.0;1319000.0;515000.0;107000.0;146000.0;809.4548962855764;318.1379643029426;124.21611191509889;367.100820067535;25.80800771828268;4.570641455091883;835.2629040038591;839.833545458951;715000.0;172.4553786782441;1.0;1.8447552447552444;;
3439;Ringebu;2023;130;3800.0;26086.0;571000.0;253000.0;15000.0;52000.0;2947000.0;150.26315789473685;66.57894736842105;3.9473684210526314;79.73684210526316;13.68421052631579;112.97247565744077;163.94736842105263;276.9198440784934;441000.0;116.05263157894737;1.0;0.5736961451247166;drift_urimelig_lav|renhold_urimelig_lav;
3440;Øyer;2023;130;4945.0;28401.0;5383000.0;1371000.0;1382000.0;128000.0;2594000.0;1088.5743174924166;277.24974721941356;279.474216380182;531.850353892821;25.88473205257836;91.3348121545016;1114.459049544995;1205.7938616994966;1015000.0;205.25783619817997;1.0;1.3507389162561578;;
3441;Gausdal;2023;130;4751.0;37929.0;2152000.0;438000.0;509000.0;114000.0;5290000.0;452.9572721532309;92.19111765944012;107.13533992843612;253.63081456535465;23.994948431909073;139.4711170871892;476.95222058513997;616.4233376723291;435000.0;91.55967164807409;1.0;1.006896551724138;;
3442;Østre Toten;2023;130;7370.0;71409.0;6379000.0;1032000.0;660000.0;561000.0;9884000.0;865.5359565807327;140.0271370420624;89.55223880597015;635.9565807327001;76.11940298507463;138.41392541556385;941.6553595658073;1080.069284981371;1131000.0;153.45997286295793;1.0;0.9124668435013262;;
3443;Vestre Toten;2023;130;10725.0;75284.0;7035000.0;2287000.0;1471000.0;368000.0;7562000.0;655.9440559440559;213.24009324009324;137.15617715617716;305.54778554778557;34.312354312354316;100.44630997290261;690.2564102564103;790.702720229313;1796000.0;167.45920745920745;1.0;1.2733853006681515;;
3446;Gran;2023;130;9755.0;75224.0;2551000.0;883000.0;191000.0;566000.0;4711000.0;261.50691952844693;90.51768323936443;19.579702716555612;151.4095335725269;58.02152742183495;62.62628948208019;319.52844695028193;382.15473643236214;1327000.0;136.03280369041516;1.0;0.6654107008289375;renhold_urimelig_lav;
3447;Søndre Land;2023;130;3962.0;28150.0;3771000.0;914000.0;1029000.0;1249000.0;1604000.0;951.7920242301868;230.69156991418475;259.7173144876325;461.3831398283695;315.24482584553255;56.98046181172291;1267.0368500757193;1324.0173118874422;673000.0;169.86370519939425;1.0;1.3580980683506687;;
3448;Nordre Land;2023;130;5655.0;49357.0;6048000.0;2136000.0;1450000.0;88000.0;2286000.0;1069.4960212201593;377.7188328912467;256.4102564102564;435.36693191865606;15.561450044208664;46.31561885852057;1085.057471264368;1131.3730901228885;1143000.0;202.12201591511936;1.0;1.868766404199475;;
3449;Sør-Aurdal;2023;130;4213.0;26128.0;2220000.0;924000.0;124000.0;316000.0;1738000.0;526.9404225017802;219.32114882506528;29.43270828388322;278.1865653928317;75.00593401376692;66.51867728107777;601.9463565155471;668.4650337966249;491000.0;116.54403038215048;1.0;1.8818737270875765;renhold_urimelig_lav;
3450;Etnedal;2023;130;1160.0;12405.0;4711000.0;263000.0;2020000.0;138000.0;1009000.0;4061.206896551724;226.72413793103448;1741.3793103448277;2093.103448275862;118.96551724137932;81.33817009270456;4180.172413793103;4261.510583885808;124000.0;106.89655172413794;1.0;2.1209677419354835;DV_uteligger_hoy;
3451;Nord-Aurdal;2023;130;5088.0;28019.0;3015000.0;706000.0;446000.0;152000.0;2407000.0;592.5707547169811;138.75786163522014;87.65723270440252;366.1556603773585;29.87421383647799;85.90599236232556;622.4449685534591;708.3509609157848;931000.0;182.97955974842768;1.0;0.7583243823845328;;
3452;Vestre Slidre;2023;130;1820.0;13412.0;1955000.0;672000.0;417000.0;360000.0;0.0;1074.1758241758241;369.2307692307692;229.12087912087912;475.8241758241758;197.8021978021978;0.0;1271.978021978022;1271.978021978022;310000.0;170.32967032967034;1.0;2.1677419354838707;;
3453;Øystre Slidre;2023;130;3099.0;26228.0;2039000.0;583000.0;400000.0;580000.0;505000.0;657.9541787673443;188.12520167796063;129.07389480477573;340.75508228460797;187.1571474669248;19.254232118346806;845.1113262342691;864.3655583526158;740000.0;238.78670538883512;1.0;0.7878378378378378;;
3454;Vang;2023;130;1400.0;18100.0;1608000.0;154000.0;284000.0;32000.0;674000.0;1148.5714285714287;110.0;202.85714285714286;835.7142857142857;22.857142857142858;37.23756906077348;1171.4285714285713;1208.6661404893448;187000.0;133.57142857142858;1.0;0.8235294117647058;;
3801;Horten (2020-2023);2023;130;6989.0;128434.0;3318000.0;1410000.0;841000.0;606000.0;9098000.0;474.7460294748891;201.74560022893118;120.33195020746888;152.66847903848907;86.70768350264701;70.83794010931685;561.4537129775362;632.291653086853;1006000.0;143.94047789383316;1.0;1.4015904572564613;;
3802;Holmestrand (2020-2023);2023;130;11283.0;114682.0;6380000.0;1919000.0;748000.0;3719000.0;8770000.0;565.4524505893822;170.0788797305681;66.29442524151378;329.07914561730036;329.61091908180447;76.47233218813763;895.0633696711867;971.5357018593244;1790000.0;158.6457502437295;0.9324022346368716;1.072067039106145;;
3803;Tønsberg (2020-2023);2023;130;12760.0;233089.0;11892000.0;4719000.0;2704000.0;1092000.0;21414000.0;931.9749216300941;369.82758620689657;211.91222570532915;350.23510971786834;85.57993730407523;91.87048723878004;1017.5548589341693;1109.4253461729493;1779000.0;139.42006269592477;1.0;2.6526138279932545;;
3804;Sandefjord (2020-2023);2023;130;13310.0;270940.0;15510000.0;2850000.0;1750000.0;570000.0;15177000.0;1165.2892561983472;214.12471825694965;131.48009015777612;819.6844477836213;42.82494365138993;56.01609212371743;1208.1141998497371;1264.1302919734546;1947000.0;146.28099173553719;1.0;1.4637904468412943;;
3805;Larvik (2020-2023);2023;130;3100.0;175972.0;7508000.0;2092000.0;1058000.0;810000.0;9240000.0;2421.935483870968;674.8387096774194;341.2903225806452;1405.8064516129032;261.2903225806452;52.508353601709366;2683.2258064516127;2735.7341600533223;550000.0;177.41935483870967;1.0;3.803636363636364;;implisitt_pris_utenfor
3806;Porsgrunn (2020-2023);2023;130;14697.0;181844.0;7941000.0;2712000.0;1363000.0;956000.0;10281000.0;540.3143498673198;184.52745458256788;92.7400149690413;263.04688031571067;65.04728856229163;56.53747167902158;605.3616384296115;661.8991101086331;1979000.0;134.65333061168946;1.0;1.3703890853966652;;
3807;Skien (2020-2023);2023;130;7568.0;225540.0;31538000.0;8965000.0;1517000.0;6129000.0;16900000.0;4167.283298097252;1184.593023255814;200.4492600422833;2782.2410147991545;809.8572938689218;74.93127604859448;4977.140591966174;5052.071868014768;1210000.0;159.88372093023256;1.0;7.409090909090909;DV_uteligger_hoy;implisitt_pris_utenfor
3808;Notodden (2020-2023);2023;130;4877.0;57092.0;2427000.0;982000.0;777000.0;169000.0;2151000.0;497.64199302850113;201.35329095755588;159.3192536395325;136.96944843141276;34.65245027680952;37.676031668184685;532.2944433053107;569.9704749734954;752000.0;154.19315152757844;1.0;1.3058510638297873;;
3811;Færder (2020-2023);2023;130;1080.0;89819.0;7692000.0;3371000.0;2115000.0;175000.0;10185000.0;7122.222222222223;3121.296296296296;1958.3333333333333;2042.5925925925926;162.03703703703704;113.39471604003607;7284.259259259259;7397.653975299295;2871000.0;2658.3333333333335;1.0;1.1741553465691394;DV_uteligger_hoy;kwh_urimelig_hoy
3812;Siljan (2020-2023);2023;130;1533.0;11625.0;1713000.0;584000.0;519000.0;384000.0;337000.0;1117.416829745597;380.95238095238096;338.5518590998043;397.91258969341163;250.48923679060664;28.989247311827956;1367.9060665362035;1396.8953138480315;165000.0;107.63209393346379;1.0;3.5393939393939395;;implisitt_pris_utenfor
3813;Bamble (2020-2023);2023;130;9197.0;79257.0;5032000.0;299000.0;1920000.0;237000.0;7043000.0;547.1349353049908;32.51060128302707;208.7637273023812;305.86060671958245;25.76927258888768;88.86281337925988;572.9042078938785;661.7670212731384;311000.0;33.815374578666955;1.0;0.9614147909967845;energi_urimelig_lav;kwh_urimelig_lav
3814;Kragerø (2020-2023);2023;130;1888.0;49630.0;2986000.0;1032000.0;967000.0;398000.0;2220000.0;1581.5677966101696;546.6101694915254;512.1822033898305;522.7754237288135;210.8050847457627;44.73100947007858;1792.3728813559321;1837.1038908260107;460000.0;243.64406779661016;1.0;2.243478260869565;;
3815;Drangedal (2020-2023);2023;130;2390.0;21191.0;4339000.0;605000.0;1792000.0;796000.0;247000.0;1815.4811715481171;253.13807531380752;749.7907949790795;812.5523012552301;333.0543933054393;11.655891652116464;2148.5355648535565;2160.191456505673;342000.0;143.09623430962344;1.0;1.7690058479532162;;
3816;Nome (2020-2023);2023;130;3556.0;38384.0;6008000.0;1089000.0;786000.0;924000.0;2163000.0;1689.538807649044;306.2429696287964;221.03487064116985;1162.2609673790776;259.84251968503935;56.35160483534806;1949.3813273340832;2005.7329321694313;607000.0;170.6974128233971;1.0;1.7940691927512356;;
3817;Midt-Telemark (2020-2023);2023;130;1666.0;40078.0;1483000.0;310000.0;549000.0;66000.0;5862000.0;890.15606242497;186.07442977190877;329.53181272509005;374.5498199279712;39.61584633853541;146.26478367183992;929.7719087635054;1076.0366924353452;167000.0;100.24009603841536;1.0;1.8562874251497008;;
3818;Tinn (2020-2023);2023;130;5368.0;45107.0;3617000.0;1429000.0;425000.0;501000.0;2969000.0;673.8077496274218;266.2071535022355;79.17287630402384;328.42771982116244;93.33084947839046;65.82126942603144;767.1385991058122;832.9598685318437;1030000.0;191.87779433681072;1.0;1.3873786407766993;;
3819;Hjartdal (2020-2023);2023;130;1350.0;10139.0;1491000.0;448000.0;458000.0;222000.0;272000.0;1104.4444444444443;331.85185185185185;339.25925925925924;433.3333333333333;164.44444444444446;26.82710326462176;1268.888888888889;1295.7159921535106;288000.0;213.33333333333334;1.0;1.5555555555555554;;
3820;Seljord (2020-2023);2023;130;1147.0;13650.0;851000.0;257000.0;362000.0;208000.0;2451000.0;741.9354838709677;224.06277244986921;315.6059285091543;202.2667829119442;181.34263295553617;179.56043956043956;923.278116826504;1102.8385563869435;218000.0;190.0610287707062;1.0;1.1788990825688073;;
3821;Kviteseid (2020-2023);2023;130;2700.0;16887.0;2257000.0;738000.0;529000.0;92000.0;383000.0;835.925925925926;273.3333333333333;195.92592592592592;366.6666666666667;34.074074074074076;22.680168176703972;870.0;892.680168176704;354000.0;131.11111111111111;1.0;2.084745762711864;;
3822;Nissedal (2020-2023);2023;130;890.0;11270.0;853000.0;205000.0;212000.0;63000.0;504000.0;958.4269662921348;230.3370786516854;238.20224719101122;489.8876404494382;70.78651685393258;44.72049689440994;1029.2134831460673;1073.9339800404773;232000.0;260.6741573033708;1.0;0.8836206896551724;;
3823;Fyresdal (2020-2023);2023;130;0.0;12921.0;227000.0;147000.0;47000.0;2000.0;260000.0;;;;;;;;;0.0;;;;areal_mangler;areal_mangler|kwh_mangler
3824;Tokke (2020-2023);2023;130;3000.0;24390.0;1682000.0;445000.0;364000.0;214000.0;1595000.0;560.6666666666666;148.33333333333334;121.33333333333333;291.0;71.33333333333333;65.39565395653956;632.0;697.3956539565396;489000.0;163.0;1.0;0.9100204498977505;;
3825;Vinje (2020-2023);2023;130;2600.0;39697.0;2684000.0;1325000.0;668000.0;492000.0;557000.0;1032.3076923076924;509.61538461538464;256.9230769230769;265.7692307692308;189.23076923076923;14.031286999017558;1221.5384615384614;1235.569748537479;620000.0;238.46153846153845;1.0;2.1370967741935485;;
4201;Risør;2023;130;3022.0;38927.0;2337000.0;812000.0;521000.0;270000.0;3264000.0;773.3289212442091;268.6962276637988;172.40238252812708;332.23031105228324;89.34480476505625;83.84925630025432;862.6737260092654;946.5229823095196;539000.0;178.3587028457975;0.9944341372912802;1.5064935064935066;;
4202;Grimstad;2023;130;5400.0;87121.0;8551000.0;1214000.0;2195000.0;211000.0;9430000.0;1583.5185185185185;224.8148148148148;406.48148148148147;952.2222222222222;39.074074074074076;108.24026354151123;1622.5925925925926;1730.8328561341038;536000.0;99.25925925925925;1.0;2.2649253731343286;;
4203;Arendal;2023;130;10635.0;200360.0;9030000.0;4151000.0;1399000.0;3511000.0;10015000.0;849.0832157968971;390.3149976492713;131.54677950164552;327.22143864598024;330.1363422661025;49.98502695148732;1179.2195580629996;1229.2045850144868;2244000.0;211.00141043723553;1.0;1.8498217468805704;;
4204;Kristiansand;2023;130;32295.0;496776.0;35027000.0;5559000.0;11971000.0;2058000.0;61046000.0;1084.5951385663416;172.13190896423595;370.67657532125713;541.7866542808484;63.725034835113796;122.88435834259305;1148.3201734014553;1271.2045317440484;3595000.0;111.31754141507973;1.0;1.5463143254520166;;
4205;Lindesnes;2023;130;5935.0;132769.0;6670000.0;2241000.0;959000.0;-2312000.0;6527000.0;1123.8416175231675;377.59056444818873;161.5838247683235;584.6672283066555;-389.5534962089301;49.160572121504266;734.2881213142376;783.4486934357419;1526000.0;257.1187868576243;1.0;1.4685452162516381;vedlikehold_negativ;
4206;Farsund;2023;130;2775.0;49261.0;2139000.0;528000.0;719000.0;210000.0;5886000.0;770.8108108108108;190.27027027027026;259.0990990990991;321.44144144144144;75.67567567567568;119.48600312620532;846.4864864864865;965.9724896126918;351000.0;126.48648648648648;1.0;1.5042735042735043;;
4207;Flekkefjord;2023;130;0.0;51181.0;3756000.0;1849000.0;487000.0;714000.0;1256000.0;;;;;;;;;368000.0;;1.0;;areal_mangler;areal_mangler
4211;Gjerstad;2023;130;1831.0;19289.0;3432000.0;1205000.0;179000.0;768000.0;471000.0;1874.385581649372;658.1103222282906;97.7607864554888;1118.5144729655926;419.44292736209724;24.418062107937168;2293.828509011469;2318.2465711194063;19000.0;10.376843255051885;1.0;63.421052631578945;;kwh_urimelig_lav|implisitt_pris_utenfor
4213;Tvedestrand;2023;130;884.0;39487.0;646000.0;248000.0;146000.0;96000.0;2632000.0;730.7692307692307;280.5429864253394;165.15837104072398;285.0678733031674;108.5972850678733;66.65484843112924;839.3665158371041;906.0213642682334;69000.0;78.05429864253394;1.0;3.594202898550725;;implisitt_pris_utenfor
4214;Froland;2023;130;2380.0;36473.0;4840000.0;1127000.0;994000.0;149000.0;3801000.0;2033.6134453781513;473.52941176470586;417.6470588235294;1142.436974789916;62.60504201680672;104.21407616593096;2096.218487394958;2200.4325635608893;484000.0;203.3613445378151;1.0;2.3285123966942147;;
4215;Lillesand;2023;130;3236.0;68083.0;551000.0;233000.0;290000.0;101000.0;3356000.0;170.27194066749072;72.00247218788628;89.6168108776267;8.65265760197775;31.211372064276887;49.29277499522642;201.48331273176763;250.77608772699404;353000.0;109.08529048207664;1.0;0.660056657223796;drift_urimelig_lav;
4216;Birkenes;2023;130;3837.0;57422.0;4823000.0;452000.0;1048000.0;464000.0;1921000.0;1256.971592389888;117.80036486838677;273.1300495178525;866.0411780036487;120.92780818347667;33.45407683466267;1377.8994005733646;1411.3534774080272;400000.0;104.24811050299714;1.0;1.1300000000000001;;
4217;Åmli;2023;130;1470.0;14216.0;3399000.0;505000.0;298000.0;213000.0;302000.0;2312.2448979591836;343.5374149659864;202.72108843537416;1765.9863945578231;144.89795918367346;21.24366910523354;2457.1428571428573;2478.386526248091;147000.0;100.0;1.0;3.435374149659864;;implisitt_pris_utenfor
4218;Iveland;2023;130;1372.0;11493.0;838000.0;152000.0;182000.0;396000.0;1878000.0;610.7871720116618;110.78717201166181;132.6530612244898;367.3469387755102;288.6297376093294;163.4038110154007;899.4169096209913;1062.820720636392;158000.0;115.1603498542274;1.0;0.9620253164556962;;
4219;Evje og Hornnes;2023;130;1350.0;27367.0;784000.0;273000.0;212000.0;79000.0;708000.0;580.7407407407408;202.22222222222223;157.03703703703704;221.4814814814815;58.51851851851852;25.870574049037163;639.2592592592592;665.1298333082964;164000.0;121.48148148148148;1.0;1.6646341463414636;;
4220;Bygland;2023;130;620.0;14707.0;1500000.0;488000.0;443000.0;1000.0;647000.0;2419.3548387096776;787.0967741935484;714.516129032258;917.741935483871;1.6129032258064515;43.99265655810159;2420.967741935484;2464.9603984935857;275000.0;443.5483870967742;1.0;1.7745454545454546;;kwh_uteligger
4221;Valle;2023;130;1618.0;14646.0;1807000.0;500000.0;533000.0;136000.0;952000.0;1116.8108776266997;309.02348578491967;329.41903584672434;478.36835599505565;84.05438813349815;65.00068278028131;1200.8652657601979;1265.8659485404792;526000.0;325.0927070457355;1.0;0.9505703422053232;;
4222;Bykle;2023;130;2000.0;20819.0;3308000.0;909000.0;415000.0;457000.0;172000.0;1654.0;454.5;207.5;992.0;228.5;8.26168403861857;1882.5;1890.7616840386186;381000.0;190.5;1.0;2.3858267716535435;;
4223;Vennesla;2023;130;3500.0;72923.0;2454000.0;804000.0;492000.0;854000.0;4579000.0;701.1428571428571;229.71428571428572;140.57142857142858;330.85714285714283;244.0;62.79226032938853;945.1428571428571;1007.9351174722457;399000.0;114.0;1.0;2.0150375939849625;;
4224;Åseral;2023;130;2780.0;14428.0;2807000.0;873000.0;1055000.0;365000.0;1257000.0;1009.7122302158274;314.0287769784173;379.49640287769785;316.1870503597122;131.29496402877697;87.12226226781259;1141.0071942446043;1228.129456512417;206000.0;74.10071942446044;1.0;4.237864077669903;;implisitt_pris_utenfor
4225;Lyngdal;2023;130;5235.0;63786.0;4845000.0;1279000.0;791000.0;239000.0;96000.0;925.5014326647564;244.3170964660936;151.09837631327602;530.0859598853868;45.65425023877746;1.5050324522622518;971.155682903534;972.6607153557962;608000.0;116.14135625596944;1.0;2.1036184210526314;;
4226;Hægebostad;2023;130;1200.0;11693.0;461000.0;158000.0;96000.0;168000.0;244000.0;384.1666666666667;131.66666666666666;80.0;172.5;140.0;20.867185495595656;524.1666666666666;545.0338521622623;114000.0;95.0;1.0;1.3859649122807016;;
4227;Kvinesdal;2023;130;3743.0;50100.0;2972000.0;555000.0;746000.0;85000.0;81000.0;794.0154955917714;148.27678332888058;199.3053700240449;446.43334223884585;22.709056906224955;1.6167664670658684;816.7245524979962;818.3413189650621;686000.0;183.27544750200374;1.0;0.8090379008746356;;
4228;Sirdal;2023;130;9038.0;56738.0;2778000.0;792000.0;1029000.0;1072000.0;4718000.0;307.36888692188535;87.63000663863687;113.85262226156229;105.88625802168622;118.61031201593273;83.1541471324333;425.9791989378181;509.13334607025143;428000.0;47.355609648152246;1.0;1.8504672897196264;;kwh_urimelig_lav
4601;Bergen;2023;130;51466.0;927779.0;31835000.0;12547000.0;2706000.0;7937000.0;160767000.0;618.5637119651809;243.79201803132165;52.57840127462791;322.19329265923136;154.21831889014106;173.28156813206593;772.782030855322;946.0635989873879;8005000.0;155.53957952823222;1.0;1.5673953778888194;;
4602;Kinn;2023;130;2028.0;85526.0;3839000.0;448000.0;604000.0;169000.0;3253000.0;1892.9980276134122;220.90729783037474;297.8303747534517;1374.2603550295858;83.33333333333333;38.03521736080256;1976.3313609467455;2014.366578307548;591000.0;291.42011834319527;1.0;0.7580372250423012;;
4611;Etne;2023;130;2439.0;30373.0;1869000.0;449000.0;438000.0;473000.0;589000.0;766.2976629766298;184.0918409184092;179.58179581795818;402.6240262402624;193.9319393193932;19.39222335627037;960.2296022960229;979.6218256522933;584000.0;239.44239442394425;1.0;0.7688356164383562;;
4612;Sveio;2023;130;4803.0;35873.0;471000.0;80000.0;90000.0;28000.0;949000.0;98.06371018113678;16.656256506350196;18.738288569643974;62.66916510514262;5.829689777222569;26.45443648426393;103.89339995835935;130.34783644262328;491000.0;102.22777430772435;1.0;0.16293279022403256;drift_urimelig_lav|energi_urimelig_lav|renhold_urimelig_lav;implisitt_pris_utenfor
4613;Bømlo;2023;130;3314.0;68044.0;2242000.0;578000.0;758000.0;357000.0;2680000.0;676.5238382619191;174.4115872057936;228.7266143633072;273.38563669281837;107.72480386240193;39.386279466227734;784.248642124321;823.6349215905487;386000.0;116.47555823777913;1.0;1.4974093264248705;;
4614;Stord;2023;130;4478.0;87940.0;5117000.0;921000.0;1688000.0;218000.0;6074000.0;1142.6976328718179;205.67217507815988;376.95399732023225;560.0714604734256;48.682447521214826;69.06982033204457;1191.3800803930326;1260.4499007250772;1394000.0;311.2996873604288;1.0;0.6606886657101865;;
4615;Fitjar;2023;130;1393.0;14316.0;1204000.0;321000.0;448000.0;62000.0;0.0;864.321608040201;230.43790380473797;321.60804020100505;312.27566403445803;44.50825556353195;0.0;908.829863603733;908.829863603733;197000.0;141.42139267767408;1.0;1.6294416243654823;;
4616;Tysnes;2023;130;2046.0;19479.0;522000.0;201000.0;6000.0;382000.0;532000.0;255.13196480938416;98.24046920821114;2.932551319648094;153.95894428152494;186.70576735092865;27.311463627496277;441.8377321603128;469.14919578780905;383000.0;187.19452590420332;1.0;0.5248041775456919;renhold_urimelig_lav;
4617;Kvinnherad;2023;130;8971.0;101757.0;4405000.0;1432000.0;1388000.0;509000.0;1967000.0;491.02664140006686;159.6254598149593;154.720766915617;176.68041466949057;56.73837922193735;19.330365478542017;547.7650206220043;567.0953861005463;738000.0;82.26507635715082;1.0;1.9403794037940378;;
4618;Ullensvang;2023;130;13282.0;78818.0;6255000.0;1330000.0;1262000.0;1292000.0;9163000.0;470.9381117301611;100.13552175877128;95.01581087185664;275.7867790995332;97.27450685137781;116.25517013880078;568.2126185815389;684.4677887203396;2977000.0;224.13793103448276;1.0;0.44675848169297955;;implisitt_pris_utenfor
4619;Eidfjord;2023;130;1630.0;14038.0;2241000.0;844000.0;16000.0;1288000.0;528000.0;1374.846625766871;517.7914110429448;9.815950920245399;847.239263803681;790.1840490797546;37.61219546944009;2165.030674846626;2202.642870316066;517000.0;317.17791411042947;1.0;1.6324951644100578;renhold_urimelig_lav;
4620;Ulvik;2023;130;2986.0;12202.0;2242000.0;788000.0;385000.0;115000.0;0.0;750.8372404554588;263.8981915606162;128.9350301406564;358.0040187541862;38.51306095110516;0.0;789.350301406564;789.350301406564;428000.0;143.33556597454788;1.0;1.8411214953271031;;
4621;Voss;2023;130;5064.0;87797.0;4735000.0;1166000.0;1154000.0;1614000.0;19062000.0;935.0315955766192;230.2527646129542;227.88309636650868;476.8957345971564;318.7203791469194;217.11447999362164;1253.7519747235388;1470.8664547171604;1121000.0;221.36650868878357;1.0;1.04014272970562;;
4622;Kvam;2023;130;5205.0;54115.0;2545000.0;703000.0;688000.0;-91000.0;3840000.0;488.95292987512005;135.06243996157542;132.18059558117196;221.70989433237273;-17.483189241114314;70.9599926083341;471.46974063400575;542.4297332423398;760000.0;146.01344860710856;1.0;0.925;vedlikehold_negativ;
4623;Samnanger;2023;130;1612.0;13885.0;1832000.0;476000.0;370000.0;304000.0;467000.0;1136.4764267990074;295.2853598014888;229.5285359801489;611.6625310173697;188.58560794044666;33.63341735685992;1325.062034739454;1358.695452096314;156000.0;96.7741935483871;1.0;3.051282051282051;;implisitt_pris_utenfor
4624;Bjørnafjorden;2023;130;6298.0;112101.0;17150000.0;2249000.0;10264000.0;706000.0;7114000.0;2723.086694188631;357.0974912670689;1629.7237218164496;736.2654811051127;112.0990790727215;63.46062925397632;2835.185773261353;2898.646402515329;1082000.0;171.80057161003492;1.0;2.078558225508318;;
4625;Austevoll;2023;130;4081.0;33930.0;3935000.0;490000.0;1304000.0;398000.0;1393000.0;964.2244547904925;120.06861063464837;319.52952707669687;524.6263170791473;97.52511639304092;41.05511346890657;1061.7495711835334;1102.8046846524398;210000.0;51.45797598627787;1.0;2.333333333333333;;kwh_uteligger
4626;Øygarden;2023;130;18808.0;166283.0;15606000.0;3273000.0;2402000.0;2488000.0;16915000.0;829.7532964695874;174.02169289663973;127.71161207996597;528.0199914929817;132.28413441088898;101.72416903712346;962.0374308804764;1063.7615999175998;4338000.0;230.64653339004678;1.0;0.7544951590594745;;
4627;Askøy;2023;130;4800.0;115981.0;2311000.0;814000.0;848000.0;509000.0;15299000.0;481.4583333333333;169.58333333333334;176.66666666666666;135.20833333333334;106.04166666666667;131.90953690690716;587.5;719.4095369069072;532000.0;110.83333333333333;1.0;1.530075187969925;;
4628;Vaksdal;2023;130;4100.0;29098.0;3038000.0;297000.0;359000.0;109000.0;1804000.0;740.9756097560976;72.4390243902439;87.5609756097561;580.9756097560976;26.585365853658537;61.997388136641696;767.560975609756;829.5583637463977;982000.0;239.5121951219512;1.0;0.3024439918533605;;implisitt_pris_utenfor
4629;Modalen;2023;130;2100.0;7749.0;1825000.0;136000.0;752000.0;28000.0;445000.0;869.047619047619;64.76190476190476;358.0952380952381;446.1904761904762;13.333333333333334;57.426764743837914;882.3809523809524;939.8077171247903;136000.0;64.76190476190476;1.0;1.0;;
4630;Osterøy;2023;130;4965.0;34629.0;2589000.0;708000.0;886000.0;354000.0;113000.0;521.4501510574019;142.59818731117824;178.4491440080564;200.40281973816718;71.29909365558912;3.2631609344768835;592.749244712991;596.0124056474679;0.0;0.0;;;;kwh_null|kwh_urimelig_lav
4631;Alver;2023;130;18012.0;156397.0;8623000.0;1588000.0;2101000.0;-491000.0;11849000.0;478.7363979569176;88.16344659116145;116.6444592493893;273.92849211636684;-27.259604707972464;75.76232280670345;451.47679324894517;527.2391160556487;1087000.0;60.34865645125472;1.0;1.4609015639374425;vedlikehold_negativ;
4632;Austrheim;2023;130;1917.0;16564.0;2864000.0;664000.0;491000.0;184000.0;176000.0;1494.001043296818;346.37454355764214;256.12936880542514;891.4971309337507;95.98330725091289;10.625452789181358;1589.9843505477309;1600.6098033369121;446000.0;232.65519040166927;1.0;1.4887892376681615;;
4633;Fedje;2023;130;467.0;5717.0;293000.0;153000.0;67000.0;0.0;542000.0;627.4089935760171;327.62312633832977;143.46895074946468;156.3169164882227;0.0;94.80496764037082;627.4089935760171;722.2139612163879;31000.0;66.38115631691649;1.0;4.935483870967742;areal_for_lite;areal_for_lite|implisitt_pris_utenfor
4634;Masfjorden;2023;130;2200.0;22465.0;1085000.0;676000.0;344000.0;249000.0;0.0;493.1818181818182;307.27272727272725;156.36363636363637;29.545454545454547;113.18181818181819;0.0;606.3636363636364;606.3636363636364;3000.0;1.3636363636363635;1.0;225.33333333333334;;kwh_urimelig_lav|implisitt_pris_utenfor
4635;Gulen;2023;130;1668.0;17347.0;684000.0;182000.0;38000.0;372000.0;3412000.0;410.0719424460432;109.11270983213429;22.781774580335732;278.17745803357315;223.02158273381295;196.6910705021041;633.0935251798561;829.7845956819602;165000.0;98.92086330935251;1.0;1.103030303030303;renhold_urimelig_lav;
4636;Solund;2023;130;880.0;5599.0;512000.0;79000.0;423000.0;33000.0;1343000.0;581.8181818181819;89.77272727272727;480.6818181818182;11.363636363636363;37.5;239.86426147526345;619.3181818181819;859.1824432934453;120000.0;136.36363636363637;1.0;0.6583333333333332;;
4637;Hyllestad;2023;130;3154.0;13287.0;1429000.0;244000.0;533000.0;47000.0;315000.0;453.07545973367155;77.36207989854154;168.99175649968294;206.72162333544705;14.901712111604311;23.70738315646873;467.97717184527585;491.68455500174457;306000.0;97.01965757767914;1.0;0.7973856209150327;;
4638;Høyanger;2023;130;1951.0;26336.0;2578000.0;384000.0;494000.0;120000.0;1234000.0;1321.3736545361353;196.82214249103023;253.20348539210661;871.3480266529984;61.50691952844695;46.85601458080195;1382.8805740645823;1429.7365886453842;513000.0;262.9420809841107;1.0;0.7485380116959064;;
4639;Vik;2023;130;1545.0;17241.0;456000.0;326000.0;0.0;42000.0;429000.0;295.1456310679612;211.0032362459547;0.0;84.14239482200647;27.184466019417474;24.882547416043153;322.33009708737865;347.2126445034218;153000.0;99.02912621359224;1.0;2.130718954248366;renhold_urimelig_lav;
4640;Sogndal;2023;130;12776.0;83102.0;3877000.0;1460000.0;177000.0;1031000.0;3592000.0;303.45961177207266;114.27676894176581;13.854101440200376;175.32874139010644;80.69818409517846;43.223989795672786;384.1577958672511;427.38178566292385;926000.0;72.47964934251722;1.0;1.5766738660907127;renhold_urimelig_lav;
4641;Aurland;2023;130;3570.0;22592.0;1732000.0;329000.0;728000.0;284000.0;726000.0;485.15406162464984;92.15686274509804;203.92156862745097;189.07563025210084;79.55182072829132;32.13526912181303;564.7058823529412;596.8411514747543;591000.0;165.54621848739495;1.0;0.55668358714044;;
4642;Lærdal;2023;130;1616.0;14438.0;1066000.0;459000.0;226000.0;138000.0;0.0;659.6534653465346;284.03465346534654;139.85148514851485;235.76732673267327;85.39603960396039;0.0;745.049504950495;745.049504950495;393000.0;243.19306930693068;1.0;1.16793893129771;;
4643;Årdal;2023;130;3092.0;39566.0;1367000.0;978000.0;93000.0;58000.0;3485000.0;442.1086675291074;316.3001293661061;30.077619663648125;95.73091849935317;18.758085381630014;88.08067532730122;460.8667529107374;548.9474282380386;605000.0;195.66623544631307;1.0;1.6165289256198347;renhold_urimelig_lav;
4644;Luster;2023;130;3108.0;38899.0;868000.0;309000.0;1000.0;993000.0;3240000.0;279.27927927927925;99.42084942084942;0.32175032175032175;179.53667953667954;319.4980694980695;83.29262963058176;598.7773487773488;682.0699784079306;333000.0;107.14285714285714;1.0;0.927927927927928;renhold_urimelig_lav;
4645;Askvoll;2023;130;1200.0;16997.0;742000.0;195000.0;227000.0;29000.0;1855000.0;618.3333333333334;162.5;189.16666666666666;266.6666666666667;24.166666666666668;109.13690651291404;642.5;751.636906512914;132000.0;110.0;1.0;1.4772727272727273;;
4646;Fjaler;2023;130;2769.0;28018.0;908000.0;254000.0;150000.0;60000.0;554000.0;327.9162152401589;91.72986637775371;54.17118093174431;182.01516793066088;21.668472372697725;19.77300306945535;349.5846876128566;369.35769068231195;412000.0;148.79017695919106;1.0;0.616504854368932;;
4647;Sunnfjord;2023;130;17050.0;178833.0;4605000.0;1261000.0;797000.0;315000.0;7187000.0;270.0879765395894;73.95894428152492;46.74486803519061;149.3841642228739;18.475073313782993;40.18833213109437;288.56304985337243;328.7513819844668;2621000.0;153.72434017595307;1.0;0.48111407859595573;renhold_urimelig_lav;implisitt_pris_utenfor
4649;Stad;2023;130;7270.0;57296.0;801000.0;331000.0;37000.0;152000.0;3643000.0;110.17881705639614;45.529573590096284;5.089408528198074;59.55983493810179;20.90784044016506;63.582099972074836;131.0866574965612;194.66875746863604;1096000.0;150.75653370013754;1.0;0.302007299270073;drift_urimelig_lav|renhold_urimelig_lav;implisitt_pris_utenfor
4650;Gloppen;2023;130;1671.0;33775.0;1155000.0;202000.0;397000.0;339000.0;3317000.0;691.2028725314183;120.88569718731299;237.58228605625374;332.73488928785156;202.87253141831238;98.20873427091044;894.0754039497307;992.2841382206411;241000.0;144.22501496110112;1.0;0.8381742738589212;;
4651;Stryn;2023;130;2877.0;40985.0;952000.0;227000.0;191000.0;87000.0;2081000.0;330.9002433090024;78.9016336461592;66.38859923531456;185.61001042752866;30.239833159541188;50.77467366109552;361.1400764685436;411.9147501296391;5306000.0;1844.2822384428223;1.0;0.04278175650207313;;kwh_urimelig_hoy|implisitt_pris_utenfor
5001;Trondheim - Tråante;2023;130;26175.0;828301.0;13618000.0;565000.0;4084000.0;3696000.0;73320000.0;520.2674307545368;21.585482330468004;156.02674307545368;342.6552053486151;141.20343839541547;88.51854579434288;661.4708691499523;749.9894149442952;1712000.0;65.40592168099332;1.0;0.3300233644859813;energi_urimelig_lav;implisitt_pris_utenfor
5006;Steinkjer - Stïentje;2023;130;16312.0;141994.0;2482000.0;1714000.0;335000.0;-3000.0;22026000.0;152.15792054928886;105.07601765571358;20.537027954879843;26.54487493869544;-0.18391368317802845;155.11923039001647;151.97400686611084;307.0932372561273;2492000.0;152.7709661598823;1.0;0.6878009630818619;vedlikehold_negativ|drift_urimelig_lav|renhold_urimelig_lav;
5007;Namsos - Nåavmesjenjaelmie;2023;130;9898.0;87772.0;7053000.0;1957000.0;4221000.0;595000.0;7362000.0;712.5681955950697;197.71671044655486;426.44978783592643;88.4016973125884;60.113154172560115;83.87640705464158;772.6813497676299;856.5577568222715;1836000.0;185.49201858961408;1.0;1.0659041394335511;;
5014;Frøya;2023;130;5536.0;27768.0;12858000.0;458000.0;1826000.0;393000.0;1238000.0;2322.615606936416;82.73121387283237;329.84104046242777;1910.0433526011561;70.98988439306359;44.583693460097955;2393.6054913294797;2438.1891847895777;870000.0;157.15317919075144;1.0;0.5264367816091954;;
5020;Osen;2023;130;1400.0;7958.0;1544000.0;399000.0;526000.0;0.0;338000.0;1102.857142857143;285.0;375.7142857142857;442.14285714285717;0.0;42.47298316159839;1102.857142857143;1145.3301260187413;260000.0;185.71428571428572;1.0;1.5346153846153845;;
5021;Oppdal;2023;130;3861.0;34215.0;2073000.0;535000.0;778000.0;271000.0;2835000.0;536.907536907537;138.56513856513857;201.5022015022015;196.84019684019685;70.1890701890702;82.85839544059623;607.096607096607;689.9550025372033;1164000.0;301.4763014763015;1.0;0.45962199312714774;;implisitt_pris_utenfor
5022;Rennebu;2023;130;3011.0;22891.0;2492000.0;281000.0;767000.0;67000.0;138000.0;827.6320159415477;93.32447691796746;254.73264696114248;479.57489206243775;22.251743606775158;6.028570180420252;849.8837595483228;855.9123297287431;728000.0;241.780139488542;1.0;0.385989010989011;;implisitt_pris_utenfor
5025;Røros - Rosse;2023;130;1794.0;35704.0;5867000.0;1393000.0;1318000.0;168000.0;4633000.0;3270.345596432553;776.4771460423634;734.6711259754738;1759.1973244147157;93.64548494983278;129.76137127492717;3363.991081382386;3493.752452657313;885000.0;493.31103678929765;1.0;1.5740112994350282;;kwh_uteligger
5026;Holtålen;2023;130;1200.0;14629.0;618000.0;24000.0;273000.0;42000.0;1353000.0;515.0;20.0;227.5;267.5;35.0;92.48752477954747;550.0;642.4875247795475;70000.0;58.333333333333336;1.0;0.34285714285714286;energi_urimelig_lav;implisitt_pris_utenfor
5027;Midtre Gauldal;2023;130;4023.0;36604.0;2019000.0;606000.0;88000.0;421000.0;2000.0;501.8642803877703;150.63385533184191;21.874223216505097;329.3562018394233;104.64827243350733;0.054638837285542564;606.5125528212776;606.5671916585632;579000.0;143.92244593586875;1.0;1.0466321243523318;renhold_urimelig_lav;
5028;Melhus;2023;130;5860.0;98458.0;2517000.0;591000.0;581000.0;706000.0;11680000.0;429.5221843003413;100.8532423208191;99.1467576791809;229.5221843003413;120.4778156996587;118.62926323914766;550.0;668.6292632391477;1320000.0;225.25597269624572;1.0;0.44772727272727275;;implisitt_pris_utenfor
5029;Skaun;2023;130;6613.0;46711.0;4665000.0;442000.0;792000.0;381000.0;5103000.0;705.4287010433993;66.83804627249357;119.76410101315591;518.8265537577499;57.61379101769242;109.24621609471002;763.0424920610918;872.2887081558018;449000.0;67.89656736730682;1.0;0.9844097995545658;;
5031;Malvik;2023;130;4945.0;81498.0;4756000.0;174000.0;1608000.0;850000.0;6133000.0;961.7795753286148;35.18705763397371;325.17694641051565;601.4155712841253;171.8907987866532;75.25338045105401;1133.670374115268;1208.923754566322;1145000.0;231.54701718907987;1.0;0.15196506550218342;energi_urimelig_lav;implisitt_pris_utenfor
5032;Selbu;2023;130;3676.0;25834.0;1911000.0;297000.0;524000.0;106000.0;1692000.0;519.8585418933624;80.7943416757345;142.54624591947768;296.5179542981502;28.83569096844396;65.49508399783231;548.6942328618063;614.1893168596387;358000.0;97.38846572361263;1.0;0.8296089385474861;;
5033;Tydal;2023;130;1764.0;13494.0;1909000.0;282000.0;192000.0;223000.0;1307000.0;1082.1995464852607;159.8639455782313;108.84353741496598;813.4920634920635;126.41723356009071;96.8578627538165;1208.6167800453516;1305.4746427991681;358000.0;202.94784580498867;1.0;0.7877094972067039;;
5034;Meråker;2023;130;1186.0;16105.0;760000.0;225000.0;306000.0;351000.0;2773000.0;640.8094435075885;189.7133220910624;258.01011804384484;193.0860033726813;295.9527824620573;172.1825520024837;936.7622259696459;1108.9447779721295;223000.0;188.02698145025295;1.0;1.0089686098654709;;
5035;Stjørdal;2023;130;17074.0;152558.0;8390000.0;1734000.0;1760000.0;217000.0;9552000.0;491.3904181796884;101.55792432938972;103.08070750849244;286.7517863418063;12.709382687126626;62.61225238925523;504.09980086681503;566.7120532560702;2235000.0;130.90078481902307;1.0;0.7758389261744967;;
5036;Frosta;2023;130;1380.0;14410.0;1521000.0;401000.0;392000.0;105000.0;1595000.0;1102.1739130434783;290.57971014492756;284.05797101449275;527.536231884058;76.08695652173913;110.68702290076335;1178.2608695652175;1288.9478924659809;276000.0;200.0;0.9891304347826086;1.4528985507246377;;
5037;Levanger;2023;130;10727.0;93680.0;4354000.0;7000.0;1457000.0;13000.0;14102000.0;405.8916752120817;0.6525589633634753;135.8254870886548;269.4136291600634;1.2118952176750257;150.533731853117;407.1035704297567;557.6373022828736;1860000.0;173.3942388365806;1.0;0.0037634408602150535;energi_urimelig_lav;implisitt_pris_utenfor
5038;Verdal;2023;130;7800.0;80600.0;9131000.0;1570000.0;2649000.0;1066000.0;1562000.0;1170.6410256410256;201.28205128205127;339.61538461538464;629.7435897435897;136.66666666666666;19.379652605459057;1307.3076923076924;1326.6873449131515;1409000.0;180.64102564102564;1.0;1.1142654364797728;;
5041;Snåase - Snåsa;2023;130;1995.0;18235.0;657000.0;84000.0;314000.0;136000.0;2335000.0;329.3233082706767;42.10526315789474;157.39348370927317;129.82456140350877;68.17042606516291;128.05045242665204;397.4937343358396;525.5441867624916;425000.0;213.0325814536341;1.0;0.19764705882352943;;implisitt_pris_utenfor
5042;Lierne;2023;130;2008.0;16510.0;1836000.0;330000.0;201000.0;228000.0;1372000.0;914.3426294820717;164.34262948207171;100.0996015936255;649.9003984063745;113.54581673306772;83.10115081768625;1027.8884462151395;1110.9895970328257;677000.0;337.1513944223108;1.0;0.4874446085672082;;implisitt_pris_utenfor
5043;Raarvihke - Røyrvik;2023;130;1383.0;8151.0;686000.0;252000.0;204000.0;37000.0;1365000.0;496.0231381055676;182.2125813449024;147.5054229934924;166.3051337671728;26.75343456254519;167.4641148325359;522.7765726681127;690.2406875006486;328000.0;237.1655820679682;1.0;0.7682926829268293;;
5044;Namsskogan;2023;130;1734.0;12883.0;784000.0;0.0;206000.0;213000.0;1142000.0;452.13379469434835;0.0;118.800461361015;333.3333333333333;122.83737024221453;88.64394939066987;574.9711649365629;663.6151143272327;303000.0;174.74048442906573;1.0;0.0;energi_urimelig_lav;implisitt_pris_utenfor
5045;Grong;2023;130;3370.0;31397.0;1003000.0;463000.0;112000.0;160000.0;3453000.0;297.62611275964395;137.3887240356083;33.23442136498517;127.00296735905044;47.47774480712166;109.97866038156512;345.10385756676556;455.0825179483307;412000.0;122.25519287833828;1.0;1.1237864077669903;renhold_urimelig_lav;
5046;Høylandet;2023;130;915.0;11776.0;624000.0;175000.0;128000.0;28000.0;2903000.0;681.9672131147541;191.2568306010929;139.89071038251367;350.8196721311475;30.601092896174862;246.51834239130434;712.568306010929;959.0866484022333;229000.0;250.27322404371586;1.0;0.7641921397379913;;
5047;Overhalla;2023;130;3284.0;26374.0;1371000.0;268000.0;450000.0;130000.0;1099000.0;417.4786845310597;81.60779537149817;137.02801461632157;198.84287454323996;39.58587088915956;41.66982634412679;457.0645554202192;498.73438176434604;494000.0;150.42630937880634;1.0;0.5425101214574899;;
5049;Flatanger;2023;130;2230.0;12367.0;1358000.0;203000.0;0.0;301000.0;106000.0;608.9686098654709;91.03139013452915;0.0;517.9372197309417;134.97757847533632;8.571197541845233;743.9461883408072;752.5173858826524;254000.0;113.90134529147981;1.0;0.7992125984251969;renhold_urimelig_lav;
5052;Leka;2023;130;1062.0;6483.0;1104000.0;192000.0;302000.0;85000.0;311000.0;1039.5480225988701;180.7909604519774;284.3691148775895;574.3879472693033;80.0376647834275;47.971618078050284;1119.5856873822975;1167.5573054603478;222000.0;209.03954802259886;1.0;0.8648648648648649;;
5053;Inderøy;2023;130;2973.0;39345.0;1728000.0;261000.0;368000.0;215000.0;2301000.0;581.2310797174571;87.79011099899091;123.7806929027918;369.6602758156744;72.31752438614194;58.48265345024781;653.548604103599;712.0312575538468;421000.0;141.60780356542213;1.0;0.6199524940617577;;
5054;Indre Fosen;2023;130;7109.0;68111.0;5457000.0;1121000.0;1695000.0;1301000.0;6852000.0;767.6185117456745;157.6874384582923;238.4301589534393;371.5009143339429;183.00745533830357;100.60049037600388;950.625967083978;1051.226457459982;890000.0;125.1934167956112;1.0;1.2595505617977527;;
5055;Heim;2023;130;2844.0;38550.0;1863000.0;362000.0;418000.0;494000.0;1263000.0;655.0632911392405;127.28551336146273;146.9760900140647;380.80168776371306;173.69901547116737;32.762645914396884;828.7623066104079;861.5249525248048;1239000.0;435.65400843881855;1.0;0.29217110573042776;;implisitt_pris_utenfor|kwh_uteligger
5056;Hitra;2023;130;5708.0;30746.0;1303000.0;76000.0;519000.0;103000.0;3413000.0;228.2761037140855;13.314646110721794;90.9250175192712;124.0364400840925;18.044849334267695;111.00630976387173;246.32095304835318;357.3272628122249;554000.0;97.05676243868255;1.0;0.1371841155234657;energi_urimelig_lav;implisitt_pris_utenfor
5057;Ørland;2023;130;6111.0;83089.0;3188000.0;680000.0;1200000.0;173000.0;6439000.0;521.6822124038619;111.27475045000818;196.36720667648504;214.0402552773687;28.309605629193257;77.49521597323353;549.9918180330551;627.4870340062886;1409000.0;230.56782850597284;1.0;0.48261178140525196;;implisitt_pris_utenfor
5058;Åfjord;2023;130;2560.0;26545.0;2147000.0;412000.0;553000.0;33000.0;1097000.0;838.671875;160.9375;216.015625;461.71875;12.890625;41.326050103597666;851.5625;892.8885501035977;317000.0;123.828125;1.0;1.2996845425867507;;
5059;Orkland;2023;130;16340.0;112307.0;7172000.0;929000.0;1901000.0;2324000.0;11325000.0;438.92288861689104;56.854345165238676;116.34026927784578;265.7282741738066;142.22766217870256;100.83966271024958;581.1505507955936;681.9902135058433;2734000.0;167.31946144430844;1.0;0.3397951719092904;;implisitt_pris_utenfor
5060;Nærøysund;2023;130;6829.0;90266.0;7422000.0;871000.0;2065000.0;400000.0;7904000.0;1086.835554253917;127.5442963830722;302.3868794845512;656.9043783862937;58.57372968223752;87.5634236589635;1145.4092839361547;1232.9727075951182;830000.0;121.54048909064285;1.0;1.0493975903614459;;
5061;Rindal;2023;130;1588.0;15914.0;6723000.0;252000.0;4114000.0;404000.0;0.0;4233.6272040302265;158.69017632241813;2590.6801007556674;1484.2569269521412;254.4080604534005;0.0;4488.0352644836275;4488.0352644836275;289000.0;181.98992443324937;1.0;0.8719723183391003;DV_uteligger_hoy;
5401;Tromsø (2020-2023);2023;130;24951.0;345358.0;32629000.0;7348000.0;3135000.0;1550000.0;38905000.0;1307.7231373492045;294.4972145404994;125.64626668269808;887.579656126007;62.12175864694802;112.65121989355973;1369.8448959961524;1482.4961158897122;8612000.0;345.15650675323633;1.0;0.8532280538783094;;
5402;Harstad (2020-2023);2023;130;6288.0;147609.0;10068000.0;1902000.0;2930000.0;1497000.0;12541000.0;1601.145038167939;302.48091603053433;465.9669211195929;832.6972010178117;238.07251908396947;84.96094411587369;1839.2175572519084;1924.178501367782;1521000.0;241.88931297709922;1.0;1.2504930966469427;;
5403;Alta (2020-2023);2023;130;15390.0;155370.0;7304000.0;1607000.0;1703000.0;339000.0;9299000.0;474.59389213775177;104.41845354126056;110.65627030539311;259.51916829109814;22.02729044834308;59.85067902426466;496.62118258609485;556.4718616103595;3780000.0;245.6140350877193;0.9534391534391534;0.42513227513227514;;implisitt_pris_utenfor
5404;Vardø (2020-2023);2023;130;1776.0;14491.0;2691000.0;670000.0;723000.0;587000.0;501000.0;1515.2027027027027;377.2522522522523;407.0945945945946;730.8558558558559;330.51801801801804;34.573183355185975;1845.7207207207207;1880.2939040759068;174000.0;97.97297297297297;1.0;3.8505747126436787;;implisitt_pris_utenfor
5405;Vadsø (2020-2023);2023;130;10341.0;60750.0;3177000.0;1275000.0;414000.0;264000.0;1264000.0;307.2236727589208;123.29561937917029;40.034812880765884;143.89324049898462;25.529445894981144;20.80658436213992;332.75311865390194;353.55970301604185;1203000.0;116.33304322599362;1.0;1.059850374064838;renhold_urimelig_lav;
5406;Hammerfest (2020-2023);2023;130;9354.0;110113.0;16647000.0;1685000.0;3560000.0;612000.0;7472000.0;1779.6664528543938;180.13683985460764;380.585845627539;1218.943767372247;65.4265554842848;67.85756450192075;1845.0930083386786;1912.9505728405993;2190000.0;234.12443874278384;1.0;0.7694063926940639;;
5411;Kvæfjord (2020-2023);2023;130;3197.0;30832.0;800000.0;257000.0;192000.0;245000.0;1124000.0;250.23459493274945;80.38786362214576;60.05630278385987;109.79042852674382;76.63434469815452;36.45563051375195;326.868939630904;363.3245701446559;441000.0;137.94182045667813;1.0;0.5827664399092971;;
5412;Tjeldsund (2020-2023);2023;130;2300.0;17700.0;1365000.0;405000.0;417000.0;174000.0;1450000.0;593.4782608695652;176.08695652173913;181.30434782608697;236.08695652173913;75.65217391304348;81.92090395480226;669.1304347826087;751.051338737411;551000.0;239.56521739130434;1.0;0.73502722323049;;
5413;Ibestad (2020-2023);2023;130;1393.0;9433.0;574000.0;234000.0;119000.0;34000.0;389000.0;412.0603015075377;167.9827709978464;85.42713567839196;158.65039483129937;24.40775305096913;41.2382062970423;436.4680545585068;477.7062608555491;265000.0;190.23689877961235;1.0;0.8830188679245283;;
5414;Gratangen (2020-2023);2023;130;2034.0;11071.0;3315000.0;189000.0;1976000.0;207000.0;199000.0;1629.7935103244838;92.92035398230088;971.4847590953785;565.3883972468043;101.76991150442478;17.974889350555504;1731.5634218289085;1749.538311179464;247000.0;121.43559488692232;1.0;0.7651821862348178;;
5415;Loabák - Lavangen (2020-2023);2023;130;939.0;9085.0;831000.0;368000.0;185000.0;88000.0;126000.0;884.9840255591055;391.9062832800852;197.0181043663472;296.05963791267305;93.71671991480298;13.869014859658778;978.7007454739085;992.5697603335673;263000.0;280.08519701810434;1.0;1.3992395437262357;;
5416;Bardu (2020-2023);2023;130;2860.0;24858.0;1238000.0;193000.0;126000.0;246000.0;1721000.0;432.86713286713285;67.48251748251748;44.05594405594405;321.3286713286713;86.01398601398601;69.23324483063803;518.8811188811189;588.1143637117569;543000.0;189.86013986013987;1.0;0.35543278084714547;renhold_urimelig_lav;implisitt_pris_utenfor
5417;Salangen (2020-2023);2023;130;1128.0;16897.0;710000.0;116000.0;239000.0;131000.0;611000.0;629.4326241134752;102.83687943262412;211.87943262411346;314.7163120567376;116.13475177304964;36.160265135822925;745.5673758865248;781.7276410223477;270000.0;239.36170212765958;1.0;0.42962962962962964;;implisitt_pris_utenfor
5418;Målselv (2020-2023);2023;130;3530.0;44810.0;670000.0;-177000.0;283000.0;314000.0;-4158000.0;189.80169971671387;-50.141643059490086;80.1699716713881;159.77337110481585;88.95184135977337;-92.79178754742244;278.75354107648724;185.9617535290648;637000.0;180.45325779036827;1.0;-0.2778649921507064;drift_urimelig_lav|energi_urimelig_lav;implisitt_pris_utenfor
5419;Sørreisa (2020-2023);2023;130;2590.0;24183.0;-143000.0;-363000.0;18000.0;413000.0;4024000.0;-55.21235521235521;-140.15444015444015;6.94980694980695;77.99227799227799;159.45945945945945;166.3978828102386;104.24710424710425;270.64498705734286;410000.0;158.3011583011583;1.0;-0.8853658536585366;drift_null|drift_urimelig_lav|energi_urimelig_lav|renhold_urimelig_lav;implisitt_pris_utenfor
5420;Dyrøy (2020-2023);2023;130;1500.0;9114.0;533000.0;-956000.0;386000.0;27000.0;4040000.0;355.3333333333333;-637.3333333333334;257.3333333333333;735.3333333333334;18.0;443.2740838270792;373.3333333333333;816.6074171604125;505000.0;336.6666666666667;0.9920792079207921;-1.893069306930693;energi_urimelig_lav;implisitt_pris_utenfor
5421;Senja (2020-2023);2023;130;11075.0;103565.0;6530000.0;1661000.0;1543000.0;988000.0;14275000.0;589.6162528216704;149.97742663656885;139.32279909706546;300.3160270880361;89.20993227990971;137.8361415536137;678.8261851015801;816.6623266551937;1526000.0;137.78781038374717;1.0;1.0884665792922674;;
5422;Balsfjord (2020-2023);2023;130;9976.0;38452.0;2837000.0;661000.0;375000.0;54000.0;3261000.0;284.38251804330395;66.25902165196472;37.59021651964715;180.53327987169206;5.4129911788291905;84.80703214397171;289.7955092221331;374.6025413661048;854000.0;85.60545308740978;1.0;0.7740046838407494;renhold_urimelig_lav;
5423;Karlsøy (2020-2023);2023;130;1743.0;13746.0;2418000.0;307000.0;1230000.0;227000.0;3785000.0;1387.263339070568;176.13310384394723;705.6798623063684;505.45037292025245;130.2352266207688;275.35282991415687;1517.4985656913368;1792.8513956054937;1093000.0;627.0797475616753;1.0;0.28087831655992684;;kwh_urimelig_hoy|implisitt_pris_utenfor
5424;Lyngen (2020-2023);2023;130;1695.0;26525.0;773000.0;193000.0;228000.0;2422000.0;1153000.0;456.047197640118;113.86430678466077;134.5132743362832;207.66961651917404;1428.9085545722714;43.4684260131951;1884.9557522123894;1928.4241782255845;304000.0;179.3510324483776;1.0;0.6348684210526315;;
5425;Storfjord - Omasvuotna - Omasvuono (2020-2023);2023;130;1040.0;22486.0;1656000.0;275000.0;844000.0;13000.0;885000.0;1592.3076923076924;264.4230769230769;811.5384615384615;516.3461538461538;12.5;39.35782264520146;1604.8076923076924;1644.1655149528938;418000.0;401.9230769230769;1.0;0.6578947368421052;;
5426;Gáivuotna - Kåfjord - Kaivuono (2020-2023);2023;130;4086.0;18777.0;1480000.0;361000.0;496000.0;352000.0;884000.0;362.2124326970142;88.35046500244738;121.39011257953989;152.47185511502693;86.14782183064122;47.078873089417904;448.3602545276554;495.4391276170733;533000.0;130.44542339696525;1.0;0.6772983114446529;;
5427;Skjervøy (2020-2023);2023;130;3121.0;28893.0;1277000.0;430000.0;642000.0;396000.0;1958000.0;409.16372957385454;137.77635373277795;205.7033002242871;65.68407561678949;126.8824094841397;67.76727927179594;536.0461390579942;603.8134183297901;468000.0;149.951938481256;1.0;0.9188034188034188;;
5428;Nordreisa (2020-2023);2023;130;5530.0;37085.0;3696000.0;359000.0;511000.0;584000.0;3928000.0;668.3544303797469;64.91862567811935;92.40506329113924;511.03074141048825;105.60578661844485;105.91883510853445;773.9602169981916;879.8790521067261;680000.0;122.96564195298373;1.0;0.5279411764705882;;
5429;Kvænangen (2020-2023);2023;130;2476.0;12768.0;1687000.0;254000.0;641000.0;159000.0;279000.0;681.3408723747981;102.5848142164782;258.88529886914375;319.8707592891761;64.21647819063004;21.851503759398497;745.5573505654281;767.4088543248266;581000.0;234.65266558966076;1.0;0.43717728055077454;;implisitt_pris_utenfor
5432;Loppa (2020-2023);2023;130;1290.0;14705.0;568000.0;129000.0;2000.0;103000.0;626000.0;440.31007751937983;100.0;1.550387596899225;338.7596899224806;79.84496124031008;42.57055423325399;520.1550387596899;562.7255929929439;235000.0;182.1705426356589;1.0;0.548936170212766;renhold_urimelig_lav;
5433;Hasvik (2020-2023);2023;130;570.0;9880.0;207000.0;2000.0;151000.0;112000.0;980000.0;363.1578947368421;3.508771929824561;264.9122807017544;94.73684210526316;196.49122807017545;99.19028340080972;559.6491228070175;658.8394062078272;0.0;0.0;;;energi_urimelig_lav;kwh_null|kwh_urimelig_lav
5435;Nordkapp (2020-2023);2023;130;2160.0;27126.0;1609000.0;511000.0;563000.0;168000.0;70000.0;744.9074074074074;236.57407407407408;260.64814814814815;247.6851851851852;77.77777777777777;2.5805500258055;822.6851851851852;825.2657352109907;432000.0;200.0;1.0;1.1828703703703705;;
5436;Porsanger - Porsángu - Porsanki  (2020-2023);2023;130;3974.0;29881.0;514000.0;-1103000.0;345000.0;253000.0;1844000.0;129.34071464519377;-277.55410166079514;86.81429290387518;320.0805234021137;63.66381479617514;61.71145543991165;193.0045294413689;254.71598488128055;556000.0;139.90941117262204;1.0;-1.9838129496402876;drift_urimelig_lav|energi_urimelig_lav;implisitt_pris_utenfor
5437;Kárásjohka-Karasjok (2020-2023);2023;130;3524.0;25411.0;599000.0;289000.0;6000.0;262000.0;1875000.0;169.9772985244041;82.00908059023837;1.7026106696935301;86.2656072644722;74.34733257661748;73.78694266262642;244.32463110102157;318.111573763648;111000.0;31.498297389330308;1.0;2.6036036036036037;drift_urimelig_lav|renhold_urimelig_lav;kwh_urimelig_lav
5438;Lebesby (2020-2023);2023;130;1150.0;12821.0;5083000.0;-107000.0;786000.0;67000.0;781000.0;4420.0;-93.04347826086956;683.4782608695652;3829.5652173913045;58.26086956521739;60.91568520396225;4478.260869565217;4539.176554769179;252000.0;219.1304347826087;1.0;-0.4246031746031746;energi_urimelig_lav;implisitt_pris_utenfor
5439;Gamvik (2020-2023);2023;130;741.0;16288.0;574000.0;136000.0;245000.0;29000.0;2676000.0;774.6288798920377;183.5357624831309;330.63427800269903;260.4588394062078;39.13630229419703;164.2927308447937;813.7651821862348;978.0579130310285;121000.0;163.29284750337382;1.0;1.1239669421487604;;
5440;Berlevåg (2020-2023);2023;130;1520.0;10114.0;864000.0;242000.0;109000.0;19000.0;595000.0;568.421052631579;159.21052631578948;71.71052631578948;337.5;12.5;58.82934546173621;580.921052631579;639.7503980933152;250000.0;164.47368421052633;0.836;0.968;;
5441;Deatnu-Tana (2020-2023);2023;130;2894.0;26767.0;2142000.0;276000.0;7000.0;65000.0;2594000.0;740.1520387007602;95.36973047684866;2.4187975120939877;642.3635107118175;22.460262612301314;96.91037471513431;762.6123013130615;859.5226760281957;390000.0;134.76157567380787;0.9358974358974359;0.7076923076923078;renhold_urimelig_lav;
5442;Unjárga-Nesseby (2020-2023);2023;130;1688.0;8863.0;1703000.0;346000.0;442000.0;181000.0;379000.0;1008.8862559241707;204.97630331753555;261.8483412322275;542.0616113744076;107.22748815165876;42.76204445447365;1116.1137440758293;1158.875788530303;345000.0;204.38388625592418;1.0;1.0028985507246377;;
5443;Båtsfjord (2020-2023);2023;130;1602.0;16497.0;598000.0;204000.0;167000.0;175000.0;162000.0;373.2833957553059;127.34082397003745;104.24469413233459;141.69787765293384;109.23845193508114;9.819967266775777;482.521847690387;492.3418149571628;172000.0;107.36579275905119;1.0;1.1860465116279069;;
5444;Sør-Varanger (2020-2023);2023;130;5200.0;82858.0;4249000.0;1052000.0;1311000.0;242000.0;2472000.0;817.1153846153846;202.30769230769232;252.1153846153846;362.6923076923077;46.53846153846154;29.834174129233144;863.6538461538462;893.4880202830793;1161000.0;223.26923076923077;1.0;0.9061154177433247;;
