kommune;kommunenavn;aargang;funksjon;eid_areal_m2;portefoljeareal_m2;drift_kr;energi_kr;renhold_kr;vedlikehold_kr;forvaltning_kr;drift_kr_m2;energi_kr_m2;renhold_kr_m2;ovrig_drift_kr_m2;vedlikehold_kr_m2;forvaltning_kr_m2;dv_kr_m2;fdv_kr_m2;energibruk_kwh;kwh_m2;fornybarandel;implisitt_energipris_kr_kwh;flagg_kostnad;flagg_energi
0301;Oslo - Oslove;2023;221;292667.0;2301233.0;717246000.0;68651000.0;77146000.0;246263000.0;292785000.0;2450.723860223394;234.57034786976325;263.59651071012445;1952.557001643506;841.4443719312393;127.2296199472196;3292.168232154633;3419.397852101853;41940000.0;143.30279806059445;1.0;1.63688602765856;DV_uteligger_hoy;
1101;Eigersund;2023;221;4063.0;46878.0;4035000.0;746000.0;1597000.0;239000.0;9696000.0;993.1085404873246;183.6081713019936;393.05931577651984;416.44105340881123;58.8235294117647;206.83476257519519;1051.9320698990894;1258.7668324742845;439000.0;108.04824021658872;1.0;1.6993166287015946;;
1103;Stavanger;2023;221;72582.0;643220.0;68746000.0;12865000.0;26344000.0;16420000.0;101469000.0;947.1494309883993;177.24780248546472;362.9550026177289;406.9466258852057;226.22688820919788;157.75162463853735;1173.3763191975972;1331.1279438361346;8545000.0;117.7289135047257;1.0;1.505558806319485;;
1106;Haugesund;2023;221;4138.0;135720.0;2389000.0;824000.0;611000.0;428000.0;3174000.0;577.3320444659256;199.13001449975835;147.65587240212662;230.5461575640406;103.43160947317544;23.386383731211318;680.763653939101;704.1500376703124;594000.0;143.54760753987435;1.0;1.387205387205387;;
1108;Sandnes;2023;221;29348.0;322126.0;23842000.0;2006000.0;7765000.0;4293000.0;33685000.0;812.3892599154968;68.35218754259235;264.58361728226794;479.4534550906365;146.27913316069237;104.57088220137462;958.6683930761892;1063.2392752775638;4038000.0;137.5902957612103;0.967062902426944;0.4967805844477464;;implisitt_pris_utenfor
1111;Sokndal;2023;221;140.0;22443.0;0.0;0.0;0.0;0.0;850000.0;0.0;0.0;0.0;0.0;0.0;37.87372454662924;0.0;37.87372454662924;0.0;0.0;;;areal_for_lite|drift_null|drift_urimelig_lav|energi_urimelig_lav|renhold_urimelig_lav;areal_for_lite|kwh_null|kwh_urimelig_lav
1112;Lund;2023;221;1071.0;23592.0;779000.0;197000.0;133000.0;9000.0;87000.0;727.3576097105508;183.94024276377218;124.18300653594771;419.234360410831;8.403361344537815;3.6876907426246186;735.7609710550887;739.4486617977133;142000.0;132.58636788048554;1.0;1.3873239436619718;;
1114;Bjerkreim;2023;221;2088.0;18151.0;1464000.0;219000.0;352000.0;22000.0;766000.0;701.1494252873563;104.88505747126437;168.5823754789272;427.68199233716473;10.53639846743295;42.20153159605531;711.6858237547892;753.8873553508446;140000.0;67.04980842911877;1.0;1.5642857142857145;;kwh_uteligger
1119;Hå;2023;221;11742.0;87311.0;9843000.0;2408000.0;3361000.0;1395000.0;2301000.0;838.2728666326009;205.0757962868336;286.23743825583375;346.95963208993356;118.80429228410833;26.354067643252282;957.0771589167092;983.4312265599615;1507000.0;128.3427014137285;1.0;1.5978765759787659;;
1120;Klepp;2023;221;10918.0;90439.0;9353000.0;2163000.0;2362000.0;1909000.0;2465000.0;856.658728704891;198.11320754716982;216.339989008976;442.2055321487452;174.8488734200403;27.25594046816086;1031.5076021249313;1058.763542593092;1672000.0;153.14160102582892;0.9694976076555024;1.2936602870813396;;
1121;Time;2023;221;8458.0;88298.0;6823000.0;1547000.0;2719000.0;390000.0;8583000.0;806.6918893355403;182.90375975407898;321.4707968786947;302.31733270276663;46.11019153464176;97.20491970373055;852.8020808701821;950.0070005739126;1089000.0;128.75384251596122;1.0;1.4205693296602386;;
1122;Gjesdal;2023;221;8583.0;57995.0;7400000.0;1539000.0;2449000.0;581000.0;3787000.0;862.1694046370733;179.30793428871024;285.33146918326923;397.5300011650938;67.69194920191076;65.29873264936633;929.8613538389841;995.1600864883504;985000.0;114.76173831993475;1.0;1.5624365482233504;;
1124;Sola;2023;221;9291.0;185461.0;11082000.0;2985000.0;4451000.0;1878000.0;19456000.0;1192.7671940587666;321.2786567646109;479.065762565924;392.4227747282316;202.13109460768484;104.90615277605535;1394.8982886664514;1499.8044414425067;1931000.0;207.83553976966957;0.9528741584671155;1.5458311755567065;;
1127;Randaberg;2023;221;6020.0;71912.0;6116000.0;1317000.0;2392000.0;629000.0;3517000.0;1015.9468438538206;218.77076411960132;397.3421926910299;399.83388704318935;104.48504983388705;48.906997441317166;1120.4318936877075;1169.3388911290247;169000.0;28.07308970099668;1.0;7.792899408284023;;kwh_urimelig_lav|implisitt_pris_utenfor
1130;Strand;2023;221;2978.0;67525.0;4472000.0;644000.0;1489000.0;616000.0;4807000.0;1501.6789791806582;216.252518468771;500.0;785.4264607118872;206.85023505708529;71.1884487226953;1708.5292142377434;1779.7176629604387;395000.0;132.63935527199462;1.0;1.6303797468354433;;
1133;Hjelmeland;2023;221;2807.0;26169.0;3468000.0;381000.0;1428000.0;636000.0;2457000.0;1235.482721767011;135.73209832561454;508.7281795511222;591.0224438902743;226.57641610260063;93.88971684053651;1462.0591378696117;1555.9488547101482;290000.0;103.31314570716067;1.0;1.313793103448276;;
1134;Suldal;2023;221;2634.0;38732.0;4068000.0;989000.0;1324000.0;625000.0;1364000.0;1544.4191343963553;375.4745634016705;502.6575550493546;666.2870159453303;237.2817008352316;35.21635856655995;1781.700835231587;1816.9171937981469;470000.0;178.43583902809416;1.0;2.104255319148936;;
1135;Sauda;2023;221;1865.0;26048.0;2567000.0;497000.0;1182000.0;61000.0;545000.0;1376.4075067024128;266.48793565683644;633.7801608579089;476.1394101876676;32.707774798927616;20.922911547911546;1409.1152815013404;1430.038193049252;285000.0;152.81501340482575;1.0;1.7438596491228067;;
1144;Kvitsøy;2023;221;340.0;6644.0;536000.0;74000.0;130000.0;25000.0;191000.0;1576.4705882352941;217.64705882352942;382.3529411764706;976.4705882352941;73.52941176470588;28.747742323901264;1650.0;1678.7477423239013;48000.0;141.1764705882353;1.0;1.5416666666666665;areal_for_lite;areal_for_lite
1145;Bokn;2023;221;573.0;11283.0;230000.0;59000.0;-10000.0;9000.0;483000.0;401.3961605584642;102.96684118673647;-17.452006980802793;315.88132635253055;15.706806282722512;42.80776389258176;417.10296684118674;459.9107307337685;90000.0;157.06806282722513;1.0;0.6555555555555556;renhold_urimelig_lav;
1146;Tysvær;2023;221;4668.0;76188.0;8116000.0;1368000.0;3007000.0;672000.0;6535000.0;1738.6461011139675;293.05912596401026;644.1730934018851;801.413881748072;143.95886889460155;85.77466267653699;1882.604970008569;1968.379632685106;826000.0;176.94944301628107;0.9515738498789347;1.6561743341404358;;
1149;Karmøy;2023;221;5108.0;189453.0;4732000.0;1476000.0;1560000.0;779000.0;7810000.0;926.3899765074393;288.9584964761159;305.4032889584965;332.0281910728269;152.50587314017227;41.22394472507693;1078.8958496476116;1120.1197943726886;1025000.0;200.66562255285825;0.9278048780487805;1.4400000000000002;;
1151;Utsira;2023;221;159.0;3289.0;189000.0;27000.0;44000.0;2000.0;126000.0;1188.6792452830189;169.81132075471697;276.7295597484277;742.1383647798742;12.578616352201259;38.30951657038614;1201.25786163522;1239.5673782056062;22000.0;138.36477987421384;1.0;1.2272727272727273;areal_for_lite;areal_for_lite
1160;Vindafjord;2023;221;4733.0;60864.0;3895000.0;960000.0;1734000.0;298000.0;2609000.0;822.9452778364673;202.83118529473907;366.3638284386224;253.75026410310585;62.96218043524192;42.86606203995794;885.9074582717093;928.7735203116672;536000.0;113.24741178956265;1.0;1.791044776119403;;
1505;Kristiansund;2023;221;7549.0;115530.0;7347000.0;960000.0;3044000.0;434000.0;15636000.0;973.2414889389323;127.16916147834151;403.2322161875745;442.8401112730163;57.49105841833355;135.34146974811736;1030.732547357266;1166.0740171053833;801000.0;106.10676910849119;1.0;1.198501872659176;;
1506;Molde;2023;221;11935.0;166855.0;12704000.0;1884000.0;4218000.0;547000.0;15084000.0;1064.4323418516967;157.85504817762882;353.414327607876;553.1629660661919;45.83158776707164;90.40184591411705;1110.2639296187683;1200.6657755328854;1698000.0;142.27063259321324;1.0;1.1095406360424027;;
1507;Ålesund (2020-2023);2023;221;13065.0;253362.0;12663000.0;1605000.0;5045000.0;4803000.0;6162000.0;969.2307692307693;122.84730195177957;386.14619211634135;460.2372751626483;367.6234213547646;24.32093210505127;1336.8541905855338;1361.175122690585;4207000.0;322.0053578262534;1.0;0.3815070121226527;;implisitt_pris_utenfor
1511;Vanylven;2023;221;990.0;23544.0;687000.0;45000.0;144000.0;36000.0;0.0;693.939393939394;45.45454545454545;145.45454545454547;503.030303030303;36.36363636363637;0.0;730.3030303030303;730.3030303030303;108000.0;109.0909090909091;1.0;0.41666666666666663;;implisitt_pris_utenfor
1514;Sande;2023;221;575.0;23289.0;1626000.0;75000.0;848000.0;161000.0;784000.0;2827.8260869565215;130.43478260869566;1474.7826086956522;1222.608695652174;280.0;33.66396152690111;3107.8260869565215;3141.4900484834225;73000.0;126.95652173913044;1.0;1.0273972602739727;DV_uteligger_hoy;
1515;Herøy (Møre og Romsdal);2023;221;1101.0;47224.0;288000.0;62000.0;0.0;59000.0;4229000.0;261.58038147138967;56.31244323342416;0.0;205.2679382379655;53.58764759309719;89.5519227511435;315.1680290644868;404.7199518156303;210000.0;190.7356948228883;1.0;0.29523809523809524;renhold_urimelig_lav;implisitt_pris_utenfor
1516;Ulstein;2023;221;873.0;51946.0;1560000.0;93000.0;826000.0;289000.0;7012000.0;1786.9415807560138;106.52920962199313;946.1626575028637;734.249713631157;331.04238258877433;134.98633196011244;2117.983963344788;2252.9702953049004;180000.0;206.18556701030928;1.0;0.5166666666666667;;
1517;Hareid;2023;221;1686.0;40307.0;1876000.0;93000.0;497000.0;495000.0;5208000.0;1112.6927639383155;55.16014234875445;294.78054567022537;762.7520759193357;293.5943060498221;129.20832609720395;1406.2870699881375;1535.4953960853416;248000.0;147.09371293001186;1.0;0.375;;implisitt_pris_utenfor
1520;Ørsta;2023;221;4521.0;67119.0;3644000.0;313000.0;1838000.0;123000.0;3775000.0;806.0163680601637;69.23247069232471;406.5472240654722;330.23667330236674;27.2063702720637;56.24338860829273;833.2227383322274;889.4661269405202;859000.0;190.00221190002213;1.0;0.36437718277066355;;implisitt_pris_utenfor
1525;Stranda;2023;221;1947.0;24522.0;2174000.0;314000.0;646000.0;112000.0;44000.0;1116.5896250642013;161.27375449409348;331.7925012840267;623.5233692860811;57.524396507447356;1.7943071527607863;1174.1140215716487;1175.9083287244096;383000.0;196.71289162814585;1.0;0.8198433420365536;;
1528;Sykkylven;2023;221;2116.0;30993.0;845000.0;225000.0;292000.0;297000.0;1873000.0;399.3383742911153;106.33270321361059;137.9962192816635;155.00945179584122;140.35916824196596;60.43300100022586;539.6975425330813;600.1305435333072;245000.0;115.78449905482042;1.0;0.9183673469387755;DV_uteligger_lav;
1531;Sula;2023;221;3187.0;56844.0;2095000.0;251000.0;715000.0;173000.0;6272000.0;657.3580169438343;78.75745214935677;224.34891747725132;354.25164731722623;54.28302478820207;110.33706283864612;711.6410417320363;821.9781045706825;421000.0;132.09915280828366;1.0;0.5961995249406176;;
1532;Giske;2023;221;2150.0;42930.0;933000.0;113000.0;355000.0;133000.0;2307000.0;433.95348837209303;52.55813953488372;165.11627906976744;216.27906976744185;61.86046511627907;53.73864430468204;495.8139534883721;549.5525977930541;173000.0;80.46511627906976;1.0;0.6531791907514451;DV_uteligger_lav;
1535;Vestnes;2023;221;2551.0;43894.0;2180000.0;842000.0;613000.0;406000.0;6275000.0;854.5668365346922;330.06664053312426;240.29792238337907;284.20227361818894;159.1532732261858;142.95803526677906;1013.7201097608781;1156.6781450276571;661000.0;259.1140729125833;1.0;1.2738275340393344;;
1539;Rauma;2023;221;3767.0;53750.0;2049000.0;441000.0;698000.0;92000.0;2511000.0;543.9341651181311;117.06928590390231;185.2933368728431;241.5715423413857;24.422617467480755;46.716279069767445;568.3567825856119;615.0730616553793;390000.0;103.53066100345102;1.0;1.130769230769231;;
1547;Aukra;2023;221;3120.0;26396.0;2846000.0;472000.0;1087000.0;205000.0;483000.0;912.1794871794872;151.28205128205127;348.3974358974359;412.5;65.7051282051282;18.29822700409153;977.8846153846154;996.1828423887068;451000.0;144.55128205128204;1.0;1.0465631929046564;;
1554;Averøy;2023;221;1236.0;23852.0;1428000.0;150000.0;501000.0;253000.0;1649000.0;1155.3398058252428;121.35922330097087;405.3398058252427;628.6407766990292;204.6925566343042;69.13466375985243;1360.032362459547;1429.1670262193993;205000.0;165.85760517799352;1.0;0.7317073170731707;;
1557;Gjemnes;2023;221;1597.0;18282.0;1555000.0;224000.0;545000.0;96000.0;558000.0;973.700688791484;140.26299311208516;341.2648716343143;492.17282404508455;60.11271133375078;30.52182474565146;1033.813400125235;1064.3352248708863;201000.0;125.8609893550407;1.0;1.1144278606965174;;
1560;Tingvoll;2023;221;1635.0;26517.0;2041000.0;167000.0;954000.0;237000.0;1660000.0;1248.3180428134556;102.14067278287462;583.4862385321101;562.6911314984709;144.954128440367;62.601350077308894;1393.2721712538225;1455.8735213311315;252000.0;154.12844036697248;1.0;0.6626984126984127;;
1563;Sunndal;2023;221;4973.0;48587.0;3972000.0;878000.0;1953000.0;1375000.0;3638000.0;798.7130504725518;176.55338829680272;392.720691735371;229.43897044037803;276.4930625377036;74.87599563669295;1075.2061130102554;1150.0821086469484;821000.0;165.09149406796703;1.0;1.0694275274056029;;
1566;Surnadal;2023;221;2715.0;33305.0;3033000.0;571000.0;1127000.0;202000.0;1817000.0;1117.1270718232045;210.31307550644567;415.10128913443833;491.71270718232046;74.40147329650092;54.556372916979434;1191.5285451197053;1246.0849180366847;640000.0;235.72744014732965;1.0;0.8921875;;
1573;Smøla;2023;221;1090.0;15864.0;2088000.0;268000.0;509000.0;75000.0;0.0;1915.5963302752293;245.87155963302752;466.9724770642202;1202.7522935779816;68.80733944954129;0.0;1984.4036697247707;1984.4036697247707;;;;;;kwh_mangler
1576;Aure;2023;221;2389.0;24660.0;2293000.0;319000.0;854000.0;201000.0;0.0;959.8158225198828;133.52867308497278;357.4717455002093;468.8154039347007;84.1356215989954;0.0;1043.9514441188783;1043.9514441188783;322000.0;134.78442863122646;1.0;0.9906832298136644;;
1577;Volda;2023;221;4260.0;47817.0;3424000.0;188000.0;1719000.0;818000.0;10758000.0;803.755868544601;44.13145539906103;403.5211267605634;356.1032863849765;192.018779342723;224.98274672187716;995.7746478873239;1220.7573946092011;829000.0;194.60093896713616;1.0;0.22677925211097708;;implisitt_pris_utenfor
1578;Fjord;2023;221;2555.0;31570.0;2429000.0;280000.0;781000.0;84000.0;0.0;950.6849315068494;109.58904109589041;305.6751467710372;535.4207436399217;32.87671232876713;0.0;983.5616438356165;983.5616438356165;419000.0;163.9921722113503;1.0;0.6682577565632458;;
1579;Hustadvika;2023;221;4468.0;62859.0;5903000.0;818000.0;1856000.0;987000.0;7373000.0;1321.1727842435093;183.07967770814682;415.3983885407341;722.6947179946285;220.90420769919427;117.29426176044798;1542.0769919427037;1659.3712537031518;780000.0;174.5747538048344;1.0;1.0487179487179485;;
1804;Bodø;2023;221;13300.0;243293.0;15256000.0;2037000.0;4052000.0;7496000.0;26816000.0;1147.0676691729323;153.1578947368421;304.6616541353383;689.2481203007519;563.609022556391;110.22100923577743;1710.6766917293232;1820.8977009651007;2246000.0;168.87218045112783;1.0;0.9069456812110418;;
1806;Narvik;2023;221;5491.0;122049.0;6445000.0;1034000.0;0.0;1358000.0;9814000.0;1173.7388453833546;188.30814059369877;0.0;985.4307047896558;247.3137861955928;80.41032699981155;1421.0526315789473;1501.4629585787588;1157000.0;210.70843197960298;1.0;0.8936905790838375;renhold_urimelig_lav;
1811;Bindal;2023;221;1195.0;12427.0;1692000.0;243000.0;585000.0;155000.0;387000.0;1415.8995815899582;203.34728033472803;489.5397489539749;723.0125523012553;129.7071129707113;31.141868512110726;1545.6066945606694;1576.7485630727801;510000.0;426.77824267782427;1.0;0.4764705882352941;;implisitt_pris_utenfor|kwh_uteligger
1812;Sømna;2023;221;614.0;16671.0;688000.0;98000.0;358000.0;9000.0;0.0;1120.5211726384364;159.60912052117263;583.0618892508144;377.8501628664495;14.657980456026058;0.0;1135.1791530944624;1135.1791530944624;84000.0;136.80781758957656;1.0;1.1666666666666665;;
1813;Brønnøy;2023;221;2265.0;47152.0;2180000.0;215000.0;592000.0;349000.0;2281000.0;962.4724061810155;94.92273730684327;261.36865342163355;606.1810154525386;154.08388520971303;48.375466576179164;1116.5562913907286;1164.9317579669078;309000.0;136.42384105960264;1.0;0.6957928802588997;;
1815;Vega;2023;221;1100.0;12500.0;514000.0;80000.0;12000.0;318000.0;0.0;467.27272727272725;72.72727272727273;10.909090909090908;383.6363636363636;289.09090909090907;0.0;756.3636363636364;756.3636363636364;;;;;renhold_urimelig_lav;kwh_mangler
1816;Vevelstad;2023;221;282.0;4662.0;305000.0;62000.0;0.0;164000.0;0.0;1081.5602836879432;219.8581560283688;0.0;861.7021276595744;581.5602836879433;0.0;1663.1205673758866;1663.1205673758866;62000.0;219.8581560283688;1.0;1.0;areal_for_lite|renhold_urimelig_lav;areal_for_lite
1818;Herøy (Nordland);2023;221;773.0;13648.0;1062000.0;184000.0;359000.0;60000.0;576000.0;1373.8680465717982;238.03363518758084;464.42432082794306;671.4100905562742;77.61966364812419;42.20398593200469;1451.4877102199223;1493.691696151927;220000.0;284.6054333764554;1.0;0.8363636363636363;;
1820;Alstahaug;2023;221;1936.0;50792.0;2639000.0;337000.0;1004000.0;749000.0;5082000.0;1363.1198347107438;174.0702479338843;518.595041322314;670.4545454545455;386.8801652892562;100.05512679162072;1750.0;1850.0551267916208;385000.0;198.86363636363637;1.0;0.8753246753246753;;
1822;Leirfjord;2023;221;2573.0;18895.0;1944000.0;596000.0;539000.0;56000.0;581000.0;755.5382821609016;231.6362223085892;209.4830936649825;314.41896618732994;21.764477263894285;30.74887536385287;777.3027594247959;808.0516347886488;416000.0;161.67897396035755;1.0;1.4326923076923077;;
1824;Vefsn;2023;221;4400.0;74993.0;5193000.0;616000.0;802000.0;671000.0;6394000.0;1180.2272727272727;140.0;182.27272727272728;857.9545454545455;152.5;85.26129105383168;1332.7272727272727;1417.9885637811044;653000.0;148.4090909090909;1.0;0.9433384379785605;;
1825;Grane;2023;221;630.0;13298.0;744000.0;209000.0;41000.0;55000.0;0.0;1180.952380952381;331.74603174603175;65.07936507936508;784.1269841269841;87.3015873015873;0.0;1268.2539682539682;1268.2539682539682;0.0;0.0;;;;kwh_null|kwh_urimelig_lav
1826;Hattfjelldal - Aarborte;2023;221;562.0;18371.0;790000.0;102000.0;265000.0;306000.0;690000.0;1405.693950177936;181.49466192170817;471.5302491103203;752.6690391459075;544.4839857651245;37.55919655979533;1950.1779359430604;1987.7371325028557;95000.0;169.0391459074733;1.0;1.0736842105263158;;
1827;Dønna;2023;221;805.0;13780.0;653000.0;155000.0;247000.0;84000.0;2461000.0;811.1801242236024;192.54658385093168;306.832298136646;311.80124223602485;104.34782608695652;178.5921625544267;915.527950310559;1094.1201128649857;193000.0;239.75155279503105;1.0;0.8031088082901555;;
1832;Hemnes;2023;221;2726.0;37901.0;3377000.0;617000.0;1034000.0;386000.0;383000.0;1238.8114453411592;226.3389581804842;379.3103448275862;633.1621423330888;141.59941305942775;10.105274267169731;1380.410858400587;1390.5161326677567;549000.0;201.39398385913427;1.0;1.1238615664845173;;
1833;Rana;2023;221;6219.0;107612.0;6608000.0;1233000.0;1341000.0;1006000.0;10715000.0;1062.5502492362116;198.26338639652678;215.62952243125903;648.6573404084257;161.76234121241356;99.57067984983087;1224.312590448625;1323.883270298456;1378000.0;221.57903199871362;1.0;0.8947750362844703;;
1834;Lurøy;2023;221;1552.0;23500.0;980000.0;216000.0;6000.0;359000.0;0.0;631.4432989690722;139.17525773195877;3.865979381443299;488.4020618556701;231.31443298969072;0.0;862.7577319587629;862.7577319587629;212000.0;136.5979381443299;1.0;1.0188679245283019;renhold_urimelig_lav;
1835;Træna;2023;221;265.0;5050.0;334000.0;0.0;110000.0;132000.0;136000.0;1260.377358490566;0.0;415.0943396226415;845.2830188679245;498.1132075471698;26.93069306930693;1758.4905660377358;1785.4212591070427;200000.0;754.7169811320755;1.0;0.0;areal_for_lite|energi_urimelig_lav;areal_for_lite|kwh_urimelig_hoy|implisitt_pris_utenfor
1837;Meløy;2023;221;4027.0;42380.0;5055000.0;826000.0;2280000.0;484000.0;5416000.0;1255.276881052893;205.11547057362802;566.1782964986343;483.9831139806307;120.18872609883287;127.79613025011798;1375.4656071517259;1503.261737401844;860000.0;213.55848025825676;1.0;0.9604651162790698;;
1838;Gildeskål;2023;221;1044.0;23267.0;1336000.0;148000.0;558000.0;174000.0;2101000.0;1279.6934865900382;141.7624521072797;534.4827586206897;603.448275862069;166.66666666666666;90.29956590879787;1446.360153256705;1536.6597191655028;343000.0;328.544061302682;1.0;0.4314868804664723;;implisitt_pris_utenfor
1839;Beiarn;2023;221;848.0;11383.0;802000.0;149000.0;156000.0;123000.0;102000.0;945.7547169811321;175.70754716981133;183.96226415094338;586.0849056603773;145.04716981132074;8.960730914521655;1090.801886792453;1099.7626177069747;127000.0;149.76415094339623;1.0;1.173228346456693;;
1840;Saltdal;2023;221;2636.0;32465.0;3779000.0;593000.0;1251000.0;394000.0;1769000.0;1433.6115326251897;224.96206373292867;474.5827010622155;734.0667678300455;149.4688922610015;54.48945017711382;1583.0804248861912;1637.569875063305;775000.0;294.0060698027314;1.0;0.7651612903225806;;
1841;Fauske - Fuossko;2023;221;3646.0;38761.0;2455000.0;390000.0;697000.0;155000.0;5448000.0;673.3406472846956;106.96653867251783;191.1684037301152;375.20570488206255;42.512342292923755;140.55364928665412;715.8529895776193;856.4066388642734;717000.0;196.65386725178277;1.0;0.5439330543933054;;
1845;Sørfold;2023;221;1066.0;23702.0;698000.0;60000.0;175000.0;8000.0;679000.0;654.7842401500939;56.28517823639775;164.16510318949344;434.3339587242026;7.5046904315197;28.647371529828707;662.2889305816135;690.9363021114422;170000.0;159.47467166979362;1.0;0.3529411764705882;;implisitt_pris_utenfor
1848;Steigen;2023;221;750.0;20151.0;1186000.0;271000.0;285000.0;786000.0;1988000.0;1581.3333333333333;361.3333333333333;380.0;840.0;1048.0;98.65515359039253;2629.3333333333335;2727.988486923726;172000.0;229.33333333333334;1.0;1.5755813953488371;;
1851;Lødingen;2023;221;250.0;12491.0;0.0;0.0;0.0;0.0;447000.0;0.0;0.0;0.0;0.0;0.0;35.78576575134097;0.0;35.78576575134097;0.0;0.0;;;areal_for_lite|drift_null|drift_urimelig_lav|energi_urimelig_lav|renhold_urimelig_lav;areal_for_lite|kwh_null|kwh_urimelig_lav
1853;Evenes - Evenássi;2023;221;1208.0;16553.0;954000.0;135000.0;110000.0;123000.0;482000.0;789.7350993377484;111.75496688741723;91.05960264900662;586.9205298013245;101.82119205298014;29.118588775448558;891.5562913907285;920.674880166177;168000.0;139.0728476821192;1.0;0.8035714285714286;;
1856;Røst;2023;221;0.0;5519.0;221000.0;10000.0;120000.0;1000.0;373000.0;;;;;;;;;0.0;;;;areal_mangler;areal_mangler|kwh_mangler
1857;Værøy;2023;221;1200.0;7950.0;570000.0;44000.0;246000.0;22000.0;142000.0;475.0;36.666666666666664;205.0;233.33333333333334;18.333333333333332;17.861635220125788;493.3333333333333;511.1949685534591;169000.0;140.83333333333334;1.0;0.26035502958579876;energi_urimelig_lav;implisitt_pris_utenfor
1859;Flakstad;2023;221;612.0;7042.0;43000.0;23000.0;0.0;14000.0;285000.0;70.26143790849673;37.58169934640523;0.0;32.6797385620915;22.875816993464053;40.47145697245101;93.13725490196079;133.6087118744118;8000.0;13.071895424836601;1.0;2.875;drift_urimelig_lav|energi_urimelig_lav|renhold_urimelig_lav;kwh_urimelig_lav
1860;Vestvågøy;2023;221;1094.0;65709.0;1372000.0;144000.0;392000.0;135000.0;14000.0;1254.1133455210238;131.62705667276052;358.3180987202925;764.1681901279708;123.40036563071298;0.2130606157451795;1377.5137111517367;1377.726771767482;135000.0;123.40036563071298;1.0;1.0666666666666667;;
1865;Vågan;2023;221;1843.0;60584.0;915000.0;103000.0;0.0;130000.0;4385000.0;496.4731416169289;55.88714053174173;0.0;440.5860010851872;70.53716766142159;72.37884589990756;567.0103092783505;639.3891551782581;144000.0;78.1334780249593;1.0;0.7152777777777778;renhold_urimelig_lav;
1866;Hadsel;2023;221;1120.0;43529.0;1836000.0;394000.0;701000.0;234000.0;3628000.0;1639.2857142857142;351.7857142857143;625.8928571428571;661.6071428571429;208.92857142857142;83.34673436100071;1848.2142857142858;1931.5610200752865;245000.0;218.75;1.0;1.6081632653061224;;
1867;Bø;2023;221;1281.0;23899.0;1198000.0;129000.0;535000.0;69000.0;10000.0;935.2068696330991;100.70257611241217;417.6424668227947;416.8618266978923;53.86416861826698;0.41842754926984393;989.0710382513661;989.4894658006359;287000.0;224.04371584699453;1.0;0.4494773519163763;;implisitt_pris_utenfor
1868;Øksnes;2023;221;1265.0;30258.0;1142000.0;224000.0;632000.0;219000.0;3354000.0;902.7667984189724;177.07509881422925;499.60474308300394;226.08695652173913;173.12252964426878;110.8467182232798;1075.889328063241;1186.7360462865208;287000.0;226.87747035573122;1.0;0.7804878048780488;;
1870;Sortland - Suortá;2023;221;2850.0;70019.0;4718000.0;536000.0;1927000.0;368000.0;5222000.0;1655.438596491228;188.0701754385965;676.140350877193;791.2280701754386;129.12280701754386;74.57975692312087;1784.561403508772;1859.1411604318928;513000.0;180.0;1.0;1.0448343079922027;;
1871;Andøy;2023;221;1832.0;25177.0;1814000.0;418000.0;589000.0;398000.0;47000.0;990.1746724890829;228.16593886462883;321.50655021834064;440.50218340611355;217.24890829694323;1.8667831751201494;1207.4235807860262;1209.2903639611463;440000.0;240.17467248908298;1.0;0.95;;
1875;Hamarøy - Hábmer;2023;221;2255.0;25037.0;1870000.0;451000.0;333000.0;449000.0;1706000.0;829.2682926829268;200.0;147.67184035476717;481.59645232815967;199.11308203991132;68.13915405200304;1028.3813747228382;1096.5205287748413;287000.0;127.27272727272727;1.0;1.5714285714285716;;
2111;Longyearbyen;2023;221;1653.0;17843.0;4210000.0;641000.0;1480000.0;443000.0;3403000.0;2546.884452510587;387.7797943133696;895.3418027828192;1263.762855414398;267.9975801572898;190.71904948719387;2814.8820326678765;3005.6010821550703;370000.0;223.8354506957048;1.0;1.7324324324324323;DV_uteligger_hoy;
3001;Halden (2020-2023);2023;221;3478.0;128370.0;2426000.0;536000.0;1191000.0;395000.0;16349000.0;697.5273145485911;154.11155836687752;342.43818286371476;200.97757331799886;113.57101782633697;127.35841707564073;811.0983323749281;938.4567494505689;500000.0;143.7607820586544;1.0;1.072;;
3002;Moss (2020-2023);2023;221;9156.0;181980.0;9111000.0;1508000.0;1970000.0;1848000.0;21061000.0;995.0851900393185;164.70074268239406;215.15945827872434;615.2249890782001;201.8348623853211;115.73249807671172;1196.9200524246396;1312.6525505013512;1379000.0;150.61162079510703;1.0;1.0935460478607688;;
3003;Sarpsborg (2020-2023);2023;221;9930.0;231862.0;9818000.0;1505000.0;3840000.0;1275000.0;24445000.0;988.7210473313193;151.56092648539777;386.7069486404834;450.4531722054381;128.3987915407855;105.42909144232345;1117.1198388721048;1222.5489303144282;1346000.0;135.54884189325276;1.0;1.1181277860326895;;
3004;Fredrikstad (2020-2023);2023;221;14827.0;396835.0;13934000.0;3150000.0;4900000.0;2203000.0;35611000.0;939.7720374991569;212.45025966142848;330.4781816955554;396.84359614217306;148.58029270924663;89.73754835132989;1088.3523302084036;1178.0898785597335;2165000.0;146.01740068793418;1.0;1.4549653579676673;;
3005;Drammen (2020-2023);2023;221;32379.0;379436.0;24262000.0;4821000.0;6766000.0;11179000.0;52984000.0;749.3128262145218;148.8928008894654;208.96259921554093;391.45742610951544;345.25464035331544;139.63883237225778;1094.567466567837;1234.206298940095;4679000.0;144.5072423484357;1.0;1.030348365035264;;
3006;Kongsberg (2020-2023);2023;221;5363.0;98085.0;6501000.0;1058000.0;1903000.0;589000.0;21201000.0;1212.1946671639007;197.2776431101995;354.83870967741933;660.0783143762819;109.82658959537572;216.1492582963756;1322.0212567592764;1538.170515055652;651000.0;121.38728323699422;1.0;1.6251920122887864;;
3007;Ringerike (2020-2023);2023;221;7101.0;128482.0;13967000.0;1616000.0;2864000.0;1477000.0;4441000.0;1966.9060695676665;227.57358118574848;403.32347556682157;1336.0090128150964;207.99887339811295;34.56515309537523;2174.9049429657794;2209.4700960611544;1075000.0;151.38712857344035;1.0;1.5032558139534884;;
3011;Hvaler (2020-2023);2023;221;1608.0;18346.0;1747000.0;292000.0;685000.0;28000.0;4038000.0;1086.4427860696517;181.59203980099502;425.9950248756219;478.8557213930348;17.412935323383085;220.1024746538755;1103.8557213930349;1323.9581960469104;300000.0;186.56716417910448;1.0;0.9733333333333333;;
3012;Aremark (2020-2023);2023;221;934.0;16474.0;642000.0;99000.0;249000.0;32000.0;311000.0;687.3661670235546;105.99571734475374;266.59528907922913;314.77516059957173;34.261241970021416;18.878232366152726;721.6274089935761;740.5056413597288;97000.0;103.85438972162741;1.0;1.0206185567010309;;
3013;Marker (2020-2023);2023;221;1300.0;22820.0;1358000.0;141000.0;409000.0;17000.0;699000.0;1044.6153846153845;108.46153846153847;314.61538461538464;621.5384615384615;13.076923076923077;30.63102541630149;1057.6923076923076;1088.3233331086092;88000.0;67.6923076923077;1.0;1.6022727272727273;;kwh_uteligger
3014;Indre Østfold (2020-2023);2023;221;12787.0;178799.0;13530000.0;2668000.0;4179000.0;1319000.0;15486000.0;1058.1058887933057;208.6494095565809;326.8162978024556;522.6401814342692;103.15163838273246;86.61122265784485;1161.2575271760381;1247.868749833883;1906000.0;149.05763666223507;1.0;1.3997901364113328;;
3015;Skiptvet (2020-2023);2023;221;1809.0;26884.0;2765000.0;466000.0;935000.0;275000.0;866000.0;1528.4687672747375;257.6008844665561;516.8601437258154;754.0077390823659;152.01768933112217;32.21246838268115;1680.4864566058595;1712.6989249885407;284000.0;156.99281370923163;1.0;1.6408450704225352;;
3016;Rakkestad (2020-2023);2023;221;3626.0;38827.0;2898000.0;657000.0;893000.0;237000.0;1658000.0;799.2277992277992;181.19139547710975;246.276889134032;371.7595146166575;65.36127964699394;42.702243284312466;864.5890788747931;907.2913221591056;447000.0;123.27633756205185;1.0;1.4697986577181206;;
3017;Råde (2020-2023);2023;221;1265.0;38122.0;1704000.0;391000.0;568000.0;689000.0;1717000.0;1347.0355731225297;309.09090909090907;449.0118577075099;588.9328063241106;544.6640316205534;45.039609674203874;1891.699604743083;1936.7392144172868;216000.0;170.7509881422925;1.0;1.810185185185185;;
3018;Våler (Viken) (2020-2023);2023;221;1954.0;21135.0;2984000.0;427000.0;343000.0;226000.0;3733000.0;1527.123848515865;218.52610030706245;175.53735926305015;1133.0603889457523;115.66018423746162;176.62644901821622;1642.7840327533265;1819.4104817715427;274000.0;140.22517911975436;1.0;1.5583941605839415;;
3019;Vestby (2020-2023);2023;221;7719.0;99903.0;7514000.0;969000.0;1912000.0;3826000.0;3139000.0;973.4421557196528;125.53439564710455;247.70047933670165;600.2072807358467;495.66005959321154;31.420477863527623;1469.1022153128645;1500.522693176392;795000.0;102.99261562378547;1.0;1.2188679245283018;;
3020;Nordre Follo (2020-2023);2023;221;31808.0;256829.0;43311000.0;6160000.0;11482000.0;10220000.0;37432000.0;1361.6385814889336;193.66197183098592;360.97837022132796;806.9982394366198;321.30281690140845;145.74678093205986;1682.941398390342;1828.688179322402;4618000.0;145.18360160965796;1.0;1.3339107838891295;;
3021;Ås (2020-2023);2023;221;11302.0;129775.0;8457000.0;1490000.0;2779000.0;1201000.0;13166000.0;748.274641656344;131.8350734383295;245.8856839497434;370.5538842682711;106.26437798619713;101.45251396648045;854.5390196425411;955.9915336090215;920000.0;81.40152185453901;1.0;1.6195652173913044;;
3022;Frogn (2020-2023);2023;221;3836.0;77315.0;4105000.0;929000.0;1752000.0;663000.0;5884000.0;1070.1251303441084;242.1793534932221;456.725755995829;371.2200208550573;172.83628779979145;76.10424885209856;1242.9614181439;1319.0656669959985;683000.0;178.05005213764338;1.0;1.3601756954612005;;
3023;Nesodden (2020-2023);2023;221;7595.0;76010.0;9687000.0;1820000.0;2248000.0;2211000.0;7129000.0;1275.444371296906;239.63133640552996;295.98420013166555;739.8288347597104;291.1125740618828;93.79029075121694;1566.5569453587887;1660.3472361100055;1271000.0;167.3469387755102;1.0;1.4319433516915814;;
3024;Bærum (2020-2023);2023;221;48600.0;604667.0;49723000.0;7195000.0;14897000.0;9989000.0;92453000.0;1023.1069958847737;148.04526748971193;306.52263374485597;568.5390946502058;205.53497942386832;152.8990336830024;1228.641975308642;1381.5410089916445;6407000.0;131.8312757201646;1.0;1.122990479163415;;
3025;Asker (2020-2023);2023;221;21777.0;441633.0;26430000.0;4068000.0;7371000.0;5724000.0;52171000.0;1213.6657941865271;186.8025898884144;338.4763741562199;688.3868301418928;262.8461220553795;118.1320236485951;1476.5119162419066;1594.6439398905018;2438000.0;111.95297791247647;1.0;1.6685808039376537;;
3026;Aurskog-Høland (2020-2023);2023;221;4265.0;84731.0;4880000.0;643000.0;1782000.0;397000.0;7979000.0;1144.1969519343493;150.76201641266118;417.81946072684644;575.6154747948417;93.08323563892145;94.16860417084656;1237.2801875732707;1331.4487917441172;687000.0;161.07854630715124;1.0;0.9359534206695778;;
3027;Rælingen (2020-2023);2023;221;10089.0;123874.0;7206000.0;1550000.0;2155000.0;3557000.0;10020000.0;714.2432352066608;153.6326692437308;213.5989691743483;347.01159678858164;352.5621964515809;80.88864491337972;1066.8054316582416;1147.6940765716213;1361000.0;134.89939538110815;1.0;1.138868479059515;;
3028;Enebakk (2020-2023);2023;221;2570.0;49970.0;2058000.0;598000.0;821000.0;45000.0;4018000.0;800.7782101167315;232.68482490272373;319.45525291828795;248.63813229571986;17.509727626459146;80.40824494696818;818.2879377431907;898.6961826901588;342000.0;133.0739299610895;1.0;1.7485380116959062;;
3029;Lørenskog (2020-2023);2023;221;25416.0;207178.0;20758000.0;3783000.0;5949000.0;6105000.0;16139000.0;816.7296191375511;148.84324834749765;234.06515580736544;433.82121498268805;240.20302171860246;77.89919779127128;1056.9326408561535;1134.8318386474248;2603000.0;102.415801070192;1.0;1.4533230887437574;;
3030;Lillestrøm (2020-2023);2023;221;37728.0;406808.0;34498000.0;7127000.0;10521000.0;4986000.0;41992000.0;914.3871925360475;188.90479219677692;278.8645038167939;446.61789652247666;132.15648854961833;103.2231421210989;1046.5436810856659;1149.7668232067647;4719000.0;125.0795165394402;1.0;1.510277601186692;;
3031;Nittedal (2020-2023);2023;221;2425.0;109060.0;3517000.0;764000.0;1008000.0;610000.0;8973000.0;1450.3092783505156;315.0515463917526;415.6701030927835;719.5876288659794;251.5463917525773;82.27581147991931;1701.8556701030927;1784.1314815830121;512000.0;211.1340206185567;1.0;1.4921875000000002;;
3032;Gjerdrum (2020-2023);2023;221;973.0;32160.0;4700000.0;849000.0;998000.0;536000.0;5885000.0;4830.421377183967;872.5590955806783;1025.6937307297019;2932.168550873587;550.8735868448099;182.99129353233832;5381.294964028777;5564.286257561115;287000.0;294.9640287769784;1.0;2.958188153310105;DV_uteligger_hoy;
3033;Ullensaker (2020-2023);2023;221;5748.0;157996.0;6177000.0;2062000.0;1777000.0;802000.0;14626000.0;1074.6346555323591;358.73347251217814;309.1510090466249;406.750173973556;139.526791927627;92.571963847186;1214.161447459986;1306.733411307172;981000.0;170.66805845511482;1.0;2.1019367991845055;;
3034;Nes (2020-2023);2023;221;2701.0;80867.0;2073000.0;836000.0;403000.0;618000.0;9687000.0;767.4935209181784;309.5149944465013;149.203998519067;308.77452795261013;228.8041466123658;119.78928363856703;996.2976675305442;1116.0869511691112;284000.0;105.1462421325435;1.0;2.943661971830986;;
3035;Eidsvoll (2020-2023);2023;221;5622.0;94628.0;7045000.0;1770000.0;1775000.0;280000.0;11048000.0;1253.112771255781;314.8345784418356;315.723941657773;622.5542511561722;49.804340092493774;116.75191275309633;1302.9171113482746;1419.669024101371;304000.0;54.073283528993244;1.0;5.822368421052631;;implisitt_pris_utenfor|kwh_uteligger
3036;Nannestad (2020-2023);2023;221;3776.0;57813.0;5788000.0;1509000.0;1336000.0;926000.0;7213000.0;1532.8389830508474;399.6292372881356;353.8135593220339;779.396186440678;245.23305084745763;124.7643263625828;1778.072033898305;1902.836360260888;742000.0;196.50423728813558;1.0;2.033692722371968;;
3037;Hurdal (2020-2023);2023;221;306.0;14980.0;303000.0;11000.0;104000.0;347000.0;957000.0;990.1960784313726;35.947712418300654;339.8692810457516;614.3790849673203;1133.986928104575;63.88518024032043;2124.1830065359477;2188.0681867762682;5000.0;16.33986928104575;1.0;2.2;areal_for_lite|energi_urimelig_lav;areal_for_lite|kwh_urimelig_lav
3038;Hole (2020-2023);2023;221;2582.0;30286.0;4224000.0;717000.0;1327000.0;582000.0;3045000.0;1635.941130906274;277.69171185127806;513.9426800929512;844.306738962045;225.40666150271107;100.54150432543089;1861.3477924089852;1961.8892967344161;373000.0;144.4616576297444;1.0;1.9222520107238603;;
3039;Flå (2020-2023);2023;221;880.0;12194.0;1548000.0;94000.0;440000.0;24000.0;882000.0;1759.090909090909;106.81818181818181;500.0;1152.2727272727273;27.272727272727273;72.33065442020666;1786.3636363636363;1858.694290783843;65000.0;73.86363636363636;1.0;1.4461538461538461;;
3040;Nesbyen (2020-2023);2023;221;1938.0;34093.0;1830000.0;203000.0;874000.0;563000.0;6559000.0;944.2724458204334;104.74716202270382;450.98039215686276;388.54489164086687;290.5056759545924;192.38553368726718;1234.7781217750257;1427.1636554622928;265000.0;136.7389060887513;1.0;0.7660377358490565;;
3041;Gol (2020-2023);2023;221;2388.0;37004.0;3163000.0;205000.0;966000.0;24000.0;3075000.0;1324.539363484087;85.84589614740368;404.52261306532665;834.1708542713568;10.050251256281408;83.09912441898173;1334.5896147403685;1417.6887391593502;457000.0;191.37353433835847;1.0;0.44857768052516406;;implisitt_pris_utenfor
3042;Hemsedal (2020-2023);2023;221;3592.0;22970.0;3423000.0;147000.0;1718000.0;404000.0;2716000.0;952.9510022271714;40.924276169265035;478.2850779510022;433.7416481069042;112.47216035634744;118.24118415324337;1065.423162583519;1183.6643467367624;499000.0;138.9198218262806;1.0;0.29458917835671344;;implisitt_pris_utenfor
3044;Hol (2020-2023);2023;221;2763.0;34510.0;1988000.0;232000.0;662000.0;611000.0;5497000.0;719.5077813970322;83.966702859211;239.5946435034383;395.94643503438294;221.1364458921462;159.28716314111853;940.6442272891784;1099.931390430297;513000.0;185.66775244299674;1.0;0.4522417153996101;;implisitt_pris_utenfor
3045;Sigdal (2020-2023);2023;221;1846.0;20596.0;405000.0;103000.0;84000.0;209000.0;3308000.0;219.39328277356447;55.79631635969664;45.50379198266522;118.0931744312026;113.21776814734561;160.6137114002719;332.6110509209101;493.22476232118197;70000.0;37.91982665222102;1.0;1.4714285714285713;renhold_urimelig_lav;kwh_urimelig_lav
3046;Krødsherad (2020-2023);2023;221;2403.0;19464.0;1731000.0;505000.0;632000.0;94000.0;2624000.0;720.3495630461923;210.153974198918;263.0045776113192;247.19101123595505;39.11776945484811;134.812988080559;759.4673325010403;894.2803205815993;367000.0;152.7257594673325;1.0;1.3760217983651226;;
3047;Modum (2020-2023);2023;221;5905.0;78634.0;6431000.0;861000.0;1797000.0;983000.0;6006000.0;1089.0770533446232;145.8086367485182;304.3183742591025;638.9500423370025;166.46909398814563;76.37917440293003;1255.546147332769;1331.9253217356988;0.0;0.0;;;;kwh_null|kwh_urimelig_lav
3048;Øvre Eiker (2020-2023);2023;221;5390.0;88251.0;5372000.0;853000.0;1292000.0;1252000.0;9382000.0;996.6604823747681;158.25602968460112;239.70315398886828;598.7012987012987;232.28200371057514;106.31041008033904;1228.9424860853433;1335.2528961656824;711000.0;131.9109461966605;1.0;1.1997187060478198;;
3049;Lier (2020-2023);2023;221;1920.0;119944.0;2487000.0;302000.0;184000.0;303000.0;16430000.0;1295.3125;157.29166666666666;95.83333333333333;1042.1875;157.8125;136.98059094243982;1453.125;1590.10559094244;267000.0;139.0625;1.0;1.1310861423220973;;
3050;Flesberg (2020-2023);2023;221;1292.0;20497.0;1922000.0;218000.0;705000.0;281000.0;2519000.0;1487.6160990712074;168.73065015479875;545.6656346749226;773.2198142414861;217.4922600619195;122.89603356588769;1705.108359133127;1828.0043926990145;320000.0;247.67801857585138;1.0;0.68125;;
3051;Rollag (2020-2023);2023;221;685.0;18541.0;1175000.0;265000.0;412000.0;99000.0;3223000.0;1715.3284671532847;386.86131386861314;601.4598540145986;727.007299270073;144.52554744525548;173.8309692033871;1859.85401459854;2033.684983801927;70000.0;102.18978102189782;1.0;3.7857142857142856;;implisitt_pris_utenfor
3052;Nore og Uvdal (2020-2023);2023;221;2026.0;30388.0;2830000.0;629000.0;728000.0;161000.0;2634000.0;1396.8410661401776;310.4639684106614;359.32872655478775;727.0483711747286;79.46692991115499;86.67895221798078;1476.3079960513326;1562.9869482693134;275000.0;135.73543928923988;1.0;2.287272727272727;;
3053;Jevnaker (2020-2023);2023;221;3497.0;40473.0;3096000.0;532000.0;955000.0;322000.0;2406000.0;885.3302830997998;152.13039748355735;273.0912210466114;460.1086645696311;92.07892479267944;59.44703876658513;977.4092078924792;1036.8562466590643;373000.0;106.66285387474979;1.0;1.4262734584450403;;
3054;Lunner (2020-2023);2023;221;4586.0;46139.0;4996000.0;779000.0;1640000.0;138000.0;3141000.0;1089.4025294374183;169.86480593109462;357.6101177496729;561.9276057566507;30.09158307893589;68.07689806887882;1119.494112516354;1187.571010585233;663000.0;144.5704317488007;1.0;1.1749622926093513;;
3401;Kongsvinger;2023;221;2858.0;80962.0;4752000.0;615000.0;1564000.0;336000.0;11101000.0;1662.701189643107;215.18544436669;547.2358292512247;900.2799160251924;117.56473058082575;137.11370766532448;1780.2659202239329;1917.3796278892573;485000.0;169.6990902729181;1.0;1.2680412371134022;;
3403;Hamar;2023;221;10873.0;180283.0;11897000.0;2520000.0;3889000.0;2902000.0;20402000.0;1094.1782396762624;231.76676170330177;357.67497470799225;504.7365032649683;266.8996597075324;113.16652152449205;1361.0778993837948;1474.2444209082869;1602000.0;147.33744136852755;1.0;1.5730337078651686;;
3405;Lillehammer;2023;221;7457.0;120279.0;7422000.0;1471000.0;2346000.0;364000.0;19138000.0;995.3064234947029;197.26431540834116;314.60372804076707;483.4383800455947;48.81319565508918;159.1133946906775;1044.1196191497922;1203.2330138404698;1298000.0;174.06463725358722;1.0;1.1332819722650231;;
3407;Gjøvik;2023;221;6783.0;135473.0;6154000.0;1426000.0;2500000.0;557000.0;13599000.0;907.2681704260651;210.2314610054548;368.5684800235884;328.46822939702196;82.11705734925549;100.38162585902727;989.3852277753207;1089.7668536343479;985000.0;145.21598112929382;1.0;1.447715736040609;;
3411;Ringsaker;2023;221;10212.0;157711.0;11900000.0;2109000.0;3736000.0;773000.0;23205000.0;1165.2957305131217;206.52173913043478;365.84410497453973;592.9298864081472;75.69526047786917;147.1362175117779;1240.990990990991;1388.1272085027688;1360000.0;133.17665491578535;1.0;1.550735294117647;;
3412;Løten;2023;221;2983.0;38951.0;3087000.0;589000.0;929000.0;226000.0;965000.0;1034.864230640295;197.45222929936307;311.43144485417366;525.9805564867582;75.76265504525645;24.774716952067983;1110.6268856855515;1135.4016026376196;405000.0;135.76935970499497;1.0;1.454320987654321;;
3413;Stange;2023;221;7707.0;101646.0;6492000.0;1480000.0;2421000.0;579000.0;11233000.0;842.3511093810821;192.0332165563773;314.1300116776956;336.1878811470092;75.12650836901518;110.51098911909962;917.4776177500974;1027.988606869197;981000.0;127.28688205527443;1.0;1.5086646279306828;;
3414;Nord-Odal;2023;221;1945.0;26489.0;2176000.0;492000.0;797000.0;1118000.0;3379000.0;1118.7660668380463;252.95629820051414;409.76863753213365;456.04113110539845;574.8071979434447;127.56238438597154;1693.573264781491;1821.1356491674624;261000.0;134.19023136246787;1.0;1.8850574712643677;;
3415;Sør-Odal;2023;221;2961.0;34464.0;3129000.0;844000.0;1242000.0;261000.0;6259000.0;1056.7375886524824;285.0388382303276;419.45288753799394;352.2458628841608;88.14589665653496;181.60979572887652;1144.8834853090173;1326.4932810378937;596000.0;201.28335021952043;1.0;1.4161073825503356;;
3416;Eidskog;2023;221;1643.0;31071.0;1905000.0;834000.0;412000.0;60000.0;3567000.0;1159.464394400487;507.6080340839927;250.76080340839928;401.0955569080949;36.51856360316494;114.80158347011682;1195.982958003652;1310.7845414737687;248000.0;150.9433962264151;1.0;3.3629032258064515;;implisitt_pris_utenfor
3417;Grue;2023;221;1319.0;19598.0;1546000.0;164000.0;315000.0;109000.0;1457000.0;1172.1000758150115;124.3366186504928;238.81728582259288;808.9461713419257;82.63836239575436;74.34432084906624;1254.7384382107657;1329.082759059832;164000.0;124.3366186504928;0.8475609756097561;1.0;;
3418;Åsnes;2023;221;2100.0;41800.0;2555000.0;533000.0;949000.0;1399000.0;2448000.0;1216.6666666666667;253.8095238095238;451.9047619047619;510.95238095238096;666.1904761904761;58.56459330143541;1882.857142857143;1941.4217361585784;406000.0;193.33333333333334;0.958128078817734;1.3128078817733988;;
3419;Våler (Innlandet);2023;221;444.0;26050.0;408000.0;175000.0;106000.0;33000.0;2087000.0;918.918918918919;394.14414414414415;238.73873873873873;286.036036036036;74.32432432432432;80.1151631477927;993.2432432432432;1073.358406391036;157000.0;353.60360360360363;1.0;1.1146496815286624;areal_for_lite;areal_for_lite
3420;Elverum;2023;221;7040.0;106684.0;7382000.0;1561000.0;1926000.0;963000.0;7906000.0;1048.5795454545455;221.73295454545453;273.57954545454544;553.2670454545455;136.78977272727272;74.10670766000526;1185.3693181818182;1259.4760258418235;1087000.0;154.4034090909091;1.0;1.4360625574977;;
3421;Trysil;2023;221;2124.0;30860.0;2584000.0;615000.0;112000.0;99000.0;1334000.0;1216.572504708098;289.54802259887003;52.73069679849341;874.2937853107345;46.610169491525426;43.22747893713545;1263.1826741996233;1306.4101531367587;332000.0;156.30885122410547;1.0;1.8524096385542166;;
3422;Åmot;2023;221;2010.0;26728.0;2703000.0;480000.0;922000.0;1711000.0;3890000.0;1344.7761194029852;238.80597014925374;458.70646766169153;647.2636815920398;851.2437810945273;145.5402574079617;2196.0199004975125;2341.560157905474;338000.0;168.1592039800995;1.0;1.4201183431952662;;
3423;Stor-Elvdal;2023;221;805.0;18089.0;870000.0;133000.0;262000.0;7000.0;1697000.0;1080.745341614907;165.2173913043478;325.46583850931677;590.0621118012423;8.695652173913043;93.81392006191608;1089.44099378882;1183.254913850736;79000.0;98.13664596273291;1.0;1.6835443037974682;;
3424;Rendalen;2023;221;668.0;15320.0;328000.0;227000.0;0.0;40000.0;11378000.0;491.0179640718563;339.8203592814371;0.0;151.19760479041915;59.880239520958085;742.6892950391644;550.8982035928144;1293.5874986319789;147000.0;220.05988023952096;1.0;1.5442176870748299;renhold_urimelig_lav;
3425;Engerdal;2023;221;540.0;14750.0;2048000.0;329000.0;242000.0;105000.0;2089000.0;3792.5925925925926;609.2592592592592;448.14814814814815;2735.185185185185;194.44444444444446;141.6271186440678;3987.037037037037;4128.664155681105;147000.0;272.22222222222223;1.0;2.238095238095238;DV_uteligger_hoy;
3426;Tolga;2023;221;870.0;15619.0;1468000.0;283000.0;616000.0;147000.0;2678000.0;1687.3563218390805;325.28735632183907;708.0459770114943;654.0229885057471;168.9655172413793;171.45783981048723;1856.3218390804598;2027.779678890947;235000.0;270.11494252873564;1.0;1.204255319148936;;
3427;Tynset;2023;221;3296.0;48773.0;3199000.0;823000.0;943000.0;196000.0;2921000.0;970.5703883495146;249.69660194174756;286.1043689320388;434.7694174757282;59.46601941747573;59.88969306788592;1030.0364077669904;1089.9261008348763;487000.0;147.75485436893203;1.0;1.6899383983572895;;
3428;Alvdal;2023;221;2567.0;23607.0;2297000.0;668000.0;746000.0;228000.0;0.0;894.8188546941956;260.2259446825088;290.6116088819634;343.9813011297234;88.81963381379042;0.0;983.6384885079859;983.6384885079859;442000.0;172.18543046357615;1.0;1.5113122171945703;;
3429;Folldal;2023;221;1567.0;10547.0;1184000.0;237000.0;452000.0;126000.0;369000.0;755.583918315252;151.24441608168476;288.44926611359284;315.8902361199745;80.40842373962987;34.986252014790935;835.992342054882;870.9785940696729;144000.0;91.89534141671984;1.0;1.6458333333333335;;
3430;Os;2023;221;1254.0;16925.0;927000.0;533000.0;164000.0;324000.0;585000.0;739.2344497607655;425.03987240829343;130.78149920255183;183.41307814992027;258.3732057416268;34.56425406203841;997.6076555023924;1032.1719095644307;344000.0;274.3221690590112;1.0;1.5494186046511627;;
3431;Dovre;2023;221;1510.0;20099.0;1963000.0;368000.0;835000.0;147000.0;1030000.0;1300.0;243.7086092715232;552.9801324503311;503.3112582781457;97.35099337748345;51.24633066321707;1397.3509933774835;1448.5973240407006;338000.0;223.841059602649;1.0;1.0887573964497042;;
3432;Lesja;2023;221;1379.0;21230.0;2122000.0;220000.0;852000.0;37000.0;995000.0;1538.7962291515591;159.5358955765047;617.8390137781;761.4213197969543;26.831036983321248;46.867640131888834;1565.6272661348803;1612.4949062667692;195000.0;141.40681653372008;1.0;1.1282051282051282;;
3433;Skjåk;2023;221;1469.0;19390.0;1903000.0;304000.0;643000.0;181000.0;1963000.0;1295.4390742001362;206.9434989788972;437.71272974812797;650.7828454731109;123.21307011572499;101.23775141825683;1418.652144315861;1519.889895734118;346000.0;235.5343771272975;1.0;0.8786127167630057;;
3434;Lom;2023;221;2008.0;20627.0;1983000.0;489000.0;539000.0;94000.0;1749000.0;987.5498007968127;243.52589641434264;268.42629482071715;475.59760956175296;46.81274900398407;84.7917777670044;1034.3625498007968;1119.1543275678011;442000.0;220.1195219123506;1.0;1.1063348416289593;;
3435;Vågå;2023;221;1314.0;23647.0;1144000.0;295000.0;379000.0;189000.0;2036000.0;870.6240487062405;224.50532724505328;288.4322678843227;357.68645357686455;143.83561643835617;86.09971666596185;1014.4596651445967;1100.5593818105585;232000.0;176.56012176560122;1.0;1.271551724137931;;
3436;Nord-Fron;2023;221;1881.0;55119.0;3791000.0;537000.0;1331000.0;314000.0;3045000.0;2015.4173312068049;285.4864433811802;707.6023391812865;1022.3285486443381;166.9324827219564;55.24410820225331;2182.3498139287613;2237.5939221310146;841000.0;447.1026049973418;1.0;0.638525564803805;;kwh_uteligger
3437;Sel;2023;221;2170.0;40770.0;3507000.0;746000.0;1106000.0;961000.0;2389000.0;1616.1290322580646;343.778801843318;509.6774193548387;762.6728110599079;442.85714285714283;58.59700760363012;2058.9861751152075;2117.5831827188376;596000.0;274.6543778801843;1.0;1.2516778523489933;;
3438;Sør-Fron;2023;221;2989.0;31943.0;2476000.0;755000.0;454000.0;129000.0;146000.0;828.3706925393108;252.59284041485446;151.8902643024423;423.88758782201404;43.15824690531951;4.570641455091883;871.5289394446303;876.0995808997221;406000.0;135.8313817330211;1.0;1.8596059113300492;;
3439;Ringebu;2023;221;1825.0;26086.0;1737000.0;403000.0;421000.0;31000.0;2947000.0;951.7808219178082;220.82191780821918;230.68493150684932;500.2739726027397;16.986301369863014;112.97247565744077;968.7671232876712;1081.739598945112;228000.0;124.93150684931507;1.0;1.7675438596491229;;
3440;Øyer;2023;221;1430.0;28401.0;1983000.0;569000.0;519000.0;76000.0;2594000.0;1386.7132867132866;397.9020979020979;362.93706293706293;625.8741258741259;53.14685314685315;91.3348121545016;1439.86013986014;1531.1949520146416;367000.0;256.64335664335664;1.0;1.5504087193460492;;
3441;Gausdal;2023;221;3023.0;37929.0;2466000.0;426000.0;880000.0;192000.0;5290000.0;815.7459477340391;140.9196162752233;291.1015547469401;383.7247767118756;63.513066490241485;139.4711170871892;879.2590142242805;1018.7301313114697;271000.0;89.64604697320543;1.0;1.5719557195571956;;
3442;Østre Toten;2023;221;3345.0;71409.0;3174000.0;339000.0;1027000.0;736000.0;9884000.0;948.8789237668161;101.34529147982063;307.0254110612855;540.50822122571;220.02989536621823;138.41392541556385;1168.9088191330343;1307.3227445485982;361000.0;107.92227204783259;1.0;0.9390581717451523;;
3443;Vestre Toten;2023;221;2500.0;75284.0;2892000.0;612000.0;672000.0;179000.0;7562000.0;1156.8;244.8;268.8;643.2;71.6;100.44630997290261;1228.4;1328.8463099729026;454000.0;181.6;1.0;1.3480176211453745;;
3446;Gran;2023;221;4007.0;75224.0;4036000.0;729000.0;448000.0;596000.0;4711000.0;1007.2373346643374;181.93161966558523;111.8043424007986;713.5013725979536;148.73970551534813;62.62628948208019;1155.9770401796854;1218.6033296617657;657000.0;163.96306463688546;1.0;1.1095890410958904;;
3447;Søndre Land;2023;221;2890.0;28150.0;2966000.0;438000.0;1134000.0;816000.0;1604000.0;1026.2975778546713;151.55709342560553;392.38754325259515;482.3529411764706;282.3529411764706;56.98046181172291;1308.6505190311418;1365.6309808428648;435000.0;150.5190311418685;1.0;1.006896551724138;;
3448;Nordre Land;2023;221;2749.0;49357.0;3913000.0;909000.0;1452000.0;467000.0;2286000.0;1423.4267006184066;330.6656966169516;528.1920698435795;564.5689341578756;169.87995634776283;46.31561885852057;1593.3066569661696;1639.6222758246902;718000.0;261.18588577664605;1.0;1.266016713091922;;
3449;Sør-Aurdal;2023;221;2291.0;26128.0;2270000.0;311000.0;419000.0;261000.0;1738000.0;990.8336970755129;135.74858140549978;182.8895678742907;672.1955477957224;113.92405063291139;66.51867728107777;1104.7577477084242;1171.276424989502;248000.0;108.24967263203841;1.0;1.254032258064516;;
3450;Etnedal;2023;221;740.0;12405.0;397000.0;192000.0;0.0;69000.0;1009000.0;536.4864864864865;259.4594594594595;0.0;277.02702702702703;93.24324324324324;81.33817009270456;629.7297297297297;711.0678998224342;125000.0;168.9189189189189;1.0;1.5360000000000003;renhold_urimelig_lav;
3451;Nord-Aurdal;2023;221;4209.0;28019.0;4368000.0;1198000.0;1340000.0;918000.0;2407000.0;1037.776193870278;284.6281777144215;318.3654074602043;434.7826086956522;218.10406272273698;85.90599236232556;1255.880256593015;1341.7862489553406;819000.0;194.58303635067713;1.0;1.4627594627594627;;
3452;Vestre Slidre;2023;221;1202.0;13412.0;1486000.0;234000.0;417000.0;172000.0;0.0;1236.2728785357738;194.67554076539102;346.9217970049917;694.675540765391;143.09484193011647;0.0;1379.3677204658902;1379.3677204658902;166000.0;138.10316139767056;1.0;1.4096385542168675;;
3453;Øystre Slidre;2023;221;1937.0;26228.0;1896000.0;371000.0;457000.0;486000.0;505000.0;978.8332472896232;191.53329891584926;235.9318533815178;551.368094992256;250.90345895715024;19.254232118346806;1229.7367062467733;1248.9909383651202;295000.0;152.29736706246774;1.0;1.2576271186440677;;
3454;Vang;2023;221;1200.0;18100.0;1568000.0;140000.0;426000.0;272000.0;674000.0;1306.6666666666667;116.66666666666667;355.0;835.0;226.66666666666666;37.23756906077348;1533.3333333333333;1570.5709023941067;159000.0;132.5;1.0;0.8805031446540881;;
3801;Horten (2020-2023);2023;221;8843.0;128434.0;8487000.0;2034000.0;2880000.0;494000.0;9098000.0;959.7421689471898;230.01243921746013;325.68132986543026;404.0483998642994;55.86339477552867;70.83794010931685;1015.6055637227186;1086.4435038320355;1193000.0;134.9089675449508;1.0;1.704945515507125;;
3802;Holmestrand (2020-2023);2023;221;6243.0;114682.0;8844000.0;2019000.0;1708000.0;1084000.0;8770000.0;1416.6266218164344;323.40221047573283;273.58641678680124;819.6379945539004;173.63447060707992;76.47233218813763;1590.2610924235144;1666.733424611652;1066000.0;170.7512413903572;1.0;1.8939962476547842;;
3803;Tønsberg (2020-2023);2023;221;25902.0;233089.0;23728000.0;6678000.0;6938000.0;8883000.0;21414000.0;916.0682572774303;257.81792911744265;267.85576403366537;390.3945641263223;342.9464906184851;91.87048723878004;1259.0147478959154;1350.8852351346954;3990000.0;154.04215890664813;1.0;1.6736842105263157;;
3804;Sandefjord (2020-2023);2023;221;16181.0;270940.0;18762000.0;4369000.0;5080000.0;2742000.0;15177000.0;1159.5080650145233;270.0080341140844;313.94845806810457;575.5515728323343;169.4580063036895;56.01609212371743;1328.9660713182127;1384.9821634419302;2501000.0;154.56399480872628;1.0;1.7469012395041983;;
3805;Larvik (2020-2023);2023;221;14928.0;175972.0;17927000.0;4189000.0;5992000.0;1848000.0;9240000.0;1200.8976420150054;280.61361200428723;401.3933547695606;518.8906752411575;123.79421221864952;52.508353601709366;1324.6918542336548;1377.2002078353642;2183000.0;146.2352625937835;1.0;1.9189189189189189;;
3806;Porsgrunn (2020-2023);2023;221;8869.0;181844.0;6950000.0;1604000.0;2045000.0;896000.0;10281000.0;783.6283684744616;180.8546623069117;230.57841921298908;372.19528695456086;101.02604577742699;56.53747167902158;884.6544142518886;941.1918859309102;1048000.0;118.16439282895479;1.0;1.530534351145038;;
3807;Skien (2020-2023);2023;221;11415.0;225540.0;11573000.0;2833000.0;4574000.0;4174000.0;16900000.0;1013.8414367060885;248.18221638195357;400.70083223828294;364.95838808585194;365.65922032413494;74.93127604859448;1379.5006570302235;1454.431933078818;1902000.0;166.622864651774;1.0;1.4894847528916928;;
3808;Notodden (2020-2023);2023;221;2031.0;57092.0;2707000.0;494000.0;795000.0;140000.0;2151000.0;1332.8409650418514;243.2299359921221;391.4327917282127;698.1782373215165;68.931560807484;37.676031668184685;1401.7725258493354;1439.44855751752;306000.0;150.66469719350073;1.0;1.6143790849673203;;
3811;Færder (2020-2023);2023;221;8120.0;89819.0;9068000.0;1964000.0;2650000.0;1577000.0;10185000.0;1116.7487684729065;241.87192118226602;326.3546798029557;548.5221674876848;194.21182266009853;113.39471604003607;1310.960591133005;1424.355307173041;1404000.0;172.9064039408867;1.0;1.398860398860399;;
3812;Siljan (2020-2023);2023;221;1685.0;11625.0;1228000.0;273000.0;300000.0;159000.0;337000.0;728.7833827893176;162.01780415430267;178.04154302670622;388.7240356083086;94.3620178041543;28.989247311827956;823.1454005934718;852.1346479052997;188000.0;111.5727002967359;1.0;1.452127659574468;;
3813;Bamble (2020-2023);2023;221;5293.0;79257.0;4038000.0;1210000.0;1105000.0;610000.0;7043000.0;762.8943888154166;228.60381636123182;208.76629510674476;325.52427734744003;115.2465520498772;88.86281337925988;878.1409408652938;967.0037542445536;815000.0;153.97695068959;1.0;1.4846625766871167;;
3814;Kragerø (2020-2023);2023;221;3272.0;49630.0;5161000.0;941000.0;1554000.0;1248000.0;2220000.0;1577.3227383863082;287.5916870415648;474.93887530562347;814.7921760391198;381.41809290953546;44.73100947007858;1958.7408312958435;2003.471840765922;511000.0;156.17359413202934;1.0;1.8414872798434443;;
3815;Drangedal (2020-2023);2023;221;1667.0;21191.0;3642000.0;338000.0;629000.0;1588000.0;247000.0;2184.763047390522;202.75944811037792;377.3245350929814;1604.6790641871626;952.6094781043791;11.655891652116464;3137.372525494901;3149.0284171470175;275000.0;164.96700659868026;1.0;1.229090909090909;DV_uteligger_hoy;
3816;Nome (2020-2023);2023;221;4483.0;38384.0;7431000.0;1436000.0;1658000.0;10176000.0;2163000.0;1657.5953602498328;320.3212134731207;369.84162391255853;967.4325228641535;2269.9085433861255;56.35160483534806;3927.503903635958;3983.855508471306;818000.0;182.46709792549632;1.0;1.7555012224938875;DV_uteligger_hoy;
3817;Midt-Telemark (2020-2023);2023;221;1675.0;40078.0;2519000.0;562000.0;970000.0;182000.0;5862000.0;1503.8805970149253;335.5223880597015;579.1044776119403;589.2537313432836;108.65671641791045;146.26478367183992;1612.5373134328358;1758.8020971046758;203000.0;121.19402985074628;1.0;2.768472906403941;;
3818;Tinn (2020-2023);2023;221;2135.0;45107.0;2925000.0;531000.0;1302000.0;959000.0;2969000.0;1370.0234192037472;248.71194379391102;609.8360655737705;511.4754098360656;449.1803278688525;65.82126942603144;1819.2037470725995;1885.025016498631;385000.0;180.327868852459;1.0;1.3792207792207793;;
3819;Hjartdal (2020-2023);2023;221;1020.0;10139.0;1322000.0;309000.0;397000.0;101000.0;272000.0;1296.078431372549;302.94117647058823;389.2156862745098;603.9215686274509;99.01960784313725;26.82710326462176;1395.0980392156862;1421.9251424803078;324000.0;317.6470588235294;1.0;0.9537037037037037;;
3820;Seljord (2020-2023);2023;221;1556.0;13650.0;2401000.0;618000.0;737000.0;194000.0;2451000.0;1543.0591259640103;397.172236503856;473.6503856041131;672.2365038560412;124.67866323907455;179.56043956043956;1667.7377892030847;1847.2982287635243;325000.0;208.86889460154242;1.0;1.9015384615384614;;
3821;Kviteseid (2020-2023);2023;221;1244.0;16887.0;1936000.0;510000.0;643000.0;48000.0;383000.0;1556.2700964630226;409.96784565916397;516.8810289389068;629.4212218649518;38.58520900321543;22.680168176703972;1594.855305466238;1617.535473642942;323000.0;259.64630225080384;1.0;1.5789473684210527;;
3822;Nissedal (2020-2023);2023;221;1421.0;11270.0;2325000.0;527000.0;608000.0;72000.0;504000.0;1636.1717100633357;370.86558761435606;427.8676988036594;837.4384236453202;50.66854327938072;44.72049689440994;1686.8402533427163;1731.5607502371263;287000.0;201.9704433497537;1.0;1.8362369337979092;;
3823;Fyresdal (2020-2023);2023;221;950.0;12921.0;1156000.0;189000.0;321000.0;49000.0;260000.0;1216.842105263158;198.94736842105263;337.89473684210526;680.0;51.578947368421055;20.12228155715502;1268.421052631579;1288.543334188734;118000.0;124.21052631578948;1.0;1.6016949152542372;;
3824;Tokke (2020-2023);2023;221;2255.0;24390.0;1590000.0;397000.0;192000.0;116000.0;1595000.0;705.09977827051;176.05321507760533;85.14412416851441;443.9024390243902;51.44124168514412;65.39565395653956;756.5410199556541;821.9366739121937;363000.0;160.97560975609755;1.0;1.09366391184573;;
3825;Vinje (2020-2023);2023;221;2048.0;39697.0;6038000.0;1336000.0;1933000.0;480000.0;557000.0;2948.2421875;652.34375;943.84765625;1352.05078125;234.375;14.031286999017558;3182.6171875;3196.6484744990175;432000.0;210.9375;1.0;3.0925925925925926;DV_uteligger_hoy;implisitt_pris_utenfor
4201;Risør;2023;221;1052.0;38927.0;1695000.0;440000.0;304000.0;225000.0;3264000.0;1611.216730038023;418.2509505703422;288.97338403041823;903.9923954372623;213.87832699619773;83.84925630025432;1825.0950570342206;1908.944313334475;231000.0;219.58174904942965;1.0;1.9047619047619047;;
4202;Grimstad;2023;221;4296.0;87121.0;2966000.0;928000.0;753000.0;312000.0;9430000.0;690.4096834264432;216.0148975791434;175.27932960893855;299.1154562383613;72.62569832402235;108.24026354151123;763.0353817504656;871.2756452919768;393000.0;91.4804469273743;1.0;2.361323155216285;;
4203;Arendal;2023;221;7533.0;200360.0;5336000.0;1297000.0;1876000.0;1149000.0;10015000.0;708.3499269879198;172.17575998938005;249.0375680339838;287.13659896455596;152.5288729589805;49.98502695148732;860.8787999469004;910.8638268983876;920000.0;122.1292977565379;1.0;1.4097826086956522;;
4204;Kristiansand;2023;221;32403.0;496776.0;27092000.0;3619000.0;11550000.0;7349000.0;61046000.0;836.0954232632781;111.68718945776625;356.448476992871;367.9597568126408;226.799987655464;122.88435834259305;1062.895410918742;1185.779769261335;3262000.0;100.66969107798661;1.0;1.1094420600858368;;
4205;Lindesnes;2023;221;5518.0;132769.0;5234000.0;1069000.0;1663000.0;482000.0;6527000.0;948.5320768394346;193.72961217832548;301.3773106197898;453.42515404131933;87.35048930772018;49.160572121504266;1035.8825661471549;1085.043138268659;484000.0;87.71293947082276;1.0;2.208677685950413;;
4206;Farsund;2023;221;1872.0;49261.0;1839000.0;232000.0;938000.0;22000.0;5886000.0;982.3717948717949;123.93162393162393;501.0683760683761;357.37179487179486;11.752136752136753;119.48600312620532;994.1239316239316;1113.609934750137;278000.0;148.5042735042735;1.0;0.8345323741007195;;
4207;Flekkefjord;2023;221;3868.0;51181.0;4144000.0;883000.0;798000.0;778000.0;1256000.0;1071.3547052740435;228.28335056876938;206.3081695966908;636.7631851085832;201.13753877973113;24.540356773021237;1272.4922440537746;1297.0326008267957;487000.0;125.90486039296795;1.0;1.813141683778234;;
4211;Gjerstad;2023;221;787.0;19289.0;525000.0;-56000.0;310000.0;166000.0;471000.0;667.0902160101651;-71.15628970775096;393.90088945362135;344.3456162642948;210.92757306226176;24.418062107937168;878.0177890724269;902.4358511803641;43000.0;54.637865311308765;1.0;-1.302325581395349;energi_urimelig_lav;implisitt_pris_utenfor|kwh_uteligger
4213;Tvedestrand;2023;221;2191.0;39487.0;2914000.0;779000.0;1003000.0;530000.0;2632000.0;1329.9863076220904;355.5454130534003;457.7818347786399;516.6590597900502;241.89867640346873;66.65484843112924;1571.884984025559;1638.5398324566884;450000.0;205.3856686444546;1.0;1.731111111111111;;
4214;Froland;2023;221;2061.0;36473.0;2699000.0;648000.0;680000.0;102000.0;3801000.0;1309.558466763707;314.410480349345;329.9369238233867;665.2110625909753;49.490538573508005;104.21407616593096;1359.049005337215;1463.263081503146;240000.0;116.44832605531296;0.9625;2.7;;
4215;Lillesand;2023;221;3793.0;68083.0;3133000.0;382000.0;1134000.0;248000.0;3356000.0;825.9952544160295;100.71183759557078;298.97179013973107;426.31162668072767;65.38360137094648;49.29277499522642;891.378855786976;940.6716307822024;347000.0;91.48431320854205;1.0;1.100864553314121;;
4216;Birkenes;2023;221;3793.0;57422.0;1704000.0;538000.0;661000.0;159000.0;1921000.0;449.24861587134194;141.84023200632745;174.26838913788558;133.1399947271289;41.91932507250198;33.45407683466267;491.1679409438439;524.6220177785066;305000.0;80.41128394410757;1.0;1.7639344262295082;DV_uteligger_lav;
4217;Åmli;2023;221;481.0;14216.0;1446000.0;415000.0;482000.0;285000.0;302000.0;3006.2370062370064;862.7858627858628;1002.0790020790021;1141.3721413721414;592.5155925155925;21.24366910523354;3598.7525987525987;3619.996267857832;188000.0;390.85239085239084;1.0;2.2074468085106385;areal_for_lite;areal_for_lite
4218;Iveland;2023;221;1972.0;11493.0;1520000.0;402000.0;406000.0;134000.0;1878000.0;770.79107505071;203.85395537525355;205.88235294117646;361.0547667342799;67.95131845841784;163.4038110154007;838.7423935091277;1002.1462045245285;216000.0;109.53346855983773;1.0;1.8611111111111112;;
4219;Evje og Hornnes;2023;221;2035.0;27367.0;2236000.0;435000.0;876000.0;234000.0;708000.0;1098.7714987714987;213.75921375921376;430.46683046683046;454.54545454545456;114.987714987715;25.870574049037163;1213.7592137592137;1239.629787808251;394000.0;193.61179361179362;1.0;1.1040609137055837;;
4220;Bygland;2023;221;772.0;14707.0;1251000.0;349000.0;322000.0;31000.0;647000.0;1620.4663212435232;452.07253886010363;417.0984455958549;751.2953367875648;40.15544041450777;43.99265655810159;1660.6217616580311;1704.6144182161327;190000.0;246.1139896373057;1.0;1.8368421052631578;;
4221;Valle;2023;221;1098.0;14646.0;1845000.0;358000.0;655000.0;680000.0;952000.0;1680.327868852459;326.0473588342441;596.5391621129326;757.7413479052823;619.3078324225866;65.00068278028131;2299.6357012750454;2364.6363840553267;228000.0;207.65027322404373;1.0;1.5701754385964912;;
4222;Bykle;2023;221;1242.0;20819.0;2044000.0;357000.0;499000.0;178000.0;172000.0;1645.7326892109502;287.43961352657004;401.7713365539453;956.5217391304348;143.31723027375202;8.26168403861857;1789.049919484702;1797.3116035233206;188000.0;151.36876006441224;1.0;1.8989361702127658;;
4223;Vennesla;2023;221;4797.0;72923.0;4278000.0;964000.0;1392000.0;621000.0;4579000.0;891.8073796122577;200.95893266624975;290.18136335209505;400.6670835939129;129.45590994371483;62.79226032938853;1021.2632895559725;1084.055549885361;599000.0;124.8697102355639;1.0;1.6093489148580968;;
4224;Åseral;2023;221;661.0;14428.0;876000.0;206000.0;250000.0;318000.0;1257000.0;1325.2647503782148;311.64901664145236;378.21482602118004;635.4009077155824;481.089258698941;87.12226226781259;1806.3540090771558;1893.4762713449684;115000.0;173.9788199697428;1.0;1.7913043478260873;;
4225;Lyngdal;2023;221;3604.0;63786.0;4809000.0;1150000.0;1547000.0;76000.0;96000.0;1334.3507214206438;319.0899001109878;429.24528301886795;586.015538290788;21.08768035516093;1.5050324522622518;1355.4384017758046;1356.9434342280667;651000.0;180.63263041065483;1.0;1.7665130568356375;;
4226;Hægebostad;2023;221;1687.0;11693.0;1412000.0;385000.0;405000.0;225000.0;244000.0;836.9887374036751;228.21576763485479;240.07113218731476;368.70183758150563;133.37285121517488;20.867185495595656;970.3615886188501;991.2287741144457;216000.0;128.03793716656787;1.0;1.7824074074074074;;
4227;Kvinesdal;2023;221;4341.0;50100.0;5416000.0;1226000.0;1483000.0;603000.0;81000.0;1247.6387929048606;282.42340474545034;341.62635337479844;623.5890347846118;138.90808569454043;1.6167664670658684;1386.546878599401;1388.1636450664669;737000.0;169.7765491822161;1.0;1.6635006784260513;;
4228;Sirdal;2023;221;2330.0;56738.0;1882000.0;304000.0;1042000.0;218000.0;4718000.0;807.725321888412;130.47210300429185;447.21030042918454;230.04291845493563;93.56223175965665;83.1541471324333;901.2875536480686;984.441700780502;198000.0;84.97854077253218;1.0;1.5353535353535355;;
4601;Bergen;2023;221;60320.0;927779.0;92202000.0;14677000.0;27275000.0;25791000.0;160767000.0;1528.5477453580902;243.31896551724137;452.17175066312996;833.0570291777188;427.56962864721487;173.28156813206593;1956.117374005305;2129.398942137371;7144000.0;118.43501326259947;1.0;2.054451287793953;;
4602;Kinn;2023;221;8029.0;85526.0;6783000.0;957000.0;2160000.0;412000.0;3253000.0;844.8125544899739;119.19292564453855;269.0247851538174;456.5948436916179;51.313986797857766;38.03521736080256;896.1265412878316;934.1617586486342;1047000.0;130.40229169261428;1.0;0.9140401146131805;;
4611;Etne;2023;221;2239.0;30373.0;2424000.0;387000.0;969000.0;225000.0;589000.0;1082.626172398392;172.84502009825815;432.7824921840107;476.9986601161233;100.49129075480126;19.39222335627037;1183.1174631531933;1202.5096865094636;376000.0;167.93211255024565;1.0;1.0292553191489362;;
4612;Sveio;2023;221;2241.0;35873.0;1344000.0;323000.0;581000.0;22000.0;949000.0;599.7322623828647;144.13208389112003;259.25925925925924;196.3409192324855;9.817045961624276;26.45443648426393;609.5493083444891;636.003744828753;122000.0;54.43998215082552;1.0;2.6475409836065573;;kwh_uteligger
4613;Bømlo;2023;221;0.0;68044.0;0.0;0.0;0.0;0.0;2680000.0;;;;;;;;;0.0;;;;areal_mangler|drift_null;areal_mangler|kwh_mangler
4614;Stord;2023;221;2663.0;87940.0;3745000.0;649000.0;577000.0;318000.0;6074000.0;1406.3086744273376;243.71010138941043;216.67292527224933;945.9256477656778;119.41419451746151;69.06982033204457;1525.722868944799;1594.7926892768437;405000.0;152.08411565903117;1.0;1.602469135802469;;
4615;Fitjar;2023;221;1260.0;14316.0;510000.0;90000.0;277000.0;9000.0;0.0;404.76190476190476;71.42857142857143;219.84126984126985;113.4920634920635;7.142857142857143;0.0;411.9047619047619;411.9047619047619;65000.0;51.58730158730159;1.0;1.3846153846153846;DV_uteligger_lav;kwh_uteligger
4616;Tysnes;2023;221;2407.0;19479.0;1312000.0;387000.0;13000.0;1836000.0;532000.0;545.076859160781;160.78105525550478;5.40091400083091;378.8948899044454;762.7752388865808;27.311463627496277;1307.8520980473618;1335.163561674858;369000.0;153.30286663896968;1.0;1.048780487804878;renhold_urimelig_lav;
4617;Kvinnherad;2023;221;5393.0;101757.0;3056000.0;623000.0;146000.0;400000.0;1967000.0;566.6604858149453;115.52011867235305;27.072130539588354;424.06823660300387;74.17022065640646;19.330365478542017;640.8307064713517;660.1610719498938;670000.0;124.23511959948081;1.0;0.9298507462686567;renhold_urimelig_lav;
4618;Ullensvang;2023;221;7406.0;78818.0;7604000.0;664000.0;2936000.0;24000.0;9163000.0;1026.7350796651365;89.65703483661896;396.43532271131517;540.6427221172023;3.2406157169862273;116.25517013880078;1029.9756953821227;1146.2308655209235;1129000.0;152.4439643532271;1.0;0.5881310894596989;;
4619;Eidfjord;2023;221;1202.0;14038.0;1142000.0;162000.0;306000.0;729000.0;528000.0;950.0831946755408;134.77537437603993;254.5757071547421;560.7321131447587;606.4891846921797;37.61219546944009;1556.5723793677205;1594.1845748371607;0.0;0.0;;;;kwh_null|kwh_urimelig_lav
4620;Ulvik;2023;221;756.0;12202.0;990000.0;292000.0;361000.0;49000.0;0.0;1309.5238095238096;386.2433862433862;477.5132275132275;445.76719576719574;64.81481481481481;0.0;1374.3386243386244;1374.3386243386244;204000.0;269.8412698412698;1.0;1.4313725490196079;;
4621;Voss;2023;221;5192.0;87797.0;6301000.0;734000.0;2093000.0;942000.0;19062000.0;1213.597842835131;141.3713405238829;403.1201848998459;669.1063174114022;181.43297380585517;217.11447999362164;1395.0308166409861;1612.1452966346078;515000.0;99.19106317411402;1.0;1.425242718446602;;
4622;Kvam;2023;221;4431.0;54115.0;6832000.0;1310000.0;2517000.0;392000.0;3840000.0;1541.864139020537;295.64432408034304;568.0433310765064;678.1764838636876;88.46761453396525;70.9599926083341;1630.3317535545023;1701.2917461628363;810000.0;182.80297901150982;1.0;1.617283950617284;;
4623;Samnanger;2023;221;2264.0;13885.0;1894000.0;369000.0;567000.0;141000.0;467000.0;836.5724381625441;162.98586572438163;250.44169611307422;423.1448763250883;62.2791519434629;33.63341735685992;898.851590106007;932.485007462867;229000.0;101.14840989399293;1.0;1.611353711790393;;
4624;Bjørnafjorden;2023;221;4190.0;112101.0;2242000.0;605000.0;785000.0;115000.0;7114000.0;535.0835322195704;144.39140811455846;187.3508353221957;203.34128878281624;27.446300715990454;63.46062925397632;562.5298329355609;625.9904621895372;644000.0;153.69928400954655;1.0;0.9394409937888197;;
4625;Austevoll;2023;221;0.0;33930.0;0.0;0.0;0.0;0.0;1393000.0;;;;;;;;;0.0;;;;areal_mangler|drift_null;areal_mangler|kwh_mangler
4626;Øygarden;2023;221;7588.0;166283.0;15143000.0;2883000.0;6424000.0;809000.0;16915000.0;1995.6510279388508;379.94201370585137;846.5998945703743;769.1091196626252;106.615709014233;101.72416903712346;2102.2667369530836;2203.990905990207;1866000.0;245.91460200316288;0.9919614147909968;1.5450160771704182;;
4627;Askøy;2023;221;6007.0;115981.0;6330000.0;1488000.0;2597000.0;972000.0;15299000.0;1053.77060096554;247.71100382886632;432.328949558848;373.7306475778259;161.81122024304977;131.90953690690716;1215.5818212085899;1347.491358115497;611000.0;101.71466622274014;1.0;2.435351882160393;;
4628;Vaksdal;2023;221;2204.0;29098.0;2210000.0;67000.0;654000.0;216000.0;1804000.0;1002.7223230490018;30.399274047186932;296.7332123411978;675.589836660617;98.00362976406534;61.997388136641696;1100.7259528130671;1162.723340949709;296000.0;134.30127041742287;1.0;0.22635135135135134;energi_urimelig_lav;implisitt_pris_utenfor
4629;Modalen;2023;221;605.0;7749.0;676000.0;84000.0;226000.0;10000.0;445000.0;1117.3553719008264;138.84297520661158;373.55371900826447;604.9586776859504;16.52892561983471;57.426764743837914;1133.8842975206612;1191.3110622644992;120000.0;198.34710743801654;1.0;0.7000000000000001;;
4630;Osterøy;2023;221;3344.0;34629.0;4558000.0;734000.0;1547000.0;300000.0;113000.0;1363.0382775119617;219.4976076555024;462.61961722488036;680.921052631579;89.71291866028709;3.2631609344768835;1452.751196172249;1456.0143571067258;479000.0;143.24162679425837;1.0;1.5323590814196244;;
4631;Alver;2023;221;10094.0;156397.0;8801000.0;1477000.0;3139000.0;1691000.0;11849000.0;871.9041014464038;146.3245492371706;310.9768179116307;414.6027342976025;167.52526253219733;75.76232280670345;1039.4293639786013;1115.1916867853047;1336000.0;132.35585496334457;1.0;1.1055389221556886;;
4632;Austrheim;2023;221;2788.0;16564.0;1799000.0;386000.0;529000.0;365000.0;176000.0;645.2654232424677;138.45050215208033;189.74175035868006;317.0731707317073;130.91822094691534;10.625452789181358;776.183644189383;786.8090969785644;340000.0;121.95121951219512;1.0;1.1352941176470588;;
4633;Fedje;2023;221;0.0;5717.0;116000.0;90000.0;0.0;19000.0;542000.0;;;;;;;;;67000.0;;1.0;;areal_mangler;areal_mangler
4634;Masfjorden;2023;221;2000.0;22465.0;2061000.0;400000.0;1078000.0;147000.0;0.0;1030.5;200.0;539.0;291.5;73.5;0.0;1104.0;1104.0;208000.0;104.0;1.0;1.9230769230769231;;
4635;Gulen;2023;221;1994.0;17347.0;2475000.0;172000.0;1277000.0;48000.0;3412000.0;1241.2236710130392;86.25877632898695;640.4212637913741;514.543630892678;24.072216649949848;196.6910705021041;1265.295887662989;1461.986958165093;198000.0;99.29789368104313;1.0;0.8686868686868686;;
4636;Solund;2023;221;636.0;5599.0;557000.0;80000.0;250000.0;55000.0;1343000.0;875.7861635220125;125.78616352201257;393.0817610062893;356.9182389937107;86.47798742138365;239.86426147526345;962.2641509433962;1202.1284124186595;101000.0;158.80503144654088;1.0;0.792079207920792;;
4637;Hyllestad;2023;221;573.0;13287.0;1296000.0;72000.0;528000.0;48000.0;315000.0;2261.780104712042;125.6544502617801;921.4659685863875;1214.6596858638743;83.7696335078534;23.70738315646873;2345.549738219895;2369.257121376364;0.0;0.0;;;;kwh_null|kwh_urimelig_lav
4638;Høyanger;2023;221;2269.0;26336.0;3403000.0;601000.0;1308000.0;167000.0;1234000.0;1499.779638607316;264.8743940061701;576.4654032613486;658.4398413397972;73.60070515645658;46.85601458080195;1573.3803437637725;1620.2363583445745;497000.0;219.03922432789776;1.0;1.2092555331991952;;
4639;Vik;2023;221;1435.0;17241.0;1792000.0;554000.0;482000.0;143000.0;429000.0;1248.780487804878;386.06271777003485;335.88850174216026;526.829268292683;99.65156794425087;24.882547416043153;1348.432055749129;1373.314603165172;174000.0;121.25435540069687;1.0;3.1839080459770117;;implisitt_pris_utenfor
4640;Sogndal;2023;221;6607.0;83102.0;6956000.0;1412000.0;1250000.0;1423000.0;3592000.0;1052.822763735432;213.7127289238686;189.19327985469957;649.9167549568639;215.37762978658998;43.223989795672786;1268.200393522022;1311.424383317695;1138000.0;172.24156197971848;1.0;1.2407732864674867;;
4641;Aurland;2023;221;1080.0;22592.0;1482000.0;198000.0;640000.0;82000.0;726000.0;1372.2222222222222;183.33333333333334;592.5925925925926;596.2962962962963;75.92592592592592;32.13526912181303;1448.148148148148;1480.283417269961;171000.0;158.33333333333334;1.0;1.1578947368421053;;
4642;Lærdal;2023;221;1711.0;14438.0;2776000.0;284000.0;800000.0;355000.0;0.0;1622.4430157802456;165.98480420806547;467.56282875511397;988.8953828170661;207.48100526008182;0.0;1829.9240210403273;1829.9240210403273;364000.0;212.74108708357684;1.0;0.7802197802197803;;
4643;Årdal;2023;221;2762.0;39566.0;3870000.0;585000.0;943000.0;560000.0;3485000.0;1401.1585807385952;211.8030412744388;341.41926140477915;847.9362780593773;202.75162925416365;88.08067532730122;1603.9102099927588;1691.99088532006;590000.0;213.61332367849386;1.0;0.9915254237288135;;
4644;Luster;2023;221;5042.0;38899.0;2547000.0;446000.0;403000.0;2294000.0;3240000.0;505.15668385561287;88.45696152320508;79.92859976199921;336.7711225704086;454.9781832606109;83.29262963058176;960.1348671162237;1043.4274967468054;641000.0;127.13209044030147;1.0;0.6957878315132605;;
4645;Askvoll;2023;221;1659.0;16997.0;1558000.0;341000.0;808000.0;208000.0;1855000.0;939.1199517781796;205.5455093429777;487.040385774563;246.53405666063895;125.37673297166968;109.13690651291404;1064.4966847498492;1173.6335912627633;345000.0;207.95660036166365;1.0;0.9884057971014494;;
4646;Fjaler;2023;221;1555.0;28018.0;1836000.0;270000.0;716000.0;756000.0;554000.0;1180.7073954983923;173.63344051446944;460.4501607717042;546.6237942122186;486.1736334405145;19.77300306945535;1666.8810289389069;1686.6540320083623;224000.0;144.05144694533763;1.0;1.2053571428571428;;
4647;Sunnfjord;2023;221;13603.0;178833.0;12885000.0;1493000.0;4872000.0;607000.0;7187000.0;947.2175255458354;109.75520105859002;358.1562890538852;479.3060354333603;44.62250974049842;40.18833213109437;991.8400352863339;1032.0283674174282;1919000.0;141.07182239211937;1.0;0.778009379885357;;
4649;Stad;2023;221;4691.0;57296.0;4623000.0;514000.0;1625000.0;288000.0;3643000.0;985.5041568961842;109.57151993178427;346.4080153485398;529.5246216158602;61.39415902792582;63.582099972074836;1046.89831592411;1110.4804158961847;497000.0;105.94755915583032;1.0;1.0342052313883299;;
4650;Gloppen;2023;221;2142.0;33775.0;2070000.0;266000.0;856000.0;479000.0;3317000.0;966.3865546218487;124.18300653594771;399.6265172735761;442.57703081232495;223.62278244631185;98.20873427091044;1190.0093370681607;1288.2180713390712;345000.0;161.06442577030813;1.0;0.7710144927536231;;
4651;Stryn;2023;221;3994.0;40985.0;3381000.0;637000.0;1028000.0;362000.0;2081000.0;846.5197796695043;159.48923385077617;257.386079118678;429.6444667000501;90.63595393089635;50.77467366109552;937.1557336004006;987.9304072614962;6224000.0;1558.337506259389;1.0;0.10234575835475579;;kwh_urimelig_hoy|implisitt_pris_utenfor
5001;Trondheim - Tråante;2023;221;93044.0;828301.0;83791000.0;10613000.0;26801000.0;20681000.0;73320000.0;900.5524268088217;114.06431365805426;288.0465156270152;498.4415975237522;222.27118352607368;88.51854579434288;1122.8236103348954;1211.3421561292382;11623000.0;124.91939297536649;1.0;0.9131033296050934;;
5006;Steinkjer - Stïentje;2023;221;5588.0;141994.0;5294000.0;998000.0;2473000.0;901000.0;22026000.0;947.3872584108805;178.59699355762348;442.55547602004293;326.23478883321405;161.23836793128132;155.11923039001647;1108.6256263421617;1263.744856732178;814000.0;145.66929133858267;1.0;1.2260442260442261;;
5007;Namsos - Nåavmesjenjaelmie;2023;221;3871.0;87772.0;4651000.0;554000.0;3397000.0;411000.0;7362000.0;1201.4983208473263;143.11547403771635;877.5510204081633;180.83182640144665;106.17411521570654;83.87640705464158;1307.6724360630328;1391.5488431176743;670000.0;173.0818909842418;1.0;0.826865671641791;;
5014;Frøya;2023;221;550.0;27768.0;2162000.0;184000.0;769000.0;1745000.0;1238000.0;3930.909090909091;334.54545454545456;1398.1818181818182;2198.181818181818;3172.7272727272725;44.583693460097955;7103.636363636364;7148.220057096462;200000.0;363.6363636363636;1.0;0.92;DV_uteligger_hoy;
5020;Osen;2023;221;542.0;7958.0;482000.0;62000.0;230000.0;0.0;338000.0;889.2988929889299;114.39114391143912;424.3542435424354;350.55350553505536;0.0;42.47298316159839;889.2988929889299;931.7718761505282;143000.0;263.8376383763838;1.0;0.43356643356643354;;implisitt_pris_utenfor
5021;Oppdal;2023;221;1740.0;34215.0;2166000.0;400000.0;893000.0;146000.0;2835000.0;1244.8275862068965;229.88505747126436;513.2183908045977;501.7241379310345;83.9080459770115;82.85839544059623;1328.7356321839081;1411.5940276245044;579000.0;332.7586206896552;1.0;0.690846286701209;;
5022;Rennebu;2023;221;1074.0;22891.0;1172000.0;164000.0;576000.0;47000.0;138000.0;1091.2476722532588;152.7001862197393;536.3128491620112;402.23463687150837;43.76163873370577;6.028570180420252;1135.0093109869647;1141.037881167385;235000.0;218.80819366852887;1.0;0.6978723404255319;;
5025;Røros - Rosse;2023;221;2367.0;35704.0;3494000.0;883000.0;1103000.0;103000.0;4633000.0;1476.1301225179552;373.0460498521335;465.99070553443175;637.09336713139;43.51499788762146;129.76137127492717;1519.6451204055768;1649.406491680504;552000.0;233.20659062103928;1.0;1.5996376811594202;;
5026;Holtålen;2023;221;850.0;14629.0;1311000.0;105000.0;612000.0;6000.0;1353000.0;1542.3529411764705;123.52941176470588;720.0;698.8235294117648;7.0588235294117645;92.48752477954747;1549.4117647058824;1641.89928948543;180000.0;211.76470588235293;1.0;0.5833333333333334;;
5027;Midtre Gauldal;2023;221;4152.0;36604.0;2806000.0;438000.0;1073000.0;14000.0;2000.0;675.8188824662814;105.49132947976878;258.4296724470135;311.89788053949906;3.371868978805395;0.054638837285542564;679.1907514450867;679.2453902823722;631000.0;151.97495183044316;1.0;0.6941362916006338;;
5028;Melhus;2023;221;9218.0;98458.0;9836000.0;1272000.0;3494000.0;1348000.0;11680000.0;1067.0427424604036;137.99088739422868;379.04100672597093;550.0108483402039;146.23562594922976;118.62926323914766;1213.2783684096332;1331.9076316487808;1430000.0;155.13126491646779;1.0;0.8895104895104895;;
5029;Skaun;2023;221;5112.0;46711.0;5612000.0;654000.0;2469000.0;759000.0;5103000.0;1097.8090766823161;127.93427230046949;482.981220657277;486.8935837245696;148.47417840375587;109.24621609471002;1246.283255086072;1355.529471180782;698000.0;136.5414710485133;1.0;0.9369627507163324;;
5031;Malvik;2023;221;6940.0;81498.0;6267000.0;485000.0;1720000.0;773000.0;6133000.0;903.0259365994236;69.88472622478386;247.8386167146974;585.3025936599423;111.38328530259366;75.25338045105401;1014.4092219020173;1089.6626023530714;730000.0;105.18731988472622;1.0;0.6643835616438356;;
5032;Selbu;2023;221;3128.0;25834.0;4347000.0;476000.0;1172000.0;252000.0;1692000.0;1389.7058823529412;152.17391304347825;374.68030690537086;862.851662404092;80.56265984654732;65.49508399783231;1470.2685421994886;1535.763626197321;571000.0;182.5447570332481;1.0;0.8336252189141855;;
5033;Tydal;2023;221;588.0;13494.0;664000.0;95000.0;222000.0;169000.0;1307000.0;1129.251700680272;161.56462585034015;377.55102040816325;590.1360544217687;287.4149659863946;96.8578627538165;1416.6666666666667;1513.5245294204833;125000.0;212.58503401360545;1.0;0.76;;
5034;Meråker;2023;221;1800.0;16105.0;1822000.0;245000.0;761000.0;349000.0;2773000.0;1012.2222222222222;136.11111111111111;422.77777777777777;453.3333333333333;193.88888888888889;172.1825520024837;1206.111111111111;1378.293663113595;252000.0;140.0;1.0;0.9722222222222222;;
5035;Stjørdal;2023;221;7600.0;152558.0;6525000.0;1149000.0;2306000.0;1178000.0;9552000.0;858.5526315789474;151.18421052631578;303.42105263157896;403.94736842105266;155.0;62.61225238925523;1013.5526315789474;1076.1648839682027;9371000.0;1233.0263157894738;1.0;0.12261231458755735;;kwh_urimelig_hoy|implisitt_pris_utenfor
5036;Frosta;2023;221;1130.0;14410.0;1130000.0;127000.0;528000.0;115000.0;1595000.0;1000.0;112.38938053097345;467.2566371681416;420.353982300885;101.76991150442478;110.68702290076335;1101.7699115044247;1212.4569344051881;128000.0;113.27433628318585;1.0;0.9921875;;
5037;Levanger;2023;221;7330.0;93680.0;8150000.0;1132000.0;2371000.0;620000.0;14102000.0;1111.869031377899;154.43383356070942;323.4652114597544;633.9699863574352;84.58390177353343;150.533731853117;1196.4529331514325;1346.9866650045494;1085000.0;148.0218281036835;1.0;1.0433179723502304;;
5038;Verdal;2023;221;4650.0;80600.0;5014000.0;838000.0;1696000.0;840000.0;1562000.0;1078.279569892473;180.21505376344086;364.73118279569894;533.3333333333334;180.6451612903226;19.379652605459057;1258.9247311827958;1278.3043837882549;826000.0;177.63440860215053;1.0;1.0145278450363198;;
5041;Snåase - Snåsa;2023;221;740.0;18235.0;1318000.0;68000.0;555000.0;78000.0;2335000.0;1781.081081081081;91.89189189189189;750.0;939.1891891891892;105.4054054054054;128.05045242665204;1886.4864864864865;2014.5369389131386;534000.0;721.6216216216217;1.0;0.12734082397003743;;kwh_urimelig_hoy|implisitt_pris_utenfor
5042;Lierne;2023;221;724.0;16510.0;686000.0;121000.0;257000.0;77000.0;1372000.0;947.5138121546961;167.12707182320443;354.97237569060775;425.414364640884;106.353591160221;83.10115081768625;1053.867403314917;1136.9685541326032;171000.0;236.1878453038674;1.0;0.7076023391812867;;
5043;Raarvihke - Røyrvik;2023;221;265.0;8151.0;20000.0;0.0;0.0;5000.0;1365000.0;75.47169811320755;0.0;0.0;75.47169811320755;18.867924528301888;167.4641148325359;94.33962264150944;261.8037374740453;29000.0;109.43396226415095;1.0;0.0;areal_for_lite|drift_urimelig_lav|energi_urimelig_lav|renhold_urimelig_lav;areal_for_lite|implisitt_pris_utenfor
5044;Namsskogan;2023;221;920.0;12883.0;1128000.0;109000.0;327000.0;133000.0;1142000.0;1226.0869565217392;118.47826086956522;355.4347826086956;752.1739130434783;144.56521739130434;88.64394939066987;1370.6521739130435;1459.2961233037133;141000.0;153.2608695652174;1.0;0.7730496453900708;;
5045;Grong;2023;221;1340.0;31397.0;1338000.0;179000.0;653000.0;86000.0;3453000.0;998.5074626865671;133.5820895522388;487.3134328358209;377.6119402985075;64.17910447761194;109.97866038156512;1062.686567164179;1172.665227545744;221000.0;164.92537313432837;1.0;0.8099547511312217;;
5046;Høylandet;2023;221;667.0;11776.0;791000.0;111000.0;276000.0;38000.0;2903000.0;1185.9070464767617;166.4167916041979;413.7931034482759;605.6971514242879;56.97151424287856;246.51834239130434;1242.8785607196403;1489.3969031109445;138000.0;206.89655172413794;1.0;0.8043478260869564;;
5047;Overhalla;2023;221;2709.0;26374.0;3182000.0;468000.0;1717000.0;261000.0;1099000.0;1174.6031746031747;172.75747508305648;633.8132152085641;368.0324843115541;96.34551495016612;41.66982634412679;1270.9486895533407;1312.6185158974674;352000.0;129.93724621631597;1.0;1.3295454545454546;;
5049;Flatanger;2023;221;1395.0;12367.0;581000.0;116000.0;0.0;133000.0;106000.0;416.4874551971326;83.15412186379929;0.0;333.3333333333333;95.3405017921147;8.571197541845233;511.8279569892473;520.3991545310926;191000.0;136.91756272401435;1.0;0.6073298429319371;renhold_urimelig_lav;
5052;Leka;2023;221;356.0;6483.0;597000.0;88000.0;270000.0;30000.0;311000.0;1676.9662921348315;247.19101123595505;758.4269662921348;671.3483146067416;84.26966292134831;47.971618078050284;1761.2359550561798;1809.2075731342302;89000.0;250.0;1.0;0.9887640449438202;areal_for_lite;areal_for_lite
5053;Inderøy;2023;221;3253.0;39345.0;4619000.0;363000.0;1633000.0;297000.0;2301000.0;1419.9200737780511;111.58930218260068;501.99815554872424;806.3326160467261;91.30033814940056;58.48265345024781;1511.2204119274516;1569.7030653776994;654000.0;201.04518905625577;1.0;0.555045871559633;;
5054;Indre Fosen;2023;221;3227.0;68111.0;3723000.0;571000.0;962000.0;504000.0;6852000.0;1153.7031298419586;176.94453052370622;298.10969941121783;678.6488999070344;156.1822125813449;100.60049037600388;1309.8853424233034;1410.4858327993072;712000.0;220.638363805392;1.0;0.8019662921348314;;
5055;Heim;2023;221;2441.0;38550.0;3229000.0;241000.0;1184000.0;1183000.0;1263000.0;1322.818517001229;98.73002867677181;485.0471118394101;739.0413764850471;484.6374436706268;32.762645914396884;1807.4559606718558;1840.2186065862527;460000.0;188.44735764031134;1.0;0.5239130434782608;;
5056;Hitra;2023;221;3052.0;30746.0;4604000.0;353000.0;2195000.0;712000.0;3413000.0;1508.519003931848;115.66186107470512;719.2005242463958;673.656618610747;233.28964613368282;111.00630976387173;1741.8086500655309;1852.8149598294026;252000.0;82.56880733944953;1.0;1.400793650793651;;
5057;Ørland;2023;221;4795.0;83089.0;3424000.0;815000.0;1055000.0;502000.0;6439000.0;714.0771637122002;169.96871741397288;220.0208550573514;324.0875912408759;104.69238790406673;77.49521597323353;818.769551616267;896.2647675895005;749000.0;156.20437956204378;1.0;1.0881174899866488;;
5058;Åfjord;2023;221;1570.0;26545.0;2418000.0;280000.0;1021000.0;24000.0;1097000.0;1540.1273885350317;178.343949044586;650.3184713375796;711.4649681528663;15.286624203821656;41.326050103597666;1555.4140127388534;1596.7400628424512;286000.0;182.1656050955414;1.0;0.9790209790209791;;
5059;Orkland;2023;221;10846.0;112307.0;13839000.0;1490000.0;4922000.0;1010000.0;11325000.0;1275.9542688548775;137.37783514659782;453.8078554305735;684.7685782777061;93.1218882537341;100.83966271024958;1369.0761571086114;1469.9158198188609;1790000.0;165.03780195463764;1.0;0.8324022346368716;;
5060;Nærøysund;2023;221;3792.0;90266.0;3165000.0;493000.0;1513000.0;341000.0;7904000.0;834.6518987341772;130.01054852320675;398.9978902953587;305.6434599156118;89.92616033755274;87.5634236589635;924.57805907173;1012.1414827306935;320000.0;84.38818565400844;1.0;1.540625;;
5061;Rindal;2023;221;2401.0;15914.0;889000.0;396000.0;0.0;716000.0;0.0;370.26239067055394;164.93127863390254;0.0;205.3311120366514;298.2090795501874;0.0;668.4714702207414;668.4714702207414;353000.0;147.02207413577676;1.0;1.1218130311614731;renhold_urimelig_lav;
5401;Tromsø (2020-2023);2023;221;21897.0;345358.0;27671000.0;4822000.0;6425000.0;4598000.0;38905000.0;1263.689089829657;220.2128145408047;293.4191898433575;750.0570854454949;209.98310270813354;112.65121989355973;1473.6721925377906;1586.3234124313503;4848000.0;221.40019180709686;1.0;0.9946369636963697;;
5402;Harstad (2020-2023);2023;221;11016.0;147609.0;10493000.0;2138000.0;3783000.0;1097000.0;12541000.0;952.523602033406;194.081336238199;343.40958605664486;415.0326797385621;99.58242556281772;84.96094411587369;1052.1060275962236;1137.0669717120973;2168000.0;196.80464778503995;1.0;0.9861623616236163;;
5403;Alta (2020-2023);2023;221;5003.0;155370.0;6021000.0;741000.0;2383000.0;800000.0;9299000.0;1203.4779132520487;148.111133320008;476.31421147311613;579.0525684589246;159.90405756546073;59.85067902426466;1363.3819708175095;1423.2326498417742;1200000.0;239.8560863481911;1.0;0.6175;;
5404;Vardø (2020-2023);2023;221;1700.0;14491.0;1148000.0;390000.0;355000.0;128000.0;501000.0;675.2941176470588;229.41176470588235;208.8235294117647;237.05882352941177;75.29411764705883;34.573183355185975;750.5882352941177;785.1614186493036;0.0;0.0;;;;kwh_null|kwh_urimelig_lav
5405;Vadsø (2020-2023);2023;221;3049.0;60750.0;2964000.0;836000.0;1003000.0;32000.0;1264000.0;972.1220072154805;274.1882584453919;328.9603148573303;368.9734339127583;10.495244342407346;20.80658436213992;982.6172515578878;1003.4238359200277;677000.0;222.04001311905543;1.0;1.2348596750369276;;
5406;Hammerfest (2020-2023);2023;221;7181.0;110113.0;7628000.0;915000.0;3912000.0;578000.0;7472000.0;1062.2475978276007;127.41957944575964;544.7709232697396;390.05709511210136;80.49018242584599;67.85756450192075;1142.7377802534465;1210.5953447553673;1489000.0;207.35273638768973;1.0;0.6145063801208865;;
5411;Kvæfjord (2020-2023);2023;221;1582.0;30832.0;1700000.0;434000.0;389000.0;60000.0;1124000.0;1074.589127686473;274.3362831858407;245.89127686472818;554.361567635904;37.92667509481669;36.45563051375195;1112.5158027812895;1148.9714332950414;340000.0;214.91782553729456;1.0;1.2764705882352942;;
5412;Tjeldsund (2020-2023);2023;221;3200.0;17700.0;3430000.0;718000.0;1195000.0;459000.0;1450000.0;1071.875;224.375;373.4375;474.0625;143.4375;81.92090395480226;1215.3125;1297.2334039548023;807000.0;252.1875;1.0;0.8897149938042132;;
5413;Ibestad (2020-2023);2023;221;680.0;9433.0;987000.0;243000.0;247000.0;15000.0;389000.0;1451.4705882352941;357.3529411764706;363.2352941176471;730.8823529411765;22.058823529411764;41.2382062970423;1473.5294117647059;1514.7676180617482;298000.0;438.2352941176471;1.0;0.8154362416107382;;kwh_uteligger
5414;Gratangen (2020-2023);2023;221;698.0;11071.0;179000.0;32000.0;0.0;74000.0;199000.0;256.44699140401144;45.845272206303726;0.0;210.60171919770772;106.01719197707736;17.974889350555504;362.46418338108884;380.43907273164433;76000.0;108.88252148997135;1.0;0.42105263157894735;renhold_urimelig_lav;implisitt_pris_utenfor
5415;Loabák - Lavangen (2020-2023);2023;221;616.0;9085.0;820000.0;160000.0;323000.0;60000.0;126000.0;1331.1688311688313;259.7402597402597;524.3506493506494;547.077922077922;97.40259740259741;13.869014859658778;1428.5714285714287;1442.4404434310875;164000.0;266.23376623376623;1.0;0.9756097560975608;;
5416;Bardu (2020-2023);2023;221;2973.0;24858.0;2693000.0;-482000.0;1267000.0;1252000.0;1721000.0;905.8190380087453;-162.12579885637405;426.1688530104272;641.7759838546922;421.12344433232425;69.23324483063803;1326.9424823410695;1396.1757271717076;483000.0;162.46215943491424;1.0;-0.9979296066252588;energi_urimelig_lav;implisitt_pris_utenfor
5417;Salangen (2020-2023);2023;221;1522.0;16897.0;1674000.0;283000.0;432000.0;278000.0;611000.0;1099.868593955322;185.9395532194481;283.8370565045992;630.0919842312746;182.6544021024967;36.160265135822925;1282.5229960578188;1318.6832611936418;320000.0;210.2496714848883;1.0;0.884375;;
5418;Målselv (2020-2023);2023;221;3174.0;44810.0;3752000.0;-305000.0;1654000.0;1388000.0;-4158000.0;1182.104599873976;-96.0932577189666;521.1090107120353;757.0888468809073;437.3030875866415;-92.79178754742244;1619.4076874606176;1526.615899913195;790000.0;248.89729048519217;1.0;-0.3860759493670886;energi_urimelig_lav;implisitt_pris_utenfor
5419;Sørreisa (2020-2023);2023;221;2590.0;24183.0;715000.0;-285000.0;435000.0;292000.0;4024000.0;276.0617760617761;-110.03861003861005;167.95366795366795;218.14671814671814;112.74131274131274;166.3978828102386;388.8030888030888;555.2009716133274;461000.0;177.992277992278;1.0;-0.6182212581344902;energi_urimelig_lav;implisitt_pris_utenfor
5420;Dyrøy (2020-2023);2023;221;384.0;9114.0;664000.0;-188000.0;478000.0;112000.0;4040000.0;1729.1666666666667;-489.5833333333333;1244.7916666666667;973.9583333333334;291.6666666666667;443.2740838270792;2020.8333333333333;2464.1074171604123;137000.0;356.7708333333333;1.0;-1.3722627737226278;areal_for_lite|energi_urimelig_lav;areal_for_lite|implisitt_pris_utenfor
5421;Senja (2020-2023);2023;221;8126.0;103565.0;8203000.0;1630000.0;3654000.0;2346000.0;14275000.0;1009.4757568299286;200.5906965296579;449.66773320206744;359.21732709820327;288.7029288702929;137.8361415536137;1298.1786857002214;1436.0148272538352;1626000.0;200.09844942160964;1.0;1.002460024600246;;
5422;Balsfjord (2020-2023);2023;221;2786.0;38452.0;1926000.0;282000.0;1090000.0;71000.0;3261000.0;691.3137114142139;101.22038765254845;391.24192390524047;198.851399856425;25.48456568557071;84.80703214397171;716.7982770997846;801.6053092437563;0.0;0.0;;;;kwh_null|kwh_urimelig_lav
5423;Karlsøy (2020-2023);2023;221;1193.0;13746.0;1722000.0;368000.0;686000.0;323000.0;3785000.0;1443.419949706622;308.466051969824;575.0209555741827;559.9329421626153;270.7460184409053;275.35282991415687;1714.1659681475273;1989.5187980616843;206000.0;172.67393126571667;1.0;1.7864077669902914;;
5424;Lyngen (2020-2023);2023;221;1730.0;26525.0;2382000.0;221000.0;546000.0;92000.0;1153000.0;1376.878612716763;127.74566473988439;315.60693641618496;933.5260115606936;53.179190751445084;43.4684260131951;1430.057803468208;1473.526229481403;322000.0;186.1271676300578;1.0;0.686335403726708;;
5425;Storfjord - Omasvuotna - Omasvuono (2020-2023);2023;221;735.0;22486.0;834000.0;98000.0;436000.0;11000.0;885000.0;1134.6938775510205;133.33333333333334;593.1972789115646;408.16326530612247;14.965986394557824;39.35782264520146;1149.6598639455783;1189.0176865907797;172000.0;234.01360544217687;1.0;0.5697674418604651;;
5426;Gáivuotna - Kåfjord - Kaivuono (2020-2023);2023;221;951.0;18777.0;1928000.0;194000.0;738000.0;692000.0;884000.0;2027.3396424815983;203.99579390115667;776.02523659306;1047.3186119873817;727.6550998948476;47.078873089417904;2754.9947423764456;2802.0736154658634;218000.0;229.2323869610936;1.0;0.8899082568807339;;
5427;Skjervøy (2020-2023);2023;221;1330.0;28893.0;1450000.0;155000.0;552000.0;138000.0;1958000.0;1090.2255639097743;116.54135338345864;415.0375939849624;558.6466165413534;103.7593984962406;67.76727927179594;1193.984962406015;1261.752241677811;123000.0;92.4812030075188;1.0;1.2601626016260161;;
5428;Nordreisa (2020-2023);2023;221;2599.0;37085.0;1211000.0;270000.0;571000.0;185000.0;3928000.0;465.9484417083494;103.88611004232398;219.69988457098884;142.36244709503654;71.18122354751827;105.91883510853445;537.1296652558676;643.0485003644021;539000.0;207.38745671412082;1.0;0.5009276437847867;DV_uteligger_lav;
5429;Kvænangen (2020-2023);2023;221;815.0;12768.0;1449000.0;59000.0;1012000.0;47000.0;279000.0;1777.9141104294479;72.39263803680981;1241.717791411043;463.8036809815951;57.668711656441715;21.851503759398497;1835.5828220858896;1857.4343258452882;177000.0;217.17791411042944;1.0;0.3333333333333333;;implisitt_pris_utenfor
5432;Loppa (2020-2023);2023;221;1690.0;14705.0;830000.0;78000.0;0.0;86000.0;626000.0;491.1242603550296;46.15384615384615;0.0;444.9704142011834;50.887573964497044;42.57055423325399;542.0118343195267;584.5823885527807;275000.0;162.72189349112426;1.0;0.28363636363636363;renhold_urimelig_lav;implisitt_pris_utenfor
5433;Hasvik (2020-2023);2023;221;1130.0;9880.0;771000.0;160000.0;324000.0;141000.0;980000.0;682.3008849557522;141.5929203539823;286.72566371681415;253.98230088495575;124.77876106194691;99.19028340080972;807.0796460176991;906.2699294185088;244000.0;215.92920353982302;1.0;0.6557377049180327;;
5435;Nordkapp (2020-2023);2023;221;2609.0;27126.0;2413000.0;488000.0;852000.0;315000.0;70000.0;924.8754311996934;187.04484476811038;326.561901111537;411.268685320046;120.73591414334994;2.5805500258055;1045.6113453430432;1048.1918953688487;405000.0;155.2318896128785;1.0;1.2049382716049384;;
5436;Porsanger - Porsángu - Porsanki  (2020-2023);2023;221;1670.0;29881.0;622000.0;-522000.0;431000.0;56000.0;1844000.0;372.45508982035926;-312.5748502994012;258.08383233532936;426.94610778443115;33.532934131736525;61.71145543991165;405.98802395209583;467.6994793920075;314000.0;188.0239520958084;1.0;-1.662420382165605;energi_urimelig_lav;implisitt_pris_utenfor
5437;Kárásjohka-Karasjok (2020-2023);2023;221;1563.0;25411.0;680000.0;220000.0;0.0;477000.0;1875000.0;435.0607805502239;140.75495841330775;0.0;294.30582213691616;305.1823416506718;73.78694266262642;740.2431222008958;814.0300648635222;340000.0;217.53039027511196;1.0;0.6470588235294118;renhold_urimelig_lav;
5438;Lebesby (2020-2023);2023;221;552.0;12821.0;583000.0;-125000.0;474000.0;292000.0;781000.0;1056.159420289855;-226.44927536231884;858.695652173913;423.9130434782609;528.9855072463768;60.91568520396225;1585.144927536232;1646.0606127401943;127000.0;230.07246376811594;1.0;-0.984251968503937;energi_urimelig_lav;implisitt_pris_utenfor
5439;Gamvik (2020-2023);2023;221;962.0;16288.0;333000.0;89000.0;11000.0;4000.0;2676000.0;346.15384615384613;92.51559251559252;11.434511434511435;242.2037422037422;4.158004158004158;164.2927308447937;350.3118503118503;514.604581156644;172000.0;178.7941787941788;1.0;0.5174418604651162;renhold_urimelig_lav;
5440;Berlevåg (2020-2023);2023;221;420.0;10114.0;735000.0;123000.0;388000.0;20000.0;595000.0;1750.0;292.85714285714283;923.8095238095239;533.3333333333334;47.61904761904762;58.82934546173621;1797.6190476190477;1856.448393080784;133000.0;316.6666666666667;1.0;0.9248120300751879;areal_for_lite;areal_for_lite
5441;Deatnu-Tana (2020-2023);2023;221;1927.0;26767.0;1157000.0;284000.0;23000.0;58000.0;2594000.0;600.4151530877011;147.37934613388688;11.93565127140633;441.1001556824079;30.09859885832901;96.91037471513431;630.5137519460301;727.4241266611643;259000.0;134.40581214322782;1.0;1.0965250965250966;renhold_urimelig_lav;
5442;Unjárga-Nesseby (2020-2023);2023;221;700.0;8863.0;628000.0;164000.0;309000.0;53000.0;379000.0;897.1428571428571;234.28571428571428;441.42857142857144;221.42857142857142;75.71428571428571;42.76204445447365;972.8571428571429;1015.6191873116165;0.0;0.0;;;;kwh_null|kwh_urimelig_lav
5443;Båtsfjord (2020-2023);2023;221;1131.0;16497.0;1370000.0;110000.0;575000.0;15000.0;162000.0;1211.3174182139699;97.25906277630416;508.3996463306808;605.6587091069849;13.26259946949602;9.819967266775777;1224.580017683466;1234.3999849502418;172000.0;152.07780725022104;1.0;0.6395348837209303;;
5444;Sør-Varanger (2020-2023);2023;221;4894.0;82858.0;6788000.0;997000.0;1873000.0;504000.0;2472000.0;1387.0044953003678;203.71883939517778;382.7135267674704;800.5721291377197;102.9832447895382;29.834174129233144;1489.987740089906;1519.8219142191392;847000.0;173.06906416019615;1.0;1.1770956316410863;;
