kommune;kommunenavn;aargang;funksjon;eid_areal_m2;portefoljeareal_m2;drift_kr;energi_kr;renhold_kr;vedlikehold_kr;forvaltning_kr;drift_kr_m2;energi_kr_m2;renhold_kr_m2;ovrig_drift_kr_m2;vedlikehold_kr_m2;forvaltning_kr_m2;dv_kr_m2;fdv_kr_m2;energibruk_kwh;kwh_m2;fornybarandel;implisitt_energipris_kr_kwh;flagg_kostnad;flagg_energi
0301;Oslo - Oslove;2023;222;1102824.0;2301233.0;1098038000.0;200980000.0;212166000.0;790956000.0;292785000.0;995.6602322764104;182.2412279747267;192.38427890579095;621.0347253958927;717.209636351766;127.2296199472196;1712.8698686281764;1840.099488575396;148571000.0;134.71868584651767;1.0;1.352753902174718;DV_uteligger_hoy;
1101;Eigersund;2023;222;29905.0;46878.0;19527000.0;4302000.0;8037000.0;869000.0;9696000.0;652.9677311486373;143.8555425514128;268.75104497575654;240.361143621468;29.058685838488547;206.83476257519519;682.0264169871259;888.8611795623211;2743000.0;91.72379200802541;1.0;1.5683558148013126;;
1103;Stavanger;2023;222;282321.0;643220.0;174505000.0;49410000.0;53416000.0;52786000.0;101469000.0;618.1084651867909;175.01354840766362;189.20307026399027;253.89184651513702;186.9715678252769;157.75162463853735;805.0800330120678;962.8316576506052;31816000.0;112.6944152223887;1.0;1.5529922051797838;;
1106;Haugesund;2023;222;63164.0;135720.0;27143000.0;10109000.0;8237000.0;5027000.0;3174000.0;429.72262681274145;160.04369577607497;130.40656069913243;139.27237033753403;79.58647330758026;23.386383731211318;509.3091001203217;532.695483851533;8501000.0;134.58615667152176;0.69556522762028;1.1891542171509233;;
1108;Sandnes;2023;222;172212.0;322126.0;108151000.0;23123000.0;31866000.0;16744000.0;33685000.0;628.0108238682554;134.27055025201497;185.03937007874015;308.70090353750027;97.22899681787564;104.57088220137462;725.239820686131;829.8107028875056;19057000.0;110.6601166004692;0.938185443668993;1.2133599202392822;;
1111;Sokndal;2023;222;8856.0;22443.0;6268000.0;2351000.0;2155000.0;731000.0;850000.0;707.7687443541103;265.46973803071364;243.33785004516713;198.96115627822945;82.54290876242096;37.87372454662924;790.3116531165311;828.1853776631604;1675000.0;189.13730803974707;1.0;1.4035820895522388;;
1112;Lund;2023;222;8350.0;23592.0;7479000.0;1946000.0;1291000.0;72000.0;87000.0;895.688622754491;233.05389221556885;154.61077844311376;508.0239520958084;8.622754491017965;3.6876907426246186;904.311377245509;907.9990679881336;1172000.0;140.35928143712576;1.0;1.660409556313993;;
1114;Bjerkreim;2023;222;9933.0;18151.0;6267000.0;1201000.0;1798000.0;25000.0;766000.0;630.9272123225611;120.9100976542837;181.01278566394845;329.004329004329;2.516862981979261;42.20153159605531;633.4440753045404;675.6456069005958;939000.0;94.53337360314104;1.0;1.2790202342917998;;
1119;Hå;2023;222;42225.0;87311.0;26364000.0;6058000.0;8029000.0;4020000.0;2301000.0;624.3694493783304;143.46950858496152;190.1480165778567;290.75192421551213;95.20426287744228;26.354067643252282;719.5737122557726;745.9277798990249;4678000.0;110.78744819419775;0.8249251817015819;1.294997862334331;;
1120;Klepp;2023;222;48483.0;90439.0;27878000.0;5824000.0;8730000.0;4939000.0;2465000.0;575.0056720912485;120.12457974960296;180.0631149062558;274.8179774353897;101.87075882268012;27.25594046816086;676.8764309139286;704.1323713820894;5229000.0;107.85223686653053;0.9365079365079365;1.1137884872824633;;
1121;Time;2023;222;49858.0;88298.0;28143000.0;5588000.0;11547000.0;2329000.0;8583000.0;564.4630751333788;112.07830237875567;231.59773757471217;220.78703517991096;46.71266396566248;97.20491970373055;611.1757390990413;708.3806588027718;4800000.0;96.27341650286814;1.0;1.1641666666666666;;
1122;Gjesdal;2023;222;32551.0;57995.0;21007000.0;3337000.0;7332000.0;2402000.0;3787000.0;645.3565174649012;102.51605173420171;225.2465362047249;317.5939295259746;73.79189579429203;65.29873264936633;719.1484132591933;784.4471459085596;3211000.0;98.64520291235293;1.0;1.039240112114606;;
1124;Sola;2023;222;79392.0;185461.0;34768000.0;11349000.0;10234000.0;5544000.0;19456000.0;437.92825473599356;142.94891172914149;128.90467553405884;166.07466747279324;69.83071342200725;104.90615277605535;507.7589681580008;612.6651209340562;7374000.0;92.88089480048367;0.9321941958231624;1.5390561432058585;;
1127;Randaberg;2023;222;30118.0;71912.0;21050000.0;6559000.0;7918000.0;3545000.0;3517000.0;698.9175908094827;217.77674480377183;262.8992628992629;218.24158310644796;117.70369878477986;48.906997441317166;816.6212895942625;865.5282870355796;852000.0;28.288730991433695;0.9800469483568075;7.698356807511737;;kwh_urimelig_lav|implisitt_pris_utenfor
1130;Strand;2023;222;43327.0;67525.0;25619000.0;7635000.0;6531000.0;1128000.0;4807000.0;591.2941122164009;176.21806263992428;150.7374154684146;264.33863410806197;26.034574283933807;71.1884487226953;617.3286865003347;688.51713522303;5322000.0;122.8333371800494;1.0;1.4346110484780157;;
1133;Hjelmeland;2023;222;11589.0;26169.0;9051000.0;1374000.0;3807000.0;392000.0;2457000.0;780.9992234015015;118.56070411597204;328.50116489774786;333.9373543877815;33.82517904909828;93.88971684053651;814.8244024505997;908.7141192911362;1473000.0;127.10328760031064;1.0;0.9327902240325866;;
1134;Suldal;2023;222;16076.0;38732.0;11150000.0;3248000.0;2981000.0;2496000.0;1364000.0;693.5804926598656;202.0403085344613;185.43169942771834;306.108484697686;155.26250311022642;35.21635856655995;848.8429957700921;884.0593543366521;1919000.0;119.3704901716845;1.0;1.69254820218864;;
1135;Sauda;2023;222;13153.0;26048.0;8268000.0;2712000.0;3380000.0;642000.0;545000.0;628.601839884437;206.18870219721737;256.97559492131074;165.43754276590892;48.810157378544815;20.922911547911546;677.4119972629818;698.3349088108934;1845000.0;140.27218125142554;1.0;1.469918699186992;;
1144;Kvitsøy;2023;222;1770.0;6644.0;1539000.0;368000.0;476000.0;35000.0;191000.0;869.4915254237288;207.909604519774;268.9265536723164;392.6553672316384;19.774011299435028;28.747742323901264;889.2655367231638;918.013279047065;235000.0;132.7683615819209;1.0;1.5659574468085105;;
1145;Bokn;2023;222;2450.0;11283.0;1363000.0;428000.0;430000.0;108000.0;483000.0;556.3265306122449;174.69387755102042;175.51020408163265;206.12244897959184;44.08163265306123;42.80776389258176;600.4081632653061;643.2159271578879;250000.0;102.04081632653062;1.0;1.712;;
1146;Tysvær;2023;222;28161.0;76188.0;23838000.0;5221000.0;9414000.0;2248000.0;6535000.0;846.4898263555982;185.39824580093037;334.29210610418664;326.79947445048117;79.82671069919392;85.77466267653699;926.3165370547921;1012.0911997313291;3074000.0;109.1580554667803;0.9154196486662329;1.6984385165907614;;
1149;Karmøy;2023;222;108000.0;189453.0;67095000.0;14467000.0;21245000.0;9556000.0;7810000.0;621.25;133.9537037037037;196.71296296296296;290.5833333333333;88.48148148148148;41.22394472507693;709.7314814814815;750.9554262065585;10006000.0;92.64814814814815;0.8512892264641215;1.4458325004997;;
1151;Utsira;2023;222;900.0;3289.0;587000.0;111000.0;183000.0;3000.0;126000.0;652.2222222222222;123.33333333333333;203.33333333333334;325.55555555555554;3.3333333333333335;38.30951657038614;655.5555555555555;693.8650721259417;109000.0;121.11111111111111;1.0;1.018348623853211;;
1160;Vindafjord;2023;222;29906.0;60864.0;14733000.0;4226000.0;5428000.0;1134000.0;2609000.0;492.6436166655521;141.30943623353173;181.50203972447;169.83214070755034;37.91881227847255;42.86606203995794;530.5624289440246;573.4284909839826;2999000.0;100.28088009095165;1.0;1.4091363787929307;;
1505;Kristiansund;2023;222;54303.0;115530.0;40218000.0;6350000.0;13011000.0;4824000.0;15636000.0;740.6220650792774;116.93644918328637;239.60002209822662;384.0855937977644;88.83487100160212;135.34146974811736;829.4569360808795;964.7984058289968;6652000.0;122.49783621531039;1.0;0.9546001202645821;;
1506;Molde;2023;222;77932.0;166855.0;46470000.0;8199000.0;15261000.0;2224000.0;15084000.0;596.2890725247652;105.2071036288046;195.8245650053893;295.25740389057125;28.53769953292614;90.40184591411705;624.8267720576913;715.2286179718084;7604000.0;97.57224246779244;1.0;1.0782482903734876;;
1507;Ålesund (2020-2023);2023;222;152536.0;253362.0;72017000.0;11210000.0;22551000.0;30712000.0;6162000.0;472.1311690355064;73.49084806209682;147.84050978129753;250.79981119211203;201.34263387003725;24.32093210505127;673.4738029055436;697.7947350105949;35519000.0;232.85650600513978;1.0;0.3156057321433599;;implisitt_pris_utenfor
1511;Vanylven;2023;222;10731.0;23544.0;4184000.0;404000.0;1424000.0;586000.0;0.0;389.89842512347406;37.64793588668344;132.69965520454758;219.55083403224305;54.6081446277141;0.0;444.5065697511881;444.5065697511881;1553000.0;144.72090205945392;1.0;0.2601416613007083;energi_urimelig_lav;implisitt_pris_utenfor
1514;Sande;2023;222;9600.0;23289.0;3887000.0;197000.0;1263000.0;323000.0;784000.0;404.8958333333333;20.520833333333332;131.5625;252.8125;33.645833333333336;33.66396152690111;438.5416666666667;472.2056281935678;1050000.0;109.375;1.0;0.1876190476190476;energi_urimelig_lav;implisitt_pris_utenfor
1515;Herøy (Møre og Romsdal);2023;222;25484.0;47224.0;12577000.0;659000.0;4335000.0;3122000.0;4229000.0;493.52534923873804;25.85936273740386;170.10673363679172;297.5592528645425;122.50824046460524;89.5519227511435;616.0335897033433;705.5855124544868;3722000.0;146.0524250510124;1.0;0.177055346587856;energi_urimelig_lav;implisitt_pris_utenfor
1516;Ulstein;2023;222;19820.0;51946.0;10292000.0;916000.0;4938000.0;2368000.0;7012000.0;519.2734611503532;46.215943491422806;249.1422805247225;223.91523713420787;119.4752774974773;134.98633196011244;638.7487386478305;773.7350706079429;2270000.0;114.53077699293642;1.0;0.4035242290748899;;implisitt_pris_utenfor
1517;Hareid;2023;222;11855.0;40307.0;6455000.0;621000.0;2525000.0;606000.0;5208000.0;544.4959932517925;52.382960776043866;212.99029945170815;279.1227330240405;51.11767186840996;129.20832609720395;595.6136651202024;724.8219912174063;1313000.0;110.75495571488823;1.0;0.47296268088347304;;implisitt_pris_utenfor
1520;Ørsta;2023;222;28510.0;67119.0;19332000.0;1885000.0;7367000.0;1574000.0;3775000.0;678.0778674149421;66.11715187653455;258.4005612065942;353.5601543318134;55.20869870220975;56.24338860829273;733.2865661171519;789.5299547254447;3404000.0;119.39670291125921;1.0;0.5537602820211516;;
1525;Stranda;2023;222;12693.0;24522.0;8615000.0;1181000.0;2368000.0;710000.0;44000.0;678.7205546364138;93.04340975340739;186.55952099582447;399.11762388718194;55.936342866146695;1.7943071527607863;734.6568975025605;736.4512046553212;1546000.0;121.79941700149689;1.0;0.7639068564036222;;
1528;Sykkylven;2023;222;18946.0;30993.0;3492000.0;1422000.0;607000.0;633000.0;1873000.0;184.3133115169429;75.05542066927056;32.03842499736092;77.21946585031141;33.41074633167951;60.43300100022586;217.7240578486224;278.15705884884824;1634000.0;86.24511770294521;1.0;0.8702570379436965;drift_urimelig_lav|renhold_urimelig_lav;
1531;Sula;2023;222;26659.0;56844.0;6763000.0;1032000.0;2420000.0;1348000.0;6272000.0;253.6854345624367;38.71112944971679;90.77609812821186;124.19820698450805;50.56453730447504;110.33706283864612;304.2499718669117;414.5870347055578;1819000.0;68.2321167335609;1.0;0.5673446948873007;energi_urimelig_lav;
1532;Giske;2023;222;23019.0;42930.0;15667000.0;1577000.0;6302000.0;1788000.0;2307000.0;680.6116686215735;68.50862331117773;273.7738390025631;338.32920630783264;77.67496416004171;53.73864430468204;758.2866327816151;812.0252770862971;2339000.0;101.61171206394718;1.0;0.6742197520307824;;
1535;Vestnes;2023;222;15667.0;43894.0;7162000.0;1481000.0;2652000.0;1068000.0;6275000.0;457.13920980404674;94.52990361907193;169.27299419161295;193.33631199336185;68.16876236675816;142.95803526677906;525.3079721708049;668.266007437584;1836000.0;117.18899597880896;1.0;0.8066448801742919;;
1539;Rauma;2023;222;16943.0;53750.0;10210000.0;2585000.0;3897000.0;463000.0;2511000.0;602.608746975152;152.5703830490468;230.0064923567255;220.0318715693797;27.32691967184088;46.716279069767445;629.9356666469929;676.6519457167603;2029000.0;119.75447087292687;1.0;1.2740266140956136;;
1547;Aukra;2023;222;12100.0;26396.0;6309000.0;1390000.0;2397000.0;950000.0;483000.0;521.404958677686;114.87603305785125;198.099173553719;208.4297520661157;78.51239669421487;18.29822700409153;599.9173553719008;618.2155823759924;1408000.0;116.36363636363636;1.0;0.9872159090909092;;
1554;Averøy;2023;222;14636.0;23852.0;10809000.0;1998000.0;3619000.0;1080000.0;1649000.0;738.5214539491665;136.51270839027057;247.26701284503963;354.74173271385627;73.79065318393003;69.13466375985243;812.3121071330964;881.4467708929488;1863000.0;127.28887674227931;0.9629629629629629;1.0724637681159421;;
1557;Gjemnes;2023;222;5771.0;18282.0;3616000.0;705000.0;1079000.0;177000.0;558000.0;626.5811817709235;122.16253682204125;186.96932940564892;317.4493155432334;30.670594351065674;30.52182474565146;657.2517761219892;687.7736008676407;511000.0;88.54617917172067;1.0;1.3796477495107633;;
1560;Tingvoll;2023;222;10449.0;26517.0;5890000.0;1795000.0;1962000.0;1154000.0;1660000.0;563.6903052923725;171.78677385395733;187.76916451335055;204.1343669250646;110.44119054454971;62.601350077308894;674.1314958369222;736.7328459142311;1364000.0;130.53880754139152;1.0;1.3159824046920823;;
1563;Sunndal;2023;222;17047.0;48587.0;12211000.0;2035000.0;2413000.0;1250000.0;3638000.0;716.3137208893061;119.37584325687804;141.54983281515808;455.38804481726993;73.32668504722238;74.87599563669295;789.6404059365284;864.5164015732214;2749000.0;161.26004575585148;1.0;0.7402691887959257;;
1566;Surnadal;2023;222;13750.0;33305.0;11243000.0;1385000.0;3798000.0;300000.0;1817000.0;817.6727272727272;100.72727272727273;276.2181818181818;440.72727272727275;21.818181818181817;54.556372916979434;839.4909090909091;894.0472820078885;2078000.0;151.12727272727273;1.0;0.6665062560153995;;
1573;Smøla;2023;222;3996.0;15864.0;3406000.0;604000.0;1155000.0;347000.0;0.0;852.3523523523523;151.15115115115114;289.03903903903904;412.1621621621622;86.83683683683684;0.0;939.1891891891892;939.1891891891892;;;;;;kwh_mangler
1576;Aure;2023;222;7565.0;24660.0;6027000.0;1324000.0;1716000.0;1030000.0;0.0;796.6953073364177;175.01652346331792;226.83410442828816;394.8446794448116;136.15333773959023;0.0;932.848645076008;932.848645076008;1350000.0;178.4534038334435;1.0;0.9807407407407407;;
1577;Volda;2023;222;24780.0;47817.0;13026000.0;453000.0;5518000.0;1687000.0;10758000.0;525.6658595641646;18.28087167070218;222.67958030669894;284.7054075867635;68.07909604519774;224.98274672187716;593.7449556093624;818.7277023312395;2218000.0;89.50766747376917;1.0;0.20423805229936878;energi_urimelig_lav;implisitt_pris_utenfor
1578;Fjord;2023;222;11895.0;31570.0;5336000.0;1125000.0;2271000.0;294000.0;0.0;448.5918453131568;94.57755359394703;190.92055485498108;163.09373686422867;24.71626733921816;0.0;473.308112652375;473.308112652375;1353000.0;113.7452711223203;1.0;0.8314855875831485;;
1579;Hustadvika;2023;222;35418.0;62859.0;24708000.0;5224000.0;7177000.0;3278000.0;7373000.0;697.6113840420126;147.4956236941668;202.63707719238806;347.4786831554577;92.55180981421876;117.29426176044798;790.1631938562313;907.4574556166792;5063000.0;142.94991247388333;1.0;1.0317993284613864;;
1804;Bodø;2023;222;131632.0;243293.0;67480000.0;13877000.0;26385000.0;34739000.0;26816000.0;512.6413030266197;105.4226935699526;200.4451805032211;206.77342895344597;263.9099914914307;110.22100923577743;776.5512945180503;886.7723037538277;16056000.0;121.97641910781573;1.0;0.8642874937717987;;
1806;Narvik;2023;222;48306.0;122049.0;45821000.0;7670000.0;23127000.0;2510000.0;9814000.0;948.5571150581708;158.77944768765784;478.76040243448017;311.0172649360328;51.96041899556991;80.41032699981155;1000.5175340537407;1080.9278610535523;7172000.0;148.47016933714238;0.9771332961517011;1.0694366982710541;;
1811;Bindal;2023;222;3100.0;12427.0;2486000.0;305000.0;866000.0;768000.0;387000.0;801.9354838709677;98.38709677419355;279.35483870967744;424.19354838709677;247.74193548387098;31.141868512110726;1049.6774193548388;1080.8192878669495;477000.0;153.8709677419355;1.0;0.639412997903564;;
1812;Sømna;2023;222;6497.0;16671.0;4997000.0;1037000.0;1839000.0;475000.0;0.0;769.1242111743882;159.61212867477298;283.0537171002001;326.45836539941513;73.11066646144374;0.0;842.2348776358319;842.2348776358319;1350000.0;207.78820994305065;1.0;0.7681481481481481;;
1813;Brønnøy;2023;222;17159.0;47152.0;14888000.0;1640000.0;7562000.0;338000.0;2281000.0;867.6496299318142;95.57666530683606;440.7016725916429;331.3712920333353;19.69811760592109;48.375466576179164;887.3477475377352;935.7232141139144;193000.0;11.247741709889853;1.0;8.49740932642487;;kwh_urimelig_lav|implisitt_pris_utenfor
1815;Vega;2023;222;5400.0;12500.0;2091000.0;1012000.0;80000.0;1639000.0;0.0;387.22222222222223;187.40740740740742;14.814814814814815;185.0;303.51851851851853;0.0;690.7407407407408;690.7407407407408;;;;;renhold_urimelig_lav;kwh_mangler
1816;Vevelstad;2023;222;420.0;4662.0;768000.0;275000.0;0.0;468000.0;0.0;1828.5714285714287;654.7619047619048;0.0;1173.8095238095239;1114.2857142857142;0.0;2942.8571428571427;2942.8571428571427;276000.0;657.1428571428571;1.0;0.996376811594203;areal_for_lite|renhold_urimelig_lav;areal_for_lite|kwh_urimelig_hoy
1818;Herøy (Nordland);2023;222;3540.0;13648.0;3332000.0;854000.0;1166000.0;843000.0;576000.0;941.2429378531074;241.24293785310735;329.3785310734463;370.6214689265537;238.135593220339;42.20398593200469;1179.3785310734463;1221.582517005451;938000.0;264.9717514124294;1.0;0.9104477611940298;;
1820;Alstahaug;2023;222;18260.0;50792.0;9677000.0;2734000.0;3080000.0;1738000.0;5082000.0;529.9561883899233;149.72617743702082;168.67469879518072;211.5553121577218;95.18072289156626;100.05512679162072;625.1369112814896;725.1920380731103;2885000.0;157.99561883899233;1.0;0.9476603119584056;;
1822;Leirfjord;2023;222;7268.0;18895.0;4918000.0;1034000.0;919000.0;116000.0;581000.0;676.6648321408916;142.26747385800772;126.44468904788113;407.95266923500276;15.960374243258117;30.74887536385287;692.6252063841497;723.3740817480026;1732000.0;238.3048981838195;1.0;0.5969976905311779;;
1824;Vefsn;2023;222;35600.0;74993.0;21529000.0;4490000.0;4012000.0;2403000.0;6394000.0;604.7471910112359;126.12359550561797;112.69662921348315;365.9269662921348;67.5;85.26129105383168;672.2471910112359;757.5084820650676;4937000.0;138.67977528089887;1.0;0.9094591857403281;;
1825;Grane;2023;222;5550.0;13298.0;5688000.0;1162000.0;2375000.0;274000.0;0.0;1024.8648648648648;209.36936936936937;427.92792792792795;387.56756756756755;49.369369369369366;0.0;1074.2342342342342;1074.2342342342342;990000.0;178.3783783783784;1.0;1.1737373737373737;;
1826;Hattfjelldal - Aarborte;2023;222;5946.0;18371.0;5160000.0;1657000.0;1797000.0;349000.0;690000.0;867.8102926337033;278.6747393205516;302.2199798183653;286.91557349478643;58.694920955264045;37.55919655979533;926.5052135889674;964.0644101487627;1833000.0;308.2744702320888;0.8957992362247681;0.9039825422804146;;kwh_uteligger
1827;Dønna;2023;222;3320.0;13780.0;5023000.0;1817000.0;871000.0;264000.0;2461000.0;1512.9518072289156;547.289156626506;262.34939759036143;703.3132530120482;79.51807228915662;178.5921625544267;1592.4698795180723;1771.062042072499;1196000.0;360.2409638554217;1.0;1.5192307692307694;DV_uteligger_hoy;kwh_uteligger
1832;Hemnes;2023;222;14623.0;37901.0;9128000.0;2263000.0;2543000.0;1411000.0;383000.0;624.2221158449019;154.75620597688572;173.90412364083977;295.56178622717636;96.49182794228271;10.105274267169731;720.7139437871846;730.8192180543543;2898000.0;198.18094782192438;1.0;0.7808833678398895;;
1833;Rana;2023;222;52146.0;107612.0;33578000.0;6025000.0;16797000.0;2690000.0;10715000.0;643.9228320484792;115.54098109155065;322.11483143481763;206.26701952211099;51.58593180685;99.57067984983087;695.5087638553292;795.0794437051601;7757000.0;148.75541748168604;1.0;0.7767178032744618;;
1834;Lurøy;2023;222;10658.0;23500.0;7708000.0;1562000.0;56000.0;4241000.0;0.0;723.2126102458247;146.55657721899044;5.254269093638581;571.4017639331958;397.91705760930756;0.0;1121.1296678551323;1121.1296678551323;1564000.0;146.74422968662037;1.0;0.9987212276214835;renhold_urimelig_lav;
1835;Træna;2023;222;920.0;5050.0;1970000.0;552000.0;172000.0;586000.0;136000.0;2141.304347826087;600.0;186.95652173913044;1354.3478260869565;636.9565217391304;26.93069306930693;2778.2608695652175;2805.1915626345244;277000.0;301.0869565217391;1.0;1.992779783393502;DV_uteligger_hoy;kwh_uteligger
1837;Meløy;2023;222;21985.0;42380.0;16030000.0;2962000.0;4908000.0;776000.0;5416000.0;729.1335001137139;134.72822378894702;223.2431203093018;371.1621560154651;35.296793268137364;127.79613025011798;764.4302933818512;892.2264236319693;3417000.0;155.424152831476;1.0;0.8668422592917765;;
1838;Gildeskål;2023;222;6948.0;23267.0;5492000.0;1126000.0;2084000.0;743000.0;2101000.0;790.4432930339666;162.06102475532526;299.94242947610826;328.43983880253313;106.93724812895798;90.29956590879787;897.3805411629246;987.6801070717224;1094000.0;157.45538284398387;1.0;1.0292504570383911;;
1839;Beiarn;2023;222;1900.0;11383.0;1996000.0;353000.0;599000.0;61000.0;102000.0;1050.5263157894738;185.78947368421052;315.2631578947368;549.4736842105264;32.10526315789474;8.960730914521655;1082.6315789473683;1091.59230986189;407000.0;214.21052631578948;1.0;0.8673218673218672;;
1840;Saltdal;2023;222;13127.0;32465.0;10095000.0;1182000.0;4720000.0;607000.0;1769000.0;769.0256722785099;90.04342195474975;359.56425687514286;319.4179934486174;46.24057286508722;54.48945017711382;815.2662451435972;869.755695320711;2192000.0;166.98407861659175;1.0;0.5392335766423357;;
1841;Fauske - Fuossko;2023;222;16578.0;38761.0;13363000.0;1894000.0;4934000.0;1148000.0;5448000.0;806.0682832669803;114.24779828688624;297.62335625527805;394.197128724816;69.2484014959585;140.55364928665412;875.3166847629388;1015.870334049593;2960000.0;178.54988539027627;1.0;0.6398648648648648;;
1845;Sørfold;2023;222;9594.0;23702.0;6356000.0;648000.0;1965000.0;255000.0;679000.0;662.4973942047113;67.54221388367729;204.81550969355848;390.1396706274755;26.579111944965604;28.647371529828707;689.0765061496769;717.7238776795056;1961000.0;204.39858244736294;1.0;0.33044365119836816;;implisitt_pris_utenfor
1848;Steigen;2023;222;8906.0;20151.0;6620000.0;1583000.0;2415000.0;704000.0;1988000.0;743.3191107118796;177.74534022007634;271.16550640017965;294.4082640916236;79.04783292162587;98.65515359039253;822.3669436335055;921.022097223898;1972000.0;221.4237592634179;1.0;0.802738336713996;;
1851;Lødingen;2023;222;2935.0;12491.0;4738000.0;466000.0;880000.0;74000.0;447000.0;1614.3100511073253;158.77342419080068;299.82964224872234;1155.7069846678023;25.212947189097104;35.78576575134097;1639.5229982964224;1675.3087640477634;612000.0;208.51788756388416;1.0;0.761437908496732;DV_uteligger_hoy;
1853;Evenes - Evenássi;2023;222;4904.0;16553.0;2400000.0;397000.0;898000.0;190000.0;482000.0;489.3964110929853;80.95432300163132;183.115823817292;225.326264274062;38.743882544861336;29.118588775448558;528.1402936378466;557.2588824132952;531000.0;108.278955954323;1.0;0.7476459510357816;;
1856;Røst;2023;222;1150.0;5519.0;2132000.0;579000.0;551000.0;26000.0;373000.0;1853.9130434782608;503.4782608695652;479.1304347826087;871.304347826087;22.608695652173914;67.58470737452437;1876.5217391304348;1944.1064465049592;82000.0;71.30434782608695;1.0;7.060975609756097;DV_uteligger_hoy;implisitt_pris_utenfor
1857;Værøy;2023;222;3500.0;7950.0;1828000.0;224000.0;660000.0;47000.0;142000.0;522.2857142857143;64.0;188.57142857142858;269.7142857142857;13.428571428571429;17.861635220125788;535.7142857142857;553.5759209344114;349000.0;99.71428571428571;1.0;0.6418338108882522;;
1859;Flakstad;2023;222;1950.0;7042.0;1335000.0;317000.0;0.0;1454000.0;285000.0;684.6153846153846;162.56410256410257;0.0;522.0512820512821;745.6410256410256;40.47145697245101;1430.2564102564102;1470.7278672288612;163000.0;83.58974358974359;1.0;1.9447852760736197;renhold_urimelig_lav;
1860;Vestvågøy;2023;222;26733.0;65709.0;15983000.0;4566000.0;6279000.0;2266000.0;14000.0;597.8752852279954;170.80013466502075;234.87824037706207;192.19691018591254;84.76414917891745;0.2130606157451795;682.6394344069128;682.852495022658;4704000.0;175.96229379418696;0.9832057823129252;0.9706632653061223;;
1865;Vågan;2023;222;26230.0;60584.0;14055000.0;4029000.0;0.0;9949000.0;4385000.0;535.8368280594739;153.6027449485322;0.0;382.2340831109417;379.2985131528784;72.37884589990756;915.1353412123523;987.5141871122598;4281000.0;163.21006481128478;1.0;0.941135248773651;renhold_urimelig_lav;
1866;Hadsel;2023;222;19105.0;43529.0;14908000.0;2502000.0;4826000.0;1342000.0;3628000.0;780.3192881444648;130.96048154933263;252.6040303585449;396.7547762365873;70.24339178225596;83.34673436100071;850.5626799267208;933.9094142877215;3197000.0;167.33839309081392;1.0;0.7826086956521738;;
1867;Bø;2023;222;10175.0;23899.0;6403000.0;1056000.0;2018000.0;718000.0;10000.0;629.2874692874693;103.78378378378379;198.32923832923834;327.17444717444715;70.56511056511056;0.41842754926984393;699.8525798525799;700.2710074018497;1505000.0;147.9115479115479;1.0;0.7016611295681064;;
1868;Øksnes;2023;222;7518.0;30258.0;3929000.0;834000.0;1876000.0;842000.0;3354000.0;522.6123969140729;110.93375897845172;249.53445065176908;162.1441872838521;111.99787177440808;110.8467182232798;634.610268688481;745.4569869117609;1181000.0;157.08965150305932;1.0;0.7061812023708722;;
1870;Sortland - Suortá;2023;222;20626.0;70019.0;14300000.0;2687000.0;5804000.0;1730000.0;5222000.0;693.2997188015127;130.2724716377388;281.3924173373412;281.6348298264327;83.87472122563754;74.57975692312087;777.1744400271502;851.7541969502711;3042000.0;147.48375836323086;1.0;0.8833004602235373;;
1871;Andøy;2023;222;8370.0;25177.0;6831000.0;1048000.0;2159000.0;622000.0;47000.0;816.1290322580645;125.20908004778973;257.94504181600956;432.97491039426524;74.31302270011948;1.8667831751201494;890.442054958184;892.3088381333042;1635000.0;195.3405017921147;1.0;0.6409785932721712;;
1875;Hamarøy - Hábmer;2023;222;7727.0;25037.0;5672000.0;1005000.0;2058000.0;309000.0;1706000.0;734.0494370389544;130.06341400284717;266.33881195806913;337.647211078038;39.98964669341271;68.13915405200304;774.039083732367;842.17823778437;1322000.0;171.088391354989;1.0;0.760211800302572;;
2111;Longyearbyen;2023;222;6702.0;17843.0;6188000.0;1353000.0;1865000.0;538000.0;3403000.0;923.3064756789018;201.8800358102059;278.2751417487317;443.15129811996417;80.27454491196657;190.71904948719387;1003.5810205908684;1194.3000700780624;1369000.0;204.26738287078484;1.0;0.9883126369612856;;
3001;Halden (2020-2023);2023;222;59071.0;128370.0;27905000.0;11407000.0;9670000.0;3323000.0;16349000.0;472.39762319920095;193.1066005315637;163.70130859474193;115.58971407289533;56.254338000033854;127.35841707564073;528.6519611992348;656.0103782748756;7310000.0;123.74938633170252;0.9859097127222982;1.56046511627907;;
3002;Moss (2020-2023);2023;222;97884.0;181980.0;57299000.0;14254000.0;19850000.0;10454000.0;21061000.0;585.376568182747;145.62134771770667;202.79105880429896;236.9641616607413;106.79988557884843;115.73249807671172;692.1764537615953;807.9089518383071;12237000.0;125.01532426137061;1.0;1.1648279807142272;;
3003;Sarpsborg (2020-2023);2023;222;105187.0;231862.0;76210000.0;12620000.0;24285000.0;10222000.0;24445000.0;724.5191896337;119.9768032171276;230.87453772804625;373.66784868852613;97.17930923022807;105.42909144232345;821.6984988639281;927.1275903062515;10584000.0;100.6207991481837;1.0;1.1923658352229782;;
3004;Fredrikstad (2020-2023);2023;222;176947.0;396835.0;135424000.0;27702000.0;31969000.0;8263000.0;35611000.0;765.3365131932161;156.55535273273918;180.6699181110728;428.11124234940405;46.6975987159997;89.73754835132989;812.0341119092158;901.7716602605457;19797000.0;111.880958705149;0.9968682123554073;1.3993029246855584;;
3005;Drammen (2020-2023);2023;222;208461.0;379436.0;99481000.0;24482000.0;32699000.0;24849000.0;52984000.0;477.2163618134807;117.44163176805253;156.85907675776284;202.91565328766532;119.2021529206902;139.63883237225778;596.4185147341709;736.0573471064287;20463000.0;98.16224617554363;1.0;1.1964032644284806;;
3006;Kongsberg (2020-2023);2023;222;59263.0;98085.0;41551000.0;9556000.0;11526000.0;3117000.0;21201000.0;701.1288662403185;161.24732126284528;194.4889728835867;345.3925720938866;52.59605487403608;216.1492582963756;753.7249211143546;969.8741794107302;5078000.0;85.68584108128175;1.0;1.8818432453721936;;
3007;Ringerike (2020-2023);2023;222;69561.0;128482.0;58123000.0;10057000.0;14175000.0;5488000.0;4441000.0;835.5687813573697;144.5781400497405;203.7779790399793;487.21266226765;78.89478299621915;34.56515309537523;914.4635643535889;949.0287174489641;6350000.0;91.28678426129584;1.0;1.5837795275590552;;
3011;Hvaler (2020-2023);2023;222;8681.0;18346.0;9181000.0;1957000.0;2607000.0;92000.0;4038000.0;1057.5970510309871;225.43485773528394;300.31102407556733;531.851169220136;10.597857389701648;220.1024746538755;1068.1949084206888;1288.2973830745643;973000.0;112.08386130630112;0.9516957862281603;2.0113052415210686;;
3012;Aremark (2020-2023);2023;222;5427.0;16474.0;3545000.0;635000.0;1526000.0;413000.0;311000.0;653.2154044591856;117.0075548185001;281.18665929611205;255.02119034457343;76.10097659848904;18.878232366152726;729.3163810576746;748.1946134238273;624000.0;114.98065229408513;1.0;1.017628205128205;;
3013;Marker (2020-2023);2023;222;7820.0;22820.0;5705000.0;1207000.0;2195000.0;402000.0;699000.0;729.5396419437341;154.34782608695653;280.69053708439895;294.5012787723785;51.406649616368284;30.63102541630149;780.9462915601023;811.5773169764037;709000.0;90.66496163682865;0.9689703808180536;1.7023977433004231;;
3014;Indre Østfold (2020-2023);2023;222;96082.0;178799.0;66440000.0;18756000.0;20446000.0;7451000.0;15486000.0;691.4926833329864;195.20825961158178;212.797402218938;283.48702150246663;77.54834412272851;86.61122265784485;769.0410274557149;855.6522501135598;12345000.0;128.48400324722633;0.955690562980964;1.5193195625759417;;
3015;Skiptvet (2020-2023);2023;222;13747.0;26884.0;9633000.0;3121000.0;2766000.0;959000.0;866000.0;700.7347057539827;227.0313522950462;201.20753618971412;272.49581726922236;69.76067505637593;32.21246838268115;770.4953808103586;802.7078491930397;1599000.0;116.31628718993235;1.0;1.9518449030644152;;
3016;Rakkestad (2020-2023);2023;222;18502.0;38827.0;10438000.0;2812000.0;2720000.0;665000.0;1658000.0;564.1552264620041;151.98356934385473;147.01113393146687;265.1605231866825;35.94206031780348;42.702243284312466;600.0972867798076;642.7995300641201;1983000.0;107.17760242135985;1.0;1.4180534543620777;;
3017;Råde (2020-2023);2023;222;17854.0;38122.0;12127000.0;4313000.0;4011000.0;1659000.0;1717000.0;679.2315447518763;241.5705164108883;224.65553937493;213.00548896605804;92.92035398230088;45.039609674203874;772.1518987341772;817.1915084083811;2207000.0;123.6137560210597;0.8917082011780698;1.9542365201631173;;
3018;Våler (Viken) (2020-2023);2023;222;8199.0;21135.0;13273000.0;2470000.0;3647000.0;1046000.0;3733000.0;1618.8559580436638;301.25625076228806;444.81034272472255;872.7893645566533;127.57653372362483;176.62644901821622;1746.4324917672886;1923.0589407855048;1326000.0;161.72703988291255;0.9245852187028658;1.8627450980392155;DV_uteligger_hoy;
3019;Vestby (2020-2023);2023;222;45439.0;99903.0;24461000.0;5277000.0;7483000.0;7099000.0;3139000.0;538.3261075287749;116.13371773146416;164.68232135390303;257.51006844340765;156.2314311494531;31.420477863527623;694.557538678228;725.9780165417556;4168000.0;91.7273707608002;1.0;1.266074856046065;;
3020;Nordre Follo (2020-2023);2023;222;131105.0;256829.0;88618000.0;21058000.0;22659000.0;16100000.0;37432000.0;675.9315052820259;160.61935090194882;172.8309370352008;342.48121734487626;122.80233400709355;145.74678093205986;798.7338392891194;944.4806202211793;16241000.0;123.87780786392587;1.0;1.2965950372514008;;
3021;Ås (2020-2023);2023;222;66615.0;129775.0;37830000.0;7700000.0;11178000.0;3313000.0;13166000.0;567.8901148390003;115.58958192599265;167.80004503490204;284.50048787810556;49.73354349620956;101.45251396648045;617.6236583352098;719.0761723016902;5037000.0;75.61360054041883;1.0;1.5286877109390509;;
3022;Frogn (2020-2023);2023;222;32750.0;77315.0;21013000.0;4594000.0;6074000.0;3650000.0;5884000.0;641.6183206106871;140.27480916030535;185.46564885496184;315.87786259541986;111.45038167938931;76.10424885209856;753.0687022900763;829.1729511421748;3507000.0;107.08396946564885;1.0;1.309951525520388;;
3023;Nesodden (2020-2023);2023;222;38078.0;76010.0;36493000.0;8100000.0;10796000.0;4127000.0;7129000.0;958.3749146488786;212.72125636850674;283.5232942906665;462.13036398970536;108.3827932139293;93.79029075121694;1066.7577078628078;1160.5479986140247;7165000.0;188.16639529387047;1.0;1.1304954640614098;;
3024;Bærum (2020-2023);2023;222;311720.0;604667.0;176002000.0;41677000.0;43383000.0;38381000.0;92453000.0;564.6156807391249;133.7001154882587;139.17297574746567;291.7425895034005;123.12652380341332;152.8990336830024;687.7422045425382;840.6412382255405;35913000.0;115.20916206852303;1.0;1.160498983654944;;
3025;Asker (2020-2023);2023;222;237944.0;441633.0;141088000.0;26313000.0;42359000.0;29381000.0;52171000.0;592.9462394512994;110.58484349258649;178.0208788622533;304.3405170964597;123.47863362808056;118.1320236485951;716.4248730793801;834.5568967279752;22962000.0;96.50169787849242;0.9834073686961066;1.1459367650901489;;
3026;Aurskog-Høland (2020-2023);2023;222;42500.0;84731.0;34520000.0;6835000.0;7623000.0;2254000.0;7979000.0;812.2352941176471;160.8235294117647;179.36470588235295;472.0470588235294;53.03529411764706;94.16860417084656;865.2705882352941;959.4391924061407;5582000.0;131.34117647058824;1.0;1.2244715155858115;;
3027;Rælingen (2020-2023);2023;222;64649.0;123874.0;25441000.0;5965000.0;6400000.0;4404000.0;10020000.0;393.52503519002613;92.26747513495955;98.99611749601695;202.26144255904964;68.12170335194666;80.88864491337972;461.6467385419728;542.5353834553525;4761000.0;73.64383053102137;1.0;1.2528880487292586;;
3028;Enebakk (2020-2023);2023;222;24200.0;49970.0;21739000.0;4797000.0;7657000.0;1769000.0;4018000.0;898.305785123967;198.22314049586777;316.40495867768595;383.6776859504132;73.09917355371901;80.40824494696818;971.404958677686;1051.813203624654;1138000.0;47.02479338842975;1.0;4.215289982425308;;kwh_urimelig_lav|implisitt_pris_utenfor
3029;Lørenskog (2020-2023);2023;222;90427.0;207178.0;62409000.0;13463000.0;16902000.0;15127000.0;16139000.0;690.158912714123;148.88252402490406;186.91320070332975;354.36318798588917;167.2841076227233;77.89919779127128;857.4430203368463;935.3422181281176;8896000.0;98.37769692680284;1.0;1.5133767985611508;;
3030;Lillestrøm (2020-2023);2023;222;212260.0;406808.0;152047000.0;39651000.0;43206000.0;43665000.0;41992000.0;716.3243192311317;186.80391972109678;203.5522472439461;325.96815226608874;205.7146895317064;103.2231421210989;922.0390087628381;1025.262150883937;28848000.0;135.90879110524827;1.0;1.3744800332778704;;
3031;Nittedal (2020-2023);2023;222;57909.0;109060.0;36720000.0;8127000.0;9138000.0;10792000.0;8973000.0;634.0983266849712;140.34087965601202;157.79930580738744;335.9581412215718;186.36136006492947;82.27581147991931;820.4596867499007;902.73549822982;5441000.0;93.9577613151669;1.0;1.493659253813637;;
3032;Gjerdrum (2020-2023);2023;222;15868.0;32160.0;9544000.0;4260000.0;1825000.0;1648000.0;5885000.0;601.4620620115957;268.46483488782457;115.01134358457273;217.9858835391984;103.85681875472649;182.99129353233832;705.3188807663222;888.3101742986605;2199000.0;138.58079153012352;0.6625738972260118;1.9372442019099592;;
3033;Ullensaker (2020-2023);2023;222;90076.0;157996.0;75625000.0;27596000.0;18770000.0;7212000.0;14626000.0;839.568808561659;306.3635152537857;208.37959056796484;324.82570273990854;80.06572227896443;92.571963847186;919.6345308406235;1012.2064946878095;13484000.0;149.69581242506328;1.0;2.0465737169979237;;
3034;Nes (2020-2023);2023;222;44063.0;80867.0;31340000.0;10843000.0;7869000.0;12372000.0;9687000.0;711.2543403762794;246.07947711231645;178.5852075437442;286.5896557202188;280.7797925697297;119.78928363856703;992.0341329460091;1111.823416584576;5651000.0;128.24819009145995;1.0;1.9187754379755797;;
3035;Eidsvoll (2020-2023);2023;222;52120.0;94628.0;46365000.0;15108000.0;10006000.0;6699000.0;11048000.0;889.5817344589409;289.8695318495779;191.9800460475825;407.7321565617805;128.53031465848042;116.75191275309633;1018.1120491174213;1134.8639618705176;7652000.0;146.81504221028396;1.0;1.974385781495034;;
3036;Nannestad (2020-2023);2023;222;27279.0;57813.0;25181000.0;10014000.0;5709000.0;4201000.0;7213000.0;923.0910223981817;367.09556801935554;209.28186517101068;346.7135892078155;154.00124637999926;124.7643263625828;1077.092268778181;1201.8565951407638;5553000.0;203.56318046849225;0.9855933729515577;1.8033495407887628;;
3037;Hurdal (2020-2023);2023;222;5766.0;14980.0;4858000.0;1712000.0;1248000.0;511000.0;957000.0;842.5251474158862;296.9129379118973;216.44120707596255;329.1710024280264;88.62296219216094;63.88518024032043;931.1481096080472;995.0332898483676;1014000.0;175.85848074921955;1.0;1.6883629191321499;;
3038;Hole (2020-2023);2023;222;15976.0;30286.0;12063000.0;2590000.0;3519000.0;2115000.0;3045000.0;755.0701051577366;162.11817726589885;220.26790185277918;372.6840260390586;132.38607911867803;100.54150432543089;887.4561842764147;987.9976886018455;1549000.0;96.95793690535804;1.0;1.672046481601033;;
3039;Flå (2020-2023);2023;222;4074.0;12194.0;3546000.0;1147000.0;677000.0;144000.0;882000.0;870.3976435935199;281.5414825724104;166.17574864997545;422.680412371134;35.34609720176731;72.33065442020666;905.7437407952872;978.0743952154938;799000.0;196.12174766813942;1.0;1.4355444305381728;;
3040;Nesbyen (2020-2023);2023;222;9583.0;34093.0;3843000.0;777000.0;1770000.0;146000.0;6559000.0;401.0226442658875;81.08108108108108;184.70207659396848;135.23948659083794;15.23531253260983;192.38553368726718;416.25795679849733;608.6434904857645;972000.0;101.42961494312846;1.0;0.7993827160493827;DV_uteligger_lav;
3041;Gol (2020-2023);2023;222;11100.0;37004.0;5267000.0;547000.0;2135000.0;62000.0;3075000.0;474.5045045045045;49.27927927927928;192.34234234234233;232.88288288288288;5.585585585585585;83.09912441898173;480.0900900900901;563.1892145090718;1341000.0;120.8108108108108;1.0;0.4079045488441462;;implisitt_pris_utenfor
3042;Hemsedal (2020-2023);2023;222;6020.0;22970.0;5331000.0;404000.0;2136000.0;1127000.0;2716000.0;885.5481727574751;67.10963455149502;354.8172757475083;463.62126245847173;187.2093023255814;118.24118415324337;1072.7574750830565;1190.9986592363;492000.0;81.72757475083057;1.0;0.8211382113821138;;
3044;Hol (2020-2023);2023;222;11832.0;34510.0;11376000.0;872000.0;3393000.0;924000.0;5497000.0;961.4604462474645;73.69844489519946;286.7647058823529;600.997295469912;78.09330628803245;159.28716314111853;1039.5537525354969;1198.8409156766154;2087000.0;176.38607167004733;1.0;0.41782462865356973;;implisitt_pris_utenfor
3045;Sigdal (2020-2023);2023;222;8249.0;20596.0;7919000.0;1846000.0;2332000.0;647000.0;3308000.0;959.9951509273851;223.7847011759001;282.70093344647836;453.5095163050067;78.43374954539944;160.6137114002719;1038.4289004727846;1199.0426118730566;1394000.0;168.9901806279549;1.0;1.3242467718794833;;
3046;Krødsherad (2020-2023);2023;222;3774.0;19464.0;4453000.0;1141000.0;922000.0;476000.0;2624000.0;1179.915209326974;302.3317435082141;244.30312665606783;633.2803391626921;126.12612612612612;134.812988080559;1306.0413354531001;1440.8543235336592;713000.0;188.92421833598303;1.0;1.6002805049088362;;
3047;Modum (2020-2023);2023;222;30199.0;78634.0;29161000.0;4419000.0;9543000.0;3239000.0;6006000.0;965.628000927183;146.32934865392895;316.00384118679426;503.29481108645984;107.25520712606378;76.37917440293003;1072.8832080532468;1149.2623824561767;0.0;0.0;;;;kwh_null|kwh_urimelig_lav
3048;Øvre Eiker (2020-2023);2023;222;39144.0;88251.0;31408000.0;8082000.0;7980000.0;3807000.0;9382000.0;802.3707337012058;206.46842427958308;203.862660944206;392.03964847741673;97.25628448804414;106.31041008033904;899.62701818925;1005.937428269589;5092000.0;130.08379317392192;0.9848782403770621;1.5871956009426553;;
3049;Lier (2020-2023);2023;222;65647.0;119944.0;38891000.0;6431000.0;12482000.0;5203000.0;16430000.0;592.4261580879553;97.96334942952458;190.13816320623943;304.32464545219125;79.25723947781316;136.98059094243982;671.6833975657685;808.6639885082083;5783000.0;88.092372842628;1.0;1.112052567871347;;
3050;Flesberg (2020-2023);2023;222;9222.0;20497.0;6970000.0;1089000.0;2154000.0;580000.0;2519000.0;755.8013446107135;118.0871828236825;233.5718932986337;404.1422684883973;62.893081761006286;122.89603356588769;818.6944263717198;941.5904599376075;1188000.0;128.8223812621991;1.0;0.9166666666666666;;
3051;Rollag (2020-2023);2023;222;4900.0;18541.0;2433000.0;666000.0;759000.0;211000.0;3223000.0;496.53061224489795;135.91836734693877;154.89795918367346;205.71428571428572;43.06122448979592;173.8309692033871;539.5918367346939;713.422805938081;496000.0;101.22448979591837;1.0;1.3427419354838708;;
3052;Nore og Uvdal (2020-2023);2023;222;6003.0;30388.0;7751000.0;2118000.0;2216000.0;1139000.0;2634000.0;1291.1877394636015;352.82358820589707;369.14875895385643;569.215392303848;189.7384641012827;86.67895221798078;1480.9262035648842;1567.605155782865;831000.0;138.43078460769615;1.0;2.548736462093863;;
3053;Jevnaker (2020-2023);2023;222;14750.0;40473.0;12284000.0;2362000.0;4435000.0;1367000.0;2406000.0;832.8135593220339;160.135593220339;300.6779661016949;372.0;92.67796610169492;59.44703876658513;925.4915254237288;984.938564190314;1890000.0;128.135593220339;1.0;1.2497354497354498;;
3054;Lunner (2020-2023);2023;222;25366.0;46139.0;17626000.0;3704000.0;5669000.0;1746000.0;3141000.0;694.8671449972404;146.02223448710873;223.48813372230543;325.3567767878262;68.83229519829693;68.07689806887882;763.6994401955374;831.7763382644162;3230000.0;127.33580383190098;0.9996904024767802;1.146749226006192;;
3401;Kongsvinger;2023;222;36399.0;80962.0;20787000.0;4617000.0;4836000.0;1740000.0;11101000.0;571.0871177779609;126.84414406989202;132.86079287892525;311.38218082914364;47.80351108546938;137.11370766532448;618.8906288634303;756.0043365287547;3563000.0;97.88730459628012;1.0;1.2958181307886611;;
3403;Hamar;2023;222;68492.0;180283.0;60576000.0;11042000.0;16690000.0;4651000.0;20402000.0;884.4244583308999;161.21590842726158;243.6780937919757;479.53045611166266;67.90574081644571;113.16652152449205;952.3301991473456;1065.4967206718377;7299000.0;106.56719032879752;1.0;1.5128099739690368;;
3405;Lillehammer;2023;222;53250.0;120279.0;36751000.0;8188000.0;10810000.0;1462000.0;19138000.0;690.1596244131456;153.76525821596243;203.00469483568074;333.38967136150234;27.455399061032864;159.1133946906775;717.6150234741784;876.728418164856;6262000.0;117.59624413145539;1.0;1.3075694666240818;;
3407;Gjøvik;2023;222;59000.0;135473.0;34366000.0;8155000.0;12567000.0;8580000.0;13599000.0;582.4745762711865;138.22033898305085;213.0;231.25423728813558;145.42372881355934;100.38162585902727;727.8983050847457;828.279930943773;8333000.0;141.23728813559322;1.0;0.9786391455658227;;
3411;Ringsaker;2023;222;76228.0;157711.0;49288000.0;13392000.0;15997000.0;5674000.0;23205000.0;646.5865561211103;175.6834758881251;209.85727029438002;261.04580993860526;74.43459096395026;147.1362175117779;721.0211470850606;868.1573645968385;7745000.0;101.6030854804009;0.9639767591994836;1.72911555842479;;
3412;Løten;2023;222;18779.0;38951.0;12539000.0;3358000.0;3850000.0;1939000.0;965000.0;667.7139357793279;178.81676340593216;205.01624154640822;283.8809308269876;103.25363437882741;24.774716952067983;770.9675701581554;795.7422871102233;2552000.0;135.896480110762;1.0;1.315830721003135;;
3413;Stange;2023;222;57865.0;101646.0;36946000.0;11529000.0;10041000.0;4212000.0;11233000.0;638.4861315130044;199.23960943575563;173.52458308130994;265.72193899593884;72.79011492266483;110.51098911909962;711.2762464356692;821.7872355547688;7450000.0;128.74794780955673;0.9943624161073825;1.5475167785234898;;
3414;Nord-Odal;2023;222;11744.0;26489.0;7574000.0;2238000.0;2519000.0;557000.0;3379000.0;644.925068119891;190.56539509536785;214.4925068119891;239.86716621253407;47.428474114441414;127.56238438597154;692.3535422343324;819.9159266203039;1573000.0;133.94073569482288;1.0;1.4227590591226955;;
3415;Sør-Odal;2023;222;14700.0;34464.0;8224000.0;1826000.0;2846000.0;694000.0;6259000.0;559.4557823129252;124.21768707482993;193.60544217687075;241.6326530612245;47.2108843537415;181.60979572887652;606.6666666666666;788.2764623955431;2158000.0;146.80272108843536;1.0;0.8461538461538461;;
3416;Eidskog;2023;222;10132.0;31071.0;9553000.0;3052000.0;2518000.0;908000.0;3567000.0;942.8543229372286;301.2238452427951;248.51954204500592;393.1109356494276;89.61705487564153;114.80158347011682;1032.47137781287;1147.272961282987;1374000.0;135.60994867745757;0.9781659388646288;2.2212518195050945;;
3417;Grue;2023;222;4988.0;19598.0;4600000.0;1021000.0;1629000.0;185000.0;1457000.0;922.2133119486768;204.69125902165197;326.58380112269447;390.9382518043304;37.089013632718526;74.34432084906624;959.3023255813954;1033.6466464304617;837000.0;167.8027265437049;1.0;1.2198327359617682;;
3418;Åsnes;2023;222;22000.0;41800.0;13943000.0;4517000.0;3665000.0;1303000.0;2448000.0;633.7727272727273;205.3181818181818;166.5909090909091;261.8636363636364;59.22727272727273;58.56459330143541;693.0;751.5645933014354;3271000.0;148.6818181818182;0.9712626108223785;1.3809232650565575;;
3419;Våler (Innlandet);2023;222;5171.0;26050.0;4084000.0;1254000.0;430000.0;162000.0;2087000.0;789.7892090504738;242.50628505124735;83.15606265712628;464.1268613421002;31.32856314059176;80.1151631477927;821.1177721910656;901.2329353388583;815000.0;157.6097466640882;0.9607361963190184;1.5386503067484663;;
3420;Elverum;2023;222;46835.0;106684.0;33993000.0;8004000.0;11354000.0;3222000.0;7906000.0;725.8033521938721;170.89783281733747;242.4255364577773;312.47998291875734;68.79470481477527;74.10670766000526;794.5980570086474;868.7047646686526;6031000.0;128.77121810611723;1.0;1.3271430940142597;;
3421;Trysil;2023;222;13474.0;30860.0;8152000.0;2319000.0;1333000.0;531000.0;1334000.0;605.017069912424;172.10924743951313;98.93127504824106;333.9765474246697;39.40923259611103;43.22747893713545;644.426302508535;687.6537814456703;1712000.0;127.05952204245213;1.0;1.354556074766355;;
3422;Åmot;2023;222;9815.0;26728.0;6643000.0;2355000.0;1629000.0;247000.0;3890000.0;676.8211920529801;239.93886907794192;165.97045338767194;270.91186958736625;25.165562913907284;145.5402574079617;701.9867549668874;847.527012374849;1353000.0;137.85022924095773;1.0;1.7405764966740573;;
3423;Stor-Elvdal;2023;222;7291.0;18089.0;4488000.0;1112000.0;1387000.0;13000.0;1697000.0;615.5534220271568;152.51680153614043;190.23453572898094;272.8020847620354;1.7830201618433685;93.81392006191608;617.3364421890001;711.1503622509161;907000.0;124.39994513784117;1.0;1.2260198456449833;;
3424;Rendalen;2023;222;5353.0;15320.0;1718000.0;1196000.0;1000.0;349000.0;11378000.0;320.94152811507564;223.4261161965253;0.18681113394358304;97.32860078460676;65.19708574631048;742.6892950391644;386.13861386138615;1128.8279089005505;814000.0;152.0642630300766;0.9680589680589681;1.4692874692874691;renhold_urimelig_lav;
3425;Engerdal;2023;222;5960.0;14750.0;3421000.0;846000.0;1167000.0;61000.0;2089000.0;573.993288590604;141.94630872483222;195.80536912751677;236.24161073825502;10.234899328859061;141.6271186440678;584.228187919463;725.8553065635308;494000.0;82.88590604026845;1.0;1.7125506072874495;;
3426;Tolga;2023;222;4932.0;15619.0;3253000.0;1165000.0;1025000.0;602000.0;2678000.0;659.5701540957016;236.2124898621249;207.8264395782644;215.53122465531226;122.06001622060016;171.45783981048723;781.6301703163017;953.088010126789;776000.0;157.3398215733982;1.0;1.5012886597938144;;
3427;Tynset;2023;222;19709.0;48773.0;12268000.0;3561000.0;3527000.0;736000.0;2921000.0;622.4567456491958;180.67887767009995;178.95377746207316;262.8240905170227;37.343345679638745;59.88969306788592;659.8000913288346;719.6897843967205;2808000.0;142.47298188644783;0.9494301994301995;1.268162393162393;;
3428;Alvdal;2023;222;6386.0;23607.0;3248000.0;839000.0;1164000.0;157000.0;0.0;508.61259004071405;131.38114625743813;182.27372377074852;194.9577200125274;24.585029752583775;0.0;533.1976197932978;533.1976197932978;756000.0;118.38396492326966;1.0;1.1097883597883595;;
3429;Folldal;2023;222;2830.0;10547.0;3237000.0;703000.0;994000.0;390000.0;369000.0;1143.816254416961;248.40989399293287;351.23674911660777;544.1696113074205;137.80918727915196;34.986252014790935;1281.625441696113;1316.611693710904;447000.0;157.9505300353357;1.0;1.5727069351230425;;
3430;Os;2023;222;4884.0;16925.0;2079000.0;1764000.0;27000.0;136000.0;585000.0;425.6756756756757;361.1793611793612;5.528255528255528;58.96805896805897;27.846027846027845;34.56425406203841;453.5217035217035;488.0859575837419;1137000.0;232.8009828009828;1.0;1.5514511873350925;renhold_urimelig_lav;
3431;Dovre;2023;222;6275.0;20099.0;2756000.0;863000.0;719000.0;293000.0;1030000.0;439.203187250996;137.52988047808765;114.58167330677291;187.09163346613545;46.69322709163347;51.24633066321707;485.8964143426295;537.1427450058466;682000.0;108.68525896414343;1.0;1.2653958944281525;;
3432;Lesja;2023;222;8221.0;21230.0;6999000.0;1399000.0;2166000.0;473000.0;995000.0;851.3562826906702;170.17394477557474;263.471597129303;417.7107407857925;57.535579613185746;46.867640131888834;908.891862303856;955.7595024357448;1602000.0;194.86680452499695;1.0;0.8732833957553059;;
3433;Skjåk;2023;222;4770.0;19390.0;3659000.0;611000.0;1302000.0;273000.0;1963000.0;767.0859538784067;128.0922431865828;272.9559748427673;366.0377358490566;57.23270440251572;101.23775141825683;824.3186582809225;925.5564096991793;704000.0;147.58909853249475;1.0;0.8678977272727273;;
3434;Lom;2023;222;5647.0;20627.0;2882000.0;641000.0;1010000.0;157000.0;1749000.0;510.35948291128034;113.51159907915708;178.8560297503099;217.99185408181336;27.802372941384807;84.7917777670044;538.1618558526651;622.9536336196695;1009000.0;178.6789445723393;1.0;0.6352824578790882;;
3435;Vågå;2023;222;7200.0;23647.0;5796000.0;1219000.0;1425000.0;679000.0;2036000.0;805.0;169.30555555555554;197.91666666666666;437.77777777777777;94.30555555555556;86.09971666596185;899.3055555555555;985.4052722215174;1008000.0;140.0;1.0;1.2093253968253967;;
3436;Nord-Fron;2023;222;18892.0;55119.0;12072000.0;2669000.0;4025000.0;527000.0;3045000.0;639.0006351894982;141.27673089138258;213.0531441880161;284.67076011009954;27.895405462629686;55.24410820225331;666.8960406521279;722.1401488543812;3567000.0;188.8100783400381;1.0;0.7482478273058593;;
3437;Sel;2023;222;14800.0;40770.0;10475000.0;2809000.0;3426000.0;1300000.0;2389000.0;707.7702702702703;189.7972972972973;231.48648648648648;286.4864864864865;87.83783783783784;58.59700760363012;795.6081081081081;854.2051157117382;1819000.0;122.9054054054054;1.0;1.5442550852116548;;
3438;Sør-Fron;2023;222;7887.0;31943.0;10639000.0;2276000.0;2120000.0;279000.0;146000.0;1348.9286167110436;288.5761379485229;268.7967541524027;791.5557246101179;35.37466717383035;4.570641455091883;1384.3032838848737;1388.8739253399656;1295000.0;164.19424369215164;1.0;1.7575289575289577;;
3439;Ringebu;2023;222;10154.0;26086.0;8296000.0;2076000.0;1851000.0;499000.0;2947000.0;817.017923970849;204.45144770533778;182.2926925349616;430.27378373054955;49.14319480007879;112.97247565744077;866.1611187709277;979.1335944283685;1288000.0;126.84656293086468;1.0;1.6118012422360248;;
3440;Øyer;2023;222;12318.0;28401.0;8075000.0;2063000.0;2494000.0;355000.0;2594000.0;655.5447312875467;167.47848676733236;202.4679331060237;285.5983114141906;28.819613573632083;91.3348121545016;684.3643448611788;775.6991570156804;1543000.0;125.26384153271636;1.0;1.33700583279326;;
3441;Gausdal;2023;222;13071.0;37929.0;12003000.0;2302000.0;3574000.0;434000.0;5290000.0;918.2924030296075;176.1150638818759;273.4297299365007;468.74760921123095;33.203274424298066;139.4711170871892;951.4956774539056;1090.9667945410947;1605000.0;122.79091117741565;0.9925233644859813;1.4342679127725857;;
3442;Østre Toten;2023;222;29100.0;71409.0;20903000.0;4663000.0;6216000.0;4023000.0;9884000.0;718.3161512027491;160.2405498281787;213.60824742268042;344.46735395189006;138.24742268041237;138.41392541556385;856.5635738831616;994.9774992987254;3858000.0;132.57731958762886;0.9981855883877657;1.2086573354069468;;
3443;Vestre Toten;2023;222;28139.0;75284.0;18023000.0;3551000.0;5989000.0;579000.0;7562000.0;640.4989516329649;126.19496073065852;212.83627705320018;301.46771384910625;20.57642417996375;100.44630997290261;661.0753758129287;761.5216857858313;2657000.0;94.42410888802019;1.0;1.3364697026721868;;
3446;Gran;2023;222;32429.0;75224.0;27514000.0;6294000.0;7158000.0;1858000.0;4711000.0;848.438126368374;194.08554071972617;220.72836041814426;433.62422523050355;57.29439699034815;62.62628948208019;905.7325233587221;968.3588128408023;4783000.0;147.4914428443677;0.9406230399330964;1.3159105164122935;;
3447;Søndre Land;2023;222;11846.0;28150.0;9073000.0;1975000.0;2458000.0;1159000.0;1604000.0;765.9125443187573;166.72294445382408;207.49620124936686;391.6933986155664;97.8389329731555;56.98046181172291;863.7514772919129;920.7319391036358;1602000.0;135.23552253925376;0.9731585518102372;1.2328339575530587;;
3448;Nordre Land;2023;222;19481.0;49357.0;10332000.0;3321000.0;3783000.0;525000.0;2286000.0;530.3629177146963;170.47379497972383;194.18920999948668;165.69991273548587;26.949335249730506;46.31561885852057;557.3122529644269;603.6278718229474;3413000.0;175.19634515681946;1.0;0.9730442426018167;;
3449;Sør-Aurdal;2023;222;9745.0;26128.0;6855000.0;1869000.0;1775000.0;1069000.0;1738000.0;703.4376603386352;191.7906618778861;182.14468958440224;329.50230887634683;109.69728065674705;66.51867728107777;813.1349409953823;879.6536182764601;1172000.0;120.2668034889687;0.9982935153583617;1.5947098976109215;;
3450;Etnedal;2023;222;3650.0;12405.0;1719000.0;840000.0;0.0;285000.0;1009000.0;470.958904109589;230.13698630136986;0.0;240.82191780821918;78.08219178082192;81.33817009270456;549.0410958904109;630.3792659831155;534000.0;146.3013698630137;1.0;1.5730337078651686;renhold_urimelig_lav;
3451;Nord-Aurdal;2023;222;10200.0;28019.0;8184000.0;2919000.0;2565000.0;907000.0;2407000.0;802.3529411764706;286.1764705882353;251.47058823529412;264.70588235294116;88.92156862745098;85.90599236232556;891.2745098039215;977.1805021662472;1549000.0;151.86274509803923;1.0;1.8844415752098127;;
3452;Vestre Slidre;2023;222;4914.0;13412.0;2724000.0;1309000.0;417000.0;471000.0;0.0;554.3345543345544;266.3817663817664;84.85958485958486;203.0932030932031;95.84859584859585;0.0;650.1831501831501;650.1831501831501;1069000.0;217.54171754171753;1.0;1.224508886810103;;
3453;Øystre Slidre;2023;222;10169.0;26228.0;7868000.0;2114000.0;2490000.0;779000.0;505000.0;773.7240633297276;207.88671452453536;244.86183498869113;320.9755138165011;76.6053692595142;19.254232118346806;850.3294325892418;869.5836647075887;1672000.0;164.42128036188416;1.0;1.264354066985646;;
3454;Vang;2023;222;8300.0;18100.0;4246000.0;637000.0;1735000.0;591000.0;674000.0;511.56626506024094;76.74698795180723;209.03614457831324;225.78313253012047;71.20481927710843;37.23756906077348;582.7710843373494;620.0086533981229;1121000.0;135.06024096385542;1.0;0.568242640499554;;
3801;Horten (2020-2023);2023;222;60426.0;128434.0;35792000.0;9164000.0;10224000.0;2449000.0;9098000.0;592.3278059113627;151.65657167444476;169.1986893059279;271.47254493098995;40.52891139575679;70.83794010931685;632.8567173071194;703.6946574164363;5528000.0;91.48379836494225;0.9931259044862518;1.6577424023154845;;
3802;Holmestrand (2020-2023);2023;222;56818.0;114682.0;37166000.0;11865000.0;7169000.0;1310000.0;8770000.0;654.1236931958182;208.82466823893836;126.17480375937203;319.12422119750784;23.056073779436094;76.47233218813763;677.1797669752543;753.652099163392;4991000.0;87.8418810940195;0.906832298136646;2.377279102384292;;
3803;Tønsberg (2020-2023);2023;222;93537.0;233089.0;74997000.0;21387000.0;20268000.0;8906000.0;21414000.0;801.7896661214279;228.64748709067;216.68430674492447;356.4578722858334;95.2136587660498;91.87048723878004;897.0033248874777;988.8738121262577;12709000.0;135.8713664111528;1.0;1.6828231961602016;;
3804;Sandefjord (2020-2023);2023;222;139789.0;270940.0;106888000.0;29175000.0;25545000.0;25154000.0;15177000.0;764.6381331864453;208.70740902359987;182.73970054868408;373.19102361416134;179.94262781763945;56.01609212371743;944.5807610040847;1000.5968531278021;17831000.0;127.5565316298135;1.0;1.6361953900510349;;
3805;Larvik (2020-2023);2023;222;81672.0;175972.0;65169000.0;18167000.0;17568000.0;9104000.0;9240000.0;797.9356450191008;222.43853462631012;215.10431971789598;360.3927906748947;111.47027132921932;52.508353601709366;909.4059163483201;961.9142699500295;10276000.0;125.82035458908805;1.0;1.7679057999221488;;
3806;Porsgrunn (2020-2023);2023;222;74215.0;181844.0;48139000.0;11792000.0;13363000.0;3511000.0;10281000.0;648.6424577241797;158.88971232230682;180.05793976958836;309.69480563228456;47.30849558714546;56.53747167902158;695.9509533113252;752.4884249903467;7757000.0;104.52064946439398;1.0;1.5201753255124406;;
3807;Skien (2020-2023);2023;222;132916.0;225540.0;77161000.0;18933000.0;21035000.0;10566000.0;16900000.0;580.5245418158837;142.44334767823287;158.25784706130187;279.82334707634897;79.49381564296247;74.93127604859448;660.0183574588461;734.9496335074406;12306000.0;92.584790393933;1.0;1.5385177961969771;;
3808;Notodden (2020-2023);2023;222;27986.0;57092.0;19239000.0;4792000.0;6137000.0;3448000.0;2151000.0;687.4508682912885;171.2284713785464;219.2882155363396;296.9341813764025;123.20445937254341;37.676031668184685;810.6553276638319;848.3313593320166;3549000.0;126.81340670335167;1.0;1.3502395040856578;;
3811;Færder (2020-2023);2023;222;47757.0;89819.0;37903000.0;10383000.0;13293000.0;5540000.0;10185000.0;793.6637560985824;217.41315409259374;278.34662981343047;297.9039721925582;116.0039365956823;113.39471604003607;909.6676926942647;1023.0624087343008;5885000.0;123.22800845949286;1.0;1.7643160577740016;;
3812;Siljan (2020-2023);2023;222;5653.0;11625.0;4320000.0;1214000.0;1538000.0;231000.0;337000.0;764.1960021227667;214.75322837431452;272.06792853352204;277.37484521493013;40.86325844684239;28.989247311827956;805.059260569609;834.048507881437;680000.0;120.2901114452503;1.0;1.785294117647059;;
3813;Bamble (2020-2023);2023;222;42116.0;79257.0;28909000.0;7168000.0;8784000.0;2689000.0;7043000.0;686.4137145028018;170.1965998670339;208.56681546205718;307.6502991737107;63.84746889543167;88.86281337925988;750.2611833982335;839.1239967774934;4118000.0;97.77756672048628;1.0;1.7406508013598834;;
3814;Kragerø (2020-2023);2023;222;23552.0;49630.0;14429000.0;3395000.0;4694000.0;2218000.0;2220000.0;612.6443614130435;144.1491168478261;199.30366847826087;269.1915760869565;94.17459239130434;44.73100947007858;706.8189538043479;751.5499632744264;2408000.0;102.24184782608695;0.9377076411960132;1.4098837209302326;;
3815;Drangedal (2020-2023);2023;222;10454.0;21191.0;7480000.0;1731000.0;2506000.0;12161000.0;247000.0;715.5155921178497;165.58255213315476;239.71685479242396;310.2161851922709;1163.2867801798354;11.655891652116464;1878.802372297685;1890.4582639498014;1762000.0;168.54792423952554;1.0;0.9824063564131668;DV_uteligger_hoy;
3816;Nome (2020-2023);2023;222;13005.0;38384.0;9051000.0;2260000.0;2190000.0;662000.0;2163000.0;695.9630911188004;173.77931564782776;168.39677047289504;353.78700499807763;50.90349865436371;56.35160483534806;746.8665897731642;803.2181946085122;1422000.0;109.34256055363322;1.0;1.589310829817159;;
3817;Midt-Telemark (2020-2023);2023;222;24156.0;40078.0;16303000.0;4691000.0;5656000.0;1633000.0;5862000.0;674.9047855605232;194.19605895015732;234.14472594800463;246.5640006623613;67.60225202848153;146.26478367183992;742.5070375890048;888.7718212608447;3102000.0;128.4153005464481;1.0;1.5122501611863315;;
3818;Tinn (2020-2023);2023;222;14040.0;45107.0;11179000.0;3198000.0;3280000.0;2063000.0;2969000.0;796.2250712250712;227.77777777777777;233.61823361823363;334.8290598290598;146.93732193732194;65.82126942603144;943.1623931623932;1008.9836625884246;2170000.0;154.55840455840456;1.0;1.4737327188940093;;
3819;Hjartdal (2020-2023);2023;222;3670.0;10139.0;2691000.0;697000.0;732000.0;273000.0;272000.0;733.2425068119891;189.91825613079018;199.4550408719346;343.8692098092643;74.38692098092643;26.82710326462176;807.6294277929155;834.4565310575373;471000.0;128.33787465940054;1.0;1.4798301486199574;;
3820;Seljord (2020-2023);2023;222;7054.0;13650.0;6666000.0;1516000.0;1923000.0;494000.0;2451000.0;944.9957470938475;214.91352424156506;272.6112843776581;457.47093847462435;70.03118797845194;179.56043956043956;1015.0269350722994;1194.5873746327388;992000.0;140.62943011057556;1.0;1.5282258064516128;;
3821;Kviteseid (2020-2023);2023;222;3221.0;16887.0;3570000.0;845000.0;1264000.0;93000.0;383000.0;1108.35144365104;262.34088792300525;392.42471282210494;453.58584290592984;28.87302080099348;22.680168176703972;1137.2244644520335;1159.9046326287375;468000.0;145.29649177274138;1.0;1.8055555555555556;;
3822;Nissedal (2020-2023);2023;222;5407.0;11270.0;4679000.0;1399000.0;1142000.0;291000.0;504000.0;865.3597188829295;258.73867209173295;211.20769373034955;395.41335306084704;53.81912335860921;44.72049689440994;919.1788422415387;963.8993391359487;71000.0;13.131126317736268;1.0;19.704225352112676;;kwh_urimelig_lav|implisitt_pris_utenfor
3823;Fyresdal (2020-2023);2023;222;4204.0;12921.0;4998000.0;690000.0;1102000.0;119000.0;260000.0;1188.8677450047574;164.12940057088488;262.1313035204567;762.6070409134157;28.30637488106565;20.12228155715502;1217.174119885823;1237.296401442978;409000.0;97.2882968601332;1.0;1.6870415647921762;;
3824;Tokke (2020-2023);2023;222;5400.0;24390.0;8646000.0;815000.0;3230000.0;444000.0;1595000.0;1601.111111111111;150.92592592592592;598.1481481481482;852.0370370370371;82.22222222222223;65.39565395653956;1683.3333333333333;1748.7289872898727;812000.0;150.37037037037038;1.0;1.003694581280788;DV_uteligger_hoy;
3825;Vinje (2020-2023);2023;222;11464.0;39697.0;12690000.0;3682000.0;5127000.0;1409000.0;557000.0;1106.9434752267969;321.17934403349614;447.22609909281226;338.53803210048846;122.90648988136776;14.031286999017558;1229.8499651081647;1243.8812521071823;1486000.0;129.6231681786462;1.0;2.4777927321668907;;
4201;Risør;2023;222;11311.0;38927.0;11486000.0;3448000.0;3601000.0;1846000.0;3264000.0;1015.4716647511273;304.83600035363804;318.3626558217664;392.27300857572277;163.20396074617628;83.84925630025432;1178.6756254973036;1262.524881797558;1740000.0;153.83255238263638;1.0;1.9816091954022987;;
4202;Grimstad;2023;222;42720.0;87121.0;35262000.0;9304000.0;11275000.0;284000.0;9430000.0;825.4213483146067;217.79026217228466;263.92790262172286;343.7031835205992;6.647940074906367;108.24026354151123;832.0692883895131;940.3095519310243;3930000.0;91.99438202247191;0.9974554707379135;2.3674300254452927;;
4203;Arendal;2023;222;95293.0;200360.0;49506000.0;18323000.0;14330000.0;13007000.0;10015000.0;519.5135004669808;192.28065020515672;150.37830690606864;176.8545433557554;136.49481074160747;49.98502695148732;656.0083112085882;705.9933381600755;9961000.0;104.5302383176099;1.0;1.839473948398755;;
4204;Kristiansand;2023;222;211824.0;496776.0;133009000.0;25085000.0;39390000.0;25036000.0;61046000.0;627.9222373291034;118.42378578442481;185.95626557897123;323.5421859657074;118.19246166628899;122.88435834259305;746.1146989953924;868.9990573379854;17507000.0;82.64880277966614;1.0;1.4328554292568687;;
4205;Lindesnes;2023;222;49870.0;132769.0;37445000.0;8606000.0;8445000.0;3459000.0;6527000.0;750.8522157609785;172.5686785642671;169.34028474032485;408.94325245638663;69.36033687587728;49.160572121504266;820.2125526368558;869.3731247583601;5388000.0;108.04090635652697;1.0;1.5972531551596139;;
4206;Farsund;2023;222;24648.0;49261.0;15435000.0;4861000.0;5082000.0;312000.0;5886000.0;626.2171372930867;197.21681272314183;206.18305744888022;222.8172671210646;12.658227848101266;119.48600312620532;638.8753651411879;758.3613682673932;2784000.0;112.95034079844207;1.0;1.7460488505747125;;
4207;Flekkefjord;2023;222;17569.0;51181.0;18480000.0;6193000.0;5868000.0;365000.0;1256000.0;1051.852695087939;352.4958734133986;333.99738175194943;365.3594399225909;20.77522909670442;24.540356773021237;1072.6279241846435;1097.1682809576646;2620000.0;149.12630200922078;1.0;2.3637404580152674;;
4211;Gjerstad;2023;222;4030.0;19289.0;3367000.0;379000.0;1452000.0;394000.0;471000.0;835.483870967742;94.04466501240695;360.29776674937966;381.14143920595535;97.76674937965261;24.418062107937168;933.2506203473945;957.6686824553317;32000.0;7.94044665012407;1.0;11.84375;;kwh_urimelig_lav|implisitt_pris_utenfor
4213;Tvedestrand;2023;222;13987.0;39487.0;9877000.0;3287000.0;4079000.0;800000.0;2632000.0;706.1557160220204;235.0039322227783;291.62794023021377;179.52384356902837;57.19596768427826;66.65484843112924;763.3516837062987;830.0065321374279;1691000.0;120.89797669264317;0.9467770549970431;1.9438202247191012;;
4214;Froland;2023;222;13961.0;36473.0;10708000.0;2097000.0;3741000.0;476000.0;3801000.0;766.9937683547024;150.20414010457705;267.9607477974357;348.82888045268965;34.09497886970848;104.21407616593096;801.0887472244109;905.3028233903418;1539000.0;110.23565647159946;0.9278752436647173;1.3625730994152048;;
4215;Lillesand;2023;222;29535.0;68083.0;16949000.0;2454000.0;6967000.0;1477000.0;3356000.0;573.8615202302353;83.08786185881158;235.88962248180124;254.88403588962248;50.0084645336042;49.29277499522642;623.8699847638395;673.1627597590659;2161000.0;73.16742847469105;1.0;1.1355853771402127;;
4216;Birkenes;2023;222;25111.0;57422.0;8314000.0;2521000.0;3698000.0;943000.0;1921000.0;331.0899605750468;100.39424953207758;147.2661383457449;83.42957269722433;37.55326351001553;33.45407683466267;368.64322408506234;402.097300919725;783000.0;31.181553900680978;0.9016602809706258;3.219667943805875;DV_uteligger_lav;kwh_urimelig_lav|implisitt_pris_utenfor
4217;Åmli;2023;222;4733.0;14216.0;6057000.0;1846000.0;1844000.0;658000.0;302000.0;1279.7380097189944;390.0274667230087;389.60490175364464;500.105641242341;139.02387492076906;21.24366910523354;1418.7618846397634;1440.0055537449969;848000.0;179.16754701035285;1.0;2.17688679245283;;
4218;Iveland;2023;222;2211.0;11493.0;1950000.0;402000.0;879000.0;204000.0;1878000.0;881.9538670284938;181.8181818181818;397.5576662143826;302.5780189959294;92.26594301221166;163.4038110154007;974.2198100407055;1137.6236210561062;201000.0;90.9090909090909;1.0;2.0;;
4219;Evje og Hornnes;2023;222;8836.0;27367.0;7442000.0;1734000.0;2394000.0;421000.0;708000.0;842.2363060208239;196.24264373019466;270.9370755998189;375.0565866908103;47.64599366229063;25.870574049037163;889.8822996831145;915.7528737321517;1477000.0;167.15708465368945;1.0;1.174001354096141;;
4220;Bygland;2023;222;4649.0;14707.0;3686000.0;1235000.0;868000.0;187000.0;647000.0;792.8586792858679;265.64852656485266;186.70681867068186;340.5033340503334;40.223704022370406;43.99265655810159;833.0823833082384;877.0750398663399;506000.0;108.84061088406109;1.0;2.440711462450593;;
4221;Valle;2023;222;3949.0;14646.0;3654000.0;1105000.0;1648000.0;221000.0;952000.0;925.2975436819448;279.81767536085084;417.3208407191694;228.15902760192455;55.96353507217017;65.00068278028131;981.2610787541149;1046.2617615343963;531000.0;134.46442137249937;1.0;2.0809792843691146;;
4222;Bykle;2023;222;5032.0;20819.0;4896000.0;1265000.0;1179000.0;1078000.0;172000.0;972.972972972973;251.39109697933227;234.30047694753577;487.2813990461049;214.2289348171701;8.26168403861857;1187.2019077901432;1195.4635918287618;602000.0;119.63434022257552;1.0;2.101328903654485;;
4223;Vennesla;2023;222;38101.0;72923.0;23636000.0;5514000.0;6998000.0;3978000.0;4579000.0;620.3511718852524;144.7206110075851;183.66971995485682;291.9608409228104;104.4067084853416;62.79226032938853;724.757880370594;787.5501406999825;3452000.0;90.60129655389622;1.0;1.597334878331402;;
4224;Åseral;2023;222;3610.0;14428.0;4273000.0;1217000.0;1273000.0;605000.0;1257000.0;1183.6565096952909;337.1191135734072;352.63157894736844;493.9058171745152;167.59002770083103;87.12226226781259;1351.246537396122;1438.3687996639346;405000.0;112.18836565096953;1.0;3.004938271604938;;implisitt_pris_utenfor
4225;Lyngdal;2023;222;25106.0;63786.0;18142000.0;4896000.0;5819000.0;862000.0;96000.0;722.6161077033379;195.0131442683024;231.77726439894846;295.825699036087;34.33442205050586;1.5050324522622518;756.9505297538437;758.455562206106;3065000.0;122.08237074802835;1.0;1.5973898858075042;;
4226;Hægebostad;2023;222;6106.0;11693.0;5106000.0;1356000.0;1733000.0;1046000.0;244000.0;836.2266622993776;222.0766459220439;283.8191942351785;330.3308221421553;171.30691123485096;20.867185495595656;1007.5335735342286;1028.4007590298243;789000.0;129.21716344579102;1.0;1.7186311787072246;;
4227;Kvinesdal;2023;222;21339.0;50100.0;17460000.0;4988000.0;4743000.0;5227000.0;81000.0;818.2201602699283;233.75041004733117;222.2690847743568;362.20066544824033;244.950560007498;1.6167664670658684;1063.1707202774262;1064.787486744492;313000.0;14.667978818126436;1.0;15.936102236421725;;kwh_urimelig_lav|implisitt_pris_utenfor
4228;Sirdal;2023;222;18212.0;56738.0;9162000.0;2854000.0;2643000.0;803000.0;4718000.0;503.07489567318254;156.7098616296947;145.12409400395345;201.24094003953437;44.09180759938502;83.1541471324333;547.1667032725676;630.3208504050009;1648000.0;90.48978695365693;1.0;1.7317961165048543;;
4601;Bergen;2023;222;470660.0;927779.0;504296000.0;91062000.0;123873000.0;47635000.0;160767000.0;1071.4656014957718;193.47724472018018;263.1899885267497;614.798368248842;101.20894063655292;173.28156813206593;1172.6745421323249;1345.9561102643909;57405000.0;121.96702502868312;0.9991464158174375;1.5863078129082833;;
4602;Kinn;2023;222;40520.0;85526.0;25141000.0;3654000.0;8699000.0;2376000.0;3253000.0;620.4590325765055;90.17769002961501;214.68410661401776;315.59723593287265;58.63770977295163;38.03521736080256;679.096742349457;717.1319597102596;4198000.0;103.60315893385982;1.0;0.8704144830871845;;
4611;Etne;2023;222;8525.0;30373.0;6628000.0;1334000.0;2798000.0;342000.0;589000.0;777.4780058651027;156.48093841642228;328.21114369501464;292.7859237536657;40.117302052785924;19.39222335627037;817.5953079178886;836.987531274159;1085000.0;127.27272727272727;1.0;1.2294930875576036;;
4612;Sveio;2023;222;16582.0;35873.0;11032000.0;2931000.0;3810000.0;1829000.0;949000.0;665.2997225907611;176.75793028585213;229.76721746472077;258.77457484018817;110.30032565432397;26.45443648426393;775.6000482450851;802.054484729349;1439000.0;86.78084670124231;1.0;2.0368311327310633;;
4613;Bømlo;2023;222;36568.0;68044.0;17398000.0;4503000.0;5184000.0;4602000.0;2680000.0;475.7711660468169;123.14045066725005;141.76329030846642;210.86742507110043;125.84773572522424;39.386279466227734;601.6189017720411;641.0051812382688;3054000.0;83.51564209144607;1.0;1.4744597249508842;;
4614;Stord;2023;222;46311.0;87940.0;28333000.0;8504000.0;7561000.0;2115000.0;6074000.0;611.7984927986871;183.62807972188034;163.2657467988167;264.9046662779901;45.669495368271036;69.06982033204457;657.4679881669582;726.5378084990027;5307000.0;114.59480469003044;0.9325419257584323;1.6024119087996986;;
4615;Fitjar;2023;222;7508.0;14316.0;6929000.0;1515000.0;2330000.0;1350000.0;0.0;922.8822589238146;201.78476291955246;310.335641981886;410.76185402237616;179.80820458177945;0.0;1102.690463505594;1102.690463505594;981000.0;130.66062866275973;1.0;1.5443425076452597;;
4616;Tysnes;2023;222;7366.0;19479.0;3404000.0;1140000.0;24000.0;4427000.0;532000.0;462.1232690741244;154.76513711648113;3.25821341297855;304.09991854466466;601.004615802335;27.311463627496277;1063.1278848764593;1090.4393485039557;951000.0;129.10670648927504;1.0;1.1987381703470033;renhold_urimelig_lav;
4617;Kvinnherad;2023;222;45198.0;101757.0;26518000.0;4496000.0;7873000.0;3831000.0;1967000.0;586.7073764325855;99.47342802778884;174.18912341254037;313.0448249922563;84.76038762777114;19.330365478542017;671.4677640603567;690.7981295388987;5293000.0;117.1069516350281;1.0;0.8494237672397507;;
4618;Ullensvang;2023;222;34133.0;78818.0;20941000.0;2286000.0;8294000.0;2283000.0;9163000.0;613.511850701667;66.97331028623326;242.99065420560748;303.5478862098263;66.885418802918;116.25517013880078;680.397269504585;796.6524396433857;4714000.0;138.10681744938915;1.0;0.4849384811200678;;implisitt_pris_utenfor
4619;Eidfjord;2023;222;1912.0;14038.0;2250000.0;754000.0;0.0;1560000.0;528000.0;1176.7782426778242;394.35146443514645;0.0;782.4267782426779;815.8995815899582;37.61219546944009;1992.6778242677824;2030.2900197372226;338000.0;176.77824267782427;1.0;2.230769230769231;renhold_urimelig_lav;
4620;Ulvik;2023;222;3550.0;12202.0;2876000.0;1130000.0;530000.0;286000.0;0.0;810.1408450704225;318.3098591549296;149.29577464788733;342.53521126760563;80.56338028169014;0.0;890.7042253521126;890.7042253521126;788000.0;221.9718309859155;1.0;1.434010152284264;;
4621;Voss;2023;222;31600.0;87797.0;25977000.0;4566000.0;7773000.0;8124000.0;19062000.0;822.0569620253165;144.49367088607596;245.98101265822785;431.5822784810127;257.0886075949367;217.11447999362164;1079.1455696202531;1296.2600496138748;3550000.0;112.34177215189874;1.0;1.2861971830985917;;
4622;Kvam;2023;222;13816.0;54115.0;13930000.0;3437000.0;4647000.0;1449000.0;3840000.0;1008.2513028372902;248.76954255935146;336.3491603937464;423.13259988419225;104.87840185292414;70.9599926083341;1113.1297046902143;1184.0896972985483;2013000.0;145.70063694267515;1.0;1.7074018877297565;;
4623;Samnanger;2023;222;6152.0;13885.0;5864000.0;1281000.0;1393000.0;419000.0;467000.0;953.185955786736;208.22496749024708;226.4304291287386;518.5305591677503;68.10793237971392;33.63341735685992;1021.29388816645;1054.9273055233098;826000.0;134.26527958387516;1.0;1.5508474576271187;;
4624;Bjørnafjorden;2023;222;63103.0;112101.0;20313000.0;7477000.0;2415000.0;3507000.0;7114000.0;321.90228673755604;118.48881986593348;38.27076367209166;165.14270319953093;55.57580463686354;63.46062925397632;377.4780913744196;440.9387206283959;5057000.0;80.13882065828884;1.0;1.4785445916551314;renhold_urimelig_lav;
4625;Austevoll;2023;222;14899.0;33930.0;12326000.0;2102000.0;5043000.0;899000.0;1393000.0;827.3038458956977;141.08329418081752;338.4790925565474;347.74145915833276;60.33962010873213;41.05511346890657;887.6434660044298;928.6985794733364;1062000.0;71.27995167460904;1.0;1.9792843691148776;;
4626;Øygarden;2023;222;73030.0;166283.0;64329000.0;12291000.0;23137000.0;3752000.0;16915000.0;880.8571819800082;168.30069834314665;316.8150075311516;395.74147610571;51.37614678899082;101.72416903712346;932.2333287689991;1033.9574978061225;11893000.0;162.85088319868547;0.9321449592197091;1.033465063482721;;
4627;Askøy;2023;222;75758.0;115981.0;45223000.0;11322000.0;18530000.0;7524000.0;15299000.0;596.94025713456;149.44956308244673;244.5946302700705;202.89606378204283;99.31624382903456;131.90953690690716;696.2565009635946;828.1660378705018;5172000.0;68.27001768790095;1.0;2.1890951276102086;;
4628;Vaksdal;2023;222;10714.0;29098.0;8422000.0;473000.0;2102000.0;339000.0;1804000.0;786.0742953145417;44.14784394250513;196.19189845062536;545.7345529214113;31.64084375583349;61.997388136641696;817.7151390703752;879.7125272070169;1369000.0;127.77674071308569;1.0;0.34550766983199416;;implisitt_pris_utenfor
4629;Modalen;2023;222;1807.0;7749.0;2327000.0;270000.0;658000.0;35000.0;445000.0;1287.769784172662;149.41892639734365;364.1394576646375;774.2114001106806;19.36912008854455;57.426764743837914;1307.1389042612063;1364.5656690050444;398000.0;220.2545655783066;1.0;0.6783919597989949;;
4630;Osterøy;2023;222;17065.0;34629.0;11374000.0;2595000.0;4181000.0;1472000.0;113000.0;666.5104014063874;152.06563140931732;245.00439496044535;269.4403750366247;86.25842367418693;3.2631609344768835;752.7688250805743;756.0319860150512;1783000.0;104.48285965426311;1.0;1.4554122265844083;;
4631;Alver;2023;222;77604.0;156397.0;59973000.0;13989000.0;17116000.0;9148000.0;11849000.0;772.8081026751198;180.26132673573528;220.5556414617803;371.99113447760425;117.88052162259677;75.76232280670345;890.6886242977166;966.45094710442;8163000.0;105.18787691356115;0.9773367634448119;1.7137081955163544;;
4632;Austrheim;2023;222;5104.0;16564.0;5894000.0;986000.0;2232000.0;202000.0;176000.0;1154.780564263323;193.1818181818182;437.30407523510974;524.294670846395;39.57680250783699;10.625452789181358;1194.3573667711598;1204.982819560341;586000.0;114.81191222570533;1.0;1.6825938566552903;;
4633;Fedje;2023;222;2721.0;5717.0;895000.0;609000.0;11000.0;584000.0;542000.0;328.92319000367513;223.81477398015434;4.042631385520029;101.06578463800074;214.62697537669973;94.80496764037082;543.5501653803749;638.3551330207457;456000.0;167.58544652701212;1.0;1.3355263157894737;renhold_urimelig_lav;
4634;Masfjorden;2023;222;7550.0;22465.0;6060000.0;1740000.0;2807000.0;562000.0;0.0;802.6490066225166;230.46357615894038;371.7880794701987;200.39735099337747;74.43708609271523;0.0;877.0860927152318;877.0860927152318;1210000.0;160.26490066225165;1.0;1.43801652892562;;
4635;Gulen;2023;222;10089.0;17347.0;7708000.0;1319000.0;2914000.0;2203000.0;3412000.0;764.0003964714045;130.73644563385866;288.82941817821387;344.4345326593319;218.3566260283477;196.6910705021041;982.3570224997522;1179.0480930018564;1054000.0;104.47021508573694;1.0;1.2514231499051234;;
4636;Solund;2023;222;1468.0;5599.0;2280000.0;194000.0;1378000.0;340000.0;1343000.0;1553.133514986376;132.1525885558583;938.692098092643;482.28882833787463;231.60762942779292;239.86426147526345;1784.741144414169;2024.6054058894324;285000.0;194.141689373297;1.0;0.6807017543859649;DV_uteligger_hoy;
4637;Hyllestad;2023;222;2997.0;13287.0;1793000.0;255000.0;265000.0;61000.0;315000.0;598.264931598265;85.08508508508508;88.42175508842176;424.7580914247581;20.353687020353686;23.70738315646873;618.6186186186186;642.3260017750873;325000.0;108.44177510844177;1.0;0.7846153846153846;;
4638;Høyanger;2023;222;10840.0;26336.0;10290000.0;1652000.0;3183000.0;660000.0;1234000.0;949.2619926199262;152.39852398523985;293.6346863468635;503.22878228782287;60.88560885608856;46.85601458080195;1010.1476014760148;1057.0036160568168;2353000.0;217.06642066420665;1.0;0.7020824479388015;;
4639;Vik;2023;222;4288.0;17241.0;8726000.0;1586000.0;3102000.0;300000.0;429000.0;2034.9813432835822;369.8694029850746;723.4141791044776;941.6977611940298;69.96268656716418;24.882547416043153;2104.944029850746;2129.826577266789;788000.0;183.76865671641792;1.0;2.012690355329949;DV_uteligger_hoy;
4640;Sogndal;2023;222;14418.0;83102.0;18641000.0;5337000.0;5210000.0;1516000.0;3592000.0;1292.8977666805383;370.1622971285893;361.3538632265224;561.3816063254266;105.14634484671937;43.223989795672786;1398.0441115272577;1441.2681013229305;4294000.0;297.8221667360244;1.0;1.242897065673032;;kwh_uteligger
4641;Aurland;2023;222;5380.0;22592.0;4218000.0;748000.0;1846000.0;962000.0;726000.0;784.0148698884758;139.03345724907064;343.12267657992567;301.85873605947955;178.8104089219331;32.13526912181303;962.8252788104089;994.960547932222;918000.0;170.63197026022306;1.0;0.8148148148148148;;
4642;Lærdal;2023;222;5104.0;14438.0;7661000.0;1877000.0;1954000.0;804000.0;0.0;1500.9796238244514;367.7507836990596;382.83699059561127;750.3918495297805;157.52351097178683;0.0;1658.5031347962383;1658.5031347962383;976000.0;191.22257053291537;1.0;1.923155737704918;DV_uteligger_hoy;
4643;Årdal;2023;222;16064.0;39566.0;11482000.0;3187000.0;3839000.0;665000.0;3485000.0;714.76593625498;198.39392430278883;238.98157370517927;277.39043824701196;41.39691235059761;88.08067532730122;756.1628486055777;844.2435239328789;3338000.0;207.7938247011952;0.9910125823846615;0.9547633313361295;;
4644;Luster;2023;222;16322.0;38899.0;6661000.0;1963000.0;78000.0;5756000.0;3240000.0;408.0994976105869;120.26712412694523;4.77882612424948;283.0535473593922;352.65286116897437;83.29262963058176;760.7523587795613;844.0449884101431;2843000.0;174.18208552873423;1.0;0.6904678156876539;renhold_urimelig_lav;
4645;Askvoll;2023;222;7194.0;16997.0;6877000.0;1286000.0;2058000.0;397000.0;1855000.0;955.9355018070614;178.76007784264664;286.07172643869893;491.10369752571586;55.18487628579372;109.13690651291404;1011.1203780928552;1120.2572846057692;1156000.0;160.68946344175703;1.0;1.1124567474048441;;
4646;Fjaler;2023;222;10519.0;28018.0;5939000.0;531000.0;2295000.0;1842000.0;554000.0;564.5973951896568;50.48008365814241;218.17663275976804;295.9406787717464;175.11170263333017;19.77300306945535;739.709097822987;759.4821008924424;897000.0;85.27426561460214;1.0;0.5919732441471572;;
4647;Sunnfjord;2023;222;72718.0;178833.0;41715000.0;7335000.0;15918000.0;2312000.0;7187000.0;573.6543909348442;100.86911081162849;218.90040980224978;253.88487032096592;31.794053741852085;40.18833213109437;605.4484446766962;645.6367768077906;9244000.0;127.12120795401414;1.0;0.7934876676763306;;
4649;Stad;2023;222;30353.0;57296.0;11518000.0;2354000.0;2805000.0;1647000.0;3643000.0;379.4682568444635;77.55411326722235;92.41261160346589;209.50153197377526;54.26152274898692;63.582099972074836;433.7297795934504;497.31187956552526;2855000.0;94.05989523276118;1.0;0.8245183887915937;;
4650;Gloppen;2023;222;15325.0;33775.0;10032000.0;1832000.0;4991000.0;952000.0;3317000.0;654.6166394779772;119.54323001631322;325.67699836867865;209.39641109298532;62.12071778140294;98.20873427091044;716.7373572593801;814.9460915302906;1947000.0;127.04730831973899;1.0;0.940934771443246;;
4651;Stryn;2023;222;16788.0;40985.0;13389000.0;2842000.0;5229000.0;1028000.0;2081000.0;797.5339528234454;169.28758637121754;311.47248034310223;316.77388610912556;61.23421491541578;50.77467366109552;858.768167738861;909.5428413999566;2685000.0;159.93566833452465;1.0;1.0584729981378027;;
5001;Trondheim - Tråante;2023;222;426806.0;828301.0;230506000.0;32339000.0;74345000.0;49401000.0;73320000.0;540.0720702145705;75.76978767871117;174.18921008608126;290.11307244977814;115.74579551365257;88.51854579434288;655.8178657282232;744.3364115225661;41676000.0;97.64623740059886;1.0;0.7759621844706786;;
5006;Steinkjer - Stïentje;2023;222;47584.0;141994.0;31290000.0;7041000.0;14199000.0;2624000.0;22026000.0;657.5739744451917;147.9699058507061;298.3986213853396;211.20544720914594;55.144586415601886;155.11923039001647;712.7185608607936;867.83779125081;7211000.0;151.5425353059852;1.0;0.9764249063930106;;
5007;Namsos - Nåavmesjenjaelmie;2023;222;41533.0;87772.0;26668000.0;5986000.0;17055000.0;3039000.0;7362000.0;642.0918305925409;144.1263573543929;410.6373245371151;87.32814870103292;73.17073170731707;83.87640705464158;715.2625622998579;799.1389693544995;6662000.0;160.40257144920906;1.0;0.8985289702791954;;
5014;Frøya;2023;222;8182.0;27768.0;11531000.0;2144000.0;5021000.0;1685000.0;1238000.0;1409.3131263749694;262.0386213639697;613.6641407968712;533.6103642141286;205.93986800293328;44.583693460097955;1615.2529943779027;1659.8366878380007;2394000.0;292.5934979222684;1.0;0.8955722639933167;DV_uteligger_hoy;
5020;Osen;2023;222;2625.0;7958.0;1703000.0;246000.0;749000.0;23000.0;338000.0;648.7619047619048;93.71428571428571;285.3333333333333;269.7142857142857;8.761904761904763;42.47298316159839;657.5238095238095;699.9967926854079;285000.0;108.57142857142857;1.0;0.863157894736842;;
5021;Oppdal;2023;222;11645.0;34215.0;8163000.0;1572000.0;3173000.0;973000.0;2835000.0;700.9875483039931;134.99355946758266;272.47745813653927;293.51653069987117;83.55517389437527;82.85839544059623;784.5427221983684;867.4011176389647;3287000.0;282.26706741090595;1.0;0.4782476422269547;;implisitt_pris_utenfor
5022;Rennebu;2023;222;5152.0;22891.0;3353000.0;983000.0;1245000.0;66000.0;138000.0;650.8152173913044;190.7996894409938;241.65372670807454;218.36180124223603;12.81055900621118;6.028570180420252;663.6257763975156;669.6543465779358;1127000.0;218.75;1.0;0.8722271517302573;;
5025;Røros - Rosse;2023;222;14177.0;35704.0;10390000.0;2946000.0;3585000.0;608000.0;4633000.0;732.8771954574311;207.8013684136277;252.8743739860337;272.20145305776964;42.88636523947238;129.76137127492717;775.7635606969035;905.5249319718307;1693000.0;119.41877689214925;1.0;1.7401063201417601;;
5026;Holtålen;2023;222;5743.0;14629.0;3691000.0;631000.0;1033000.0;265000.0;1353000.0;642.6954553369319;109.87288873411109;179.87114748389342;352.9514191189274;46.14313076789134;92.48752477954747;688.8385861048232;781.3261108843707;580000.0;100.99251262406408;1.0;1.0879310344827586;;
5027;Midtre Gauldal;2023;222;13890.0;36604.0;11831000.0;2404000.0;3604000.0;1814000.0;2000.0;851.7638588912887;173.07415406767458;259.46724262059035;419.2224622030238;130.59755219582433;0.054638837285542564;982.3614110871131;982.4160499243986;1949000.0;140.31677465802736;1.0;1.2334530528476142;;
5028;Melhus;2023;222;46043.0;98458.0;33506000.0;4996000.0;9864000.0;2802000.0;11680000.0;727.7110527115957;108.5072649479834;214.23451990530592;404.96926785830635;60.85615620181135;118.62926323914766;788.5672089134071;907.1964721525547;5648000.0;122.66794083791238;1.0;0.8845609065155807;;
5029;Skaun;2023;222;21377.0;46711.0;18932000.0;3275000.0;6773000.0;2001000.0;5103000.0;885.6247368667259;153.2020395752444;316.83585161622307;415.5868456752585;93.60527669925621;109.24621609471002;979.2300135659822;1088.4762296606923;3494000.0;163.44669504607756;1.0;0.937321121923297;;
5031;Malvik;2023;222;38283.0;81498.0;22668000.0;2876000.0;5807000.0;3371000.0;6133000.0;592.1166052817177;75.12472899198077;151.68612700154117;365.3057492881958;88.05475015019722;75.25338045105401;680.171355431915;755.424735882969;5287000.0;138.10307447169762;1.0;0.5439757896727823;;
5032;Selbu;2023;222;8521.0;25834.0;9307000.0;1189000.0;3921000.0;282000.0;1692000.0;1092.2426945194227;139.5376129562258;460.1572585377303;492.54782302546647;33.09470719399132;65.49508399783231;1125.337401713414;1190.8324857112464;1447000.0;169.81574932519658;1.0;0.8217000691085002;;
5033;Tydal;2023;222;3284.0;13494.0;2420000.0;328000.0;832000.0;202000.0;1307000.0;736.9062119366627;99.87819732034104;253.34957369062118;383.6784409257004;61.51035322777101;96.8578627538165;798.4165651644336;895.27442791825;394000.0;119.97563946406821;1.0;0.83248730964467;;
5034;Meråker;2023;222;4205.0;16105.0;4914000.0;1494000.0;1688000.0;395000.0;2773000.0;1168.6087990487515;355.2913198573127;401.4268727705113;411.89060642092744;93.935790725327;172.1825520024837;1262.5445897740785;1434.7271417765623;1565000.0;372.17598097502974;0.9955271565495207;0.9546325878594248;;kwh_uteligger
5035;Stjørdal;2023;222;57154.0;152558.0;30945000.0;6149000.0;10164000.0;2098000.0;9552000.0;541.4319207754488;107.58652062847744;177.83532211218812;256.0100780347832;36.70784197081569;62.61225238925523;578.1397627462645;640.7520151355197;6271000.0;109.72110438464499;1.0;0.9805453675649817;;
5036;Frosta;2023;222;7370.0;14410.0;5770000.0;1063000.0;1630000.0;276000.0;1595000.0;782.9036635006785;144.23337856173677;221.16689280868385;417.5033921302578;37.44911804613297;110.68702290076335;820.3527815468113;931.0398044475747;1223000.0;165.94301221166893;1.0;0.8691741618969746;;
5037;Levanger;2023;222;42182.0;93680.0;33025000.0;6513000.0;8472000.0;648000.0;14102000.0;782.9168839789484;154.40235171400124;200.84396187947465;427.6705703854725;15.362002749988147;150.533731853117;798.2788867289365;948.8126185820536;6086000.0;144.2795505191788;1.0;1.0701610253039764;;
5038;Verdal;2023;222;37000.0;80600.0;25504000.0;6862000.0;6745000.0;3474000.0;1562000.0;689.2972972972973;185.45945945945945;182.2972972972973;321.5405405405405;93.89189189189189;19.379652605459057;783.1891891891892;802.5688417946483;5795000.0;156.6216216216216;1.0;1.1841242450388265;;
5041;Snåase - Snåsa;2023;222;6176.0;18235.0;5245000.0;1316000.0;1918000.0;69000.0;2335000.0;849.2551813471503;213.08290155440415;310.55699481865287;325.61528497409324;11.172279792746114;128.05045242665204;860.4274611398964;988.4779135665485;1795000.0;290.6411917098446;1.0;0.7331476323119777;;
5042;Lierne;2023;222;3779.0;16510.0;4830000.0;648000.0;1570000.0;488000.0;1372000.0;1278.1159036782217;171.4739349034136;415.45382376290024;691.1881450119079;129.13469171738555;83.10115081768625;1407.2505953956072;1490.3517462132934;552000.0;146.07038899179676;1.0;1.173913043478261;;
5043;Raarvihke - Røyrvik;2023;222;265.0;8151.0;1692000.0;176000.0;659000.0;220000.0;1365000.0;6384.905660377359;664.1509433962265;2486.7924528301887;3233.9622641509436;830.188679245283;167.4641148325359;7215.094339622641;7382.5584544551775;180000.0;679.2452830188679;1.0;0.9777777777777779;areal_for_lite;areal_for_lite|kwh_urimelig_hoy
5044;Namsskogan;2023;222;3746.0;12883.0;1634000.0;323000.0;492000.0;68000.0;1142000.0;436.19861185264284;86.22530699412707;131.34009610250934;218.6332087560064;18.15269620928991;88.64394939066987;454.35130806193274;542.9952574526026;380000.0;101.44153764014949;1.0;0.85;;
5045;Grong;2023;222;13936.0;31397.0;6170000.0;1654000.0;1863000.0;418000.0;3453000.0;442.7382319173364;118.68541905855339;133.6825487944891;190.3702640642939;29.994259471871413;109.97866038156512;472.7324913892078;582.7111517707729;1887000.0;135.40470723306544;1.0;0.8765235824059354;;
5046;Høylandet;2023;222;3572.0;11776.0;3677000.0;1187000.0;1269000.0;424000.0;2903000.0;1029.3952967525197;332.30683090705486;355.2631578947368;341.8253079507279;118.7010078387458;246.51834239130434;1148.0963045912654;1394.6146469825696;1436000.0;402.01567749160137;1.0;0.8266016713091922;;kwh_uteligger
5047;Overhalla;2023;222;10742.0;26374.0;6205000.0;1043000.0;2968000.0;949000.0;1099000.0;577.6391733382983;97.09551293986222;276.2986408490039;204.24501954943213;88.34481474585738;41.66982634412679;665.9839880841556;707.6538144282824;1558000.0;145.0381679389313;1.0;0.6694480102695763;;
5049;Flatanger;2023;222;2312.0;12367.0;2237000.0;670000.0;0.0;538000.0;106000.0;967.560553633218;289.7923875432526;0.0;677.7681660899653;232.69896193771626;8.571197541845233;1200.2595155709344;1208.8307131127797;260000.0;112.4567474048443;1.0;2.5769230769230766;renhold_urimelig_lav;
5052;Leka;2023;222;2650.0;6483.0;2362000.0;489000.0;881000.0;90000.0;311000.0;891.3207547169811;184.52830188679246;332.45283018867923;374.33962264150944;33.9622641509434;47.971618078050284;925.2830188679245;973.2546369459748;448000.0;169.0566037735849;1.0;1.0915178571428572;;
5053;Inderøy;2023;222;16268.0;39345.0;9047000.0;1905000.0;2646000.0;2725000.0;2301000.0;556.1224489795918;117.10105729038604;162.65060240963857;276.37078927956725;167.50676174084091;58.48265345024781;723.6292107204328;782.1118641706805;2142000.0;131.66953528399313;1.0;0.8893557422969187;;
5054;Indre Fosen;2023;222;32585.0;68111.0;17159000.0;3162000.0;5738000.0;3082000.0;6852000.0;526.5919901795305;97.03851465398189;176.0932944606414;253.46018106490718;94.5833972686819;100.60049037600388;621.1753874482124;721.7758778242163;3102000.0;95.19717661500691;1.0;1.0193423597678917;;
5055;Heim;2023;222;14483.0;38550.0;11237000.0;1905000.0;4000000.0;1991000.0;1263000.0;775.8751639853622;131.53352206034663;276.1858730925913;368.1557688324242;137.47151833183733;32.762645914396884;913.3466823171995;946.1093282315964;2120000.0;146.3785127390734;1.0;0.8985849056603775;;
5056;Hitra;2023;222;9759.0;30746.0;7487000.0;1568000.0;3142000.0;510000.0;3413000.0;767.1892611947945;160.6722000204939;321.95921713290295;284.5578440413977;52.2594528127882;111.00630976387173;819.4487140075828;930.4550237714545;1790000.0;183.42043242135463;1.0;0.875977653631285;;
5057;Ørland;2023;222;22987.0;83089.0;14265000.0;3205000.0;5160000.0;2368000.0;6439000.0;620.5681472136425;139.4266324444251;224.4747030930526;256.6668116761648;103.01474746595902;77.49521597323353;723.5828946796015;801.078110652835;2964000.0;128.94244573019532;1.0;1.0813090418353577;;
5058;Åfjord;2023;222;5045.0;26545.0;7346000.0;1630000.0;1905000.0;219000.0;1097000.0;1456.0951437066403;323.0921704658077;377.601585728444;755.4013875123885;43.409316154608526;41.326050103597666;1499.5044598612487;1540.8305099648464;756000.0;149.85133795837461;1.0;2.1560846560846563;;
5059;Orkland;2023;222;36633.0;112307.0;37609000.0;5338000.0;14698000.0;2809000.0;11325000.0;1026.642644610051;145.715611607021;401.2229410640679;479.70409193896216;76.67949662872273;100.83966271024958;1103.3221412387738;1204.1618039490234;5347000.0;145.96129173149893;1.0;0.9983168131662614;;
5060;Nærøysund;2023;222;28056.0;90266.0;19034000.0;2590000.0;7106000.0;1186000.0;7904000.0;678.4288565725692;92.31536926147704;253.27915597376676;332.83433133732535;42.27259766181922;87.5634236589635;720.7014542343884;808.2648778933519;3300000.0;117.62189905902481;1.0;0.7848484848484848;;
5061;Rindal;2023;222;3253.0;15914.0;965000.0;304000.0;0.0;408000.0;0.0;296.6492468490624;93.4521979711036;0.0;203.19704887795882;125.42268675069167;0.0;422.07193359975406;422.07193359975406;308000.0;94.6818321549339;1.0;0.9870129870129871;renhold_urimelig_lav;
5401;Tromsø (2020-2023);2023;222;153252.0;345358.0;114961000.0;23792000.0;33622000.0;13240000.0;38905000.0;750.1435544071203;155.24756610027927;219.39028528175814;375.5057030250829;86.39365228512516;112.65121989355973;836.5372066922455;949.1884265858052;26812000.0;174.9536710777021;1.0;0.8873638669252573;;
5402;Harstad (2020-2023);2023;222;59411.0;147609.0;35379000.0;8930000.0;13113000.0;5074000.0;12541000.0;595.495783609096;150.30886536163337;220.71670229418794;224.47021595327465;85.40505966908485;84.96094411587369;680.9008432781808;765.8617873940544;11997000.0;201.9323020989379;0.9935817287655248;0.7443527548553805;;
5403;Alta (2020-2023);2023;222;63325.0;155370.0;34950000.0;6236000.0;11529000.0;6300000.0;9299000.0;551.9147256217923;98.47611527832609;182.06079747335176;271.3778128701145;99.48677457560206;59.85067902426466;651.4015001973944;711.252179221659;9950000.0;157.1259376233715;0.6058291457286432;0.6267336683417085;;
5404;Vardø (2020-2023);2023;222;1850.0;14491.0;2184000.0;200000.0;1093000.0;123000.0;501000.0;1180.5405405405406;108.10810810810811;590.8108108108108;481.6216216216216;66.48648648648648;34.573183355185975;1247.027027027027;1281.6002103822132;0.0;0.0;;;;kwh_null|kwh_urimelig_lav
5405;Vadsø (2020-2023);2023;222;19615.0;60750.0;7209000.0;1534000.0;3358000.0;315000.0;1264000.0;367.5248534284986;78.20545500892175;171.1955136375223;118.12388478205455;16.059138414478717;20.80658436213992;383.5839918429773;404.3905762051172;2256000.0;115.0140198827428;1.0;0.6799645390070922;DV_uteligger_lav;
5406;Hammerfest (2020-2023);2023;222;40080.0;110113.0;20959000.0;3973000.0;10382000.0;351000.0;7472000.0;522.9291417165668;99.12674650698602;259.03193612774453;164.77045908183632;8.75748502994012;67.85756450192075;531.6866267465069;599.5441912484276;6056000.0;151.09780439121755;1.0;0.6560435931307794;;
5411;Kvæfjord (2020-2023);2023;222;7568.0;30832.0;4972000.0;1189000.0;1811000.0;395000.0;1124000.0;656.9767441860465;157.10887949260044;239.2970401691332;260.5708245243129;52.19344608879493;36.45563051375195;709.1701902748414;745.6258207885934;1655000.0;218.68393234672305;1.0;0.7184290030211481;;
5412;Tjeldsund (2020-2023);2023;222;5300.0;17700.0;10270000.0;2354000.0;3615000.0;1224000.0;1450000.0;1937.7358490566037;444.1509433962264;682.0754716981132;811.5094339622641;230.9433962264151;81.92090395480226;2168.6792452830186;2250.600149237821;2284000.0;430.9433962264151;1.0;1.0306479859894921;DV_uteligger_hoy;kwh_uteligger
5413;Ibestad (2020-2023);2023;222;2198.0;9433.0;1719000.0;185000.0;1113000.0;51000.0;389000.0;782.0746132848044;84.16742493175614;506.36942675159236;191.53776160145586;23.202911737943584;41.2382062970423;805.2775250227479;846.5157313197902;236000.0;107.37033666969973;1.0;0.7838983050847458;;
5414;Gratangen (2020-2023);2023;222;1723.0;11071.0;670000.0;390000.0;0.0;291000.0;199000.0;388.8566453859547;226.34939059779455;0.0;162.5072547881602;168.89146836912363;17.974889350555504;557.7481137550784;575.7230031056339;404000.0;234.47475333720254;0.9108910891089109;0.9653465346534654;renhold_urimelig_lav;
5415;Loabák - Lavangen (2020-2023);2023;222;3832.0;9085.0;3007000.0;514000.0;1117000.0;268000.0;126000.0;784.7077244258872;134.13361169102296;291.49269311064717;359.0814196242171;69.93736951983298;13.869014859658778;854.6450939457203;868.5141088053791;576000.0;150.31315240083507;1.0;0.8923611111111112;;
5416;Bardu (2020-2023);2023;222;9382.0;24858.0;5717000.0;-1540000.0;4384000.0;621000.0;1721000.0;609.3583457684929;-164.144105734385;467.2777659347687;306.2246855681091;66.19057770198252;69.23324483063803;675.5489234704754;744.7821683011134;190000.0;20.25154551268386;1.0;-8.105263157894738;energi_urimelig_lav;kwh_urimelig_lav|implisitt_pris_utenfor
5417;Salangen (2020-2023);2023;222;5087.0;16897.0;2268000.0;759000.0;641000.0;327000.0;611000.0;445.84234322783567;149.20385295852174;126.00747002162375;170.6310202476902;64.28150186750541;36.160265135822925;510.12384509534104;546.2841102311639;869000.0;170.82759976410458;1.0;0.8734177215189874;;
5418;Målselv (2020-2023);2023;222;18046.0;44810.0;8463000.0;-1258000.0;4386000.0;1810000.0;-4158000.0;468.96819239720713;-69.71073922198825;243.04555026044554;295.6333813587499;100.29923528759836;-92.79178754742244;569.2674276848055;476.47564013738304;3474000.0;192.50803502161145;1.0;-0.362118595279217;energi_urimelig_lav;implisitt_pris_utenfor
5419;Sørreisa (2020-2023);2023;222;7716.0;24183.0;3985000.0;-715000.0;1766000.0;43000.0;4024000.0;516.4593053395541;-92.66459305339554;228.87506480041472;380.248833592535;5.572835666148263;166.3978828102386;522.0321410057024;688.430023815941;1311000.0;169.90668740279938;1.0;-0.5453852021357741;energi_urimelig_lav;implisitt_pris_utenfor
5420;Dyrøy (2020-2023);2023;222;4100.0;9114.0;6000.0;-856000.0;405000.0;326000.0;4040000.0;1.4634146341463414;-208.78048780487805;98.78048780487805;111.46341463414635;79.51219512195122;443.2740838270792;80.97560975609755;524.2496935831767;1087000.0;265.1219512195122;0.9917203311867525;-0.7874885004599816;drift_urimelig_lav|energi_urimelig_lav;implisitt_pris_utenfor
5421;Senja (2020-2023);2023;222;43401.0;103565.0;34710000.0;9691000.0;10828000.0;7949000.0;14275000.0;799.7511578074237;223.2897859496325;249.4873390014055;326.9740328563858;183.15246192484045;137.8361415536137;982.9036197322642;1120.7397612858779;10824000.0;249.39517522637726;1.0;0.8953252032520326;;
5422;Balsfjord (2020-2023);2023;222;13159.0;38452.0;10477000.0;2624000.0;3908000.0;575000.0;3261000.0;796.1851204498822;199.40724979101756;296.98305342351244;299.79481723535224;43.6963295083213;84.80703214397171;839.8814499582035;924.6884821021752;2393000.0;181.85272437115282;1.0;1.0965315503552027;;
5423;Karlsøy (2020-2023);2023;222;4728.0;13746.0;3407000.0;997000.0;1125000.0;553000.0;3785000.0;720.6006768189509;210.87140439932318;237.94416243654823;271.7851099830795;116.96277495769881;275.35282991415687;837.5634517766498;1112.9162816908067;1559000.0;329.73773265651437;1.0;0.6395125080179602;;kwh_uteligger
5424;Lyngen (2020-2023);2023;222;7410.0;26525.0;7449000.0;1671000.0;1902000.0;612000.0;1153000.0;1005.2631578947369;225.50607287449392;256.68016194331983;523.0769230769231;82.5910931174089;43.4684260131951;1087.8542510121458;1131.322677025341;2513000.0;339.13630229419704;1.0;0.664942300039793;;kwh_uteligger
5425;Storfjord - Omasvuotna - Omasvuono (2020-2023);2023;222;4270.0;22486.0;3850000.0;557000.0;1721000.0;102000.0;885000.0;901.639344262295;130.44496487119437;403.04449648711943;368.1498829039813;23.88758782201405;39.35782264520146;925.5269320843091;964.8847547295106;1006000.0;235.59718969555036;1.0;0.5536779324055665;;
5426;Gáivuotna - Kåfjord - Kaivuono (2020-2023);2023;222;4922.0;18777.0;5249000.0;816000.0;2332000.0;1134000.0;884000.0;1066.436407964242;165.78626574563185;473.79114181227146;426.8590004063389;230.39414872003252;47.078873089417904;1296.8305566842746;1343.9094297736924;828000.0;168.22429906542055;1.0;0.9855072463768116;;
5427;Skjervøy (2020-2023);2023;222;12207.0;28893.0;7823000.0;1693000.0;2274000.0;273000.0;1958000.0;640.8618006062095;138.6909150487425;186.28655689358564;315.8843286638814;22.364217252396166;67.76727927179594;663.2260178586057;730.9932971304016;1657000.0;135.741787498976;1.0;1.0217260108630053;;
5428;Nordreisa (2020-2023);2023;222;9473.0;37085.0;7778000.0;1650000.0;3297000.0;671000.0;3928000.0;821.0704106407685;174.17924627889792;348.0418030191069;298.84936134276364;70.83289348675181;105.91883510853445;891.9033041275203;997.8221392360548;1520000.0;160.45603293571202;1.0;1.0855263157894737;;
5429;Kvænangen (2020-2023);2023;222;4300.0;12768.0;3610000.0;309000.0;1871000.0;1313000.0;279000.0;839.5348837209302;71.86046511627907;435.1162790697674;332.5581395348837;305.3488372093023;21.851503759398497;1144.8837209302326;1166.7352246896312;734000.0;170.69767441860466;1.0;0.4209809264305177;;implisitt_pris_utenfor
5432;Loppa (2020-2023);2023;222;6465.0;14705.0;3696000.0;462000.0;0.0;222000.0;626000.0;571.6937354988399;71.46171693735499;0.0;500.2320185614849;34.33874709976798;42.57055423325399;606.0324825986079;648.6030368318619;740000.0;114.46249033255994;1.0;0.6243243243243244;renhold_urimelig_lav;
5433;Hasvik (2020-2023);2023;222;6000.0;9880.0;3864000.0;885000.0;1400000.0;1240000.0;980000.0;644.0;147.5;233.33333333333334;263.1666666666667;206.66666666666666;99.19028340080972;850.6666666666666;949.8569500674763;1407000.0;234.5;1.0;0.6289978678038379;;
5435;Nordkapp (2020-2023);2023;222;9025.0;27126.0;4591000.0;935000.0;1244000.0;406000.0;70000.0;508.69806094182826;103.60110803324099;137.8393351800554;267.25761772853184;44.986149584487535;2.5805500258055;553.6842105263158;556.2647605521213;1502000.0;166.42659279778394;1.0;0.6225033288948069;;
5436;Porsanger - Porsángu - Porsanki  (2020-2023);2023;222;10000.0;29881.0;2158000.0;-4784000.0;3436000.0;1001000.0;1844000.0;215.8;-478.4;343.6;350.6;100.1;61.71145543991165;315.9;377.61145543991165;259000.0;25.9;1.0;-18.47104247104247;energi_urimelig_lav;kwh_urimelig_lav|implisitt_pris_utenfor
5437;Kárásjohka-Karasjok (2020-2023);2023;222;10394.0;25411.0;2188000.0;971000.0;0.0;1704000.0;1875000.0;210.50606118914757;93.41928035405041;0.0;117.08678083509717;163.94073503944583;73.78694266262642;374.4467962285934;448.23373889121984;1397000.0;134.40446411391187;1.0;0.6950608446671439;renhold_urimelig_lav;
5438;Lebesby (2020-2023);2023;222;3457.0;12821.0;1464000.0;-181000.0;1173000.0;53000.0;781000.0;423.4885739080127;-52.35753543534857;339.3115417992479;136.5345675441134;15.331212033555106;60.91568520396225;438.81978594156783;499.7354711455301;299000.0;86.49117732137691;1.0;-0.6053511705685619;energi_urimelig_lav;implisitt_pris_utenfor
5439;Gamvik (2020-2023);2023;222;5906.0;16288.0;2746000.0;593000.0;546000.0;132000.0;2676000.0;464.9508973924822;100.40636640704369;92.4483576024382;272.09617338300035;22.35015238740264;164.2927308447937;487.30104977988486;651.5937806246786;965000.0;163.39315949881475;1.0;0.6145077720207255;;
5440;Berlevåg (2020-2023);2023;222;2464.0;10114.0;2105000.0;301000.0;764000.0;110000.0;595000.0;854.3019480519481;122.1590909090909;310.06493506493507;422.0779220779221;44.642857142857146;58.82934546173621;898.9448051948052;957.7741506565415;387000.0;157.0616883116883;1.0;0.7777777777777778;;
5441;Deatnu-Tana (2020-2023);2023;222;8807.0;26767.0;4764000.0;1001000.0;19000.0;147000.0;2594000.0;540.9333484728057;113.65958896332462;2.1573748154876804;425.11638469399344;16.69126830929942;96.91037471513431;557.6246167821051;654.5349914972394;965000.0;109.57193141819008;1.0;1.0373056994818652;renhold_urimelig_lav;
5442;Unjárga-Nesseby (2020-2023);2023;222;3000.0;8863.0;2560000.0;252000.0;1037000.0;250000.0;379000.0;853.3333333333334;84.0;345.6666666666667;423.6666666666667;83.33333333333333;42.76204445447365;936.6666666666666;979.4287111211403;675000.0;225.0;1.0;0.37333333333333335;;implisitt_pris_utenfor
5443;Båtsfjord (2020-2023);2023;222;7902.0;16497.0;4607000.0;866000.0;1506000.0;93000.0;162000.0;583.0169577322197;109.59250822576563;190.584662110858;282.83978739559603;11.769172361427486;9.819967266775777;594.7861300936472;604.606097360423;2154000.0;272.58921791951406;1.0;0.40204271123491175;;implisitt_pris_utenfor
5444;Sør-Varanger (2020-2023);2023;222;35113.0;82858.0;20755000.0;4428000.0;6713000.0;998000.0;2472000.0;591.0916184888788;126.10713980576995;191.18275282658846;273.80172585652036;28.422521573206506;29.834174129233144;619.5141400620853;649.3483141913184;4224000.0;120.29732577677783;1.0;1.0482954545454546;;
