kommune;kommunenavn;aargang;funksjon;eid_areal_m2;portefoljeareal_m2;drift_kr;energi_kr;renhold_kr;vedlikehold_kr;forvaltning_kr;drift_kr_m2;energi_kr_m2;renhold_kr_m2;ovrig_drift_kr_m2;vedlikehold_kr_m2;forvaltning_kr_m2;dv_kr_m2;fdv_kr_m2;energibruk_kwh;kwh_m2;fornybarandel;implisitt_energipris_kr_kwh;flagg_kostnad;flagg_energi
0301;Oslo - Oslove;2021;222;1129172.0;2215313.0;925051000.0;161964000.0;208413000.0;473392000.0;347871000.0;819.229488510165;143.43607528348207;184.57152674703235;491.22188647965055;419.23816743596194;157.0301803853451;1238.4676559461268;1395.497836331472;141726000.0;125.5132079080955;1.0;1.1427966639854368;;
1101;Eigersund;2021;222;32407.0;49605.0;22117000.0;4250000.0;8117000.0;870000.0;5857000.0;682.4760082698183;131.14450581664454;250.4705773444009;300.8609251087728;26.846051778936648;118.07277492188287;709.3220600487549;827.3948349706378;3434000.0;105.9647606998488;1.0;1.2376237623762376;;
1103;Stavanger;2021;222;267709.0;654771.0;142416000.0;34094000.0;39710000.0;34043000.0;56814000.0;531.9806207486487;127.35470230735612;148.33270454112488;256.2932139001677;127.16419694519048;86.76926742326707;659.1448176938392;745.9140851171062;32480000.0;121.32576790470249;1.0;1.049692118226601;;
1106;Haugesund;2021;222;63164.0;135720.0;26555000.0;8725000.0;8528000.0;5395000.0;2390000.0;420.41352669241974;138.1324805268824;135.01361535051612;147.2674308150212;85.4125767842442;17.60978485116416;505.82610347666395;523.4358883278281;9486000.0;150.1804825533532;0.7333965844402277;0.9197765127556399;;
1108;Sandnes;2021;222;157683.0;293027.0;88737000.0;19948000.0;30238000.0;8419000.0;26812000.0;562.7556553338027;126.50697919243038;191.7644895137713;244.48418662760093;53.391931914030046;91.5001006733168;616.1475872478327;707.6476879211494;17904000.0;113.54426285649055;0.9312444146559428;1.1141644325290438;;
1111;Sokndal;2021;222;8856.0;22253.0;5874000.0;2312000.0;1685000.0;403000.0;933000.0;663.2791327913279;261.06594399277327;190.2664859981933;211.94670280036135;45.50587172538392;41.926931200287605;708.7850045167119;750.7119357169995;1837000.0;207.42999096657633;1.0;1.2585737615677737;;
1112;Lund;2021;222;8350.0;23592.0;6502000.0;1686000.0;1501000.0;100000.0;67000.0;778.6826347305389;201.91616766467067;179.76047904191617;397.0059880239521;11.976047904191617;2.8399457443201084;790.6586826347306;793.4986283790506;1276000.0;152.81437125748502;1.0;1.3213166144200628;;
1114;Bjerkreim;2021;222;9933.0;17774.0;5423000.0;1572000.0;1732000.0;649000.0;277000.0;545.9579180509413;158.26034430685593;174.3682673915232;213.32930635256216;65.33776301218161;15.584561719365364;611.295681063123;626.8802427824884;1062000.0;106.916339474479;1.0;1.480225988700565;;
1119;Hå;2021;222;43822.0;88382.0;21976000.0;5079000.0;7554000.0;2937000.0;1608000.0;501.48327324175074;115.9006891515677;172.37917027976815;213.20341381041487;67.02113093879787;18.193749858568488;568.5044041805486;586.6981540391171;5197000.0;118.59340057505362;0.8312487973831056;0.977294593034443;;
1120;Klepp;2021;222;48483.0;88416.0;25219000.0;5448000.0;7890000.0;2344000.0;2884000.0;520.1617061650476;112.36928407895552;162.7374543654477;245.05496772064436;48.34684322339789;32.61853058269996;568.5085493884454;601.1270799711453;5082000.0;104.82024627188912;0.9496261314443133;1.0720188902007084;;
1121;Time;2021;222;49058.0;87156.0;24944000.0;6074000.0;10049000.0;1695000.0;7226000.0;508.4593746177993;123.81262994822455;204.8391699620857;179.8075747074891;34.55093970402381;82.9088071962917;543.0103143218231;625.9191215181148;5705000.0;116.29092095071141;0.9998247151621384;1.0646801051709027;;
1122;Gjesdal;2021;222;32551.0;62152.0;17584000.0;4329000.0;6391000.0;2015000.0;2981000.0;540.1984578046757;132.99130595066202;196.33805413044146;210.86909772357225;61.90286012718503;47.96305830866263;602.1013179318608;650.0643762405234;3921000.0;120.45712881324691;1.0;1.104055087987758;;
1124;Sola;2021;222;84303.0;175554.0;32411000.0;12347000.0;10925000.0;9120000.0;12830000.0;384.4584415738467;146.45979383889068;129.59206671174218;108.40658102321389;108.18120351588911;73.08292605124349;492.63964508973584;565.7225711409793;9005000.0;106.81707649787077;0.9555802332037757;1.3711271515824544;;
1127;Randaberg;2021;222;30118.0;64168.0;20293000.0;7010000.0;7137000.0;2676000.0;1693000.0;673.7831197290657;232.75117869712463;236.96792615711536;204.0640148748257;88.85052128295372;26.383867348210945;762.6336410120194;789.0175083602304;6061000.0;201.2417823228634;1.0;1.1565748226365287;;
1130;Strand;2021;222;37522.0;83447.0;28229000.0;7310000.0;6805000.0;2181000.0;1252000.0;752.3319652470551;194.81903949682854;181.36026864239645;376.15265710783007;58.12589947230958;15.003535178017184;810.4578647193647;825.4613998973819;6147000.0;163.8238899845424;1.0;1.189197982755816;;
1133;Hjelmeland;2021;222;11589.0;26169.0;6046000.0;1498000.0;1699000.0;629000.0;607000.0;521.7016135991026;129.2605056519113;146.60453878678058;245.83656916041073;54.2756061782725;23.195383851121555;575.9772197773751;599.1726036284966;1483000.0;127.9661748209509;1.0;1.0101146325016859;;
1134;Suldal;2021;222;11270.0;36909.0;9651000.0;3317000.0;3081000.0;1571000.0;1096000.0;856.3442768411712;294.321206743567;273.3806566104703;288.642413487134;139.39662821650398;29.694654420331084;995.7409050576753;1025.4355594780063;2129000.0;188.90860692102927;1.0;1.5580084546735558;;
1135;Sauda;2021;222;13153.0;26048.0;7129000.0;1845000.0;3039000.0;502000.0;130000.0;542.0056260929066;140.27218125142554;231.04995058161637;170.68349425986466;38.16619782559112;4.990786240786241;580.1718239184977;585.162610159284;1771000.0;134.6460883448643;1.0;1.0417843026538678;;
1144;Kvitsøy;2021;222;1770.0;6554.0;1396000.0;347000.0;430000.0;175000.0;144000.0;788.7005649717514;196.045197740113;242.93785310734464;349.71751412429376;98.87005649717514;21.97131522734208;887.5706214689266;909.5419366962686;233000.0;131.63841807909606;1.0;1.4892703862660943;;
1145;Bokn;2021;222;2450.0;11268.0;1668000.0;506000.0;400000.0;18000.0;133000.0;680.8163265306123;206.53061224489795;163.26530612244898;311.0204081632653;7.346938775510204;11.803336883209088;688.1632653061224;699.9666021893315;325000.0;132.6530612244898;0.8615384615384616;1.5569230769230769;;
1146;Tysvær;2021;222;28476.0;65010.0;17805000.0;3083000.0;8190000.0;3087000.0;4974000.0;625.2633796881585;108.26661047899987;287.6106194690266;229.38614974013205;108.40707964601769;76.51130595293031;733.6704593341761;810.1817652871065;3351000.0;117.67804466919512;0.9588182632050134;0.9200238734706058;;
1149;Karmøy;2021;222;95571.0;164404.0;56142000.0;11097000.0;20301000.0;7627000.0;6813000.0;587.4376118278557;116.11262830775026;212.41799290579777;258.9069906143077;79.80454321917736;41.44059755237099;667.2421550470331;708.682752599404;10672000.0;111.6656726412824;0.8628185907046477;1.0398238380809595;;
1151;Utsira;2021;222;900.0;3280.0;622000.0;83000.0;137000.0;87000.0;78000.0;691.1111111111111;92.22222222222223;152.22222222222223;446.6666666666667;96.66666666666667;23.78048780487805;787.7777777777778;811.5582655826558;94000.0;104.44444444444444;1.0;0.8829787234042554;;
1160;Vindafjord;2021;222;23501.0;50120.0;12620000.0;3487000.0;5329000.0;1626000.0;2635000.0;536.9984255989107;148.3766648227735;226.75630824220246;161.86545253393473;69.18854516829072;52.57382282521947;606.1869707672014;658.7607935924209;3249000.0;138.2494361942045;1.0;1.0732533087103726;;
1505;Kristiansund;2021;222;54303.0;113101.0;29351000.0;6290000.0;11958000.0;2746000.0;8049000.0;540.5042078706517;115.83153785242068;220.2088282415336;204.46384177669742;50.568108575953445;71.16647951830664;591.0723164466052;662.2387959649119;7512000.0;138.3348986243854;1.0;0.8373269435569755;;
1506;Molde;2021;222;76852.0;165430.0;41943000.0;8067000.0;13797000.0;4418000.0;10595000.0;545.7632852755946;104.967990423151;179.52688283974393;261.26841201269974;57.48711809712174;64.0452154990026;603.2504033727164;667.295618871719;7234000.0;94.12897517305991;1.0;1.1151506773569255;;
1507;Ålesund (2020-2023);2021;222;149672.0;244468.0;61895000.0;10842000.0;23195000.0;31231000.0;16723000.0;413.5376022235288;72.4383986316746;154.97220589021327;186.12699770164093;208.66294296862472;68.40568090711258;622.2005451921535;690.6062260992661;17358000.0;115.9735955957026;1.0;0.6246111303145524;;
1511;Vanylven;2021;222;8882.0;21076.0;5116000.0;1023000.0;1890000.0;306000.0;157000.0;575.996397207836;115.17676199054267;212.789912181941;248.0297230353524;34.45170006755235;7.44923135319795;610.4480972753885;617.8973286285865;1334000.0;150.19139833370863;1.0;0.7668665667166417;;
1514;Sande;2021;222;9600.0;23917.0;4090000.0;739000.0;1661000.0;1380000.0;870000.0;426.0416666666667;76.97916666666667;173.02083333333334;176.04166666666666;143.75;36.37579964042313;569.7916666666666;606.1674663070897;1046000.0;108.95833333333333;1.0;0.7065009560229446;;
1515;Herøy (Møre og Romsdal);2021;222;26126.0;45916.0;11281000.0;3338000.0;0.0;5024000.0;5413000.0;431.79208451351144;127.76544438490393;0.0;304.02664012860754;192.29885937380388;117.88918895374161;624.0909438873153;741.980132841057;4311000.0;165.00803796983848;1.0;0.7742983066573881;renhold_urimelig_lav;
1516;Ulstein;2021;222;17280.0;49406.0;11322000.0;1811000.0;5964000.0;1779000.0;3945000.0;655.2083333333334;104.80324074074075;345.1388888888889;205.2662037037037;102.95138888888889;79.84860138444724;758.1597222222222;838.0083236066694;2014000.0;116.55092592592592;1.0;0.8992055610724926;;
1517;Hareid;2021;222;12149.0;41277.0;2502000.0;780000.0;0.0;2218000.0;5484000.0;205.94287595686887;64.20281504650589;0.0;141.74006091036298;182.56646637583341;132.8584926230104;388.50934233270226;521.3678349557126;1211000.0;99.67898592476747;1.0;0.6440957886044592;renhold_urimelig_lav;
1520;Ørsta;2021;222;24355.0;62596.0;14707000.0;2309000.0;5767000.0;2362000.0;3143000.0;603.8595770888935;94.805994662287;236.7891603366865;272.26442208991995;96.98213919113118;50.210876094319126;700.8417162800247;751.0525923743438;3640000.0;149.45596386778897;1.0;0.6343406593406593;;
1525;Stranda;2021;222;10906.0;32077.0;7609000.0;1179000.0;2232000.0;1047000.0;80000.0;697.6893453145058;108.10562992847973;204.65798642948835;384.9257289565377;96.00220062350999;2.4939988153505626;793.6915459380158;796.1855447533663;1342000.0;123.05153126719237;0.944113263785395;0.8785394932935916;;
1528;Sykkylven;2021;222;17882.0;29485.0;8804000.0;1903000.0;2714000.0;1534000.0;1365000.0;492.33866457890616;106.41986354993848;151.77273235655966;234.146068672408;85.78458785370763;46.29472613193149;578.1232524326138;624.4179785645453;2022000.0;113.07460015658204;1.0;0.9411473788328387;;
1531;Sula;2021;222;20260.0;49373.0;6805000.0;1216000.0;2811000.0;413000.0;4073000.0;335.8835143139191;60.01974333662389;138.74629812438303;137.11747285291213;20.384995064165842;82.49448078909525;356.2685093780849;438.76299016718013;1998000.0;98.61796643632773;1.0;0.6086086086086087;DV_uteligger_lav;
1532;Giske;2021;222;23019.0;42930.0;12712000.0;1346000.0;6398000.0;1264000.0;1398000.0;552.2394543637864;58.473434988487774;277.9443068769278;215.8217124983709;54.91116034580129;32.56464011180992;607.1506147095878;639.7152548213977;1666000.0;72.37499456970329;1.0;0.8079231692677071;;
1535;Vestnes;2021;222;17230.0;47292.0;6771000.0;2071000.0;2323000.0;547000.0;5342000.0;392.9773650609402;120.19733023795705;134.82298316889145;137.9570516540917;31.746952988972723;112.95779413008543;424.72431804991294;537.6821121799984;2062000.0;119.67498549042368;1.0;1.0043646944713869;;
1539;Rauma;2021;222;17606.0;52665.0;8198000.0;2322000.0;3586000.0;1310000.0;1719000.0;465.63671475633305;131.88685675337953;203.68056344428035;130.0692945586732;74.40645234579121;32.64027342637425;540.0431671021242;572.6834405284985;2085000.0;118.42553674883563;1.0;1.1136690647482015;;
1547;Aukra;2021;222;12100.0;24230.0;6063000.0;1700000.0;2115000.0;575000.0;686000.0;501.07438016528926;140.49586776859505;174.79338842975207;185.78512396694214;47.52066115702479;28.31200990507635;548.595041322314;576.9070512273904;676000.0;55.86776859504132;1.0;2.514792899408284;;kwh_uteligger
1554;Averøy;2021;222;11852.0;21461.0;8528000.0;1473000.0;3162000.0;1210000.0;1406000.0;719.5410057374282;124.2828214647317;266.79041511981103;328.4677691528856;102.09247384407695;65.51418852802759;821.6334795815052;887.1476681095328;1789000.0;150.94498818764765;0.9921743991056456;0.8233650083845724;;
1557;Gjemnes;2021;222;5771.0;18282.0;3256000.0;601000.0;1278000.0;227000.0;474000.0;564.2003119043493;104.14139663836424;221.4520880263386;238.60682723964652;39.33460405475654;25.927141450607156;603.5349159591059;629.462057409713;895000.0;155.08577369606655;1.0;0.6715083798882682;;
1560;Tingvoll;2021;222;9854.0;26639.0;5138000.0;1454000.0;1660000.0;541000.0;1747000.0;521.412624314999;147.55429267302617;168.45950882890196;205.39882281307084;54.9015628171301;65.58053981005293;576.3141871321291;641.8947269421819;1227000.0;124.51796224883296;1.0;1.1850040749796251;;
1563;Sunndal;2021;222;17047.0;47587.0;10754000.0;1666000.0;2431000.0;636000.0;3511000.0;630.8441367982637;97.72980583093799;142.6057370798381;390.5085938874875;37.30861735202675;73.780654380398;668.1527541502903;741.9334085306883;2648000.0;155.3352496040359;1.0;0.6291540785498488;;
1566;Surnadal;2021;222;13750.0;33305.0;8733000.0;2284000.0;2960000.0;454000.0;949000.0;635.1272727272727;166.1090909090909;215.27272727272728;253.74545454545455;33.018181818181816;28.494220087074012;668.1454545454545;696.6396746325286;2331000.0;169.52727272727273;1.0;0.9798369798369797;;
1573;Smøla;2021;222;3996.0;15864.0;3374000.0;516000.0;1086000.0;148000.0;0.0;844.3443443443443;129.12912912912913;271.7717717717718;443.44344344344347;37.03703703703704;0.0;881.3813813813814;881.3813813813814;363000.0;90.84084084084084;1.0;1.421487603305785;;
1576;Aure;2021;222;7565.0;24457.0;6011000.0;1444000.0;1974000.0;1484000.0;0.0;794.5803040317251;190.8790482485129;260.93853271645736;342.7627230667548;196.16655651024456;0.0;990.7468605419696;990.7468605419696;1072000.0;141.70522141440847;0.416044776119403;1.3470149253731343;;
1577;Volda;2021;222;27897.0;50666.0;13889000.0;2353000.0;5707000.0;2193000.0;9732000.0;497.867154174284;84.3459870236943;204.57396852708177;208.94719862350792;78.61060329067642;192.0814747562468;576.4777574649604;768.5592322212071;3139000.0;112.52105961214467;1.0;0.7496017840076458;;
1578;Fjord;2021;222;11888.0;36681.0;4405000.0;1105000.0;1708000.0;455000.0;0.0;370.54172274562586;92.95087483176312;143.6742934051144;133.9165545087483;38.273889636608345;0.0;408.8156123822342;408.8156123822342;1384000.0;116.41991924629879;1.0;0.7984104046242774;;
1579;Hustadvika;2021;222;33478.0;62784.0;19416000.0;5053000.0;6520000.0;2276000.0;3551000.0;579.9629607503435;150.93494235020012;194.75476432283887;234.2732540773045;67.9849453372364;56.558995922528034;647.9479060875799;704.506902010108;4942000.0;147.61933209869167;0.9186564144071226;1.0224605422905706;;
1804;Bodø;2021;222;125044.0;237514.0;63894000.0;13389000.0;23797000.0;14398000.0;38952000.0;510.9721378074918;107.07430984293529;190.30901122804772;213.58881673650876;115.14346949873645;163.99875375767323;626.1156073062282;790.1143610639015;14948000.0;119.54192124372221;1.0;0.8957051110516457;;
1806;Narvik;2021;222;48306.0;131797.0;34972000.0;7387000.0;20250000.0;1598000.0;8372000.0;723.9680370968409;152.92096219931273;419.2025835299963;151.844491367532;33.08077671510785;63.52193145519246;757.0488138119488;820.5707452671412;7332000.0;151.7823872810831;0.981860338243317;1.0075013638843426;;
1811;Bindal;2021;222;3100.0;11717.0;2445000.0;469000.0;832000.0;246000.0;319000.0;788.7096774193549;151.29032258064515;268.38709677419354;369.03225806451616;79.35483870967742;27.225398992916276;868.0645161290323;895.2899151219486;512000.0;165.16129032258064;1.0;0.916015625;;
1812;Sømna;2021;222;6420.0;15456.0;4604000.0;1200000.0;1637000.0;117000.0;0.0;717.1339563862929;186.9158878504673;254.98442367601245;275.23364485981307;18.22429906542056;0.0;735.3582554517134;735.3582554517134;1234000.0;192.21183800623052;1.0;0.9724473257698543;;
1813;Brønnøy;2021;222;17276.0;45663.0;6140000.0;1583000.0;0.0;9182000.0;2110000.0;355.40634406112525;91.63000694605233;0.0;263.7763371150729;531.4887705487381;46.2080897006329;886.8951146098634;933.1032043104963;1707000.0;98.80759435054411;1.0;0.9273579379027534;renhold_urimelig_lav;
1815;Vega;2021;222;5400.0;12500.0;2355000.0;922000.0;33000.0;484000.0;0.0;436.1111111111111;170.74074074074073;6.111111111111111;259.25925925925924;89.62962962962963;0.0;525.7407407407408;525.7407407407408;1124000.0;208.14814814814815;1.0;0.8202846975088968;renhold_urimelig_lav;
1816;Vevelstad;2021;222;420.0;4662.0;665000.0;232000.0;0.0;296000.0;0.0;1583.3333333333333;552.3809523809524;0.0;1030.952380952381;704.7619047619048;0.0;2288.095238095238;2288.095238095238;179000.0;426.1904761904762;1.0;1.2960893854748603;areal_for_lite|renhold_urimelig_lav;areal_for_lite
1818;Herøy (Nordland);2021;222;3988.0;12524.0;2842000.0;728000.0;1058000.0;435000.0;20000.0;712.6379137412237;182.54764292878636;265.29588766298895;264.7943831494483;109.07723169508526;1.5969338869370808;821.715145436309;823.312079323246;707000.0;177.28184553660984;1.0;1.0297029702970297;;
1820;Alstahaug;2021;222;18055.0;50587.0;8823000.0;2411000.0;3043000.0;1851000.0;4634000.0;488.67349764608144;133.53641650512324;168.54057047909166;186.59651066186652;102.52007754084741;91.60456243698974;591.1935751869288;682.7981376239186;3047000.0;168.7621157574079;1.0;0.7912701017394159;;
1822;Leirfjord;2021;222;3208.0;10178.0;2959000.0;715000.0;895000.0;504000.0;976000.0;922.3815461346634;222.88029925187033;278.99002493765585;420.51122194513715;157.1072319201995;95.89310277068186;1079.488778054863;1175.3818808255448;1622000.0;505.6109725685786;1.0;0.4408138101109741;;kwh_urimelig_hoy|implisitt_pris_utenfor
1824;Vefsn;2021;222;36300.0;75600.0;21355000.0;4350000.0;5283000.0;1885000.0;6383000.0;588.2920110192838;119.83471074380165;145.53719008264463;322.92011019283746;51.92837465564738;84.43121693121694;640.2203856749311;724.651602606148;5868000.0;161.65289256198346;1.0;0.7413087934560327;;
1826;Hattfjelldal - Aarborte;2021;222;5946.0;18371.0;5272000.0;1663000.0;1841000.0;1060000.0;626000.0;886.6464850319543;279.68382105617223;309.61991254624957;297.3427514295325;178.2711066263034;34.07544499482881;1064.9175916582576;1098.9930366530864;1709000.0;287.4201143625967;0.8712697483908719;0.9730836746635461;;kwh_uteligger
1827;Dønna;2021;222;3200.0;13640.0;4837000.0;1360000.0;649000.0;382000.0;1715000.0;1511.5625;425.0;202.8125;883.75;119.375;125.73313782991202;1630.9375;1756.670637829912;1082000.0;338.125;1.0;1.2569316081330868;DV_uteligger_hoy;kwh_uteligger
1832;Hemnes;2021;222;14452.0;34733.0;7414000.0;2125000.0;2270000.0;1348000.0;348000.0;513.008580127318;147.03847218378078;157.07168557985054;208.89842236368668;93.27428729587601;10.019290012380157;606.282867423194;616.3021574355741;2898000.0;200.52587877110435;1.0;0.7332643202208419;;
1833;Rana;2021;222;53780.0;105614.0;30443000.0;7113000.0;10857000.0;3527000.0;8412000.0;566.065451840833;132.26106359241354;201.87802156935663;231.92636667906285;65.58200074377092;79.64853144469483;631.6474525846039;711.2959840292988;6899000.0;128.28188917813313;1.0;1.031018988259168;;
1834;Lurøy;2021;222;10326.0;22619.0;6664000.0;1580000.0;66000.0;2838000.0;0.0;645.3612240945187;153.01181483633547;6.391632771644392;485.9577764865388;274.8402091807089;0.0;920.2014332752276;920.2014332752276;1624000.0;157.27290335076506;1.0;0.9729064039408868;renhold_urimelig_lav;
1835;Træna;2021;222;920.0;5050.0;1984000.0;522000.0;420000.0;373000.0;193000.0;2156.521739130435;567.3913043478261;456.5217391304348;1132.608695652174;405.4347826086956;38.21782178217822;2561.9565217391305;2600.174343521309;220000.0;239.1304347826087;1.0;2.372727272727273;DV_uteligger_hoy;
1836;Rødøy;2021;222;7678.0;15719.0;3987000.0;750000.0;1754000.0;858000.0;0.0;519.2758530867413;97.6816879395676;228.4449075280021;193.14925761917166;111.74785100286533;0.0;631.0237040896067;631.0237040896067;1144000.0;148.9971346704871;1.0;0.6555944055944056;;
1837;Meløy;2021;222;21985.0;41893.0;13583000.0;2431000.0;4588000.0;653000.0;3287000.0;617.8303388674096;110.57539231294064;208.68774164202867;298.5672049124403;29.70206959290425;78.46179552669898;647.5324084603138;725.9942039870128;2919000.0;132.7723447805322;1.0;0.8328194587187392;;
1838;Gildeskål;2021;222;6948.0;23660.0;6010000.0;893000.0;2035000.0;720000.0;940000.0;864.9971214738055;128.52619458837074;292.8900402993667;443.58088658606795;103.62694300518135;39.7295012679628;968.6240644789867;1008.3535657469495;953000.0;137.16177317213587;1.0;0.9370409233997901;;
1839;Beiarn;2021;222;1900.0;11285.0;1747000.0;278000.0;588000.0;26000.0;707000.0;919.4736842105264;146.31578947368422;309.4736842105263;463.6842105263158;13.68421052631579;62.64953478068232;933.1578947368421;995.8074295175244;395000.0;207.89473684210526;1.0;0.7037974683544305;;
1840;Saltdal;2021;222;13127.0;32861.0;9188000.0;1289000.0;4150000.0;1076000.0;1309000.0;699.9314390188161;98.19456082882608;316.1423021253904;285.59457606459966;81.96846194865545;39.83445421624418;781.8999009674716;821.7343551837157;2055000.0;156.54757370305478;1.0;0.627250608272506;;
1841;Fauske - Fuossko;2021;222;16403.0;43007.0;10700000.0;2001000.0;4691000.0;967000.0;13079000.0;652.3196976162897;121.9898799000183;285.98427116990797;244.34554654636347;58.95263061635067;304.11328388401887;711.2723282326403;1015.3856121166592;3371000.0;205.51118697799183;1.0;0.5935924058142985;;
1845;Sørfold;2021;222;9050.0;20055.0;5765000.0;695000.0;2362000.0;181000.0;166000.0;637.0165745856353;76.79558011049724;260.9944751381216;299.22651933701655;20.0;8.277237596609325;657.0165745856353;665.2938121822447;1745000.0;192.81767955801104;1.0;0.39828080229226365;;implisitt_pris_utenfor
1848;Steigen;2021;222;8906.0;21590.0;5633000.0;1589000.0;1847000.0;1657000.0;8795000.0;632.4949472265888;178.4190433415675;207.38827756568605;246.68762631933527;186.05434538513362;407.36452061139414;818.5492926117224;1225.9138132231164;1846000.0;207.2759937121042;1.0;0.8607800650054171;;
1853;Evenes - Evenássi;2021;222;3429.0;12921.0;2848000.0;642000.0;1059000.0;175000.0;373000.0;830.5628463108778;187.22659667541558;308.83639545056866;334.49985418489354;51.0352872557597;28.867734695457006;881.5981335666376;910.4658682620945;732000.0;213.47331583552057;1.0;0.8770491803278688;;
1856;Røst;2021;222;4000.0;9556.0;2089000.0;711000.0;653000.0;17000.0;322000.0;522.25;177.75;163.25;181.25;4.25;33.696107157806615;526.5;560.1961071578066;811000.0;202.75;1.0;0.8766954377311961;;
1857;Værøy;2021;222;3500.0;7950.0;2024000.0;501000.0;710000.0;103000.0;18000.0;578.2857142857143;143.14285714285714;202.85714285714286;232.28571428571428;29.428571428571427;2.2641509433962264;607.7142857142857;609.9784366576819;299000.0;85.42857142857143;1.0;1.6755852842809364;;
1859;Flakstad;2021;222;821.0;5733.0;2037000.0;294000.0;0.0;657000.0;178000.0;2481.1205846528624;358.0998781973203;0.0;2123.020706455542;800.2436053593179;31.048316762602475;3281.36419001218;3312.4125067747827;191000.0;232.64311814859926;1.0;1.5392670157068062;renhold_urimelig_lav;
1860;Vestvågøy;2021;222;26733.0;63217.0;15566000.0;5911000.0;5560000.0;1911000.0;2130000.0;582.2765869898627;221.11248269928552;207.98264317510194;153.18146111547526;71.48468185388845;33.69346852903491;653.7612688437512;687.4547373727861;5254000.0;196.53611641042906;0.9642177388656262;1.1250475827940616;;
1865;Vågan;2021;222;30757.0;62482.0;18411000.0;3960000.0;8366000.0;1246000.0;5473000.0;598.595441688071;128.75117859349092;272.0031212406932;197.8411418538869;40.51110316350749;87.59322684933261;639.1065448515785;726.6997717009111;4759000.0;154.72900477939982;1.0;0.8321075856272326;;
1866;Hadsel;2021;222;21995.0;50530.0;12380000.0;3319000.0;4362000.0;954000.0;3502000.0;562.8551943623551;150.89793134803364;198.31779949988635;213.6394635144351;43.373493975903614;69.3053631506036;606.2286883382587;675.5340514888624;3412000.0;155.1261650375085;1.0;0.9727432590855803;;
1867;Bø;2021;222;10175.0;23899.0;5794000.0;1474000.0;1885000.0;382000.0;0.0;569.4348894348894;144.86486486486487;185.25798525798527;239.3120393120393;37.54299754299754;0.0;606.977886977887;606.977886977887;1553000.0;152.62899262899262;1.0;0.9491307147456537;;
1868;Øksnes;2021;222;8280.0;29364.0;4169000.0;1098000.0;1821000.0;508000.0;2889000.0;503.5024154589372;132.6086956521739;219.92753623188406;150.96618357487924;61.35265700483092;98.38577850429097;564.8550724637681;663.2408509680591;1418000.0;171.256038647343;1.0;0.7743300423131171;;
1870;Sortland - Suortá;2021;222;20993.0;63621.0;13365000.0;2731000.0;5399000.0;3918000.0;4155000.0;636.6407850235793;130.0909827085219;257.1809650835993;249.36883723145812;186.63363978469013;65.30862451077475;823.2744248082694;888.5830493190441;3349000.0;159.52936693183443;1.0;0.8154673036727381;;
1871;Andøy;2021;222;7182.0;28902.0;6254000.0;1076000.0;1537000.0;420000.0;39000.0;870.7880813143971;149.81899192425507;214.0072403230298;506.9618490671122;58.47953216374269;1.3493875856342121;929.2676134781398;930.617001063774;1035000.0;144.11027568922304;1.0;1.0396135265700484;;
1874;Moskenes;2021;222;1539.0;5990.0;2083000.0;843000.0;0.0;819000.0;0.0;1353.4762833008447;547.7582846003899;0.0;805.7179987004548;532.1637426900585;0.0;1885.6400259909033;1885.6400259909033;866000.0;562.7030539311241;1.0;0.9734411085450345;renhold_urimelig_lav;kwh_urimelig_hoy
1875;Hamarøy - Hábmer;2021;222;8048.0;22253.0;5836000.0;989000.0;1742000.0;409000.0;1171000.0;725.1491053677933;122.88767395626243;216.45129224652086;385.81013916500996;50.82007952286283;52.622118366063006;775.969184890656;828.591303256719;1354000.0;168.24055666003977;1.0;0.7304283604135894;;
3001;Halden (2020-2023);2021;222;69749.0;126251.0;20982000.0;7279000.0;7431000.0;5612000.0;7465000.0;300.8215171543678;104.35991913862564;106.53916185178282;89.92243616395935;80.45993490946107;59.128244528756206;381.28145206382885;440.4096965925851;10137000.0;145.33541699522573;0.9942783861102891;0.7180625431587255;DV_uteligger_lav;
3002;Moss (2020-2023);2021;222;96882.0;187399.0;45895000.0;11073000.0;16919000.0;10043000.0;17061000.0;473.72060857538037;114.29367684399578;174.63512313948928;184.7918085918953;103.6621869903594;91.04104077396357;577.3827955657398;668.4238363397034;12139000.0;125.29675275076897;1.0;0.9121838701705247;;
3003;Sarpsborg (2020-2023);2021;222;105379.0;232054.0;66410000.0;15103000.0;22008000.0;17480000.0;18112000.0;630.2014632896497;143.32077548657702;208.8461647956424;278.0345230074303;165.87745186422342;78.0507985210339;796.0789151538731;874.1297136749071;13029000.0;123.6394348020004;1.0;1.1591833601964847;;
3004;Fredrikstad (2020-2023);2021;222;178807.0;364968.0;80113000.0;21768000.0;41242000.0;19659000.0;29939000.0;448.0417433321962;121.74020032772766;230.6509252993451;95.6506177051234;109.94536008098117;82.03184936761579;557.9871034131774;640.0189527807931;21118000.0;118.10499588942267;0.9926602898001705;1.0307794298702528;;
3005;Drammen (2020-2023);2021;222;187881.0;371581.0;85362000.0;20668000.0;32740000.0;31462000.0;46645000.0;454.3407795359829;110.00580154459472;174.25923856057824;170.07573943080993;167.45706058622213;125.53117624421054;621.797840122205;747.3290163664155;20831000.0;110.87337197481385;1.0;0.9921751236138447;;
3006;Kongsberg (2020-2023);2021;222;60425.0;100544.0;35415000.0;7518000.0;10812000.0;4199000.0;22091000.0;586.0984691766653;124.41870086884568;178.93256102606537;282.74720728175424;69.49110467521722;219.7147517504774;655.5895738518825;875.3043256023599;5202000.0;86.09019445593711;1.0;1.4452133794694348;;
3007;Ringerike (2020-2023);2021;222;65970.0;112722.0;42866000.0;9312000.0;11771000.0;9108000.0;5097000.0;649.7802031226315;141.1550704865848;178.4295892072154;330.1955434288313;138.06275579809005;45.21743758982275;787.8429589207216;833.0603965105444;7483000.0;113.4303471274822;1.0;1.2444206868902845;;
3011;Hvaler (2020-2023);2021;222;10434.0;20789.0;6744000.0;1272000.0;2541000.0;25000.0;2634000.0;646.3484761357101;121.90914318573893;243.53076480736055;280.9085681426107;2.3960130343109065;126.70162104959354;648.7444891700211;775.4461102196146;886000.0;84.91470193597853;1.0;1.435665914221219;;
3012;Aremark (2020-2023);2021;222;5427.0;15974.0;3054000.0;678000.0;1455000.0;616000.0;331000.0;562.7418463239359;124.93090105030403;268.10392482034274;169.70702045328912;113.50654136723789;20.72117190434456;676.2483876911738;696.9695595955184;566000.0;104.2933480744426;1.0;1.1978798586572437;;
3013;Marker (2020-2023);2021;222;7820.0;22820.0;4692000.0;925000.0;2012000.0;278000.0;648000.0;600.0;118.28644501278772;257.28900255754473;224.42455242966753;35.549872122762146;28.396143733567047;635.5498721227622;663.9460158563293;697000.0;89.1304347826087;0.9110473457675753;1.3271162123385938;;
3014;Indre Østfold (2020-2023);2021;222;95889.0;181573.0;54096000.0;14655000.0;18604000.0;4267000.0;13128000.0;564.1523010981447;152.8329631136001;194.01599766396563;217.303340320579;44.49936906214477;72.30149857082276;608.6516701602895;680.9531687311123;13063000.0;136.23043310494427;0.9724412462680855;1.121870933170022;;
3015;Skiptvet (2020-2023);2021;222;13747.0;26884.0;7169000.0;2233000.0;2477000.0;755000.0;656000.0;521.4955990397905;162.43544045973667;180.18476758565504;178.87539099439877;54.92107368880483;24.401130784109508;576.4166727285954;600.8178035127048;2327000.0;169.27329599185276;1.0;0.959604641168887;;
3016;Rakkestad (2020-2023);2021;222;18502.0;39440.0;10944000.0;2956000.0;3784000.0;211000.0;2165000.0;591.5036212301372;159.76651172846178;204.51843043995243;227.21867906172307;11.404172521889526;54.893509127789045;602.9077937520268;657.8013028798158;1712000.0;92.53053723921738;1.0;1.7266355140186915;;
3017;Råde (2020-2023);2021;222;18187.0;52036.0;9321000.0;2977000.0;3960000.0;2279000.0;2276000.0;512.5089349535382;163.68834882058613;217.73794468576455;131.08264144718754;125.30928685324683;43.73894995772158;637.8182218067851;681.5571717645067;2554000.0;140.42997745642492;1.0;1.1656225528582616;;
3018;Våler (Viken) (2020-2023);2021;222;9535.0;24122.0;13822000.0;2648000.0;3614000.0;16479000.0;2717000.0;1449.606712113267;277.71368641845834;379.0246460409019;792.8683796539067;1728.2642894598846;112.63576817842633;3177.8710015731517;3290.506769751578;1584000.0;166.12480335605665;0.6578282828282829;1.6717171717171717;DV_uteligger_hoy;
3019;Vestby (2020-2023);2021;222;43879.0;89611.0;19532000.0;4710000.0;7973000.0;5319000.0;8550000.0;445.1332072289706;107.34064130905445;181.70423209280065;156.08833382711546;121.21971786047996;95.41239356775395;566.3529250894505;661.7653186572045;4630000.0;105.51744570295585;1.0;1.0172786177105833;;
3020;Nordre Follo (2020-2023);2021;222;123213.0;278863.0;67975000.0;15444000.0;21011000.0;12989000.0;17559000.0;551.686916153328;125.34391663217356;170.52583737105664;255.8171621500978;105.41907103958187;62.966402857317036;657.1059871929099;720.0723900502269;13823000.0;112.18783732236047;1.0;1.117268320914418;;
3021;Ås (2020-2023);2021;222;54619.0;115705.0;29244000.0;7103000.0;61000.0;1844000.0;10131000.0;535.4180779582197;130.04632087735038;1.1168274776176788;404.25492960325164;33.76114538896721;87.55887818158247;569.1792233471868;656.7381015287693;5818000.0;106.51970925868288;1.0;1.2208662770711585;renhold_urimelig_lav;
3022;Frogn (2020-2023);2021;222;32750.0;77237.0;19697000.0;3494000.0;5987000.0;1313000.0;4038000.0;601.4351145038167;106.68702290076335;182.8091603053435;311.9389312977099;40.091603053435115;52.28064269715292;641.5267175572519;693.8073602544048;4705000.0;143.66412213740458;1.0;0.7426142401700319;;
3023;Nesodden (2020-2023);2021;222;36918.0;77106.0;29225000.0;6020000.0;9870000.0;3819000.0;6276000.0;791.61926431551;163.06408797876375;267.34926052332196;361.2059158134243;103.44547375264099;81.39444401213913;895.0647380681511;976.4591820802902;5701000.0;154.4233165393575;0.9719347482897738;1.0559550955972636;;
3024;Bærum (2020-2023);2021;222;282020.0;562346.0;165074000.0;35863000.0;47768000.0;43506000.0;66754000.0;585.3272817530672;127.16474008935536;169.37805829373804;288.78448336997377;154.26565491809092;118.7062769184808;739.5929366711581;858.2992135896388;37011000.0;131.23537337777464;1.0;0.9689821944827213;;
3025;Asker (2020-2023);2021;222;235390.0;415578.0;119081000.0;26189000.0;40251000.0;19987000.0;60721000.0;505.8881005990059;111.25791240069671;170.997068694507;223.6331195038022;84.91014911423595;146.11216185649866;590.7982497132418;736.9104115697405;24841000.0;105.53124601724797;0.9937603156072622;1.0542651262026488;;
3026;Aurskog-Høland (2020-2023);2021;222;38255.0;79557.0;26609000.0;7104000.0;7433000.0;5851000.0;8174000.0;695.5692066396549;185.70121552738203;194.3013985099987;315.5665926022742;152.9473271467782;102.74394459318476;848.5165337864331;951.2604783796179;7694000.0;201.12403607371584;1.0;0.9233168702885365;;
3027;Rælingen (2020-2023);2021;222;51030.0;89176.0;23221000.0;5905000.0;6176000.0;1158000.0;5834000.0;455.04605134234765;115.71624534587498;121.02684695277289;218.3029590436998;22.692533803644913;65.42118955772854;477.73858514599254;543.159774703721;4782000.0;93.70958259847148;1.0;1.2348389795064827;;
3028;Enebakk (2020-2023);2021;222;25325.0;50105.0;16982000.0;3480000.0;6931000.0;1496000.0;3373000.0;670.5626850937808;137.41362290227048;273.6821322803554;259.466929911155;59.0720631786772;67.31863087516216;729.6347482724581;796.9533791476202;3234000.0;127.69990128331688;0.9876314162028448;1.0760667903525045;;
3029;Lørenskog (2020-2023);2021;222;76338.0;176304.0;51021000.0;12258000.0;15675000.0;5826000.0;8985000.0;668.3565196887527;160.57533600565904;205.33679163719248;302.4443920459011;76.31847834630197;50.963109175061255;744.6749980350546;795.6381072101159;8483000.0;111.12421074694123;1.0;1.4450076623835908;;
3030;Lillestrøm (2020-2023);2021;222;198566.0;408816.0;123450000.0;30939000.0;40285000.0;36245000.0;30063000.0;621.7076438060897;155.81217328243505;202.87964706948824;263.01582345416637;182.53376711017998;73.53675002935306;804.2414109162696;877.7781609456226;28805000.0;145.0651168880876;1.0;1.074084360354105;;
3031;Nittedal (2020-2023);2021;222;57909.0;103478.0;34240000.0;7209000.0;8212000.0;17733000.0;8558000.0;591.2725137716071;124.48842148888774;141.80869985667167;324.9753924260478;306.22183080350203;82.70356984093237;897.4943445751093;980.1979144160416;6587000.0;113.74743131464885;0.9857294671322302;1.0944284196143919;;
3032;Gjerdrum (2020-2023);2021;222;15868.0;33234.0;8413000.0;2994000.0;2137000.0;1789000.0;65132000.0;530.186538946307;188.68162339299218;134.6735568439627;206.83135870935214;112.74262667002773;1959.800204609737;642.9291656163348;2602.7293702260718;2237000.0;140.97554827325436;0.6991506481895395;1.338399642378185;;
3033;Ullensaker (2020-2023);2021;222;88083.0;177946.0;59301000.0;15993000.0;20629000.0;7504000.0;11556000.0;673.2400122611627;181.56738530703996;234.19956177696037;257.4730651771624;85.19237537322752;64.94104953188045;758.4323876343902;823.3734371662707;12214000.0;138.6646685512528;0.9983625347961356;1.3093990502701818;;
3034;Nes (2020-2023);2021;222;44760.0;81564.0;22911000.0;6920000.0;6547000.0;7095000.0;11144000.0;511.8632707774799;154.6023235031278;146.26899016979445;210.99195710455763;158.51206434316353;136.6289049090285;670.3753351206434;807.0042400296719;6182000.0;138.11438784629132;1.0;1.1193788417987707;;
3035;Eidsvoll (2020-2023);2021;222;49500.0;94127.0;35939000.0;8562000.0;12023000.0;6147000.0;4672000.0;726.040404040404;172.96969696969697;242.88888888888889;310.1818181818182;124.18181818181819;49.63506751516568;850.2222222222222;899.8572897373879;7197000.0;145.3939393939394;1.0;1.1896623593163818;;
3036;Nannestad (2020-2023);2021;222;29108.0;55077.0;21361000.0;6203000.0;5758000.0;10135000.0;2510000.0;733.8532362237186;213.10292703036967;197.8150336677202;322.9352755256287;348.1860656864092;45.572562049494344;1082.0393019101277;1127.611863959622;3310000.0;113.71444276487564;0.918429003021148;1.8740181268882175;;
3037;Hurdal (2020-2023);2021;222;4900.0;14305.0;3954000.0;961000.0;1250000.0;59000.0;575000.0;806.9387755102041;196.12244897959184;255.10204081632654;355.7142857142857;12.040816326530612;40.19573575672842;818.9795918367347;859.1753275934631;730000.0;148.9795918367347;1.0;1.3164383561643835;;
3038;Hole (2020-2023);2021;222;15663.0;30306.0;9866000.0;2028000.0;3265000.0;1671000.0;2473000.0;629.8921024069463;129.4771116644321;208.4530422013663;291.96194854114793;106.68454319095959;81.60100310169604;736.5766455979059;818.177648699602;1574000.0;100.49160441805529;0.9809402795425667;1.2884371029224906;;
3039;Flå (2020-2023);2021;222;4074.0;12194.0;2899000.0;733000.0;672000.0;27000.0;747000.0;711.5856651939126;179.9214531173294;164.94845360824743;366.71575846833576;6.62739322533137;61.259635886501556;718.213058419244;779.4726943057456;837000.0;205.44918998527245;1.0;0.8757467144563919;;
3041;Gol (2020-2023);2021;222;11100.0;37004.0;4255000.0;495000.0;2034000.0;89000.0;2410000.0;383.3333333333333;44.5945945945946;183.24324324324326;155.4954954954955;8.018018018018019;65.12809426007999;391.35135135135135;456.47944561143134;1265000.0;113.96396396396396;1.0;0.391304347826087;;implisitt_pris_utenfor
3042;Hemsedal (2020-2023);2021;222;5358.0;19908.0;4030000.0;427000.0;2066000.0;365000.0;1562000.0;752.1463232549459;79.69391564016424;385.591638671146;286.86076894363566;68.12243374393431;78.46092023307213;820.2687569988802;898.7296772319523;700000.0;130.64576334453153;1.0;0.61;;
3043;Ål (2020-2023);2021;222;12448.0;38655.0;7458000.0;1318000.0;2188000.0;808000.0;3016000.0;599.1323907455013;105.88046272493574;175.7712082262211;317.48071979434445;64.91002570694087;78.02354158582331;664.0424164524421;742.0659580382654;2113000.0;169.74614395886888;1.0;0.6237576904874587;;
3044;Hol (2020-2023);2021;222;11742.0;34127.0;10403000.0;1034000.0;3124000.0;715000.0;5233000.0;885.9649122807018;88.05995571452904;266.05348322261966;531.851473343553;60.89252256855732;153.33899844697746;946.8574348492591;1100.1964332962366;2046000.0;174.24629535002555;1.0;0.5053763440860215;;
3045;Sigdal (2020-2023);2021;222;9800.0;28717.0;7328000.0;1677000.0;2497000.0;357000.0;1720000.0;747.7551020408164;171.12244897959184;254.79591836734693;321.83673469387753;36.42857142857143;59.894835811540204;784.1836734693877;844.078509280928;1549000.0;158.0612244897959;1.0;1.0826339573918657;;
3046;Krødsherad (2020-2023);2021;222;3774.0;19464.0;3606000.0;888000.0;848000.0;142000.0;1807000.0;955.4848966613672;235.2941176470588;224.69528351881294;495.4954954954955;37.62586115527292;92.83806000822031;993.1107578166402;1085.9488178248605;862000.0;228.404875463699;1.0;1.0301624129930393;;
3047;Modum (2020-2023);2021;222;24464.0;70020.0;26053000.0;2650000.0;10318000.0;2188000.0;4717000.0;1064.9525833878351;108.32243296272073;421.76258992805754;534.867560497057;89.4375408763898;67.3664667237932;1154.390124264225;1221.7565909880182;3997000.0;163.38293001962066;0.9804853640230172;0.6629972479359519;;
3048;Øvre Eiker (2020-2023);2021;222;39144.0;88251.0;25138000.0;5104000.0;8379000.0;2087000.0;7361000.0;642.1929286736154;130.39035356631922;214.05579399141632;297.74678111587986;53.315961577764156;83.40981971875672;695.5088902513795;778.9187099701362;5289000.0;135.11649294911098;0.998298355076574;0.9650217432406881;;
3049;Lier (2020-2023);2021;222;66793.0;116301.0;30624000.0;6540000.0;10356000.0;6317000.0;16563000.0;458.49115925321513;97.9144521132454;155.04618747473538;205.53051966523438;94.57577889898641;142.41494054221374;553.0669381522016;695.4818786944154;4869000.0;72.8968604494483;1.0;1.3431916204559458;;
3050;Flesberg (2020-2023);2021;222;17258.0;27158.0;5687000.0;944000.0;1704000.0;130000.0;1669000.0;329.5283346853633;54.69926990381273;98.73681770772974;176.09224707382083;7.532738440143701;61.455188158185436;337.061073125507;398.5162612836924;1902000.0;110.20975779348707;1.0;0.4963196635120926;DV_uteligger_lav;implisitt_pris_utenfor
3051;Rollag (2020-2023);2021;222;6800.0;19514.0;2145000.0;611000.0;539000.0;83000.0;2035000.0;315.44117647058823;89.8529411764706;79.26470588235294;146.3235294117647;12.205882352941176;104.28410372040587;327.6470588235294;431.9311625439353;93000.0;13.676470588235293;1.0;6.56989247311828;DV_uteligger_lav;kwh_urimelig_lav|implisitt_pris_utenfor
3052;Nore og Uvdal (2020-2023);2021;222;5274.0;27490.0;4198000.0;709000.0;1380000.0;389000.0;2839000.0;795.9802806219188;134.43306788016685;261.6609783845279;399.8862343572241;73.75805839969662;103.27391778828665;869.7383390216155;973.0122568099022;493000.0;93.47743648084945;1.0;1.4381338742393508;;
3053;Jevnaker (2020-2023);2021;222;14734.0;42032.0;9686000.0;1708000.0;3886000.0;1593000.0;2882000.0;657.3910682774535;115.92235645445908;263.74372200352923;277.7249898194652;108.11727976109678;68.56680624286258;765.5083480385503;834.0751542814128;1936000.0;131.39676937695126;1.0;0.8822314049586778;;
3054;Lunner (2020-2023);2021;222;24785.0;47640.0;15499000.0;2542000.0;5220000.0;1042000.0;2797000.0;625.3379059915271;102.56203348799677;210.61125680855355;312.1646156949768;42.04155739358483;58.71116708648195;667.379463385112;726.090630471594;3808000.0;153.64131531168044;1.0;0.6675420168067228;;
3401;Kongsvinger;2021;222;34923.0;73422.0;18300000.0;4730000.0;5878000.0;2218000.0;9719000.0;524.009964779658;135.44082696217393;168.31314606419838;220.2559917532858;63.51115310826676;132.37176867968728;587.5211178879249;719.8928865676122;4112000.0;117.74475274174613;1.0;1.1502918287937745;;
3403;Hamar;2021;222;71888.0;181233.0;46873000.0;7469000.0;15100000.0;5512000.0;11485000.0;652.0281549076341;103.89772980191408;210.04896505675495;338.0814600489651;76.67482750945916;63.371461047381;728.7029824170933;792.0744434644743;8163000.0;113.5516358780325;1.0;0.9149822369226999;;
3405;Lillehammer;2021;222;61400.0;129175.0;33304000.0;7551000.0;10660000.0;1248000.0;16288000.0;542.4104234527688;122.98045602605863;173.6156351791531;245.814332247557;20.3257328990228;126.0925101606348;562.7361563517916;688.8286665124264;6044000.0;98.43648208469055;1.0;1.24933818663137;;
3407;Gjøvik;2021;222;56602.0;137294.0;31982000.0;7636000.0;12441000.0;7115000.0;10905000.0;565.033037701848;134.90689374933748;219.79788700045935;210.32825695205116;125.70227200452281;79.42808862732531;690.7353097063708;770.1633983336961;7489000.0;132.30981237412107;1.0;1.0196287888903726;;
3411;Ringsaker;2021;222;76228.0;157711.0;38805000.0;9785000.0;13067000.0;9892000.0;16683000.0;509.0649105315632;128.36490528414757;171.41995067429292;209.28005457312273;129.7685889699323;105.78209509799571;638.8334995014956;744.6155945994913;8618000.0;113.05557013171013;0.9684381527036435;1.1354142492457648;;
3412;Løten;2021;222;18779.0;40121.0;11223000.0;2911000.0;3728000.0;765000.0;1129000.0;597.6356568507375;155.01357899781672;198.51962298311943;244.10245486980136;40.73699345013046;28.139876872460807;638.372650300868;666.5125271733289;2427000.0;129.24010863198254;1.0;1.1994231561598683;;
3413;Stange;2021;222;53179.0;93880.0;32336000.0;9828000.0;10205000.0;3555000.0;10489000.0;608.0595723875966;184.8097933394761;191.89905789879464;231.35072114932586;66.84969630869328;111.72773753728164;674.9092686962899;786.6370062335716;7264000.0;136.59527256999942;0.9800385462555066;1.3529735682819384;;
3414;Nord-Odal;2021;222;11744.0;27906.0;6346000.0;2338000.0;2403000.0;684000.0;9407000.0;540.3610354223433;199.08038147138964;204.6151226158038;136.66553133514986;58.2425068119891;337.0959650254426;598.6035422343324;935.6995072597749;1794000.0;152.75885558583107;1.0;1.3032329988851727;;
3415;Sør-Odal;2021;222;19009.0;38573.0;9219000.0;2624000.0;2713000.0;632000.0;4921000.0;484.98079856909885;138.0398758482824;142.72186858856332;204.21905413225315;33.24740912199484;127.57628392917326;518.2282076910936;645.8044916202668;2605000.0;137.04034930822243;1.0;1.0072936660268714;;
3416;Eidskog;2021;222;10832.0;30825.0;7480000.0;1678000.0;2031000.0;917000.0;4534000.0;690.546528803545;154.91137370753324;187.5;348.13515509601183;84.65657311669129;147.08840227088402;775.2031019202363;922.2915041911203;1313000.0;121.2149187592319;0.9809596344249809;1.277989337395278;;
3417;Grue;2021;222;5599.0;29581.0;5019000.0;1166000.0;2019000.0;232000.0;2453000.0;896.410073227362;208.25147347740668;360.6001071619932;327.5584925879621;41.43597070905519;82.92485041073662;937.8460439364172;1020.7708943471539;930000.0;166.10108948026433;1.0;1.253763440860215;;
3418;Åsnes;2021;222;22000.0;44150.0;12841000.0;3714000.0;4012000.0;335000.0;2298000.0;583.6818181818181;168.8181818181818;182.36363636363637;232.5;15.227272727272727;52.04983012457531;598.9090909090909;650.9589210336662;3575000.0;162.5;0.78993006993007;1.038881118881119;;
3419;Våler (Innlandet);2021;222;8894.0;30216.0;4553000.0;1115000.0;1727000.0;96000.0;2057000.0;511.9181470654374;125.36541488644029;194.17584888689004;192.37688329210704;10.793793568697998;68.07651575324331;522.7119406341353;590.7884563873786;951000.0;106.92601753991455;0.9716088328075709;1.1724500525762354;;
3420;Elverum;2021;222;46424.0;106928.0;31246000.0;7432000.0;11350000.0;1877000.0;7534000.0;673.057039462347;160.0896088230226;244.48561089091848;268.481819748406;40.43167327244529;70.45862636540475;713.4887127347923;783.947339100197;4336000.0;93.39996553506806;1.0;1.7140221402214024;;
3421;Trysil;2021;222;13474.0;30860.0;8971000.0;2372000.0;2340000.0;312000.0;2469000.0;665.8008015437139;176.04274899807035;173.66780466082827;316.0902478848152;23.155707288110435;80.00648088139987;688.9565088318243;768.9629897132241;2013000.0;149.3988422146356;1.0;1.1783407848981617;;
3422;Åmot;2021;222;9815.0;26728.0;5758000.0;1736000.0;2090000.0;192000.0;4515000.0;586.6530820173205;176.87213448802854;212.9393785022924;196.84156902699948;19.5618950585838;168.923974857827;606.2149770759042;775.1389519337313;1140000.0;116.14875191034132;1.0;1.5228070175438597;;
3423;Stor-Elvdal;2021;222;8438.0;18614.0;4217000.0;1131000.0;1100000.0;155000.0;1706000.0;499.76297700876984;134.03650154064945;130.36264517658213;235.36383029153828;18.36928182033657;91.65144514881273;518.1322588291064;609.7837039779191;902000.0;106.89736904479734;0.9933481152993349;1.253880266075388;;
3424;Rendalen;2021;222;5173.0;14052.0;1572000.0;1093000.0;0.0;113000.0;9875000.0;303.8855596365745;211.28938720278367;0.0;92.59617243379084;21.844190991687608;702.7469399373755;325.72975062826214;1028.4766905656377;842000.0;162.76821960177847;0.9501187648456056;1.2980997624703088;renhold_urimelig_lav;
3425;Engerdal;2021;222;5960.0;14710.0;3798000.0;993000.0;1085000.0;154000.0;1018000.0;637.248322147651;166.61073825503357;182.04697986577182;288.59060402684565;25.838926174496645;69.20462270564242;663.0872483221476;732.2918710277901;706000.0;118.45637583892618;1.0;1.406515580736544;;
3426;Tolga;2021;222;4932.0;15619.0;3510000.0;964000.0;1215000.0;297000.0;1502000.0;711.6788321167883;195.45823195458232;246.35036496350364;269.87023519870235;60.21897810218978;96.16492733209553;771.8978102189781;868.0627375510736;735000.0;149.02676399026765;1.0;1.31156462585034;;
3427;Tynset;2021;222;19709.0;48593.0;9187000.0;2047000.0;3201000.0;674000.0;3068000.0;466.1322238571211;103.86118017149525;162.413110761581;199.85793292404486;34.19757471206048;63.13666577490585;500.3297985691816;563.4664643440874;2777000.0;140.90009640265868;0.9546272956427799;0.7371263953907093;;
3428;Alvdal;2021;222;10228.0;25082.0;3218000.0;924000.0;1154000.0;386000.0;-23000.0;314.6265154477904;90.34024247164646;112.82753226437231;111.45874071177161;37.73953852170512;-0.9169922653695878;352.3660539694955;351.44906170412594;796000.0;77.82557684786859;1.0;1.1608040201005025;DV_uteligger_lav;
3429;Folldal;2021;222;2830.0;10547.0;4065000.0;723000.0;1912000.0;205000.0;414000.0;1436.3957597173144;255.47703180212014;675.6183745583039;505.30035335689047;72.43816254416961;39.25286811415568;1508.833922261484;1548.0867903756398;433000.0;153.0035335689046;0.9722863741339491;1.669745958429561;DV_uteligger_hoy;
3430;Os;2021;222;3453.0;14398.0;3275000.0;1620000.0;500000.0;198000.0;509000.0;948.4506226469737;469.1572545612511;144.8016217781639;334.4917463075586;57.341442224152914;35.35213224058897;1005.7920648711265;1041.1441971117156;1421000.0;411.52620909354187;1.0;1.1400422237860661;;kwh_uteligger
3431;Dovre;2021;222;7775.0;21599.0;2384000.0;598000.0;855000.0;152000.0;661000.0;306.6237942122186;76.91318327974277;109.96784565916398;119.7427652733119;19.54983922829582;30.603268669845825;326.1736334405145;356.7769021103603;1229000.0;158.07073954983923;1.0;0.48657445077298617;DV_uteligger_lav;implisitt_pris_utenfor
3432;Lesja;2021;222;8221.0;20730.0;4714000.0;874000.0;1905000.0;374000.0;803000.0;573.4095608806715;106.31310059603454;231.7236345943316;235.37282569030532;45.493248996472445;38.736131210805596;618.9028098771439;657.6389410879495;1512000.0;183.9192312370758;1.0;0.578042328042328;;
3433;Skjåk;2021;222;4770.0;19390.0;3506000.0;866000.0;1210000.0;224000.0;1864000.0;735.0104821802935;181.55136268343816;253.66876310272536;299.79035639412996;46.9601677148847;96.13202681794739;781.9706498951782;878.1026767131256;778000.0;163.1027253668763;1.0;1.1131105398457584;;
3434;Lom;2021;222;5647.0;20627.0;2387000.0;389000.0;1157000.0;668000.0;1060000.0;422.7023198158314;68.8861342305649;204.88755091198865;148.92863467327786;118.29289888436338;51.38895622242691;540.9952187001948;592.3841749226217;1030000.0;182.39773330972199;1.0;0.37766990291262137;;implisitt_pris_utenfor
3435;Vågå;2021;222;7200.0;23647.0;5092000.0;851000.0;1901000.0;491000.0;1045000.0;707.2222222222222;118.19444444444444;264.02777777777777;325.0;68.19444444444444;44.191652218040346;775.4166666666666;819.6083188847069;1102000.0;153.05555555555554;1.0;0.7722323049001816;;
3436;Nord-Fron;2021;222;15472.0;38923.0;10537000.0;2498000.0;3687000.0;891000.0;3184000.0;681.0367114788004;161.45294725956566;238.30144777662875;281.282316442606;57.58790072388832;81.80253320658737;738.6246122026887;820.427145409276;2493000.0;161.1297828335057;0.9991977537103891;1.0020056157240274;;
3437;Sel;2021;222;14500.0;40770.0;9781000.0;2164000.0;3619000.0;568000.0;2062000.0;674.551724137931;149.24137931034483;249.58620689655172;275.7241379310345;39.172413793103445;50.576404218788326;713.7241379310345;764.3005421498228;2791000.0;192.48275862068965;1.0;0.7753493371551415;;
3438;Sør-Fron;2021;222;7887.0;31943.0;6593000.0;1398000.0;2214000.0;221000.0;262000.0;835.9325472296183;177.25370863446176;280.7151007987828;377.9637377963738;28.02079371117028;8.202110008452555;863.9533409407886;872.1554509492412;1395000.0;176.87333586915176;1.0;1.0021505376344086;;
3439;Ringebu;2021;222;10154.0;25646.0;6763000.0;1328000.0;2056000.0;422000.0;2973000.0;666.0429387433524;130.78589718337602;202.48178057908214;332.77526098089425;41.55997636399449;115.92451064493488;707.6029151073468;823.5274257522817;1248000.0;122.90722867835336;1.0;1.064102564102564;;
3440;Øyer;2021;222;12693.0;35522.0;8566000.0;1597000.0;3466000.0;399000.0;557000.0;674.8601591428346;125.81737965807926;273.0638934845978;275.97888600015756;31.43464901914441;15.680423399583356;706.2948081619791;721.9752315615624;1426000.0;112.34538722130308;1.0;1.1199158485273493;;
3441;Gausdal;2021;222;12517.0;36197.0;9854000.0;2134000.0;3128000.0;342000.0;4421000.0;787.2493408963809;170.4881361348566;249.9001358152912;366.8610689462331;27.322840936326596;122.13719369008481;814.5721818327075;936.7093755227924;1554000.0;124.15115442997524;1.0;1.3732303732303732;;
3442;Østre Toten;2021;222;28720.0;69416.0;16308000.0;3157000.0;5596000.0;2113000.0;8371000.0;567.8272980501392;109.92339832869081;194.84679665738162;263.05710306406684;73.5724233983287;120.59179439898583;641.399721448468;761.9915158474538;3799000.0;132.27715877437325;0.9926296393787839;0.8310081600421164;;
3443;Vestre Toten;2021;222;28139.0;71452.0;15772000.0;1979000.0;6075000.0;353000.0;6060000.0;560.5032161768364;70.329436014073;215.8925334944383;274.2812466683251;12.544866555314687;84.81218160443375;573.0480827321511;657.8602643365848;2362000.0;83.94043853726146;1.0;0.8378492802709567;;
3446;Gran;2021;222;31603.0;74189.0;20868000.0;3820000.0;7170000.0;1986000.0;3912000.0;660.3170585071038;120.87460051260956;226.87719520298705;312.5652627915071;62.842135240325284;52.73018911159336;723.1591937474291;775.8893828590225;4474000.0;141.5688384014176;0.9016540008940546;0.853822083147072;;
3447;Søndre Land;2021;222;11846.0;28150.0;7902000.0;1180000.0;3116000.0;1242000.0;2679000.0;667.0606111767685;99.61168326861387;263.0423771737295;304.40655073442514;104.84551747425292;95.16873889875666;771.9061286510214;867.074867549778;1455000.0;122.82627047104508;1.0;0.8109965635738832;;
3448;Nordre Land;2021;222;17878.0;45062.0;8140000.0;2719000.0;2636000.0;409000.0;1283000.0;455.30820002237385;152.08636312786666;147.44378565835103;155.77805123615616;22.877279337733526;28.471883183169854;478.1854793601074;506.65736254327726;2951000.0;165.0632061751874;1.0;0.9213825821755337;;
3449;Sør-Aurdal;2021;222;9983.0;23638.0;5661000.0;1362000.0;1344000.0;357000.0;2474000.0;567.0640088149855;136.43193428829008;134.62886907743163;296.00320544926376;35.76079334869278;104.6619849395042;602.8248021636782;707.4867871031825;1358000.0;136.03125313032155;0.9970544918998527;1.0029455081001473;;
3450;Etnedal;2021;222;3650.0;12405.0;2068000.0;736000.0;617000.0;632000.0;876000.0;566.5753424657535;201.64383561643837;169.04109589041096;195.8904109589041;173.15068493150685;70.61668681983072;739.7260273972603;810.342714217091;861000.0;235.8904109589041;1.0;0.8548199767711964;;
3451;Nord-Aurdal;2021;222;10200.0;26827.0;7055000.0;2005000.0;2449000.0;591000.0;2011000.0;691.6666666666666;196.5686274509804;240.09803921568627;255.0;57.94117647058823;74.96179222425168;749.6078431372549;824.5696353615066;1653000.0;162.05882352941177;1.0;1.2129461584996974;;
3452;Vestre Slidre;2021;222;4914.0;11388.0;4298000.0;1242000.0;1250000.0;485000.0;0.0;874.6438746438746;252.74725274725276;254.37525437525437;367.5213675213675;98.69759869759869;0.0;973.3414733414734;973.3414733414734;951000.0;193.52869352869354;1.0;1.3059936908517351;;
3453;Øystre Slidre;2021;222;9192.0;22962.0;7087000.0;1810000.0;2239000.0;699000.0;394000.0;770.9965187119234;196.91035683202784;243.58137510879024;330.50478677110533;76.0443864229765;17.158784078041982;847.0409051349;864.199689212942;1652000.0;179.72149695387293;1.0;1.0956416464891041;;
3454;Vang;2021;222;8300.0;18100.0;4028000.0;663000.0;1602000.0;417000.0;418000.0;485.30120481927713;79.87951807228916;193.0120481927711;212.40963855421685;50.24096385542169;23.093922651933703;535.5421686746988;558.6360913266325;1140000.0;137.34939759036143;1.0;0.5815789473684211;;
3801;Horten (2020-2023);2021;222;61906.0;126939.0;27607000.0;5802000.0;9237000.0;3130000.0;6314000.0;445.9503117629955;93.72274092979679;149.2100927212225;203.01747811197623;50.560527250993445;49.740426504068886;496.51083901398897;546.2512655180578;7090000.0;114.528478661196;0.9858956276445698;0.8183356840620593;;
3802;Holmestrand (2020-2023);2021;222;55318.0;109877.0;29153000.0;6958000.0;6264000.0;9295000.0;2491000.0;527.0074840015908;125.78184316135797;113.23619798257349;287.98944285765936;168.02848982248094;22.670804626992002;695.0359738240717;717.7067784510637;8867000.0;160.29140605227954;0.9150783805120108;0.7847073418292546;;
3803;Tønsberg (2020-2023);2021;222;93537.0;222529.0;60641000.0;11866000.0;20555000.0;7977000.0;15150000.0;648.310294322033;126.85889006489411;219.75261126612997;301.69879299100893;85.28176015908143;68.08101415995219;733.5920544811145;801.6730686410667;13365000.0;142.88463388819397;1.0;0.8878413767302656;;
3804;Sandefjord (2020-2023);2021;222;140654.0;258944.0;91544000.0;24158000.0;22246000.0;9082000.0;18026000.0;650.8453367838811;171.7548025651599;158.16116143159812;320.929372787123;64.5697953844185;69.6135071675729;715.4151321682995;785.0286393358724;19346000.0;137.54319109303682;1.0;1.2487335883386745;;
3805;Larvik (2020-2023);2021;222;89564.0;186460.0;47459000.0;8450000.0;16627000.0;14223000.0;6408000.0;529.8892412129874;94.34594256620964;185.64378544951097;249.89951319726677;158.80264391943192;34.3666201866352;688.6918851324193;723.0585053190546;12101000.0;135.1100888749944;1.0;0.6982893975704488;;
3806;Porsgrunn (2020-2023);2021;222;70031.0;206454.0;44502000.0;8617000.0;13187000.0;3281000.0;11586000.0;635.4614385058046;123.04550841770073;188.3023232568434;324.1136068312604;46.850680412959974;56.119038623615914;682.3121189187646;738.4311575423804;8325000.0;118.8759263754623;1.0;1.035075075075075;;
3807;Skien (2020-2023);2021;222;132892.0;238486.0;64364000.0;12640000.0;20399000.0;9357000.0;11919000.0;484.3331427023448;95.11483008758992;153.50058694278061;235.71772567197422;70.41055895012491;49.9777764732521;554.7437016524697;604.7214781257218;13426000.0;101.02940733828974;1.0;0.9414568747206912;;
3808;Notodden (2020-2023);2021;222;27986.0;57399.0;16960000.0;4635000.0;6213000.0;1699000.0;1842000.0;606.0172943614665;165.61852354748802;222.00385907239334;218.39491174158508;60.70892589151719;32.0911514137877;666.7262202529836;698.8173716667712;3753000.0;134.10276566854856;1.0;1.235011990407674;;
3811;Færder (2020-2023);2021;222;44874.0;84923.0;27975000.0;5962000.0;11255000.0;5125000.0;11822000.0;623.4122208851451;132.86089940722914;250.81338859918884;239.7379328787271;114.20867317377547;139.2084594279524;737.6208940589205;876.8293534868728;6880000.0;153.31817979230735;1.0;0.8665697674418605;;
3812;Siljan (2020-2023);2021;222;5653.0;11398.0;3644000.0;794000.0;1693000.0;86000.0;249000.0;644.6134795683707;140.4563948346011;299.48699805413054;204.67008667963913;15.213161153369892;21.84593788383927;659.8266407217407;681.6725786055799;718000.0;127.01220590836724;1.0;1.105849582172702;;
3813;Bamble (2020-2023);2021;222;35702.0;65288.0;23244000.0;4308000.0;9084000.0;2922000.0;7953000.0;651.0559632513584;120.66550893507366;254.4395271973559;275.9509271189289;81.84415438910986;121.81411591716702;732.9001176404684;854.7142335576353;4663000.0;130.60892947173826;1.0;0.9238687540210165;;
3814;Kragerø (2020-2023);2021;222;19311.0;45693.0;12818000.0;2637000.0;4128000.0;1454000.0;1868000.0;663.7667650561856;136.55429547926053;213.7641758583191;313.44829371860595;75.29387395784786;40.881535464950865;739.0606390140334;779.9421744789843;2487000.0;128.78670187975766;1.0;1.060313630880579;;
3815;Drangedal (2020-2023);2021;222;7331.0;17578.0;6254000.0;1475000.0;1617000.0;11801000.0;207000.0;853.0896194243622;201.20038193970808;220.57018142136135;431.31905606329286;1609.7394625562679;11.776083741039937;2462.8290819806302;2474.6051657216703;1372000.0;187.15045696357933;1.0;1.075072886297376;DV_uteligger_hoy;
3816;Nome (2020-2023);2021;222;13005.0;38384.0;8208000.0;1178000.0;3136000.0;641000.0;2170000.0;631.1418685121107;90.58054594386775;241.13802383698578;299.4232987312572;49.288735101883894;56.53397248853689;680.4306036139947;736.9645761025315;1547000.0;118.95424836601308;1.0;0.7614738202973497;;
3817;Midt-Telemark (2020-2023);2021;222;23217.0;41977.0;13185000.0;2535000.0;4668000.0;1076000.0;5023000.0;567.9028298229746;109.18723349269932;201.05956841969245;257.65602791058274;46.34535038980058;119.66076661028659;614.2481802127751;733.9089468230617;2662000.0;114.65736313907912;1.0;0.9522915101427498;;
3818;Tinn (2020-2023);2021;222;13820.0;48237.0;10392000.0;2745000.0;3961000.0;1452000.0;3229000.0;751.9536903039074;198.62518089725037;286.6136034732272;266.7149059334298;105.06512301013025;66.94031552542654;857.0188133140376;923.9591288394641;2408000.0;174.24023154848047;1.0;1.139950166112957;;
3819;Hjartdal (2020-2023);2021;222;3670.0;9882.0;2106000.0;446000.0;750000.0;125000.0;67000.0;573.841961852861;121.52588555858311;204.35967302452315;247.95640326975476;34.059945504087196;6.780004047763611;607.9019073569482;614.6819114047117;331000.0;90.19073569482289;1.0;1.3474320241691844;;
3820;Seljord (2020-2023);2021;222;7054.0;13647.0;4999000.0;1214000.0;1873000.0;733000.0;1199000.0;708.6759285511766;172.10093563935357;265.52310745676215;271.051885455061;103.91267366033456;87.85813731955741;812.5886022115112;900.4467395310686;998000.0;141.48001134108307;1.0;1.216432865731463;;
3821;Kviteseid (2020-2023);2021;222;3221.0;16887.0;3026000.0;690000.0;1411000.0;151000.0;409000.0;939.4597950946911;214.21918658801616;438.06271344303013;287.1778950636448;46.879850977957155;24.21981405815124;986.3396460726483;1010.5594601307995;507000.0;157.40453275380315;1.0;1.3609467455621305;;
3822;Nissedal (2020-2023);2021;222;5407.0;11270.0;3906000.0;1156000.0;1133000.0;327000.0;384000.0;722.3968929165896;213.7969299056778;209.54318476049565;299.05677825041613;60.47715923802478;34.07275953859805;782.8740521546143;816.9468116932123;;;;;;kwh_mangler
3823;Fyresdal (2020-2023);2021;222;4350.0;13421.0;3625000.0;446000.0;691000.0;68000.0;349000.0;833.3333333333334;102.52873563218391;158.8505747126437;571.9540229885057;15.632183908045977;26.004023545190375;848.9655172413793;874.9695407865697;360000.0;82.75862068965517;1.0;1.238888888888889;;
3824;Tokke (2020-2023);2021;222;5400.0;23590.0;5891000.0;1051000.0;1943000.0;318000.0;470000.0;1090.9259259259259;194.62962962962962;359.81481481481484;536.4814814814815;58.888888888888886;19.923696481559983;1149.8148148148148;1169.7385112963748;1044000.0;193.33333333333334;1.0;1.0067049808429118;;
3825;Vinje (2020-2023);2021;222;11464.0;41213.0;9071000.0;2256000.0;4230000.0;1131000.0;340000.0;791.2595952547103;196.78995115143056;368.9811584089323;225.48848569434753;98.65666434054431;8.24982408463349;889.9162595952547;898.1660836798882;1456000.0;127.0062805303559;1.0;1.5494505494505495;;
4201;Risør;2021;222;11311.0;38927.0;8587000.0;2133000.0;2928000.0;663000.0;3813000.0;759.1724869595969;188.57749093802494;258.8630536645743;311.7319423569976;58.61550702855627;97.95257790222725;817.7879939881532;915.7405718903805;1831000.0;161.87781805322254;1.0;1.1649371927908245;;
4202;Grimstad;2021;222;47127.0;88952.0;27269000.0;5202000.0;9378000.0;869000.0;10078000.0;578.6279627389819;110.38258323254186;198.99420714240244;269.2511723640376;18.43953572262185;113.29705908804749;597.0674984616038;710.3645575496513;4437000.0;94.14985040422688;1.0;1.1724137931034482;;
4203;Arendal;2021;222;96320.0;183159.0;40603000.0;13304000.0;12463000.0;10897000.0;15469000.0;421.54277408637876;138.12292358803987;129.39161129568106;154.0282392026578;113.13330564784053;84.45667425570133;534.6760797342192;619.1327539899205;11133000.0;115.58347176079734;1.0;1.1950058384981588;;
4204;Kristiansand;2021;222;210597.0;482421.0;114675000.0;21884000.0;36805000.0;26457000.0;49466000.0;544.5234262596333;103.91411083728639;174.76507262686553;265.8442427954814;125.62857020755281;102.53699569463187;670.1519964671861;772.688992161818;18609000.0;88.36308209518654;0.9995701004890107;1.1759901123112473;;
4205;Lindesnes;2021;222;54860.0;204652.0;32912000.0;5897000.0;8912000.0;5902000.0;4765000.0;599.9270871308786;107.49179730222384;162.44987240247903;329.98541742617573;107.58293838862559;23.283427476887596;707.5100255195042;730.7934529963918;5914000.0;107.8016769959898;0.9915454852891444;0.9971254649983091;;
4206;Farsund;2021;222;24606.0;49072.0;13585000.0;3448000.0;5338000.0;363000.0;3791000.0;552.1011135495407;140.12842396163538;216.93895797772902;195.03373161017637;14.752499390392588;77.25383110531465;566.8536129399333;644.107444045248;2979000.0;121.0680321872714;1.0;1.1574353810003357;;
4207;Flekkefjord;2021;222;17569.0;51181.0;17305000.0;3817000.0;5121000.0;897000.0;972000.0;984.9735329273152;217.25766975923503;291.4793101485571;476.236553019523;51.05583698559963;18.99142259822981;1036.0293699129147;1055.0207925111445;2779000.0;158.17633331436053;1.0;1.3735156531126305;;
4211;Gjerstad;2021;222;8394.0;19203.0;3365000.0;578000.0;1318000.0;249000.0;926000.0;400.8815820824398;68.85870860138193;157.01691684536573;175.00595663569217;29.664045746962117;48.221632036660935;430.54562782940195;478.7672598660629;1542000.0;183.70264474624733;1.0;0.37483787289234755;;implisitt_pris_utenfor
4212;Vegårshei;2021;222;5122.0;15651.0;3557000.0;980000.0;1084000.0;644000.0;209000.0;694.4552909019914;191.33151112846545;211.63607965638423;291.48770011714174;125.73213588442015;13.35377931122612;820.1874267864116;833.5412060976378;899000.0;175.51737602499023;1.0;1.0901001112347053;;
4213;Tvedestrand;2021;222;13987.0;31936.0;8794000.0;2100000.0;4247000.0;575000.0;2023000.0;628.7266747694288;150.13941517123044;303.6390934439122;174.94816615428613;41.109601773075;63.34544088176353;669.8362765425037;733.1817174242673;1760000.0;125.83112890541217;1.0;1.1931818181818183;;
4214;Froland;2021;222;13851.0;38509.0;7068000.0;1514000.0;3113000.0;1413000.0;5580000.0;510.2880658436214;109.30618727889683;224.74911558732222;176.23276297740236;102.01429499675113;144.9011919291594;612.3023608403726;757.2035527695319;2415000.0;174.3556421918995;0.9200828157349896;0.6269151138716356;;
4215;Lillesand;2021;222;25111.0;57422.0;13869000.0;2566000.0;5586000.0;967000.0;2312000.0;552.3077535741309;102.18629285970292;222.45231173589264;227.6691489785353;38.509019951415716;40.26331371251437;590.8167735255465;631.0800872380609;1978000.0;78.77026004539843;1.0;1.2972699696663297;;
4216;Birkenes;2021;222;25111.0;57422.0;6730000.0;1745000.0;2231000.0;852000.0;990000.0;268.0100354426347;69.49145792680498;88.84552586515869;109.67305165067103;33.9293536697065;17.240778795583573;301.9393891123412;319.1801679079248;1137000.0;45.278961411333675;0.9832893579595426;1.534740545294635;DV_uteligger_lav;kwh_urimelig_lav
4217;Åmli;2021;222;4733.0;14216.0;4345000.0;802000.0;1646000.0;208000.0;388000.0;918.0223959433763;169.44855271497994;347.77096978660467;400.8028734417917;43.946756813860134;27.293190770962298;961.9691527572364;989.2623435281987;827000.0;174.73061483203043;1.0;0.969770253929867;;
4218;Iveland;2021;222;3437.0;12071.0;1818000.0;296000.0;698000.0;58000.0;1613000.0;528.9496654058772;86.12161768984579;203.08408495781205;239.74396275821937;16.875181844631946;133.62604589512054;545.8248472505092;679.4508931456297;252000.0;73.31975560081466;1.0;1.1746031746031746;;
4219;Evje og Hornnes;2021;222;8836.0;27367.0;5946000.0;1215000.0;2596000.0;314000.0;702000.0;672.9289271163423;137.50565866908104;293.79809868718877;241.62516976007242;35.53644182888185;25.65133189607922;708.4653689452241;734.1167008413033;1318000.0;149.16251697600725;1.0;0.9218512898330804;;
4220;Bygland;2021;222;3200.0;15636.0;3272000.0;1005000.0;990000.0;94000.0;459000.0;1022.5;314.0625;309.375;399.0625;29.375;29.35533384497314;1051.875;1081.230333844973;995000.0;310.9375;0.9517587939698492;1.0100502512562815;;kwh_uteligger
4221;Valle;2021;222;3949.0;14237.0;3576000.0;574000.0;1610000.0;88000.0;933000.0;905.54570777412;145.35325398835147;407.698151430742;352.4943023550266;22.284122562674096;65.53346912973238;927.8298303367941;993.3632994665264;543000.0;137.50316535831857;1.0;1.0570902394106811;;
4222;Bykle;2021;222;5032.0;20819.0;4281000.0;792000.0;1170000.0;93000.0;38000.0;850.7551669316375;157.3926868044515;232.5119236883943;460.8505564387917;18.481717011128776;1.8252557759738701;869.2368839427663;871.0621397187402;646000.0;128.3783783783784;1.0;1.2260061919504643;;
4223;Vennesla;2021;222;35713.0;70751.0;19950000.0;4074000.0;7051000.0;6118000.0;3755000.0;558.6201103239716;114.07610673984263;197.4351076638759;247.10889592025313;171.31016716601798;53.073454792158415;729.9302774899896;783.003732282148;4516000.0;126.45255229188251;1.0;0.9021257750221434;;
4224;Åseral;2021;222;2167.0;11913.0;3317000.0;602000.0;1165000.0;322000.0;325000.0;1530.68758652515;277.8034148592524;537.6095985233042;715.2745731425935;148.592524227042;27.28112146394695;1679.280110752192;1706.561232216139;414000.0;191.04753114905398;1.0;1.4541062801932367;DV_uteligger_hoy;
4225;Lyngdal;2021;222;29271.0;63403.0;14380000.0;4440000.0;4361000.0;1299000.0;1367000.0;491.2712240784394;151.68596904786307;148.98705203102045;190.59820299955587;44.37839499846264;21.560493982934563;535.649619076902;557.2101130598365;3019000.0;103.13962625123843;1.0;1.4706856575024843;;
4226;Hægebostad;2021;222;6106.0;11693.0;4527000.0;931000.0;1914000.0;753000.0;230000.0;741.4018997707174;152.4729773992794;313.46216835899116;275.46675401244676;123.32132328856862;19.669887967159838;864.7232230592859;884.3931110264458;810000.0;132.6564035375041;1.0;1.1493827160493826;;
4227;Kvinesdal;2021;222;21339.0;48605.0;14306000.0;3146000.0;4812000.0;1185000.0;531000.0;670.4156708374338;147.42958901541778;225.50260087164347;297.48348095037255;55.53212427948826;10.924801975105442;725.9477951169221;736.8725970920275;3247000.0;152.16270678101128;1.0;0.968894364028334;;
4601;Bergen;2021;222;469443.0;905824.0;441914000.0;83198000.0;116362000.0;54808000.0;121624000.0;941.358162758844;177.22705418975255;247.8724786608811;516.2586299082104;116.75112846501067;134.26890875048574;1058.1092912238546;1192.3781999743403;63433000.0;135.1239660619074;0.9994955307174499;1.3115886053000807;;
4602;Kinn;2021;222;42560.0;85519.0;22730000.0;3544000.0;9672000.0;2331000.0;1152000.0;534.0695488721805;83.27067669172932;227.25563909774436;223.54323308270676;54.76973684210526;13.470690723698826;588.8392857142857;602.3099764379845;5275000.0;123.94266917293233;1.0;0.6718483412322275;;
4611;Etne;2021;222;9224.0;30800.0;6672000.0;1187000.0;2791000.0;61000.0;399000.0;723.3304423243712;128.68603642671292;302.58022549869906;292.06418039895925;6.613183000867303;12.954545454545455;729.9436253252385;742.898170779784;965000.0;104.61838681699913;1.0;1.2300518134715026;;
4612;Sveio;2021;222;15800.0;31200.0;8672000.0;2509000.0;2682000.0;1114000.0;787000.0;548.8607594936709;158.79746835443038;169.74683544303798;220.31645569620252;70.50632911392405;25.224358974358974;619.367088607595;644.591447581954;1871000.0;118.41772151898734;1.0;1.340994120791021;;
4613;Bømlo;2021;222;36568.0;63996.0;14755000.0;4558000.0;4019000.0;4893000.0;1798000.0;403.4948588930212;124.64449792168016;109.90483482826515;168.9455261430759;133.80551301684534;28.09550596912307;537.3003719098665;565.3958778789896;3596000.0;98.33734412601181;1.0;1.2675194660734148;;
4614;Stord;2021;222;35811.0;76103.0;22030000.0;5600000.0;6981000.0;2561000.0;4878000.0;615.1741085141437;156.37653235039514;194.94010220323364;263.85747396051494;71.51433916952891;64.09734176050878;686.6884476836726;750.7857894441814;3550000.0;99.13155175783977;0.9126760563380282;1.5774647887323945;;
4615;Fitjar;2021;222;7508.0;13477.0;6549000.0;1419000.0;2103000.0;696000.0;0.0;872.26957911561;188.99840170484816;280.1012253596164;403.16995205114546;92.70111880660629;0.0;964.9706979222163;964.9706979222163;1078000.0;143.58018114011722;1.0;1.316326530612245;;
4616;Tysnes;2021;222;7665.0;20193.0;2818000.0;1008000.0;30000.0;4014000.0;521000.0;367.64514024787997;131.5068493150685;3.9138943248532287;232.22439660795825;523.679060665362;25.80102015549943;891.324200913242;917.1252210687414;324000.0;42.27005870841487;1.0;3.1111111111111116;renhold_urimelig_lav;kwh_urimelig_lav|implisitt_pris_utenfor
4617;Kvinnherad;2021;222;34525.0;82846.0;22801000.0;4537000.0;8415000.0;1818000.0;3293000.0;660.4199855177408;131.41202027516292;243.7364228819696;285.27154236060824;52.65749456915279;39.74844892933877;713.0774800868935;752.8259290162323;5686000.0;164.69225199131066;1.0;0.797924727400633;;
4618;Ullensvang;2021;222;37150.0;80820.0;22694000.0;6270000.0;7367000.0;847000.0;6891000.0;610.8748317631225;168.77523553162854;198.30417227456257;243.79542395693136;22.799461641991925;85.26354862657757;633.6742934051144;718.9378420316921;4403000.0;118.51951547779274;1.0;1.4240290710878947;;
4619;Eidfjord;2021;222;1912.0;12759.0;1472000.0;414000.0;3000.0;1316000.0;651000.0;769.8744769874477;216.52719665271965;1.5690376569037656;551.7782426778243;688.2845188284518;51.022807430049376;1458.1589958158995;1509.181803245949;;;;;renhold_urimelig_lav;kwh_mangler
4620;Ulvik;2021;222;4570.0;14441.0;3657000.0;1020000.0;1309000.0;269000.0;0.0;800.218818380744;223.19474835886214;286.43326039387307;290.59080962800874;58.862144420131294;0.0;859.0809628008752;859.0809628008752;802000.0;175.49234135667396;1.0;1.2718204488778055;;
4621;Voss;2021;222;48591.0;95935.0;21961000.0;4649000.0;10363000.0;2124000.0;14172000.0;451.9561235619765;95.67615402029182;213.26994710954705;143.01002243213765;43.71179848120022;147.72502215041433;495.6679220431767;643.392944193591;3641000.0;74.9315716902307;1.0;1.276847020049437;;
4622;Kvam;2021;222;21463.0;65744.0;12572000.0;3841000.0;3732000.0;727000.0;2077000.0;585.7522247588873;178.95913898336673;173.8806317849322;232.91245399058846;33.87224525928342;31.59223655390606;619.6244700181708;651.2167065720769;1650000.0;76.87648511391697;1.0;2.327878787878788;;
4623;Samnanger;2021;222;6152.0;13885.0;4594000.0;953000.0;1309000.0;463000.0;555000.0;746.7490247074122;154.90897269180755;212.77633289986997;379.0637191157347;75.26007802340702;39.971191933741444;822.0091027308192;861.9802946645607;894000.0;145.3185955786736;1.0;1.0659955257270692;;
4624;Bjørnafjorden;2021;222;63173.0;112564.0;27968000.0;6972000.0;10974000.0;7387000.0;6548000.0;442.7207826128251;110.3636047045415;173.7134535323635;158.6437243759201;116.93286688933563;58.17135140897623;559.6536495021608;617.825000911137;5862000.0;92.79280705364634;1.0;1.1893551688843398;;
4625;Austevoll;2021;222;14899.0;34365.0;10727000.0;2182000.0;4961000.0;839000.0;2110000.0;719.9812067924022;146.45278206591047;332.97536747432713;240.55305725216456;56.31250419491241;61.399679906882;776.2937109873146;837.6933908941967;1180000.0;79.19994630512114;1.0;1.8491525423728816;;
4626;Øygarden;2021;222;91707.0;180518.0;69265000.0;16925000.0;24052000.0;16378000.0;7273000.0;755.2858560415235;184.5551593662425;262.2700557209373;308.4606409543437;178.59051108421386;40.2896110083205;933.8763671257374;974.1659781340579;12677000.0;138.23372261659415;1.0;1.3350950540348663;;
4627;Askøy;2021;222;76544.0;115759.0;39879000.0;7229000.0;18349000.0;4855000.0;9748000.0;520.9944607023411;94.44241220735786;239.71833193979933;186.83371655518394;63.427571070234116;84.20943511951555;584.4220317725752;668.6314668920908;8003000.0;104.55424331103679;1.0;0.9032862676496315;;
4628;Vaksdal;2021;222;9101.0;27711.0;6674000.0;966000.0;2519000.0;368000.0;1459000.0;733.3260081309746;106.14218217778266;276.7827711240523;350.40105482913964;40.43511702010768;52.650571975027965;773.7611251510823;826.4116971261103;1335000.0;146.68717723327106;1.0;0.7235955056179776;;
4629;Modalen;2021;222;1807.0;8049.0;2053000.0;246000.0;801000.0;139000.0;283000.0;1136.137244050913;136.13724405091313;443.2761483121195;556.7238516878805;76.92307692307692;35.15964716113803;1213.06032097399;1248.219968135128;360000.0;199.22523519645821;1.0;0.6833333333333333;;
4630;Osterøy;2021;222;17065.0;34514.0;11281000.0;2245000.0;5405000.0;938000.0;75000.0;661.060650454146;131.55581599765603;316.7301494286551;212.77468502783475;54.96630530325227;2.173031233702266;716.0269557573981;718.1999869911004;;;;;;kwh_mangler
4631;Alver;2021;222;77604.0;124985.0;49673000.0;12121000.0;16341000.0;4064000.0;12938000.0;640.0829854131231;156.19040255656924;210.56904283284368;273.3235400237101;52.36843461677233;103.51642197063647;692.4514200298954;795.9678420005318;9544000.0;122.98335137364053;0.9991617770326907;1.2700125733445096;;
4632;Austrheim;2021;222;6813.0;16568.0;4730000.0;817000.0;1877000.0;549000.0;163000.0;694.2609716718039;119.91780419785704;275.5027153970351;298.8404520769118;80.58124174372523;9.838242394978272;774.8422134155292;784.6804558105074;602000.0;88.36048730368414;1.0;1.357142857142857;;
4633;Fedje;2021;222;2721.0;6067.0;930000.0;470000.0;5000.0;176000.0;474000.0;341.78610804851155;172.7306137449467;1.8375597206909224;167.21793458287394;64.68210216832047;78.12757540794462;406.46821021683206;484.5957856247767;453000.0;166.48291069459756;1.0;1.0375275938189845;renhold_urimelig_lav;
4634;Masfjorden;2021;222;7550.0;22465.0;4900000.0;1318000.0;2777000.0;345000.0;0.0;649.0066225165563;174.56953642384107;367.81456953642385;106.62251655629139;45.6953642384106;0.0;694.7019867549669;694.7019867549669;1198000.0;158.67549668874173;1.0;1.1001669449081803;;
4635;Gulen;2021;222;10389.0;17310.0;7216000.0;1275000.0;2551000.0;839000.0;2285000.0;694.5808066223891;122.72596015015883;245.54817595533737;326.3066705168929;80.7584945615555;132.0046216060081;775.3393011839446;907.3439227899527;1209000.0;116.37308691885649;1.0;1.054590570719603;;
4636;Solund;2021;222;2782.0;6913.0;1817000.0;202000.0;922000.0;268000.0;884000.0;653.1272465851905;72.60963335729691;331.4162473040978;249.10136592379584;96.33357296908699;127.87501808187473;749.4608195542775;877.3358376361522;174000.0;62.54493170381021;1.0;1.160919540229885;;kwh_uteligger
4637;Hyllestad;2021;222;2996.0;13217.0;1888000.0;281000.0;647000.0;284000.0;324000.0;630.173564753004;93.79172229639519;215.95460614152202;320.42723631508676;94.79305740987984;24.51388363471287;724.9666221628838;749.4805057975967;410000.0;136.84913217623497;1.0;0.6853658536585366;;
4638;Høyanger;2021;222;9567.0;26619.0;8674000.0;1048000.0;2869000.0;1171000.0;1857000.0;906.6583045886903;109.5432214905404;299.8850214278248;497.2300616703251;122.39991637922023;69.76219993237913;1029.0582209679105;1098.8204209002897;1806000.0;188.7739103167137;1.0;0.5802879291251384;;
4639;Vik;2021;222;4288.0;16737.0;6621000.0;899000.0;2984000.0;555000.0;382000.0;1544.0764925373135;209.65485074626866;695.8955223880597;638.526119402985;129.43097014925374;22.823684053295096;1673.5074626865671;1696.331146739862;1049000.0;244.63619402985074;1.0;0.8570066730219257;DV_uteligger_hoy;
4640;Sogndal;2021;222;22771.0;51382.0;16831000.0;4392000.0;5528000.0;3209000.0;10000.0;739.1418910017127;192.87690483509726;242.76492029335557;303.50006587325987;140.92486056826667;0.19462068428632595;880.0667515699794;880.2613722542657;1935000.0;84.97650520398753;1.0;2.269767441860465;;
4641;Aurland;2021;222;5380.0;22717.0;3669000.0;655000.0;1690000.0;473000.0;660000.0;681.9702602230483;121.74721189591078;314.1263940520446;246.09665427509293;87.9182156133829;29.053132015671082;769.8884758364312;798.9416078521023;901000.0;167.4721189591078;1.0;0.7269700332963375;;
4642;Lærdal;2021;222;5064.0;13358.0;5953000.0;2879000.0;1458000.0;112000.0;0.0;1175.5529225908372;568.522906793049;287.91469194312793;319.11532385466035;22.11690363349131;0.0;1197.6698262243285;1197.6698262243285;1060000.0;209.32069510268562;1.0;2.7160377358490564;;
4643;Årdal;2021;222;16064.0;39566.0;8881000.0;2561000.0;3042000.0;471000.0;3936000.0;552.8510956175298;159.42480079681275;189.3675298804781;204.05876494023903;29.320219123505975;99.47935095789315;582.1713147410359;681.6506656989291;2875000.0;178.97161354581672;0.9836521739130435;0.8907826086956522;;
4644;Luster;2021;222;16322.0;38524.0;6722000.0;1783000.0;370000.0;4376000.0;2463000.0;411.8367847077564;109.23906384021566;22.668790589388557;279.92893027815217;268.1043989707144;63.93417090644793;679.9411836784708;743.8753545849187;2529000.0;154.94424702855042;1.0;0.705021747726374;renhold_urimelig_lav;
4645;Askvoll;2021;222;7545.0;16433.0;5685000.0;1027000.0;2050000.0;1095000.0;1804000.0;753.4791252485089;136.1166335321405;271.7031146454606;345.6593770709079;145.1292246520875;109.77910302440212;898.6083499005964;1008.3874529249986;900000.0;119.28429423459245;1.0;1.1411111111111112;;
4646;Fjaler;2021;222;10519.0;28018.0;5072000.0;737000.0;2289000.0;127000.0;656000.0;482.17511170263333;70.06369426751593;217.60623633425232;194.5051811008651;12.073391006749691;23.413519880077093;494.24850270938305;517.6620225894601;1252000.0;119.0227207909497;1.0;0.5886581469648563;;
4647;Sunnfjord;2021;222;58476.0;136795.0;38412000.0;6374000.0;14834000.0;1729000.0;6786000.0;656.8848758465011;109.00198371981668;253.67672207401327;294.20617005267115;29.56768588822765;49.607076282027855;686.4525617347288;736.0596380167566;9080000.0;155.27737875367671;1.0;0.7019823788546256;;
4649;Stad;2021;222;30353.0;57606.0;9666000.0;1824000.0;2719000.0;1135000.0;3808000.0;318.45287121536586;60.092906796692255;89.57928376107799;168.78068065759564;37.39333838500313;66.10422525431379;355.846209600369;421.9504348546828;2539000.0;83.64906269561493;1.0;0.7183930681370618;DV_uteligger_lav;
4650;Gloppen;2021;222;15325.0;33775.0;4704000.0;1579000.0;263000.0;5024000.0;3113000.0;306.9494290375204;103.03425774877651;17.161500815660684;186.7536704730832;327.8303425774878;92.16876387860844;634.7797716150081;726.9485354936166;1902000.0;124.11092985318108;1.0;0.8301787592008413;renhold_urimelig_lav;
4651;Stryn;2021;222;16177.0;40480.0;10980000.0;2834000.0;3897000.0;2919000.0;2518000.0;678.7414230079743;175.18699388020028;240.89757062496136;262.6568585028126;180.4413673734314;62.20355731225296;859.1827903814057;921.3863476936586;2782000.0;171.97255362551772;1.0;1.0186915887850467;;
5001;Trondheim - Tråante;2021;222;395485.0;759208.0;181892000.0;28596000.0;66684000.0;61277000.0;73912000.0;459.92136237783984;72.30615573283437;168.6132217403947;219.0019849046108;154.94140106451573;97.35408478308975;614.8627634423556;712.2168482254453;41260000.0;104.32759775971276;1.0;0.6930683470673776;;
5006;Steinkjer - Stïentje;2021;222;46118.0;111015.0;32908000.0;5924000.0;2757000.0;3139000.0;11790000.0;713.5608656056204;128.45309857322522;59.7814302441563;525.3263367882389;68.06453011839196;106.20186461289015;781.6253957240123;887.8272603369024;6733000.0;145.9950561602845;1.0;0.8798455369077678;;
5007;Namsos - Nåavmesjenjaelmie;2021;222;42243.0;88551.0;23638000.0;4684000.0;16528000.0;7338000.0;6657000.0;559.5720000946902;110.88227635347869;391.26009042918355;57.42963331202803;173.70925360414742;75.17701663448183;733.2812536988376;808.4582703333194;7632000.0;180.66898657765785;1.0;0.6137316561844863;;
5014;Frøya;2021;222;11450.0;27646.0;9270000.0;2147000.0;3713000.0;979000.0;1197000.0;809.6069868995634;187.5109170305677;324.27947598253274;297.8165938864629;85.50218340611353;43.2974028792592;895.1091703056769;938.4065731849361;2663000.0;232.5764192139738;1.0;0.8062335711603456;;
5020;Osen;2021;222;2625.0;7958.0;1539000.0;236000.0;843000.0;84000.0;447000.0;586.2857142857143;89.9047619047619;321.14285714285717;175.23809523809524;32.0;56.169891932646394;618.2857142857143;674.4556062183607;377000.0;143.61904761904762;1.0;0.6259946949602121;;
5021;Oppdal;2021;222;11654.0;34224.0;7288000.0;1399000.0;2995000.0;1181000.0;3810000.0;625.3646816543676;120.04461987300498;256.99330701904927;248.32675476231336;101.3385961901493;111.32538569424965;726.703277844517;838.0286635387666;1695000.0;145.44362450660716;1.0;0.8253687315634218;;
5022;Rennebu;2021;222;5152.0;21505.0;5614000.0;1103000.0;1540000.0;43000.0;330000.0;1089.6739130434783;214.0916149068323;298.9130434782609;576.6692546583851;8.346273291925465;15.345268542199488;1098.0201863354037;1113.365454877603;927000.0;179.9301242236025;0.9115426105717368;1.1898597626752965;;
5025;Røros - Rosse;2021;222;14177.0;29604.0;9241000.0;2643000.0;3572000.0;702000.0;4727000.0;651.8304295690202;186.42872257882485;251.95739578190026;213.44431120829512;49.516823023206605;159.67436832860423;701.3472525922268;861.0216209208311;1898000.0;133.8788178034845;1.0;1.392518440463646;;
5026;Holtålen;2021;222;5743.0;13179.0;3855000.0;635000.0;1430000.0;150000.0;1053000.0;671.2519589064949;110.5693888211736;248.99878112484765;311.68378896047363;26.11875326484416;79.89984065558843;697.370712171339;777.2705528269275;524000.0;91.24151140518893;1.0;1.2118320610687023;;
5027;Midtre Gauldal;2021;222;17890.0;40604.0;12090000.0;2271000.0;4079000.0;522000.0;961000.0;675.7965343767468;126.94242593627725;228.00447177193962;320.8496366685299;29.17831190609279;23.667618953797657;704.9748462828396;728.6424652366372;0.0;0.0;;;;kwh_null|kwh_urimelig_lav
5028;Melhus;2021;222;45403.0;97231.0;27145000.0;4654000.0;8657000.0;2294000.0;9285000.0;597.867982291919;102.50423980794221;190.67022002951347;304.69352245446333;50.525295685307135;95.4942353776059;648.3932779772261;743.8875133548321;5778000.0;127.26031319516332;0.8404292142609899;0.8054690204222915;;
5029;Skaun;2021;222;21377.0;46711.0;17553000.0;3011000.0;6988000.0;903000.0;4623000.0;821.1161528745848;140.85231791177435;326.89339009215513;353.3704448706554;42.241661598914725;98.97026396352037;863.3578144734995;962.3280784370198;2193000.0;102.58689245450718;1.0;1.3730050159598726;;
5031;Malvik;2021;222;31011.0;62759.0;19568000.0;3902000.0;5863000.0;3615000.0;5768000.0;631.0019025507078;125.82631969301215;189.0619457611815;316.11363709651414;116.571539131276;91.90713682499721;747.5734416819838;839.480578506981;4677000.0;150.8174518719164;1.0;0.8342954885610434;;
5032;Selbu;2021;222;8709.0;29280.0;7390000.0;1344000.0;2600000.0;530000.0;749000.0;848.5474796187851;154.32311401997933;298.5417384315076;395.6826271672982;60.85658514180732;25.580601092896174;909.4040647605925;934.9846658534887;1530000.0;175.68033069238717;1.0;0.8784313725490197;;
5033;Tydal;2021;222;3284.0;13494.0;2088000.0;356000.0;941000.0;178000.0;1403000.0;635.809987819732;108.40438489646772;286.54080389768575;240.86479902557855;54.20219244823386;103.97213576404327;690.0121802679658;793.9843160320091;389000.0;118.4531059683313;1.0;0.9151670951156812;;
5034;Meråker;2021;222;4205.0;16105.0;4017000.0;1078000.0;1742000.0;292000.0;1298000.0;955.2913198573127;256.3614744351962;414.26872770511295;284.66111771700355;69.44114149821641;80.59608817137534;1024.732461355529;1105.3285495269045;239000.0;56.837098692033294;0.9790794979079498;4.510460251046025;;implisitt_pris_utenfor|kwh_uteligger
5035;Stjørdal;2021;222;57792.0;152359.0;28539000.0;6035000.0;10457000.0;3382000.0;6906000.0;493.82267441860466;104.42621816168328;180.9419988925803;208.4544573643411;58.520210409745296;45.32715494325901;552.34288482835;597.6700397716089;5122000.0;88.6281838316722;0.9998047637641546;1.1782506833268256;;
5036;Frosta;2021;222;6000.0;14360.0;4128000.0;840000.0;2045000.0;1115000.0;623000.0;688.0;140.0;340.8333333333333;207.16666666666666;185.83333333333334;43.38440111420613;873.8333333333334;917.2177344475394;895000.0;149.16666666666666;1.0;0.9385474860335196;;
5037;Levanger;2021;222;42182.0;93474.0;28317000.0;6171000.0;7594000.0;1476000.0;12074000.0;671.3052960978616;146.2946280403964;180.02939642501542;344.9812716324499;34.99122848608411;129.169608661232;706.2965245839457;835.4661332451777;6050000.0;143.42610592195723;1.0;1.02;;
5038;Verdal;2021;222;38520.0;73800.0;23778000.0;6847000.0;6638000.0;3801000.0;1885000.0;617.2897196261682;177.75181723779855;172.32606438213915;267.21183800623055;98.67601246105919;25.5420054200542;715.9657320872274;741.5077375072816;5880000.0;152.64797507788163;1.0;1.1644557823129251;;
5041;Snåase - Snåsa;2021;222;6176.0;18203.0;5325000.0;2009000.0;1739000.0;46000.0;1937000.0;862.208549222798;325.29145077720204;281.5738341968912;255.34326424870466;7.448186528497409;106.41103114871176;869.6567357512953;976.0677669000071;1438000.0;232.83678756476684;0.30598052851182195;1.3970792767732962;;
5042;Lierne;2021;222;3779.0;16510.0;4408000.0;649000.0;1475000.0;195000.0;1236000.0;1166.4461497750729;171.7385551733263;390.3148981211961;604.3926964805504;51.60095263297168;74.86371895820714;1218.0471024080446;1292.9108213662516;717000.0;189.7327335273882;1.0;0.9051603905160391;;
5043;Raarvihke - Røyrvik;2021;222;265.0;8151.0;1516000.0;169000.0;604000.0;180000.0;1264000.0;5720.754716981132;637.7358490566038;2279.245283018868;2803.7735849056603;679.2452830188679;155.07299717826032;6400.0;6555.07299717826;163000.0;615.0943396226415;1.0;1.0368098159509203;areal_for_lite;areal_for_lite|kwh_urimelig_hoy
5044;Namsskogan;2021;222;3746.0;12883.0;2081000.0;276000.0;465000.0;180000.0;994000.0;555.5258942872397;73.67859049652964;124.13240790176188;357.7148958889482;48.05125467164976;77.15594193898937;603.5771489588894;680.7330908978788;170000.0;45.38174052322477;1.0;1.623529411764706;;kwh_urimelig_lav
5045;Grong;2021;222;8790.0;26813.0;5671000.0;1345000.0;1934000.0;311000.0;2884000.0;645.1649601820251;153.01478953356087;220.02275312855517;272.127417519909;35.381114903299206;107.55976578525342;680.5460750853242;788.1058408705776;2057000.0;234.01592718998862;1.0;0.6538648517258143;;
5046;Høylandet;2021;222;3572.0;11776.0;2812000.0;545000.0;1133000.0;272000.0;1377000.0;787.2340425531914;152.57558790593504;317.1892497200448;317.46920492721165;76.1478163493841;116.93274456521739;863.3818589025756;980.314603467793;1073000.0;300.3919372900336;1.0;0.5079217148182665;;kwh_uteligger
5047;Overhalla;2021;222;7711.0;23343.0;5569000.0;961000.0;2654000.0;456000.0;609000.0;722.2150175074569;124.62715601089353;344.18363376993904;253.4042277266243;59.13629879393075;26.08919162061432;781.3513163013877;807.440507922002;1211000.0;157.0483724549345;1.0;0.7935590421139554;;
5049;Flatanger;2021;222;2312.0;12367.0;1856000.0;522000.0;113000.0;415000.0;88000.0;802.7681660899653;225.77854671280278;48.87543252595156;528.1141868512111;179.49826989619376;7.1157111668149104;982.2664359861592;989.3821471529741;709000.0;306.66089965397924;0.9887165021156559;0.7362482369534556;renhold_urimelig_lav;kwh_uteligger
5052;Leka;2021;222;2650.0;5220.0;1520000.0;298000.0;852000.0;87000.0;254000.0;573.5849056603773;112.45283018867924;321.50943396226415;139.62264150943398;32.83018867924528;48.65900383141762;606.4150943396227;655.0740981710403;320000.0;120.75471698113208;1.0;0.93125;;
5053;Inderøy;2021;222;16292.0;29971.0;9067000.0;1938000.0;2610000.0;444000.0;3181000.0;556.5308126687945;118.95408789589983;160.20132580407562;277.37539896881907;27.252639332187577;106.13593140035367;583.783452000982;689.9193834013357;1183000.0;72.6123250675178;1.0;1.6382079459002536;;
5054;Indre Fosen;2021;222;24368.0;60980.0;15758000.0;2623000.0;5679000.0;1570000.0;5560000.0;646.6677609980302;107.64116874589625;233.0515430072226;305.97504924491136;64.42875902823376;91.17743522466382;711.096520026264;802.2739552509278;2752000.0;112.93499671700592;1.0;0.9531249999999999;;
5055;Heim;2021;222;13145.0;35104.0;9868000.0;1741000.0;4013000.0;1060000.0;3060000.0;750.7036896158235;132.44579688094333;305.28718143780907;312.97071129707115;80.6390262457208;87.16955332725615;831.3427158615443;918.5122691888005;2062000.0;156.86572841384557;1.0;0.844325897187197;;
5056;Hitra;2021;222;9759.0;29398.0;6806000.0;1412000.0;2907000.0;799000.0;2919000.0;697.4075212624244;144.68695563069986;297.8788810328927;254.84168459883185;81.87314274003484;99.2924688754337;779.2806640024593;878.5731328778929;2247000.0;230.24900092222563;1.0;0.6283934134401423;;
5057;Ørland;2021;222;24514.0;98242.0;13599000.0;3532000.0;4890000.0;790000.0;5978000.0;554.7442277882027;144.08093334421147;199.47784939218405;211.18544505180714;32.22648282614016;60.84973840109118;586.9707106143428;647.820449015434;3646000.0;148.7313371950722;0.9728469555677455;0.9687328579264949;;
5058;Åfjord;2021;222;5045.0;22079.0;2295000.0;1241000.0;12000.0;669000.0;755000.0;454.90584737363724;245.98612487611496;2.3785926660059467;206.54112983151634;132.60654112983153;34.19538928393496;587.5123885034687;621.7077777874038;745000.0;147.67096134786917;1.0;1.665771812080537;renhold_urimelig_lav;
5059;Orkland;2021;222;37147.0;110101.0;29516000.0;4814000.0;13722000.0;4247000.0;7790000.0;794.57291302124;129.593237677336;369.3972595364363;295.5824158074676;114.32955554957331;70.75321750029518;908.9024685708133;979.6556860711084;5897000.0;158.74767814359168;1.0;0.8163472952348652;;
5060;Nærøysund;2021;222;28056.0;95485.0;16284000.0;2468000.0;6306000.0;1054000.0;7696000.0;580.4106073567151;87.96692329626461;224.76475620188194;267.67892785856856;37.567721699458225;80.59904697072838;617.9783290561734;698.5773760269018;3200000.0;114.0575990875392;1.0;0.77125;;
5061;Rindal;2021;222;4200.0;17550.0;2619000.0;330000.0;1064000.0;537000.0;0.0;623.5714285714286;78.57142857142857;253.33333333333334;291.6666666666667;127.85714285714286;0.0;751.4285714285714;751.4285714285714;294000.0;70.0;1.0;1.1224489795918366;;
5401;Tromsø (2020-2023);2021;222;154095.0;330382.0;105477000.0;18339000.0;29591000.0;12114000.0;22443000.0;684.4933320354327;119.01099970797236;192.0308900353678;373.45144229209257;78.61384211038644;67.9304562597236;763.1071741458192;831.0376304055428;25502000.0;165.49531133391739;1.0;0.719120069014195;;
5402;Harstad (2020-2023);2021;222;56822.0;139137.0;30367000.0;9123000.0;11439000.0;6280000.0;14458000.0;534.4232867551301;160.55401077047622;201.31287177501673;172.55640420963712;110.52057301749322;103.91197165383758;644.9438597726232;748.8558314264608;11393000.0;200.50332617648095;0.9984200825068025;0.8007548494689721;;
5403;Alta (2020-2023);2021;222;66319.0;179122.0;28740000.0;5535000.0;10699000.0;4852000.0;8191000.0;433.35997225531145;83.46024517860643;161.32631674180854;188.5734103348965;73.16153741763296;45.72860955103226;506.52150967294443;552.2501192239766;217000.0;3.2720638127836668;1.0;25.506912442396313;;kwh_urimelig_lav|implisitt_pris_utenfor
5404;Vardø (2020-2023);2021;222;1800.0;10810.0;2294000.0;405000.0;1013000.0;289000.0;1242000.0;1274.4444444444443;225.0;562.7777777777778;486.6666666666667;160.55555555555554;114.8936170212766;1435.0;1549.8936170212767;220000.0;122.22222222222223;1.0;1.8409090909090908;DV_uteligger_hoy;
5405;Vadsø (2020-2023);2021;222;19615.0;60750.0;7513000.0;1447000.0;3768000.0;416000.0;1346000.0;383.0231965332654;73.7700739230181;192.09788427224063;117.15523833800663;21.2082589854703;22.156378600823047;404.2314555187357;426.38783411955876;2776000.0;141.5243436145807;1.0;0.5212536023054755;;
5406;Hammerfest (2020-2023);2021;222;41216.0;110899.0;20082000.0;4133000.0;10709000.0;1037000.0;4404000.0;487.2379658385093;100.27659161490683;259.8262810559006;127.13509316770187;25.16013198757764;39.71180984499409;512.398097826087;552.1099076710811;6628000.0;160.8113354037267;1.0;0.6235666867833435;;
5411;Kvæfjord (2020-2023);2021;222;10080.0;24193.0;5014000.0;1338000.0;1900000.0;218000.0;420000.0;497.42063492063494;132.73809523809524;188.4920634920635;176.1904761904762;21.626984126984127;17.360393502252716;519.047619047619;536.4080125498717;1713000.0;169.9404761904762;1.0;0.7810858143607705;;
5412;Tjeldsund (2020-2023);2021;222;6860.0;18808.0;11399000.0;2586000.0;4545000.0;981000.0;1506000.0;1661.661807580175;376.9679300291545;662.536443148688;622.1574344023323;143.00291545189503;80.07230965546576;1804.66472303207;1884.7370326875357;2010000.0;293.00291545189503;1.0;1.2865671641791045;DV_uteligger_hoy;kwh_uteligger
5413;Ibestad (2020-2023);2021;222;2198.0;9433.0;1724000.0;198000.0;923000.0;41000.0;416000.0;784.3494085532302;90.08189262966333;419.9272065514104;274.3403093721565;18.653321201091902;44.10049825082158;803.0027297543221;847.1032280051437;251000.0;114.19472247497725;1.0;0.7888446215139442;;
5414;Gratangen (2020-2023);2021;222;1723.0;11071.0;736000.0;384000.0;0.0;365000.0;10000.0;427.1619268717353;222.8670922809054;0.0;204.29483459082994;211.8398142774231;0.9032607713846987;639.0017411491584;639.9050019205431;380000.0;220.54556006964597;1.0;1.0105263157894737;renhold_urimelig_lav;
5415;Loabák - Lavangen (2020-2023);2021;222;3832.0;9085.0;2635000.0;476000.0;1612000.0;176000.0;2518000.0;687.6304801670146;124.21711899791232;420.6680584551148;142.74530271398748;45.92901878914405;277.16015410016513;733.5594989561587;1010.7196530563238;618000.0;161.27348643006263;1.0;0.7702265372168285;;
5416;Bardu (2020-2023);2021;222;9382.0;25744.0;6358000.0;1770000.0;2948000.0;487000.0;2422000.0;677.6806651033895;188.65913451289703;314.218716691537;174.80281389895543;51.90790876145811;94.08017402113114;729.5885738648476;823.6687478859787;2075000.0;221.16819441483693;1.0;0.853012048192771;;
5417;Salangen (2020-2023);2021;222;5087.0;16897.0;2166000.0;718000.0;589000.0;308000.0;588000.0;425.7912325535679;141.14409278553174;115.78533516807549;168.8618045999607;60.546491055632;34.79907675918802;486.33772360919994;521.136800368388;884000.0;173.77629251032042;1.0;0.8122171945701357;;
5418;Målselv (2020-2023);2021;222;18420.0;45083.0;11420000.0;2649000.0;3788000.0;4512000.0;40000.0;619.9782844733985;143.8110749185668;205.64603691639522;270.5211726384365;244.95114006514657;0.8872524011268106;864.929424538545;865.8166769396719;3098000.0;168.18675352877307;1.0;0.8550677856681731;;
5419;Sørreisa (2020-2023);2021;222;7356.0;24761.0;5177000.0;1158000.0;2020000.0;98000.0;2689000.0;703.779227841218;157.42251223491027;274.6057640021751;271.7509516041327;13.322457857531267;108.59819878034006;717.1016856987493;825.6998844790894;1073000.0;145.8673191952148;1.0;1.0792171481826653;;
5420;Dyrøy (2020-2023);2021;222;4100.0;9114.0;3122000.0;1031000.0;804000.0;357000.0;741000.0;761.4634146341464;251.46341463414635;196.09756097560975;313.9024390243902;87.07317073170732;81.30348913759052;848.5365853658536;929.8400745034442;1471000.0;358.780487804878;0.27668252889191025;0.7008837525492863;;kwh_uteligger
5421;Senja (2020-2023);2021;222;43401.0;103565.0;28822000.0;7502000.0;9662000.0;4303000.0;10698000.0;664.0860809658764;172.85316006543627;222.62159858067787;268.6113223197622;99.14518098661321;103.29744604837542;763.2312619524896;866.528708000865;9940000.0;229.0269809451395;1.0;0.7547283702213279;;
5422;Balsfjord (2020-2023);2021;222;13421.0;38537.0;9720000.0;1933000.0;3815000.0;921000.0;2916000.0;724.2381342671932;144.02801579614038;284.2560166902615;295.9541017807913;68.62379852470009;75.66754028595895;792.8619327918933;868.5294730778522;1870000.0;139.33387974070487;1.0;1.0336898395721925;;
5423;Karlsøy (2020-2023);2021;222;4923.0;13941.0;2689000.0;756000.0;1351000.0;600000.0;3829000.0;546.2116595571806;153.56489945155394;274.42616290879545;118.2205971968312;121.8769043266301;274.65748511584536;668.0885638838107;942.7460489996561;1210000.0;245.78509039203738;1.0;0.6247933884297521;;
5424;Lyngen (2020-2023);2021;222;7410.0;24830.0;6339000.0;1089000.0;2474000.0;545000.0;803000.0;855.4655870445345;146.96356275303643;333.8731443994602;374.6288798920378;73.54925775978407;32.33991139750302;929.0148448043185;961.3547562018215;2364000.0;319.02834008097165;1.0;0.4606598984771573;;implisitt_pris_utenfor|kwh_uteligger
5425;Storfjord - Omasvuotna - Omasvuono (2020-2023);2021;222;4270.0;23986.0;3558000.0;486000.0;1684000.0;27000.0;1375000.0;833.2552693208431;113.81733021077284;394.37939110070255;325.05854800936766;6.323185011709602;57.32510631201534;839.5784543325527;896.9035606445681;490000.0;114.75409836065573;1.0;0.9918367346938777;;
5426;Gáivuotna - Kåfjord - Kaivuono (2020-2023);2021;222;4922.0;15860.0;4958000.0;609000.0;2346000.0;1058000.0;1210000.0;1007.3140999593661;123.73019097927671;476.6355140186916;406.9483949613978;214.9532710280374;76.29255989911728;1222.2673709874034;1298.5599308865208;962000.0;195.44900446972775;1.0;0.6330561330561331;;
5427;Skjervøy (2020-2023);2021;222;12207.0;29239.0;5719000.0;903000.0;2241000.0;638000.0;1810000.0;468.50167936429915;73.97394937331039;183.58318997296632;210.94454001802245;52.26509379864012;61.90362187489312;520.7667731629393;582.6703950378325;1482000.0;121.40575079872204;1.0;0.6093117408906883;;
5428;Nordreisa (2020-2023);2021;222;12317.0;38939.0;6542000.0;1261000.0;3221000.0;585000.0;2967000.0;531.1358285296744;102.3788260128278;261.5084842088171;167.24851830802956;47.49533165543558;76.19610159480213;578.63116018511;654.8272617799122;2134000.0;173.25647479093936;1.0;0.5909090909090908;;
5429;Kvænangen (2020-2023);2021;222;5700.0;10662.0;3381000.0;313000.0;1907000.0;3079000.0;364000.0;593.1578947368421;54.91228070175438;334.56140350877195;203.68421052631578;540.1754385964912;34.13993622209717;1133.3333333333333;1167.4732695554305;569000.0;99.82456140350877;1.0;0.5500878734622144;;
5430;Guovdageaidnu-Kautokeino (2020-2023);2021;222;5859.0;21937.0;8217000.0;1017000.0;3502000.0;315000.0;2493000.0;1402.457757296467;173.57910906298002;597.7129202935655;631.1657279399215;53.763440860215056;113.64361580890733;1456.221198156682;1569.8648139655893;273000.0;46.59498207885304;1.0;3.7252747252747254;DV_uteligger_hoy;kwh_urimelig_lav|implisitt_pris_utenfor
5432;Loppa (2020-2023);2021;222;6465.0;14015.0;3424000.0;557000.0;0.0;205000.0;38000.0;529.6210363495746;86.15622583139985;0.0;443.4648105181748;31.7092034029389;2.7113806635747415;561.3302397525135;564.0416204160882;749000.0;115.85460170146945;1.0;0.7436582109479306;renhold_urimelig_lav;
5433;Hasvik (2020-2023);2021;222;6000.0;9880.0;3422000.0;845000.0;1553000.0;1003000.0;827000.0;570.3333333333334;140.83333333333334;258.8333333333333;170.66666666666666;167.16666666666666;83.70445344129554;737.5;821.2044534412955;7069000.0;1178.1666666666667;1.0;0.11953600226340359;;kwh_urimelig_hoy|implisitt_pris_utenfor
5434;Måsøy (2020-2023);2021;222;6786.0;14661.0;3734000.0;945000.0;1138000.0;331000.0;0.0;550.2505157677572;139.25729442970822;167.6982021809608;243.29501915708812;48.77689360447981;0.0;599.027409372237;599.027409372237;476000.0;70.14441497200117;1.0;1.985294117647059;;
5435;Nordkapp (2020-2023);2021;222;9025.0;27126.0;4596000.0;985000.0;1634000.0;489000.0;0.0;509.25207756232686;109.14127423822714;181.05263157894737;219.05817174515235;54.18282548476454;0.0;563.4349030470914;563.4349030470914;1675000.0;185.595567867036;1.0;0.5880597014925373;;
5436;Porsanger - Porsángu - Porsanki  (2020-2023);2021;222;18165.0;35246.0;7639000.0;2234000.0;3220000.0;523000.0;2463000.0;420.53399394439856;122.98375997797963;177.2639691714836;120.28626479493532;28.791632259840352;69.88027010157181;449.3256262042389;519.2058963058107;483000.0;26.589595375722542;1.0;4.625258799171843;;kwh_urimelig_lav|implisitt_pris_utenfor
5437;Kárásjohka-Karasjok (2020-2023);2021;222;11124.0;26160.0;1875000.0;965000.0;0.0;1790000.0;126000.0;168.55447680690398;86.74937072995326;0.0;81.80510607695074;160.913340524991;4.81651376146789;329.467817331895;334.2843310933629;1613000.0;145.00179791441929;1.0;0.5982641041537508;drift_urimelig_lav|renhold_urimelig_lav;
5438;Lebesby (2020-2023);2021;222;3891.0;12958.0;1848000.0;72000.0;1043000.0;3060000.0;643000.0;474.94217424826525;18.504240555127218;268.05448470830123;188.3834489848368;786.4302235929067;49.621855224571696;1261.372397841172;1310.9942530657436;315000.0;80.95605242868157;1.0;0.2285714285714286;energi_urimelig_lav;implisitt_pris_utenfor
5440;Berlevåg (2020-2023);2021;222;4010.0;11860.0;2105000.0;249000.0;698000.0;182000.0;576000.0;524.9376558603491;62.094763092269325;174.0648379052369;288.7780548628429;45.38653366583541;48.566610455311974;570.3241895261846;618.8907999814966;311000.0;77.55610972568579;1.0;0.8006430868167203;;
5441;Deatnu-Tana (2020-2023);2021;222;6860.0;22048.0;5091000.0;946000.0;0.0;212000.0;2550000.0;742.1282798833819;137.9008746355685;0.0;604.2274052478134;30.903790087463555;115.6567489114659;773.0320699708454;888.6888188823114;0.0;0.0;;;renhold_urimelig_lav;kwh_null|kwh_urimelig_lav
5442;Unjárga-Nesseby (2020-2023);2021;222;3430.0;9892.0;2447000.0;330000.0;988000.0;528000.0;-157000.0;713.4110787172011;96.20991253644316;288.0466472303207;329.1545189504373;153.93586005830903;-15.871411241407198;867.3469387755102;851.4755275341031;848000.0;247.23032069970844;1.0;0.38915094339622647;;implisitt_pris_utenfor
5443;Båtsfjord (2020-2023);2021;222;9597.0;19963.0;3745000.0;818000.0;999000.0;168000.0;334000.0;390.22611232676877;85.23496926122746;104.09502969678024;200.89611336876106;17.505470459518598;16.730952261684116;407.7315827862874;424.4625350479715;1976000.0;205.89767635719497;1.0;0.4139676113360323;;implisitt_pris_utenfor
5444;Sør-Varanger (2020-2023);2021;222;0.0;0.0;20256000.0;3748000.0;8077000.0;2001000.0;1379000.0;;;;;;;;;4112000.0;;1.0;;areal_mangler;areal_mangler
