kommune;kommunenavn;aargang;funksjon;eid_areal_m2;portefoljeareal_m2;drift_kr;energi_kr;renhold_kr;vedlikehold_kr;forvaltning_kr;drift_kr_m2;energi_kr_m2;renhold_kr_m2;ovrig_drift_kr_m2;vedlikehold_kr_m2;forvaltning_kr_m2;dv_kr_m2;fdv_kr_m2;energibruk_kwh;kwh_m2;fornybarandel;implisitt_energipris_kr_kwh;flagg_kostnad;flagg_energi
0301;Oslo - Oslove;2024;222;1102824.0;2304158.0;1325274000.0;178757000.0;224957000.0;277785000.0;384471000.0;1201.7094296098016;162.09023379977222;203.9826844537297;835.6365113562998;251.88516027942808;166.8596511176751;1453.5945898892298;1620.454241006905;147785000.0;134.00597012759968;1.0;1.2095747200324798;;
1101;Eigersund;2024;222;31969.0;49955.0;20320000.0;3359000.0;8710000.0;1111000.0;12256000.0;635.6157527604868;105.07053708279896;272.45143732991335;258.0937783477744;34.75241640339078;245.34080672605344;670.3681691638775;915.7089758899309;2645000.0;82.7364008883606;1.0;1.2699432892249527;;
1103;Stavanger;2024;222;283011.0;630781.0;190605000.0;47316000.0;58054000.0;45940000.0;114272000.0;673.4897230142998;167.18784782216946;205.12983594277253;301.1720392493578;162.3258459918519;181.1595466572392;835.8155690061517;1016.9751156633909;30216000.0;106.76616809947316;1.0;1.5659253375694997;;
1106;Haugesund;2024;222;64058.0;140918.0;28656000.0;10774000.0;10398000.0;5710000.0;4248000.0;447.3445939617222;168.19132661025947;162.32164600830498;116.83162134315776;89.13796871585126;30.145190820193303;536.4825626775735;566.6277534977668;8814000.0;137.59405538730525;0.7013841615611527;1.2223734967097801;;
1108;Sandnes;2024;222;170883.0;326683.0;112594000.0;18991000.0;31877000.0;12271000.0;34504000.0;658.8952675222228;111.13451893985943;186.54283925258804;361.21790932977535;71.80936664267364;105.6192088354766;730.7046341648964;836.323843000373;18143000.0;106.17205924521456;0.9343548475996252;1.0467397894504769;;
1111;Sokndal;2024;222;8856.0;22443.0;6082000.0;1904000.0;1441000.0;407000.0;664000.0;686.76603432701;214.9954832881662;162.71454381210478;309.0560072267389;45.95754290876242;29.58606246936684;732.7235772357724;762.3096397051393;1759000.0;198.62240289069558;1.0;1.0824332006822057;;
1112;Lund;2024;222;8350.0;23592.0;7123000.0;1591000.0;1631000.0;234000.0;660000.0;853.0538922155689;190.53892215568862;195.32934131736528;467.18562874251495;28.023952095808383;27.97558494404883;881.0778443113772;909.0534292554261;1261000.0;151.01796407185628;1.0;1.2616970658207771;;
1114;Bjerkreim;2024;222;9933.0;18151.0;6902000.0;1191000.0;1940000.0;0.0;0.0;694.8555320648344;119.90335246149199;195.30856740159066;379.64361220175175;0.0;0.0;694.8555320648344;694.8555320648344;936000.0;94.23135004530353;1.0;1.2724358974358974;;
1119;Hå;2024;222;42225.0;87311.0;24447000.0;5347000.0;7698000.0;3455000.0;3996000.0;578.9698046181172;126.63114268798105;182.30905861456483;270.02960331557136;81.8235642391948;45.76742907537424;660.793368857312;706.5607979326862;4792000.0;113.48727057430432;0.8098914858096828;1.1158180300500835;;
1120;Klepp;2024;222;52328.0;87430.0;31335000.0;5645000.0;11965000.0;5286000.0;6440000.0;598.8189879223361;107.87723589665188;228.65387555419662;262.28787647148755;101.0166641186363;73.65892714171338;699.8356520409724;773.4945791826858;5350000.0;102.23971869744688;0.934392523364486;1.0551401869158878;;
1121;Time;2024;222;48858.0;91820.0;25161000.0;5460000.0;10068000.0;1033000.0;9212000.0;514.9821932948545;111.75242539604568;206.06656023578535;197.16320766302346;21.14290392566212;100.32672620344151;536.1250972205166;636.4518234239581;4467000.0;91.42822055753408;1.0;1.2222968435191404;;
1122;Gjesdal;2024;222;32551.0;57995.0;23147000.0;4742000.0;7459000.0;1380000.0;3375000.0;711.0995053915394;145.6790882000553;229.1481060489693;336.2723111425148;42.39501090596295;58.194671954478835;753.4945162975024;811.6891882519812;4143000.0;127.27719578507573;1.0;1.1445812213371953;;
1124;Sola;2024;222;79392.0;177461.0;33963000.0;9585000.0;11147000.0;5236000.0;15460000.0;427.7886940749698;120.73004836759371;140.4045747682386;166.65407093913745;65.95122934300686;87.1177329103296;493.7399234179766;580.8576563283062;7011000.0;88.30864570737606;1.0;1.3671373555840822;;
1127;Randaberg;2024;222;30118.0;71912.0;18845000.0;4603000.0;8531000.0;3981000.0;2823000.0;625.7055581379906;152.8321933727339;283.25254000929675;189.6208247559599;132.1800916395511;39.25631327177661;757.8856497775416;797.1419630493183;4068000.0;135.06872966332426;1.0;1.1315142576204522;;
1130;Strand;2024;222;43082.0;67306.0;21523000.0;5456000.0;6709000.0;1001000.0;4633000.0;499.58219209878837;126.64221716726243;155.72628940160624;217.2136855299197;23.23476161738081;68.8348735625353;522.8169537161691;591.6518272787044;5015000.0;116.40592358757718;1.0;1.0879361914257228;;
1133;Hjelmeland;2024;222;11589.0;26169.0;8647000.0;1381000.0;3899000.0;994000.0;2554000.0;746.1385796876348;119.16472517042023;336.43972732763825;290.53412718957634;85.77098973164208;97.59639267835989;831.9095694192769;929.5059620976367;920000.0;79.38562429890413;1.0;1.501086956521739;;
1134;Suldal;2024;222;16076.0;38732.0;10052000.0;2440000.0;2837000.0;1326000.0;1021000.0;625.2799203782035;151.77904951480468;176.47424732520528;297.0266235381936;82.48320477730779;26.36063203552618;707.7631251555114;734.1237571910376;1767000.0;109.91540184125404;1.0;1.380871533672892;;
1135;Sauda;2024;222;13153.0;26048.0;8364000.0;2490000.0;3618000.0;598000.0;571000.0;635.9005550064624;189.31042347753365;275.070326161332;171.51980536759675;45.46491294761651;21.921068796068795;681.3654679540789;703.2865367501477;1910000.0;145.21401961529688;1.0;1.3036649214659688;;
1144;Kvitsøy;2024;222;1770.0;6644.0;1285000.0;292000.0;495000.0;77000.0;258000.0;725.9887005649717;164.97175141242937;279.66101694915255;281.35593220338984;43.50282485875706;38.832028898254066;769.4915254237288;808.3235543219829;225000.0;127.11864406779661;1.0;1.2977777777777777;;
1145;Bokn;2024;222;2770.0;11203.0;1484000.0;220000.0;671000.0;168000.0;559000.0;535.7400722021661;79.42238267148015;242.23826714801444;214.07942238267148;60.64981949458484;49.89734892439525;596.3898916967509;646.2872406211461;87000.0;31.407942238267147;1.0;2.5287356321839085;;kwh_urimelig_lav
1146;Tysvær;2024;222;28476.0;64609.0;24041000.0;5333000.0;9580000.0;4618000.0;7517000.0;844.2548110689704;187.28051692653463;336.4236550077258;320.5506391347099;162.1716533220958;116.34601990434768;1006.4264643910661;1122.7724842954137;3026000.0;106.26492484899565;0.9167217448777264;1.7623925974884336;;
1149;Karmøy;2024;222;108000.0;184252.0;68311000.0;14370000.0;21308000.0;9925000.0;9204000.0;632.5092592592592;133.05555555555554;197.2962962962963;302.1574074074074;91.89814814814815;49.953324794303455;724.4074074074074;774.3607322017108;10010000.0;92.68518518518519;0.8389610389610389;1.4355644355644352;;
1151;Utsira;2024;222;900.0;2713.0;690000.0;121000.0;170000.0;88000.0;156000.0;766.6666666666666;134.44444444444446;188.88888888888889;443.3333333333333;97.77777777777777;57.500921489126426;864.4444444444445;921.9453659335709;110000.0;122.22222222222223;1.0;1.1;;
1160;Vindafjord;2024;222;25014.0;55866.0;15423000.0;4010000.0;5519000.0;1337000.0;2575000.0;616.5747181578316;160.31022627328696;220.63644359158872;235.62804829295595;53.450067961941315;46.09243547059034;670.0247861197729;716.1172215903632;2925000.0;116.93451667066442;1.0;1.370940170940171;;
1505;Kristiansund;2024;222;54303.0;115530.0;34683000.0;5285000.0;13376000.0;1076000.0;15617000.0;638.6939948069167;97.32427306042024;246.3215660276596;295.0481557188369;19.81474320019152;135.17701030035488;658.5087380071083;793.6857483074632;6093000.0;112.20374564941163;1.0;0.8673888068275071;;
1506;Molde;2024;222;80632.0;168029.0;45008000.0;7404000.0;15814000.0;2957000.0;9140000.0;558.1902966564144;91.82458577239805;196.1256076991765;270.24010318483977;36.67278499851176;54.39537222741313;594.8630816549261;649.2584538823392;7160000.0;88.79849191388034;1.0;1.0340782122905028;;
1508;Ålesund;2024;222;131997.0;216104.0;66554000.0;9633000.0;18691000.0;29182000.0;5496000.0;504.2084289794465;72.97893133934862;141.60170306900915;289.6277945710887;221.080782138988;25.432199311442638;725.2892111184345;750.7214104298772;12530000.0;94.92639984242066;1.0;0.7687948922585793;;
1511;Vanylven;2024;222;10731.0;23544.0;5503000.0;856000.0;1722000.0;1356000.0;18000.0;512.8133445158885;79.76889385891343;160.46966731898237;272.57478333799276;126.36287391668996;0.764525993883792;639.1762184325785;639.9407444264623;1332000.0;124.12636287391669;1.0;0.6426426426426427;;
1514;Sande;2024;222;9600.0;23289.0;5200000.0;753000.0;1501000.0;312000.0;301000.0;541.6666666666666;78.4375;156.35416666666666;306.875;32.5;12.924556657649534;574.1666666666666;587.0912233243162;1050000.0;109.375;1.0;0.7171428571428572;;
1515;Herøy (Møre og Romsdal);2024;222;25822.0;47862.0;13161000.0;2385000.0;5871000.0;2940000.0;3629000.0;509.6816667957556;92.36310123150801;227.3642630315235;189.95430253272403;113.85640151808535;75.82215536333626;623.5380683138409;699.3602236771771;1826000.0;70.71489427619859;1.0;1.3061336254107336;;
1516;Ulstein;2024;222;19820.0;51974.0;10585000.0;1733000.0;5159000.0;1699000.0;7004000.0;534.0565085771948;87.43693239152371;260.29263370332995;186.32694248234108;85.72149344096871;134.75968753607572;619.7780020181634;754.5376895542391;2024000.0;102.11907164480323;1.0;0.8562252964426877;;
1520;Ørsta;2024;222;32898.0;71507.0;21742000.0;3296000.0;8390000.0;1903000.0;3883000.0;660.8912395890328;100.18846130463858;255.03070095446532;305.67207732992887;57.84546173019636;54.3023759911617;718.7367013192292;773.0390773103909;2514000.0;76.41801933248222;1.0;1.311058074781225;;
1525;Stranda;2024;222;12693.0;31168.0;7152000.0;1071000.0;2859000.0;242000.0;568000.0;563.4601748995509;84.37721578822973;225.24225951311746;253.84069959820374;19.065626723390846;18.22381930184805;582.5258016229418;600.7496209247898;2138000.0;168.439297250453;1.0;0.5009354536950421;;
1528;Sykkylven;2024;222;18943.0;31114.0;7974000.0;1944000.0;1653000.0;972000.0;2555000.0;420.9470516813599;102.62366045504936;87.2617853560682;231.06160587024232;51.31183022752468;82.11737481519573;472.2588819088846;554.3762567240803;1309000.0;69.10204297101832;1.0;1.4851031321619557;;
1531;Sula;2024;222;26659.0;57190.0;6770000.0;1081000.0;2186000.0;2407000.0;5345000.0;253.9480100528902;40.54915788289133;81.99857459019468;131.4002775798042;90.28845793165534;93.46039517398147;344.2364679845456;437.69686315852704;1724000.0;64.66859222026332;1.0;0.627030162412993;DV_uteligger_lav;
1532;Giske;2024;222;23019.0;42930.0;12362000.0;1731000.0;4939000.0;1425000.0;3647000.0;537.034623571832;75.19874885963769;214.56188366132326;247.27399105087102;61.90538251010035;84.95224784532961;598.9400060819323;683.8922539272619;2339000.0;101.61171206394718;1.0;0.7400598546387345;;
1535;Vestnes;2024;222;15667.0;43894.0;6829000.0;1632000.0;2631000.0;1544000.0;7376000.0;435.8843428863216;104.16799642560797;167.93259717878342;163.78374928193017;98.55109465756048;168.04119013988245;534.435437543882;702.4766276837645;1782000.0;113.74226080296164;1.0;0.9158249158249159;;
1539;Rauma;2024;222;16943.0;53750.0;9753000.0;2171000.0;4190000.0;584000.0;3400000.0;575.6359558519742;128.13551319128842;247.29976981644336;200.20067284424246;34.46851206988136;63.25581395348837;610.1044679218556;673.3602818753441;2077000.0;122.58749926223219;1.0;1.0452575830524795;;
1547;Aukra;2024;222;15198.0;32287.0;6457000.0;1306000.0;2634000.0;829000.0;1371000.0;424.8585340176339;85.9323595209896;173.31227793130674;165.61389656533754;54.54665087511515;42.46291076904017;479.40518489274905;521.8680956617892;1475000.0;97.05224371627845;1.0;0.8854237288135594;;
1554;Averøy;2024;222;14636.0;24793.0;10183000.0;1623000.0;3499000.0;1560000.0;2346000.0;695.7502049740366;110.89095381251708;239.06805138015852;345.791199781361;106.5864990434545;94.62348243455814;802.3367040174911;896.9601864520492;1782000.0;121.75457775348455;0.9713804713804713;0.9107744107744108;;
1557;Gjemnes;2024;222;4429.0;18425.0;4098000.0;599000.0;1193000.0;349000.0;1396000.0;925.2652969067509;135.24497629261685;269.3610295777828;520.6592910363513;78.79882592007225;75.76662143826323;1004.0641228268232;1079.8307442650864;672000.0;151.72725220139986;1.0;0.8913690476190477;;
1560;Tingvoll;2024;222;9954.0;25783.0;6819000.0;1694000.0;1999000.0;821000.0;3270000.0;685.0512356841471;170.182841068917;200.82378943138437;314.0446051838457;82.47940526421539;126.8277547221037;767.5306409483625;894.3583956704662;1251000.0;125.67811934900543;1.0;1.3541167066346922;;
1563;Sunndal;2024;222;17047.0;48587.0;13120000.0;1839000.0;2586000.0;1707000.0;4557000.0;769.6368862556461;107.87821904147357;151.69824602569366;510.0604211884789;100.13492110048689;93.7905200979686;869.7718073561331;963.5623274541017;2699000.0;158.32697835396257;1.0;0.681363467951093;;
1566;Surnadal;2024;222;11886.0;32375.0;10898000.0;1208000.0;4703000.0;358000.0;2220000.0;916.876998149083;101.63217230355039;395.6755847215211;419.56924112401146;30.119468282012452;68.57142857142857;946.9964664310954;1015.567895002524;1762000.0;148.24162880699984;1.0;0.6855845629965946;;
1573;Smøla;2024;222;3996.0;15864.0;2937000.0;473000.0;1053000.0;616000.0;0.0;734.984984984985;118.36836836836837;263.5135135135135;353.1031031031031;154.15415415415416;0.0;889.1391391391392;889.1391391391392;;;;;;kwh_mangler
1576;Aure;2024;222;7565.0;24011.0;5683000.0;1538000.0;2317000.0;3516000.0;0.0;751.2227362855255;203.30469266358227;306.27891606080635;241.6391275611368;464.7719762062128;0.0;1215.9947124917383;1215.9947124917383;1371000.0;181.2293456708526;1.0;1.1218088986141501;;
1577;Volda;2024;222;0.0;0.0;15043000.0;1989000.0;6734000.0;2441000.0;12912000.0;;;;;;;;;2521000.0;;1.0;;areal_mangler;areal_mangler
1578;Fjord;2024;222;12135.0;31790.0;5975000.0;1129000.0;2122000.0;567000.0;0.0;492.377420683972;93.03667078697981;174.86608982282652;224.47466007416563;46.72435105067985;0.0;539.1017717346518;539.1017717346518;1234000.0;101.68932838895756;1.0;0.9149108589951378;;
1580;Haram;2024;222;28350.0;50238.0;15265000.0;2859000.0;4606000.0;2518000.0;3404000.0;538.4479717813051;100.84656084656085;162.46913580246914;275.13227513227514;88.81834215167548;67.75747442175246;627.2663139329806;695.023788354733;3207000.0;113.12169312169313;1.0;0.8914873713751169;;
1804;Bodø;2024;222;131632.0;243147.0;62398000.0;8841000.0;26046000.0;32893000.0;27232000.0;474.0336696244074;67.16451926583201;197.86981888902395;208.99933146955146;249.88604594627446;111.99809168938954;723.9197155706819;835.9178072600714;14525000.0;110.34550869089583;1.0;0.6086746987951807;;
1806;Narvik;2024;222;48306.0;123039.0;41365000.0;7602000.0;26646000.0;309000.0;11338000.0;856.311845319422;157.37175506148304;551.6084958390262;147.33159441891277;6.396720904235499;92.149643608937;862.7085662236575;954.8582098325945;6285000.0;130.10806111042106;0.960222752585521;1.2095465393794749;;
1811;Bindal;2024;222;3100.0;12497.0;2854000.0;455000.0;930000.0;413000.0;406000.0;920.6451612903226;146.7741935483871;300.0;473.8709677419355;133.2258064516129;32.48779707129711;1053.8709677419354;1086.3587648132325;481000.0;155.16129032258064;1.0;0.945945945945946;;
1812;Sømna;2024;222;5497.0;15834.0;5376000.0;1057000.0;1989000.0;522000.0;0.0;977.9879934509732;192.28670183736583;361.8337274877206;423.8675641258869;94.96088775695834;0.0;1072.9488812079317;1072.9488812079317;1361000.0;247.58959432417683;1.0;0.7766348273328434;;
1813;Brønnøy;2024;222;17482.0;46564.0;10023000.0;1659000.0;4489000.0;5397000.0;5075000.0;573.3325706440911;94.89760896922549;256.77840064065896;221.65656103420662;308.71753803912594;108.98977751052315;882.050108683217;991.0398861937401;1896000.0;108.45441025054342;1.0;0.875;;
1815;Vega;2024;222;5400.0;12500.0;1758000.0;861000.0;13000.0;921000.0;0.0;325.55555555555554;159.44444444444446;2.4074074074074074;163.7037037037037;170.55555555555554;0.0;496.1111111111111;496.1111111111111;;;;;renhold_urimelig_lav;kwh_mangler
1816;Vevelstad;2024;222;1425.0;5749.0;674000.0;205000.0;0.0;415000.0;0.0;472.9824561403509;143.859649122807;0.0;329.12280701754383;291.2280701754386;0.0;764.2105263157895;764.2105263157895;206000.0;144.56140350877192;1.0;0.9951456310679613;renhold_urimelig_lav;
1818;Herøy (Nordland);2024;222;3540.0;13648.0;3250000.0;758000.0;941000.0;1064000.0;715000.0;918.0790960451977;214.12429378531073;265.819209039548;438.135593220339;300.56497175141243;52.38862837045721;1218.6440677966102;1271.0326961670673;827000.0;233.61581920903956;1.0;0.9165659008464329;;
1820;Alstahaug;2024;222;18260.0;50792.0;9685000.0;2325000.0;2630000.0;2257000.0;3722000.0;530.39430449069;127.3274917853231;144.03066812705367;259.03614457831327;123.60350492880613;73.27925657583872;653.9978094194962;727.277065995335;3339000.0;182.85870755750273;1.0;0.6963162623539982;;
1822;Leirfjord;2024;222;7268.0;18895.0;4030000.0;567000.0;926000.0;164000.0;435000.0;554.485415520088;78.01320858558063;127.40781507980188;349.06439185470555;22.564667033571823;23.021963482402754;577.0500825536599;600.0720460360626;1015000.0;139.65327462850854;1.0;0.5586206896551724;;
1824;Vefsn;2024;222;35300.0;74693.0;20922000.0;3357000.0;3710000.0;1879000.0;6193000.0;592.6912181303117;95.09915014164307;105.09915014164307;392.4929178470255;53.22946175637394;82.9127227451033;645.9206798866855;728.8334026317889;4243000.0;120.19830028328612;1.0;0.7911854819703041;;
1825;Grane;2024;222;4000.0;8950.0;5443000.0;969000.0;2179000.0;296000.0;0.0;1360.75;242.25;544.75;573.75;74.0;0.0;1434.75;1434.75;1015000.0;253.75;1.0;0.954679802955665;;
1826;Hattfjelldal - Aarborte;2024;222;5946.0;14708.0;4395000.0;1416000.0;1514000.0;1161000.0;615000.0;739.1523713420787;238.14328960645813;254.62495795492768;246.3841237806929;195.25731584258324;41.813978787054666;934.409687184662;976.2236659717166;1801000.0;302.8927009754457;0.9372570794003331;0.7862298722931704;;
1827;Dønna;2024;222;3210.0;13746.0;4138000.0;1553000.0;728000.0;374000.0;2504000.0;1289.0965732087227;483.8006230529595;226.79127725856696;578.5046728971963;116.51090342679127;182.16208351520442;1405.607476635514;1587.7695601507185;1187000.0;369.7819314641745;1.0;1.3083403538331928;;kwh_uteligger
1828;Nesna;2024;222;3500.0;9731.0;3345000.0;657000.0;0.0;149000.0;1959000.0;955.7142857142857;187.71428571428572;0.0;768.0;42.57142857142857;201.31538382488952;998.2857142857143;1199.6010981106037;720000.0;205.71428571428572;1.0;0.9125;renhold_urimelig_lav;
1832;Hemnes;2024;222;14215.0;39267.0;9563000.0;1994000.0;3034000.0;1045000.0;460000.0;672.7400633134014;140.27435807245868;213.4365107281041;319.02919451283856;73.51389377418221;11.714671352535207;746.2539570875836;757.9686284401188;;;;;;kwh_mangler
1833;Rana;2024;222;51505.0;106971.0;37995000.0;6906000.0;12612000.0;5920000.0;5900000.0;737.6953693816134;134.08406950781477;244.86943015241238;358.74186972138625;114.94029705853801;55.15513550401511;852.6356664401515;907.7908019441666;7397000.0;143.61712455101446;1.0;0.9336217385426525;;
1834;Lurøy;2024;222;10658.0;23426.0;7204000.0;1448000.0;80000.0;807000.0;0.0;675.9241884030776;135.8603865640833;7.5060987051979735;532.5577031337962;75.71777068868455;0.0;751.641959091762;751.641959091762;1555000.0;145.8997935822856;1.0;0.9311897106109325;renhold_urimelig_lav;
1835;Træna;2024;222;920.0;5050.0;2033000.0;522000.0;431000.0;402000.0;391000.0;2209.782608695652;567.3913043478261;468.4782608695652;1173.9130434782608;436.95652173913044;77.42574257425743;2646.7391304347825;2724.16487300904;320000.0;347.82608695652175;1.0;1.63125;DV_uteligger_hoy;kwh_uteligger
1837;Meløy;2024;222;20541.0;40599.0;15185000.0;2544000.0;5050000.0;1305000.0;7044000.0;739.2532009152427;123.84986125310355;245.84976388686042;369.5535757752787;63.53147363808967;173.50181038941847;802.7846745533324;976.2864849427508;3239000.0;157.68463073852294;1.0;0.7854276011114543;;
1838;Gildeskål;2024;222;7823.0;24441.0;5272000.0;1018000.0;2158000.0;997000.0;1224000.0;673.9102646043717;130.12910648088967;275.85325322766204;267.92790489582;127.44471430397546;50.079783969559344;801.3549789083472;851.4347628779066;991000.0;126.6777451105714;1.0;1.0272452068617557;;
1839;Beiarn;2024;222;1900.0;11383.0;1779000.0;298000.0;625000.0;119000.0;92000.0;936.3157894736842;156.8421052631579;328.94736842105266;450.5263157894737;62.63157894736842;8.0822278836862;998.9473684210526;1007.0295963047388;381000.0;200.52631578947367;1.0;0.7821522309711286;;
1840;Saltdal;2024;222;16335.0;35954.0;10081000.0;947000.0;4737000.0;1057000.0;1412000.0;617.1411080501989;57.97367615549434;289.99081726354456;269.1766146311601;64.70768288950107;39.27240362685654;681.8487909397;721.1211945665566;1950000.0;119.37557392102846;1.0;0.4856410256410257;;implisitt_pris_utenfor
1841;Fauske - Fuossko;2024;222;16578.0;38511.0;10630000.0;1966000.0;5035000.0;4259000.0;8309000.0;641.2112438171071;118.59090360719026;303.715767885149;218.90457232476777;256.9067438774279;215.75653709329802;898.1179876945349;1113.874524787833;2800000.0;168.89854023404513;1.0;0.7021428571428572;;
1845;Sørfold;2024;222;9594.0;23701.0;5921000.0;536000.0;2687000.0;295000.0;577000.0;617.1565561809464;55.868250990202206;280.07087763185325;281.21742755889096;30.74838440692099;24.344964347495885;647.9049405878674;672.2499049353632;;;;;;kwh_mangler
1848;Steigen;2024;222;9089.0;22400.0;6373000.0;1263000.0;2205000.0;805000.0;1039000.0;701.1772472219166;138.9591814280999;242.60094619870173;319.61711959511496;88.56859940587523;46.38392857142857;789.7458466277918;836.1297751992204;1679000.0;184.72879304653978;1.0;0.7522334723049434;;
1851;Lødingen;2024;222;4488.0;13420.0;4285000.0;496000.0;608000.0;143000.0;119000.0;954.7682709447415;110.51693404634581;135.4723707664884;708.7789661319073;31.862745098039216;8.86736214605067;986.6310160427807;995.4983781888315;260000.0;57.93226381461675;1.0;1.9076923076923078;;
1853;Evenes - Evenássi;2024;222;4904.0;16553.0;2726000.0;482000.0;885000.0;329000.0;611000.0;555.8727569331159;98.28711256117455;180.46492659053834;277.12071778140296;67.08809135399673;36.91173805352504;622.9608482871125;659.8725863406376;;;;;;kwh_mangler
1856;Røst;2024;222;1150.0;7493.0;1827000.0;550000.0;250000.0;6000.0;337000.0;1588.695652173913;478.2608695652174;217.3913043478261;893.0434782608696;5.217391304347826;44.97531028960363;1593.9130434782608;1638.8883537678644;80000.0;69.56521739130434;1.0;6.875;DV_uteligger_hoy;implisitt_pris_utenfor
1857;Værøy;2024;222;3500.0;10250.0;2635000.0;400000.0;1125000.0;4000.0;133000.0;752.8571428571429;114.28571428571429;321.42857142857144;317.14285714285717;1.1428571428571428;12.975609756097562;754.0;766.9756097560976;310000.0;88.57142857142857;1.0;1.2903225806451615;;
1859;Flakstad;2024;222;1950.0;6943.0;967000.0;292000.0;0.0;1248000.0;317000.0;495.8974358974359;149.74358974358975;0.0;346.15384615384613;640.0;45.65749675932594;1135.8974358974358;1181.5549326567618;163000.0;83.58974358974359;1.0;1.7914110429447854;renhold_urimelig_lav;
1860;Vestvågøy;2024;222;26153.0;64177.0;17607000.0;5089000.0;6985000.0;3081000.0;5163000.0;673.230604519558;194.5857071846442;267.08217030550986;211.5627270294039;117.80675257140672;80.44938217741559;791.0373570909647;871.4867392683803;4779000.0;182.73238251825794;1.0;1.0648671270140198;;
1865;Vågan;2024;222;26230.0;60674.0;11481000.0;3655000.0;0.0;10457000.0;4771000.0;437.7049180327869;139.34426229508196;0.0;298.3606557377049;398.6656500190621;78.63335201239411;836.370568051849;915.0039200642431;4127000.0;157.33892489515821;1.0;0.8856312091107341;renhold_urimelig_lav;
1866;Hadsel;2024;222;19575.0;43475.0;12357000.0;2169000.0;5192000.0;1729000.0;3870000.0;631.264367816092;110.80459770114942;265.23627075351214;255.22349936143038;88.32694763729246;89.0166762507188;719.5913154533844;808.6079917041031;2930000.0;149.68071519795657;1.0;0.740273037542662;;
1867;Bø;2024;222;9255.0;21321.0;6107000.0;1024000.0;2097000.0;598000.0;81000.0;659.8595353862777;110.64289573203673;226.58022690437602;322.6364127498649;64.61372231226365;3.799071338117349;724.4732576985414;728.2723290366587;1413000.0;152.67423014586709;1.0;0.7246992215145082;;
1868;Øksnes;2024;222;7518.0;32560.0;4505000.0;931000.0;1985000.0;1227000.0;3248000.0;599.2285182229316;123.83612662942272;264.03298749667465;211.35940409683425;163.20830007980845;99.75429975429975;762.4368183027401;862.1911180570398;1160000.0;154.29635541367384;1.0;0.8025862068965518;;
1870;Sortland - Suortá;2024;222;20627.0;73009.0;13812000.0;2524000.0;6239000.0;1230000.0;5849000.0;669.6077956076987;122.36389198623164;302.4676395016241;244.77626411984292;59.630581276967085;80.11341067539618;729.2383768846657;809.3517875600619;2770000.0;134.29000824162506;1.0;0.9111913357400722;;
1871;Andøy;2024;222;8370.0;25177.0;6802000.0;944000.0;2393000.0;2495000.0;269000.0;812.6642771804062;112.78375149342891;285.9020310633214;413.97849462365593;298.0884109916368;10.684354768240855;1110.752688172043;1121.4370429402838;1121000.0;133.93070489844683;1.0;0.8421052631578947;;
1875;Hamarøy - Hábmer;2024;222;6240.0;31658.0;5663000.0;841000.0;2205000.0;444000.0;1341000.0;907.5320512820513;134.77564102564102;353.36538461538464;419.39102564102564;71.15384615384616;42.3589613999621;978.6858974358975;1021.0448588358596;1437000.0;230.28846153846155;1.0;0.5852470424495476;;
2111;Longyearbyen;2024;222;6447.0;17258.0;5294000.0;1484000.0;2025000.0;1087000.0;4845000.0;821.1571273460524;230.18458197611292;314.0995812005584;276.87296416938113;168.60555297037382;280.73936724997105;989.7626803164262;1270.5020475663973;1238000.0;192.0272995191562;1.0;1.198707592891761;;
3101;Halden;2024;222;60609.0;116504.0;20434000.0;8287000.0;7407000.0;1911000.0;23567000.0;337.1446484845485;136.7288686498705;122.20957283571747;78.20620699896055;31.529970796416375;202.28490008926732;368.67461928096486;570.9595193702322;6767000.0;111.65008497087891;0.9930545293335303;1.2246194768730605;DV_uteligger_lav;
3103;Moss;2024;222;90548.0;181016.0;53268000.0;11368000.0;18411000.0;23460000.0;23361000.0;588.284666696117;125.54667137871625;203.328621283739;259.4093740336617;259.0891019127976;129.0548901754541;847.3737686089146;976.4286587843687;10983000.0;121.29478287758978;1.0;1.0350541746335244;;
3105;Sarpsborg;2024;222;106262.0;223480.0;74298000.0;11049000.0;25271000.0;14024000.0;22041000.0;699.1963260619978;103.97884474224088;237.81784645498863;357.3996348647682;131.97568274641924;98.62627528190443;831.1720088084169;929.7982840903213;9460000.0;89.02523950236208;0.9815010570824524;1.167970401691332;;
3107;Fredrikstad;2024;222;177246.0;401361.0;110789000.0;22291000.0;17777000.0;9517000.0;39561000.0;625.0578292316893;125.76306376448552;100.29563431614818;398.9991311510556;53.69373638897352;98.56712535597629;678.7515656206629;777.3186909766391;21838000.0;123.20729381763199;0.9746313764996795;1.020743657844125;;
3110;Hvaler;2024;222;8681.0;21726.0;8167000.0;1559000.0;3500000.0;186000.0;5468000.0;940.7902315401451;179.58760511461813;403.1793572169105;358.0232692086165;21.426102983527244;251.68001472889625;962.2163345236723;1213.8963492525686;948000.0;109.20400875475175;1.0;1.6445147679324894;;
3112;Råde;2024;222;17854.0;38238.0;10405000.0;2469000.0;4103000.0;2912000.0;1553000.0;582.7825697322729;138.28833874761958;229.80844628654643;214.68578469810686;163.10070572420747;40.6140488519274;745.8832754564803;786.4973243084077;2164000.0;121.20533213845637;1.0;1.1409426987060998;;
3114;Våler (Østfold);2024;222;8830.0;17610.0;22005000.0;1928000.0;3551000.0;655000.0;2538000.0;2492.0724801812003;218.34654586636466;402.1517553793885;1871.5741789354474;74.17893544733862;144.12265758091993;2566.2514156285392;2710.3740732094593;1242000.0;140.6568516421291;0.9887278582930756;1.5523349436392915;DV_uteligger_hoy;
3116;Skiptvet;2024;222;13747.0;26884.0;7881000.0;2030000.0;2582000.0;346000.0;713000.0;573.288717538372;147.66858223612425;187.82279770131666;237.79733760093112;25.169127809703934;26.521350989436097;598.4578453480759;624.979196337512;2323000.0;168.98232341601803;1.0;0.8738699956952217;;
3118;Indre Østfold;2024;222;98850.0;184039.0;64934000.0;15082000.0;20447000.0;7294000.0;16425000.0;656.8942842690946;152.57460799190693;206.848760748609;297.47091552857864;73.78856853818918;89.24738778193752;730.6828528072838;819.9302405892213;12737000.0;128.85179564997472;0.952814634529324;1.1841092879013895;;
3120;Rakkestad;2024;222;18502.0;38827.0;9390000.0;2180000.0;2371000.0;613000.0;1685000.0;507.512701329586;117.82509998919036;128.14830829099557;261.53929304940004;33.13155334558426;43.39763566590259;540.6442546751703;584.0418903410729;1555000.0;84.0449681115555;0.9678456591639871;1.401929260450161;;
3122;Marker;2024;222;7820.0;22820.0;5385000.0;799000.0;2286000.0;157000.0;605000.0;688.6189258312021;102.17391304347827;292.32736572890025;294.11764705882354;20.076726342710998;26.511831726555652;708.695652173913;735.2074839004687;673000.0;86.06138107416879;0.9361069836552749;1.1872213967310552;;
3124;Aremark;2024;222;5427.0;15974.0;3433000.0;639000.0;1534000.0;385000.0;468000.0;632.5778514833241;117.74461028192371;282.6607702229593;232.17247097844114;70.94158835452367;29.297608613997745;703.5194398378478;732.8170484518456;542000.0;99.87101529390087;1.0;1.1789667896678966;;
3201;Bærum;2024;222;318075.0;621265.0;184397000.0;56489000.0;44282000.0;32608000.0;89738000.0;579.7280515601666;177.59647881788885;139.21873771909142;262.91283502318635;102.51670203568341;144.4439973280323;682.24475359585;826.6887509238824;36645000.0;115.20867719877387;1.0;1.5415199890844589;;
3203;Asker;2024;222;238545.0;451395.0;148419000.0;29925000.0;43219000.0;33736000.0;57867000.0;622.184493491794;125.44802867383513;181.17755559747636;315.5589092204825;141.4240499696074;128.1959259628485;763.6085434614014;891.8044694242499;22717000.0;95.23150768198872;0.9753928775806665;1.317295417528723;;
3205;Lillestrøm;2024;222;196432.0;385385.0;136647000.0;29652000.0;43294000.0;22703000.0;35955000.0;695.6453123727294;150.95300154760935;220.4019711655942;324.29033965952596;115.57689174879857;93.29631407553485;811.2222041215281;904.5185181970629;25626000.0;130.45735928972877;1.0;1.157106064153594;;
3207;Nordre Follo;2024;222;130307.0;281327.0;92170000.0;19614000.0;24290000.0;16789000.0;29367000.0;707.3296139117622;150.5214608578204;186.4059490280645;370.4022040258773;128.84188877036536;104.38742104383867;836.1715026821275;940.5589237259662;16552000.0;127.02310697046207;1.0;1.1849927501208313;;
3209;Ullensaker;2024;222;100944.0;188401.0;71137000.0;17476000.0;20896000.0;12097000.0;13791000.0;704.7174671104771;173.12569345379617;207.005864637819;324.58590901886197;119.83872245997782;73.2002484063248;824.5561895704549;897.7564379767797;13745000.0;136.16460611824377;0.9935249181520553;1.2714441615132777;;
3212;Nesodden;2024;222;38078.0;76664.0;35133000.0;6430000.0;10932000.0;2997000.0;7509000.0;922.6587530857713;168.86391091969116;287.0949104469773;466.6999317191029;78.7068648563475;97.94688510904727;1001.3656179421188;1099.312503051166;5345000.0;140.36976731971217;0.9921421889616464;1.2029934518241348;;
3214;Frogn;2024;222;34937.0;81557.0;17116000.0;4249000.0;5879000.0;3076000.0;7688000.0;489.91041016687177;121.6189140452815;168.27432235166157;200.01717376992872;88.04419383461659;94.2653604227718;577.9546040014884;672.2199644242602;3391000.0;97.06042304719925;1.0;1.2530227071660276;;
3216;Vestby;2024;222;45439.0;99903.0;23592000.0;4709000.0;8139000.0;4604000.0;3300000.0;519.2015669358921;103.63344263738199;179.119258786505;236.4488655120051;101.3226523471027;33.03204107984745;620.5242192829947;653.5562603628422;3827000.0;84.22280419903608;1.0;1.2304677292918735;;
3218;Ås;2024;222;66264.0;129084.0;37990000.0;6799000.0;13286000.0;4080000.0;12870000.0;573.3128093685863;102.60473258481227;200.50102619823735;270.20705058553665;61.57189424121695;99.70251928976481;634.8847036098032;734.587222899568;6260000.0;94.47060243872993;1.0;1.0861022364217252;;
3220;Enebakk;2024;222;24976.0;52926.0;21454000.0;4156000.0;7551000.0;1430000.0;3689000.0;858.9846252402306;166.39974375400385;302.33023702754645;390.25464445868033;57.254964766175526;69.70109209084382;916.2395900064062;985.9406820972499;3258000.0;130.4452274183216;1.0;1.2756292203806017;;
3222;Lørenskog;2024;222;92883.0;207245.0;61284000.0;11223000.0;16964000.0;11000000.0;18139000.0;659.7978101482511;120.82943057394787;182.63837300690116;356.330006567402;118.42856066233864;87.52442760983377;778.2263708105896;865.7507984204234;9681000.0;104.22789961564548;1.0;1.1592810660055781;;
3224;Rælingen;2024;222;58280.0;124734.0;24143000.0;4422000.0;5321000.0;4734000.0;7429000.0;414.2587508579272;75.87508579272478;91.3006177076184;247.08304735758406;81.22855181880577;59.55874100084981;495.487302676733;555.0460436775828;5531000.0;94.90391214824983;1.0;0.7994937624299403;;
3226;Aurskog-Høland;2024;222;41089.0;85643.0;34440000.0;6456000.0;9066000.0;3601000.0;11259000.0;838.1805349363576;157.12234417970745;220.64299447540705;460.41519628124314;87.6390274769403;131.46433450486322;925.819562413298;1057.2838969181612;5254000.0;127.8687726642167;1.0;1.2287780738484964;;
3228;Nes;2024;222;44376.0;81360.0;28624000.0;7654000.0;8615000.0;10251000.0;10000000.0;645.033351361096;172.48062015503876;194.13647016405264;278.4162610420047;231.00324499729584;122.91052114060963;876.0365963583919;998.9471174990015;5574000.0;125.60843699296917;1.0;1.3731611051309651;;
3230;Gjerdrum;2024;222;15868.0;32160.0;8493000.0;2596000.0;1861000.0;2060000.0;4176000.0;535.2281320897404;163.59969750441138;117.28006049911772;254.34837408621124;129.8210234434081;129.8507462686567;665.0491555331485;794.8999018018052;2250000.0;141.79480715906226;0.6791111111111111;1.1537777777777778;;
3232;Nittedal;2024;222;57909.0;109060.0;36698000.0;6403000.0;10696000.0;13194000.0;8903000.0;633.7184202800946;110.57003229204442;184.7035866618315;338.44480132621874;227.84023208827642;81.63396295617092;861.5586523683711;943.192615324542;5246000.0;90.59040909012415;1.0;1.2205489897064432;;
3234;Lunner;2024;222;24785.0;47100.0;17957000.0;3541000.0;5946000.0;1232000.0;3064000.0;724.5107928182368;142.86867056687512;239.90316723824895;341.7389550131128;49.70748436554368;65.05307855626327;774.2182771837805;839.2713557400438;3066000.0;123.70385313697801;0.9996738421395955;1.154924983692107;;
3236;Jevnaker;2024;222;14750.0;39617.0;12063000.0;2107000.0;4439000.0;984000.0;1525000.0;817.8305084745763;142.84745762711864;300.9491525423729;374.03389830508473;66.71186440677967;38.493575990105256;884.542372881356;923.0359488714612;1960000.0;132.88135593220338;1.0;1.0750000000000002;;
3238;Nannestad;2024;222;29889.0;73033.0;22260000.0;6040000.0;5523000.0;2805000.0;4994000.0;744.7555957041052;202.08103315601056;184.78369968884874;357.8908628592459;93.84723476864399;68.3800473758438;838.6028304727491;906.9828778485929;5172000.0;173.04024892100773;0.9738979118329466;1.1678267594740912;;
3240;Eidsvoll;2024;222;53518.0;96699.0;39636000.0;9741000.0;10164000.0;4326000.0;11268000.0;740.6106356739789;182.01352815875032;189.9174109645353;368.6796965506932;80.83261706341791;116.52654112245214;821.4432527373967;937.9697938598489;7377000.0;137.84147389663292;1.0;1.3204554697031312;;
3242;Hurdal;2024;222;5766.0;14980.0;4646000.0;1018000.0;1306000.0;410000.0;491000.0;805.7578910856746;176.55220256677072;226.5001734304544;402.70551508844954;71.1064862989941;32.77703604806408;876.8643773846687;909.6414134327329;1183000.0;205.16822754075616;1.0;0.860524091293322;;
3301;Drammen;2024;222;208682.0;363416.0;106071000.0;29731000.0;30961000.0;40761000.0;53367000.0;508.29012564571934;142.47036160282153;148.3644971775237;217.4552668653741;195.32590256945974;146.84824003346029;703.6160282151791;850.4642682486394;19616000.0;93.99948246614466;1.0;1.5156504893964113;;
3303;Kongsberg;2024;222;59007.0;93900.0;45517000.0;9598000.0;11998000.0;9506000.0;12579000.0;771.3830562475639;162.6586676157066;203.33180809056552;405.3925805412917;161.09953056417035;133.96166134185304;932.4825868117342;1066.4442481535873;5008000.0;84.87128645753893;1.0;1.9165335463258786;;
3305;Ringerike;2024;222;72100.0;144354.0;52244000.0;8748000.0;13878000.0;6683000.0;4376000.0;724.6047156726769;121.33148404993065;192.48266296809987;410.79056865464634;92.69070735090152;30.314366072294497;817.2954230235783;847.6097890958729;7572000.0;105.02080443828017;1.0;1.1553090332805072;;
3310;Hole;2024;222;15126.0;29436.0;12175000.0;1926000.0;3745000.0;666000.0;3919000.0;804.9054607959804;127.33042443474811;247.5869364008991;429.9880999603332;44.03014676715589;133.1362956923495;848.9356075631363;982.0719032554857;1422000.0;94.01031336771122;1.0;1.3544303797468356;;
3312;Lier;2024;222;65647.0;119944.0;40004000.0;7447000.0;12296000.0;7245000.0;18797000.0;609.3804743552638;113.44006580651057;187.30482733407467;308.6355812146785;110.3630021173854;156.71480024011206;719.7434764726491;876.4582767127612;5840000.0;88.96065319054945;1.0;1.2751712328767124;;
3314;Øvre Eiker;2024;222;39144.0;88251.0;32947000.0;7304000.0;8545000.0;3259000.0;7754000.0;841.6871040261598;186.5930921724913;218.29654608624566;436.79746576742286;83.25669323523401;87.86302704785214;924.9437972613938;1012.8068243092459;5306000.0;135.55078683834049;1.0;1.3765548435733133;;
3316;Modum;2024;222;24893.0;72560.0;28405000.0;4241000.0;10438000.0;3097000.0;6525000.0;1141.0838388301931;170.36918009078857;419.3146667737918;551.3999919656128;124.41248543767324;89.92557883131202;1265.4963242678664;1355.4219030991785;3719000.0;149.39942955851043;0.9596665770368379;1.1403603119118042;;
3318;Krødsherad;2024;222;2374.0;18064.0;4086000.0;856000.0;962000.0;334000.0;2618000.0;1721.145745577085;360.57287278854255;405.223251895535;955.3496208930076;140.69081718618366;144.9291408325952;1861.8365627632688;2006.7657035958641;569000.0;239.6798652064027;1.0;1.5043936731107206;DV_uteligger_hoy;
3320;Flå;2024;222;4074.0;12194.0;2873000.0;719000.0;1030000.0;229000.0;811000.0;705.2037309769269;176.48502700049093;252.82277859597448;275.89592538046145;56.21011291114384;66.50811874692472;761.4138438880707;827.9219626349955;847000.0;207.9037800687285;1.0;0.8488783943329399;;
3322;Nesbyen;2024;222;9583.0;34093.0;3844000.0;603000.0;1927000.0;308000.0;6184000.0;401.12699572159033;62.92392778879265;201.0852551393092;137.11781279348847;32.140248356464575;181.38620831255682;433.2672440780549;614.6534523906117;1103000.0;115.09965564019618;1.0;0.5466908431550318;;
3324;Gol;2024;222;11100.0;37004.0;5356000.0;554000.0;2238000.0;76000.0;3267000.0;482.52252252252254;49.909909909909906;201.6216216216216;230.99099099099098;6.846846846846847;88.28775267538644;489.3693693693694;577.6571220447559;1272000.0;114.5945945945946;1.0;0.4355345911949685;;implisitt_pris_utenfor
3326;Hemsedal;2024;222;6020.0;22970.0;3623000.0;343000.0;1485000.0;684000.0;2768000.0;601.827242524917;56.97674418604651;246.67774086378736;298.1727574750831;113.62126245847176;120.50500653025685;715.4485049833887;835.9535115136456;423000.0;70.265780730897;1.0;0.8108747044917258;;
3328;Ål;2024;222;12449.0;38655.0;7759000.0;1442000.0;3142000.0;2891000.0;3398000.0;623.2629126837497;115.83259699574263;252.38975018073742;255.04056550726966;232.22748815165878;87.90583365670676;855.4904008354084;943.3962344921151;2090000.0;167.88497068037594;1.0;0.6899521531100479;;
3330;Hol;2024;222;9459.0;32137.0;12546000.0;811000.0;3263000.0;11164000.0;6414000.0;1326.3558515699333;85.73845015329316;344.96246960566657;895.6549318109737;1180.251612221165;199.58303513084607;2506.6074637910983;2706.1904989219443;1659000.0;175.38851887091658;1.0;0.48884870403857744;DV_uteligger_hoy;implisitt_pris_utenfor
3332;Sigdal;2024;222;8249.0;20596.0;7483000.0;1674000.0;2429000.0;709000.0;3664000.0;907.1402594253849;202.93368893199175;294.4599345375197;409.74663595587344;85.94981209843617;177.89862109147407;993.090071523821;1170.9886926152951;1486000.0;180.14304764213844;1.0;1.1265141318977119;;
3334;Flesberg;2024;222;9222.0;20497.0;7185000.0;1051000.0;1839000.0;239000.0;2920000.0;779.1151594014314;113.96660160485794;199.41444372153546;465.73411407503795;25.916287139449143;142.45987217641607;805.0314465408806;947.4913187172966;1429000.0;154.95554109737583;1.0;0.7354793561931421;;
3336;Rollag;2024;222;4900.0;18541.0;2145000.0;561000.0;843000.0;58000.0;3551000.0;437.7551020408163;114.48979591836735;172.0408163265306;151.22448979591837;11.83673469387755;191.52149290761017;449.59183673469386;641.113329642304;402000.0;82.04081632653062;1.0;1.3955223880597014;;
3338;Nore og Uvdal;2024;222;6003.0;31015.0;7006000.0;1119000.0;2147000.0;879000.0;2363000.0;1167.0831251041145;186.40679660169914;357.6545060802932;623.0218224221222;146.42678660669665;76.1889408350798;1313.5099117108114;1389.6988525458912;662000.0;110.27819423621523;1.0;1.6903323262839878;;
3401;Kongsvinger;2024;222;36399.0;80962.0;20707000.0;4364000.0;5858000.0;2680000.0;11413000.0;568.8892551993187;119.89340366493585;160.93848732108026;288.05736421330255;73.62839638451605;140.96736740693166;642.5176515838348;783.4850189907664;3910000.0;107.42053353114096;1.0;1.1161125319693095;;
3403;Hamar;2024;222;69548.0;182784.0;53271000.0;8885000.0;18220000.0;2228000.0;23106000.0;765.9602001495371;127.75349398976246;261.9773393914994;376.22936676827516;32.035428768620235;126.41150210084034;797.9956289181572;924.4071310189976;7011000.0;100.80807499856215;1.0;1.2672942518898873;;
3405;Lillehammer;2024;222;53250.0;118240.0;35269000.0;7620000.0;13479000.0;1405000.0;21529000.0;662.3286384976526;143.09859154929578;253.1267605633803;266.1032863849765;26.384976525821596;182.07882273342355;688.7136150234742;870.7924377568977;823000.0;15.455399061032864;1.0;9.258809234507899;;kwh_urimelig_lav|implisitt_pris_utenfor
3407;Gjøvik;2024;222;58577.0;114377.0;35052000.0;8738000.0;12415000.0;13103000.0;16821000.0;598.3918602864605;149.17117640029363;211.9432541782611;237.27742970790584;223.688478413029;147.06628080820445;822.0803386994895;969.1466195076939;6667000.0;113.81600286801986;1.0;1.3106344682765863;;
3411;Ringsaker;2024;222;73451.0;160559.0;43336000.0;10501000.0;16586000.0;8861000.0;25404000.0;589.998774693333;142.96605900532327;225.81040421505494;221.22231147295477;120.63824862833727;158.2222111497954;710.6370233216702;868.8592344714656;7124000.0;96.98982995466365;0.9588714205502527;1.4740314430095454;;
3412;Løten;2024;222;18779.0;38951.0;12098000.0;2524000.0;3947000.0;1667000.0;1151000.0;644.2302572021939;134.4054528995154;210.1815858139411;299.64321848873743;88.76937004100324;29.549947369772276;732.9996272431972;762.5495746129695;2386000.0;127.05681878694286;1.0;1.057837384744342;;
3413;Stange;2024;222;63126.0;104506.0;33699000.0;7051000.0;9237000.0;3623000.0;10000000.0;533.8370877293033;111.6972404397554;146.32639482938885;275.81345246015906;57.393150207521465;95.68828584004746;591.2302379368248;686.9185237768722;7381000.0;116.92488039793429;1.0;0.9552906110283159;;
3414;Nord-Odal;2024;222;11744.0;28506.0;6940000.0;1937000.0;2649000.0;690000.0;2862000.0;590.9400544959128;164.93528610354224;225.56198910081744;200.44277929155314;58.753405994550405;100.39991580719848;649.6934604904632;750.0933762976616;1621000.0;138.02792915531336;1.0;1.1949413942011105;;
3415;Sør-Odal;2024;222;14700.0;34464.0;8450000.0;1291000.0;4142000.0;601000.0;3784000.0;574.8299319727892;87.82312925170068;281.7687074829932;205.23809523809524;40.8843537414966;109.79572887650882;615.7142857142857;725.5100145907945;2116000.0;143.94557823129253;1.0;0.6101134215500944;;
3416;Eidskog;2024;222;10120.0;31293.0;7511000.0;2235000.0;2200000.0;1118000.0;3798000.0;742.1936758893281;220.8498023715415;217.3913043478261;303.9525691699605;110.47430830039525;121.36899626114466;852.6679841897234;974.036980450868;1424000.0;140.71146245059288;0.9859550561797753;1.5695224719101124;;
3417;Grue;2024;222;4988.0;19012.0;4068000.0;1096000.0;1532000.0;230000.0;1675000.0;815.5573376102647;219.72734562951084;307.1371291098637;288.6928628708901;46.110665597433844;88.10225120976226;861.6680032076985;949.7702544174607;1055000.0;211.50761828388133;1.0;1.0388625592417062;;
3418;Åsnes;2024;222;22000.0;41800.0;11779000.0;3433000.0;3630000.0;964000.0;2222000.0;535.4090909090909;156.04545454545453;165.0;214.36363636363637;43.81818181818182;53.1578947368421;579.2272727272727;632.3851674641148;3010000.0;136.8181818181818;0.9641196013289036;1.140531561461794;;
3419;Våler (Innlandet);2024;222;5171.0;26050.0;3544000.0;589000.0;56000.0;136000.0;1466000.0;685.3606652485013;113.90446722104042;10.829626764649005;560.6265712628118;26.30052214271901;56.27639155470249;711.6611873912203;767.9375789459228;724000.0;140.01160317153355;0.9558011049723757;0.81353591160221;renhold_urimelig_lav;
3420;Elverum;2024;222;46835.0;106837.0;32476000.0;6348000.0;12933000.0;1981000.0;6787000.0;693.4130457990818;135.53966051030213;276.1396391587488;281.73374613003097;42.29742713782428;63.526680831547125;735.7104729369062;799.2371537684533;5511000.0;117.66841037685492;1.0;1.1518780620577027;;
3421;Trysil;2024;222;13724.0;31048.0;8524000.0;2073000.0;2092000.0;269000.0;2130000.0;621.1017196152725;151.04925677645002;152.43369280093268;317.6187700378898;19.60069950451763;68.60345271837156;640.7024191197902;709.3058718381617;1712000.0;124.74497231127951;1.0;1.2108644859813085;;
3422;Åmot;2024;222;9815.0;30624.0;6270000.0;2109000.0;1790000.0;622000.0;5188000.0;638.8181355068772;214.87519103413143;182.37391747325523;241.56902699949057;63.37238920020377;169.40961337513062;702.190524707081;871.6001380822115;;;;;;kwh_mangler
3423;Stor-Elvdal;2024;222;6920.0;18089.0;3833000.0;902000.0;1596000.0;88000.0;2284000.0;553.9017341040462;130.34682080924856;230.635838150289;192.91907514450867;12.716763005780347;126.26458068439383;566.6184971098265;692.8830777942204;809000.0;116.90751445086705;1.0;1.1149567367119901;;
3424;Rendalen;2024;222;5173.0;15140.0;1484000.0;955000.0;2000.0;286000.0;11251000.0;286.8741542625169;184.61241059346608;0.38662284941040015;101.87512081964044;55.28706746568722;743.1307793923381;342.1612217282041;1085.2920011205422;792000.0;153.10264836651845;0.9734848484848485;1.2058080808080809;renhold_urimelig_lav;
3425;Engerdal;2024;222;5960.0;14750.0;3366000.0;840000.0;1218000.0;35000.0;1191000.0;564.7651006711409;140.93959731543623;204.36241610738256;219.46308724832215;5.87248322147651;80.7457627118644;570.6375838926175;651.3833466044819;475000.0;79.69798657718121;1.0;1.7684210526315787;;
3426;Tolga;2024;222;4932.0;15986.0;2771000.0;757000.0;1099000.0;418000.0;2114000.0;561.8410381184103;153.48742903487428;222.83049472830496;185.52311435523114;84.75263584752636;132.24071062179408;646.5936739659368;778.8343845877308;670000.0;135.84752635847525;1.0;1.1298507462686567;;
3427;Tynset;2024;222;19709.0;48773.0;11561000.0;2523000.0;3519000.0;787000.0;2483000.0;586.5848089705211;128.0125830838703;178.54787153077274;280.024354355878;39.93099599167893;50.909314579787996;626.5158049622;677.425119541988;1955000.0;99.19326196154041;0.8685421994884911;1.290537084398977;;
3428;Alvdal;2024;222;6386.0;23607.0;3398000.0;744000.0;1316000.0;371000.0;0.0;532.1014719699342;116.50485436893204;206.07579079235828;209.5208268086439;58.09583463827122;0.0;590.1973066082054;590.1973066082054;712000.0;111.4938928906984;1.0;1.0449438202247192;;
3429;Folldal;2024;222;2830.0;13409.0;2810000.0;624000.0;865000.0;471000.0;383000.0;992.9328621908127;220.4946996466431;305.6537102473498;466.7844522968198;166.4310954063604;28.562905511223804;1159.363957597173;1187.926863108397;504000.0;178.09187279151942;1.0;1.2380952380952381;;
3430;Os;2024;222;4884.0;16925.0;3397000.0;1278000.0;793000.0;170000.0;509000.0;695.5364455364455;261.6707616707617;162.36691236691237;271.4987714987715;34.80753480753481;30.073855243722303;730.3439803439803;760.4178355877026;1040000.0;212.94021294021294;1.0;1.228846153846154;;
3431;Dovre;2024;222;6275.0;20099.0;2776000.0;759000.0;918000.0;260000.0;1070000.0;442.39043824701196;120.95617529880478;146.29482071713147;175.1394422310757;41.43426294820717;53.23647942683716;483.8247011952191;537.0611806220563;651000.0;103.74501992031873;1.0;1.1658986175115207;;
3432;Lesja;2024;222;8221.0;21230.0;6029000.0;920000.0;2284000.0;293000.0;1292000.0;733.3657705875198;111.90852694319426;277.82508210679964;343.63216153752586;35.64043303734339;60.857277437588316;769.0062036248631;829.8634810624515;1398000.0;170.05230507237562;1.0;0.6580829756795422;;
3433;Skjåk;2024;222;4770.0;19390.0;3715000.0;633000.0;1534000.0;319000.0;1966000.0;778.8259958071279;132.70440251572327;321.59329140461216;324.52830188679246;66.87631027253668;101.39247034553894;845.7023060796646;947.0947764252036;757000.0;158.70020964360586;1.0;0.8361955085865258;;
3434;Lom;2024;222;0.0;0.0;2706000.0;428000.0;1167000.0;217000.0;1963000.0;;;;;;;;;962000.0;;1.0;;areal_mangler;areal_mangler
3435;Vågå;2024;222;6275.0;25419.0;4803000.0;964000.0;2040000.0;1418000.0;2847000.0;765.4183266932271;153.62549800796813;325.0996015936255;286.69322709163345;225.9760956175299;112.00283252685;991.394422310757;1103.397254837607;1278000.0;203.66533864541833;1.0;0.7543035993740219;;
3436;Nord-Fron;2024;222;14100.0;50276.0;12640000.0;3365000.0;4362000.0;637000.0;3362000.0;896.4539007092199;238.65248226950354;309.36170212765956;348.43971631205676;45.177304964539005;66.87087278224202;941.6312056737588;1008.5020784560008;2253000.0;159.7872340425532;1.0;1.4935641367066133;;
3437;Sel;2024;222;14600.0;41280.0;8794000.0;1930000.0;3199000.0;343000.0;3116000.0;602.3287671232877;132.1917808219178;219.1095890410959;251.02739726027397;23.493150684931507;75.48449612403101;625.8219178082192;701.3064139322502;1598000.0;109.45205479452055;1.0;1.2077596996245306;;
3438;Sør-Fron;2024;222;7887.0;28896.0;8718000.0;1080000.0;2013000.0;335000.0;129000.0;1105.363255990871;136.93419551160136;255.23012552301256;713.1989349562572;42.474958792950424;4.464285714285714;1147.8382147838215;1152.3025004981073;1329000.0;168.50513503233168;1.0;0.8126410835214447;;
3439;Ringebu;2024;222;10154.0;28418.0;7440000.0;1624000.0;2171000.0;874000.0;2418000.0;732.7161709671066;159.93697065195983;213.8073665550522;358.97183376009457;86.07445341737247;85.08691674290942;818.790624384479;903.8775411273884;1178000.0;116.01339373645854;1.0;1.3786078098471988;;
3440;Øyer;2024;222;12693.0;35522.0;8449000.0;1907000.0;2829000.0;1109000.0;768000.0;665.6424801071456;150.24028992357992;222.87875206806902;292.52343811549673;87.3709918852911;21.620404256517087;753.0134719924367;774.6338762489538;1555000.0;122.50846923501142;1.0;1.2263665594855306;;
3441;Gausdal;2024;222;13071.0;35859.0;11499000.0;1924000.0;3736000.0;1557000.0;5722000.0;879.7337617626807;147.19608293168082;285.8235789151557;446.71409991584426;119.11865962818453;159.56942469115145;998.8524213908653;1158.4218460820168;1524000.0;116.59398668808814;0.9921259842519685;1.26246719160105;;
3442;Østre Toten;2024;222;29100.0;71409.0;19684000.0;5706000.0;6553000.0;3232000.0;10518000.0;676.4261168384879;196.08247422680412;225.1890034364261;255.15463917525773;111.06529209621993;147.29235810612107;787.4914089347079;934.7837670408289;3802000.0;130.65292096219932;1.0;1.5007890583903207;;
3443;Vestre Toten;2024;222;28139.0;75284.0;17382000.0;3585000.0;6313000.0;568000.0;8242000.0;617.719179786062;127.40324816091545;224.3505455062369;265.9653861189097;20.185507658410035;109.47877371021731;637.9046874444721;747.3834611546894;2713000.0;96.41422936138456;1.0;1.3214154072981938;;
3446;Gran;2024;222;33182.0;77303.0;26294000.0;7134000.0;8165000.0;2529000.0;4958000.0;792.4175757941052;214.99608221324814;246.06714483756252;331.35434874329457;76.21602073413297;64.1372262396026;868.6335965282382;932.7708227678407;4782000.0;144.11427882586943;0.9454203262233375;1.491844416562108;;
3447;Søndre Land;2024;222;11846.0;28810.0;8364000.0;1472000.0;2254000.0;786000.0;1832000.0;706.061117676853;124.26135404355901;190.27519837919974;391.5245652540942;66.35151105858517;63.58903158625477;772.4126287354381;836.001660321693;1482000.0;125.10552085092014;0.9446693657219973;0.9932523616734144;;
3448;Nordre Land;2024;222;19481.0;49357.0;10948000.0;3882000.0;4154000.0;756000.0;2516000.0;561.9834710743802;199.27108464657871;213.23340690929624;149.4789795185052;38.80704275961193;50.975545515327106;600.7905138339921;651.7660593493192;2698000.0;138.49391715004364;1.0;1.4388435878428465;;
3449;Sør-Aurdal;2024;222;4342.0;20692.0;8495000.0;1463000.0;1756000.0;1765000.0;2863000.0;1956.4716720405343;336.9415016121603;404.4219253800092;1215.1082450483648;406.49470290188856;138.36265223274697;2362.966374942423;2501.32902717517;621000.0;143.02164900967296;1.0;2.355877616747182;DV_uteligger_hoy;
3450;Etnedal;2024;222;4260.0;12840.0;1889000.0;912000.0;0.0;62000.0;1763000.0;443.42723004694835;214.08450704225353;0.0;229.34272300469485;14.553990610328638;137.30529595015577;457.981220657277;595.2865166074328;755000.0;177.2300469483568;1.0;1.2079470198675497;renhold_urimelig_lav;
3451;Nord-Aurdal;2024;222;10200.0;26813.0;7492000.0;1826000.0;3323000.0;821000.0;2571000.0;734.5098039215686;179.01960784313727;325.7843137254902;229.7058823529412;80.49019607843137;95.8863237981576;815.0;910.8863237981576;1504000.0;147.45098039215685;1.0;1.2140957446808511;;
3452;Vestre Slidre;2024;222;4914.0;13556.0;4654000.0;859000.0;1518000.0;438000.0;0.0;947.0899470899471;174.8066748066748;308.9133089133089;463.3699633699634;89.13308913308913;0.0;1036.2230362230362;1036.2230362230362;1007000.0;204.9247049247049;1.0;0.8530287984111222;;
3453;Øystre Slidre;2024;222;10169.0;26228.0;7714000.0;1629000.0;2578000.0;1757000.0;466000.0;758.5799980332383;160.19274264922805;253.51558658668503;344.8716687973252;172.78001770085555;17.76727161811804;931.3600157340938;949.1272873522119;1651000.0;162.3561805487265;1.0;0.9866747425802544;;
3454;Vang;2024;222;8300.0;18100.0;4181000.0;621000.0;1802000.0;776000.0;1140000.0;503.73493975903614;74.81927710843374;217.10843373493975;211.80722891566265;93.49397590361446;62.98342541436464;597.2289156626506;660.2123410770153;1204000.0;145.06024096385542;1.0;0.51578073089701;;
3901;Horten;2024;222;60276.0;127794.0;35156000.0;6259000.0;11729000.0;6044000.0;7080000.0;583.2503815780742;103.83900723339306;194.58822748689363;284.8231468577875;100.27208175724998;55.40166204986149;683.5224633353241;738.9241253851856;5511000.0;91.42942464662552;0.9920159680638723;1.1357285429141717;;
3903;Holmestrand;2024;222;58818.0;114682.0;31154000.0;8965000.0;7901000.0;3176000.0;10774000.0;529.6677887721446;152.41932741677718;134.3296269849366;242.91883437043083;53.99707572511816;93.94673968015906;583.6648644972628;677.6116041774219;5866000.0;99.73137474922643;0.9364132287759973;1.5282986703034436;;
3905;Tønsberg;2024;222;93719.0;232864.0;75628000.0;14413000.0;22280000.0;6373000.0;16956000.0;806.9655032597445;153.78951973452556;237.73194336260522;415.44404016261376;68.001152381054;72.81503366772021;874.9666556407985;947.7816893085187;12191000.0;130.0803465679318;1.0;1.1822656057747518;;
3907;Sandefjord;2024;222;137998.0;268962.0;94285000.0;21451000.0;22792000.0;25501000.0;15105000.0;683.2345396310092;155.44428180118553;165.16181393933246;362.62844389049116;184.7925332251192;56.16034978918955;868.0270728561284;924.187422645318;17108000.0;123.97281120016233;1.0;1.253857844283376;;
3909;Larvik;2024;222;84215.0;178976.0;55121000.0;12206000.0;17387000.0;11398000.0;10829000.0;654.52710324764;144.93855013952384;206.45965683073086;303.12889627738525;135.34405984682064;60.505319148936174;789.8711630944606;850.3764822433968;9950000.0;118.14997328266936;1.0;1.2267336683417085;;
3911;Færder;2024;222;47757.0;91199.0;31687000.0;5865000.0;13487000.0;5415000.0;10919000.0;663.5048265175785;122.80922168477919;282.40886152815295;258.28674330464645;113.38651925372197;119.72718999111832;776.8913457713005;896.6185357624188;5703000.0;119.4170488095986;1.0;1.0284061020515518;;
4001;Porsgrunn;2024;222;74215.0;182778.0;43475000.0;9070000.0;12264000.0;3996000.0;16643000.0;585.7980192683419;122.21249073637405;165.24961261200565;298.33591591996225;53.843562622111435;91.05581634551204;639.6415818904534;730.6973982359655;7634000.0;102.86330256686654;1.0;1.1881058422845165;;
4003;Skien;2024;222;132916.0;252065.0;75448000.0;14867000.0;23221000.0;11759000.0;18731000.0;567.6367028800145;111.85259863372356;174.70432453579704;281.0797797104938;88.4694092509555;74.31019776644914;656.1061121309699;730.4163098974191;12401000.0;93.29952752114117;1.0;1.1988549310539474;;
4005;Notodden;2024;222;27986.0;57571.0;17719000.0;4243000.0;6528000.0;1277000.0;2200000.0;633.1379975702137;151.61152004573717;233.2594868863003;248.26699063817622;45.62995783606089;38.21368397283354;678.7679554062746;716.9816393791082;3316000.0;118.48781533623955;1.0;1.2795536791314839;;
4010;Siljan;2024;222;5653.0;11558.0;3570000.0;587000.0;1591000.0;673000.0;256000.0;631.5230850875641;103.8386697328852;281.44348133734303;246.24093401733592;119.05183088625509;22.14916075445579;750.5749159738192;772.724076728275;661000.0;116.92906421369184;1.0;0.8880484114977307;;
4012;Bamble;2024;222;42116.0;79257.0;26422000.0;5955000.0;9641000.0;2201000.0;5581000.0;627.362522556748;141.3951942254725;228.91537657897237;257.0519517523032;52.26042359198404;70.41649318041308;679.6229461487321;750.0394393291452;4162000.0;98.82230031342007;1.0;1.4308024987986545;;
4014;Kragerø;2024;222;23491.0;50804.0;13467000.0;2702000.0;4993000.0;942000.0;2090000.0;573.2833851262186;115.02277467966455;212.54948703758888;245.71112340896514;40.10046400749223;41.13849303204472;613.3838491337108;654.5223421657555;2215000.0;94.29143076071686;0.9774266365688488;1.219864559819413;;
4016;Drangedal;2024;222;10454.0;21691.0;8839000.0;1412000.0;3066000.0;13014000.0;311000.0;845.5136789745552;135.06791658695235;293.284867036541;417.1608953510618;1244.8823416873925;14.337743764695034;2090.3960206619477;2104.7337644266427;1487000.0;142.2422039410752;1.0;0.9495628782784128;DV_uteligger_hoy;
4018;Nome;2024;222;14099.0;34376.0;8751000.0;1933000.0;2458000.0;968000.0;2067000.0;620.6823178948862;137.10192212213633;174.33860557486346;309.24179019788636;68.6573515852188;60.12915987898534;689.3396694801049;749.4688293590903;1572000.0;111.49726930988014;1.0;1.229643765903308;;
4020;Midt-Telemark;2024;222;24156.0;40078.0;16484000.0;4326000.0;6260000.0;1516000.0;6335000.0;682.3977479715185;179.08594138102336;259.14886570624276;244.16294088425235;62.75873488988243;158.06676979889215;745.156482861401;903.2232526602932;2883000.0;119.34923000496771;1.0;1.5005202913631634;;
4022;Seljord;2024;222;4758.0;11901.0;4474000.0;1110000.0;2204000.0;606000.0;2165000.0;940.3110550651535;233.29129886506936;463.2198402690206;243.79991593106348;127.36443883984867;181.91748592555248;1067.6754939050022;1249.5929798305547;1134000.0;238.33543505674652;1.0;0.978835978835979;;
4024;Hjartdal;2024;222;3670.0;10139.0;2194000.0;382000.0;767000.0;104000.0;541000.0;597.8201634877385;104.08719346049047;208.99182561307902;284.74114441416896;28.337874659400544;53.35831936088372;626.158038147139;679.5163575080227;291000.0;79.29155313351498;1.0;1.3127147766323026;;
4026;Tinn;2024;222;14040.0;45107.0;10211000.0;2104000.0;3792000.0;1439000.0;3414000.0;727.2792022792023;149.85754985754986;270.0854700854701;307.33618233618233;102.4928774928775;75.68670051211564;829.7720797720798;905.4587802841954;2143000.0;152.63532763532763;1.0;0.9818012132524498;;
4028;Kviteseid;2024;222;3221.0;16887.0;3479000.0;624000.0;1178000.0;165000.0;415000.0;1080.0993480285626;193.7286556969885;365.7249301459174;520.6457621856566;51.22632722756908;24.57511695386984;1131.3256752561317;1155.9007922100016;378000.0;117.35485873952189;1.0;1.6507936507936507;;
4030;Nissedal;2024;222;5407.0;11270.0;3517000.0;755000.0;892000.0;1315000.0;354000.0;650.4531163306824;139.63380802663215;164.9713334566303;345.84797484742;243.20325503976326;31.410825199645075;893.6563713704458;925.0671965700908;;;;;;kwh_mangler
4032;Fyresdal;2024;222;2711.0;8528.0;4225000.0;672000.0;394000.0;343000.0;23000.0;1558.4655108815934;247.87901143489486;145.3338251567687;1165.25267428993;126.52157875322759;2.696998123827392;1684.9870896348211;1687.6840877586485;548000.0;202.13943194393212;1.0;1.2262773722627738;DV_uteligger_hoy;
4034;Tokke;2024;222;5400.0;24515.0;10743000.0;914000.0;3855000.0;227000.0;1891000.0;1989.4444444444443;169.25925925925927;713.8888888888889;1106.2962962962963;42.03703703703704;77.13644707322048;2031.4814814814815;2108.617928554702;865000.0;160.1851851851852;1.0;1.0566473988439307;DV_uteligger_hoy;
4036;Vinje;2024;222;11464.0;39697.0;11813000.0;2084000.0;5938000.0;829000.0;588000.0;1030.4431263084439;181.7864619678995;517.9692951849268;330.6873691556176;72.31332868108862;14.812202433433256;1102.7564549895324;1117.5686574229655;165000.0;14.39288206559665;1.0;12.630303030303029;;kwh_urimelig_lav|implisitt_pris_utenfor
4201;Risør;2024;222;14357.0;47523.0;10388000.0;2476000.0;3500000.0;879000.0;3635000.0;723.5494880546075;172.45942745698963;243.78352023403218;307.3065403635857;61.224489795918366;76.48927887549186;784.7739778505259;861.2632567260177;1597000.0;111.23493766107126;1.0;1.5504070131496557;;
4202;Grimstad;2024;222;42322.0;87830.0;34982000.0;7200000.0;10678000.0;375000.0;10797000.0;826.5677425452483;170.12428524171827;252.30376636264828;404.1396909408818;8.860639856339493;122.93066150518047;835.4283824015878;958.3590439067682;3319000.0;78.42256982184207;1.0;2.16932811087677;;
4203;Arendal;2024;222;95293.0;195284.0;46351000.0;13098000.0;12434000.0;23153000.0;13323000.0;486.40508746707525;137.44976021323706;130.48177725541225;218.4735499984259;242.96642985318962;68.22371520452265;729.3715173202648;797.5952325247874;10261000.0;107.67842338891629;1.0;1.2764837735113537;;
4204;Kristiansand;2024;222;214499.0;501740.0;155149000.0;30031000.0;44698000.0;27540000.0;66113000.0;723.3087333740484;140.00531471009188;208.38325586599473;374.9201627979618;128.39220695667578;131.7674492765177;851.7009403307242;983.4683896072419;17362000.0;80.94210229418319;1.0;1.729697039511577;;
4205;Lindesnes;2024;222;54667.0;139589.0;32103000.0;6796000.0;9796000.0;7429000.0;6214000.0;587.246419229151;124.31631514441985;179.19402930469937;283.73607478003186;135.89551283223884;44.516401722198744;723.1419320613899;767.6583337835887;5202000.0;95.15795635392467;1.0;1.3064206074586697;;
4206;Farsund;2024;222;25748.0;50361.0;16097000.0;4383000.0;6072000.0;446000.0;6302000.0;625.1747708559889;170.22681373310547;235.82414168090725;219.12381544197606;17.32173372689141;125.13651436627549;642.4965045828802;767.6330189491557;2603000.0;101.0952306975299;1.0;1.6838263542066845;;
4207;Flekkefjord;2024;222;17569.0;51181.0;17733000.0;3680000.0;5927000.0;317000.0;1513000.0;1009.3346234845467;209.45984404348567;337.355569468951;462.51920997211;18.043144174398087;29.56175143119517;1027.3777676589448;1056.93951909014;2509000.0;142.8083556263874;1.0;1.4667198086887205;;
4211;Gjerstad;2024;222;3932.0;17155.0;3539000.0;614000.0;1206000.0;224000.0;0.0;900.0508646998983;156.15462868769075;306.7141403865717;437.1820956256358;56.96846388606307;0.0;957.0193285859614;957.0193285859614;986000.0;250.76297049847406;1.0;0.6227180527383367;;
4212;Vegårshei;2024;222;5122.0;15651.0;4396000.0;1130000.0;1639000.0;279000.0;272000.0;858.2584927762592;220.6169465052714;319.9921905505662;317.64935572042174;54.47090980085904;17.379081208868442;912.7294025771183;930.1084837859868;1144000.0;223.3502538071066;1.0;0.9877622377622377;;
4213;Tvedestrand;2024;222;13987.0;40327.0;7387000.0;1306000.0;3833000.0;770000.0;2282000.0;528.1332666047043;93.37241724458426;274.0401801672982;160.7206691928219;55.05111889611782;56.58739802117688;583.1843855008221;639.771783521999;1016000.0;72.63887895903339;1.0;1.2854330708661417;;
4214;Froland;2024;222;15351.0;37863.0;11541000.0;1727000.0;4062000.0;299000.0;3640000.0;751.8076998241157;112.50081427920006;264.6081688489349;374.6987166959807;19.477558465246563;96.13606951377334;771.2852582893622;867.4213278031356;1351000.0;88.00729594163246;0.924500370096225;1.2783123612139158;;
4215;Lillesand;2024;222;29535.0;68798.0;18231000.0;3580000.0;7636000.0;883000.0;3107000.0;617.2676485525648;121.21212121212122;258.5407144066362;237.51481293380735;29.89673269002878;45.16119654641123;647.1643812425935;692.3255777890048;2130000.0;72.11782630777044;1.0;1.6807511737089202;;
4216;Birkenes;2024;222;25111.0;57422.0;7977000.0;2156000.0;3619000.0;897000.0;1881000.0;317.6695472103859;85.85878698578313;144.12010672613596;87.6906534984668;35.721396997331844;32.75747971160879;353.3909442077177;386.1484239193265;1092000.0;43.48691808370833;0.934981684981685;1.9743589743589747;DV_uteligger_lav;kwh_urimelig_lav
4217;Åmli;2024;222;4733.0;14216.0;5604000.0;1277000.0;1822000.0;379000.0;334000.0;1184.0270441580392;269.80773293893935;384.9566870906402;529.2626241284597;80.07606169448553;23.4946539110861;1264.1031058525248;1287.5977597636108;848000.0;179.16754701035285;1.0;1.5058962264150941;;
4218;Iveland;2024;222;2211.0;11351.0;1766000.0;326000.0;915000.0;222000.0;1684000.0;798.7336047037539;147.44459520578923;413.83989145183176;237.44911804613298;100.40705563093623;148.35697295392475;899.1406603346902;1047.497633288615;214000.0;96.78878335594753;1.0;1.5233644859813085;;
4219;Evje og Hornnes;2024;222;8836.0;27367.0;7332000.0;1524000.0;2625000.0;609000.0;980000.0;829.7872340425532;172.47623358985967;297.0801267541874;360.2308736985061;68.92258940697148;35.8095516497972;898.7098234495247;934.5193750993219;1658000.0;187.6414667270258;1.0;0.9191797346200242;;
4220;Bygland;2024;222;4649.0;14707.0;3912000.0;1016000.0;896000.0;239000.0;717000.0;841.4712841471284;218.54162185416217;192.72961927296194;430.20004302000433;51.40890514089051;48.75229482559325;892.880189288019;941.6324841136122;505000.0;108.62551086255108;1.0;2.011881188118812;;
4221;Valle;2024;222;3949.0;14646.0;4363000.0;840000.0;1934000.0;273000.0;1010000.0;1104.8366675107623;212.71207900734362;489.7442390478602;402.38034945555836;69.13142567738667;68.96080841185307;1173.968093188149;1242.928901600002;502000.0;127.12079007343631;1.0;1.6733067729083664;;
4222;Bykle;2024;222;5032.0;20819.0;3622000.0;849000.0;1105000.0;923000.0;360000.0;719.7933227344992;168.7201907790143;219.59459459459458;331.4785373608903;183.4260731319555;17.29189682501561;903.2193958664546;920.5112926914702;575000.0;114.26868044515103;1.0;1.4765217391304348;;
4223;Vennesla;2024;222;35160.0;70424.0;21750000.0;4163000.0;7300000.0;3453000.0;6274000.0;618.6006825938566;118.40159271899886;207.62229806598407;292.57679180887374;98.20819112627986;89.08894694990344;716.8088737201365;805.8978206700399;3499000.0;99.5164960182025;1.0;1.1897685052872249;;
4224;Åseral;2024;222;3610.0;15104.0;4042000.0;859000.0;1382000.0;532000.0;1888000.0;1119.6675900277007;237.95013850415512;382.8254847645429;498.8919667590028;147.3684210526316;125.0;1267.0360110803324;1392.0360110803324;374000.0;103.60110803324099;1.0;2.2967914438502675;;
4225;Lyngdal;2024;222;25106.0;63786.0;17852000.0;3747000.0;6965000.0;742000.0;137000.0;711.0650840436549;149.24719190631723;277.42372341273;284.39416872460765;29.55468812236119;2.1478067287492553;740.6197721660161;742.7675788947654;3062000.0;121.96287739982475;1.0;1.2237099934683213;;
4226;Hægebostad;2024;222;6106.0;11693.0;5020000.0;1027000.0;1936000.0;698000.0;279000.0;822.1421552571242;168.19521781853913;317.06518178840486;336.88175565018014;114.31378971503439;23.860429316685195;936.4559449721585;960.3163742888437;758000.0;124.14018997707173;1.0;1.3548812664907652;;
4227;Kvinesdal;2024;222;21339.0;51961.0;20271000.0;3563000.0;5199000.0;6325000.0;972000.0;949.9507943202586;166.9712732555415;243.6384085477295;539.3411125169877;296.405642251277;18.706337445391735;1246.3564365715356;1265.0627740169273;2902000.0;135.995126294578;0.9424534803583735;1.2277739490006891;;
4228;Sirdal;2024;222;18308.0;71032.0;8660000.0;2075000.0;2868000.0;922000.0;5197000.0;473.01726021411406;113.33843128686912;156.65282936421238;203.02599956303254;50.36049814288835;73.16420768104517;523.3777583570024;596.5419660380476;1603000.0;87.55735197727769;1.0;1.294447910168434;;
4601;Bergen;2024;222;469586.0;924903.0;493914000.0;71637000.0;126706000.0;61842000.0;177445000.0;1051.8073366752842;152.5535258717253;269.8249096012232;629.4289012023356;131.69472684449707;191.85255102426956;1183.5020635197814;1375.354614544051;55753000.0;118.72798592803022;0.9999820637454486;1.2848994672932397;;
4602;Kinn;2024;222;40520.0;87531.0;24183000.0;3974000.0;8653000.0;2295000.0;3406000.0;596.8163869693979;98.07502467917078;213.54886475814413;285.19249753208294;56.638696939782825;38.91192834538621;653.4550839091806;692.3670122545668;3624000.0;89.43731490621916;1.0;1.096578366445916;;
4611;Etne;2024;222;8525.0;31066.0;7149000.0;1357000.0;2798000.0;620000.0;438000.0;838.592375366569;159.17888563049854;328.21114369501464;351.2023460410557;72.72727272727273;14.099015000321895;911.3196480938417;925.4186630941635;673000.0;78.94428152492668;1.0;2.0163447251114417;;
4612;Sveio;2024;222;16582.0;35873.0;10341000.0;2372000.0;4205000.0;1089000.0;1026000.0;623.6280303944036;143.04667711976842;253.5882281992522;226.99312507538295;65.67362199975878;28.60089761101664;689.3016523941624;717.902550005179;1400000.0;84.42889880593414;1.0;1.6942857142857144;;
4613;Bømlo;2024;222;36568.0;64996.0;17658000.0;4583000.0;5368000.0;4503000.0;2150000.0;482.88120761321375;125.32815576460293;146.79501203237803;210.75803981623278;123.14045066725005;33.07895870515109;606.0216582804638;639.1006169856149;3030000.0;82.85933056224022;0.9900990099009901;1.5125412541254124;;
4614;Stord;2024;222;46311.0;87940.0;26895000.0;7679000.0;7835000.0;2300000.0;6143000.0;580.7475545766664;165.8137375569519;169.18226771177473;245.7515493079398;49.66422664161862;69.85444621332726;630.4117812182851;700.2662274316124;5273000.0;113.86063786141521;0.9444339085909349;1.4562867437891143;;
4615;Fitjar;2024;222;9620.0;14833.0;6312000.0;1380000.0;2317000.0;450000.0;0.0;656.1330561330561;143.45114345114345;240.85239085239084;271.8295218295218;46.777546777546775;0.0;702.910602910603;702.910602910603;981000.0;101.97505197505197;1.0;1.4067278287461775;;
4616;Tysnes;2024;222;0.0;0.0;3917000.0;1236000.0;23000.0;4100000.0;610000.0;;;;;;;;;105000.0;;1.0;;areal_mangler;areal_mangler
4617;Kvinnherad;2024;222;44390.0;100553.0;25866000.0;4886000.0;8952000.0;3808000.0;2148000.0;582.6988060373958;110.06983554854698;201.66704212660508;270.9619283622437;85.78508673124577;21.36186886517558;668.4838927686416;689.8457616338171;5425000.0;122.21220995719757;1.0;0.9006451612903226;;
4618;Ullensvang;2024;222;36611.0;113834.0;21321000.0;2663000.0;8116000.0;4738000.0;10921000.0;582.3659555871186;72.73770178361694;221.68200813963017;287.94624566387154;129.41465679713747;95.93794472653161;711.7806123842561;807.7185571107877;4714000.0;128.75911611264374;1.0;0.5649130250318201;;
4619;Eidfjord;2024;222;0.0;0.0;2682000.0;620000.0;855000.0;519000.0;582000.0;;;;;;;;;293000.0;;1.0;;areal_mangler;areal_mangler
4620;Ulvik;2024;222;3550.0;12202.0;2268000.0;686000.0;544000.0;131000.0;509000.0;638.8732394366198;193.2394366197183;153.2394366197183;292.3943661971831;36.901408450704224;41.714473037207014;675.7746478873239;717.4891209245309;562000.0;158.30985915492957;1.0;1.2206405693950177;;
4621;Voss;2024;222;34431.0;82628.0;22435000.0;265000.0;6770000.0;10754000.0;21308000.0;651.5930411547733;7.696552525340536;196.62513432662428;447.2713543028085;312.3348145566495;257.87868519146053;963.9278557114228;1221.8065409028834;4332000.0;125.81685109349134;1.0;0.061172668513388734;energi_urimelig_lav;implisitt_pris_utenfor
4622;Kvam;2024;222;21163.0;57970.0;12904000.0;3067000.0;5099000.0;2405000.0;4025000.0;609.7434201200208;144.9227425223267;240.9393753248594;223.88130227283466;113.64173321362756;69.4324650681387;723.3851533336483;792.8176184017871;2182000.0;103.10447479090867;1.0;1.405591200733272;;
4624;Bjørnafjorden;2024;222;65573.0;114302.0;30254000.0;8678000.0;9647000.0;4361000.0;6257000.0;461.37892120232414;132.34105500739633;147.11847864212405;181.91938755280376;66.50603144586948;54.7409494147084;527.8849526481936;582.625902062902;5253000.0;80.10919128299757;1.0;1.6520083761660005;;
4625;Austevoll;2024;222;16032.0;34936.0;11409000.0;1599000.0;5582000.0;1109000.0;1543000.0;711.6392215568862;99.7380239520958;348.17864271457086;263.72255489021956;69.17415169660678;44.16647584153881;780.8133732534931;824.9798490950319;1023000.0;63.80988023952096;1.0;1.563049853372434;;
4626;Øygarden;2024;222;80535.0;177445.0;62892000.0;14222000.0;23774000.0;9597000.0;18031000.0;780.927547029242;176.59402744148508;295.20084435338674;309.13267523437014;119.16558018252934;101.61458480092423;900.0931272117713;1001.7077120126955;12627000.0;156.7889737381263;0.945671972756791;1.1263166231092105;;
4627;Askøy;2024;222;74972.0;114395.0;43541000.0;9709000.0;19173000.0;4898000.0;18036000.0;580.7634850344128;129.50168062743424;255.73547457717547;195.52632982980313;65.33105692791976;157.66423357664235;646.0945419623326;803.758775538975;6226000.0;83.04433655231287;1.0;1.5594282043045293;;
4628;Vaksdal;2024;222;12268.0;33341.0;8847000.0;1439000.0;2110000.0;510000.0;1750000.0;721.1444408216498;117.29703293120313;171.99217476361264;431.85523312683404;41.57156830779263;52.48792777661138;762.7160091294425;815.2039369060539;1406000.0;114.60710792305184;1.0;1.023470839260313;;
4629;Modalen;2024;222;1807.0;7749.0;2171000.0;280000.0;851000.0;12000.0;532000.0;1201.4388489208634;154.9529607083564;470.94631986718315;575.5395683453237;6.640841173215274;68.65401987353206;1208.0796900940786;1276.7337099676106;399000.0;220.80796900940786;1.0;0.7017543859649122;;
4630;Osterøy;2024;222;17065.0;34629.0;11077000.0;2268000.0;5151000.0;2490000.0;1306000.0;649.1063580427776;132.90360386756518;301.8458833870495;214.3568707881629;145.91268678581892;37.71405469404257;795.0190448285965;832.7330995226391;1679000.0;98.38851450336946;1.0;1.3508040500297795;;
4631;Alver;2024;222;77604.0;156397.0;55019000.0;12393000.0;17834000.0;7048000.0;16967000.0;708.9711870522138;159.69537652698315;229.80774186897582;319.46806865625484;90.82006082160713;108.48673567907313;799.7912478738209;908.277983552894;8109000.0;104.49203649296427;0.9760759649771859;1.528301886792453;;
4633;Fedje;2024;222;2721.0;6067.0;616000.0;446000.0;0.0;576000.0;647000.0;226.38735758912165;163.91032708563029;0.0;62.47703050349136;211.68687982359427;106.64249217075985;438.0742374127159;544.7167295834757;402000.0;147.73980154355016;1.0;1.1094527363184081;renhold_urimelig_lav;
4634;Masfjorden;2024;222;7550.0;22065.0;5322000.0;1267000.0;2693000.0;535000.0;0.0;704.9006622516556;167.81456953642385;356.6887417218543;180.39735099337747;70.86092715231788;0.0;775.7615894039735;775.7615894039735;1189000.0;157.48344370860926;1.0;1.0656013456686293;;
4635;Gulen;2024;222;10089.0;17347.0;7705000.0;1294000.0;3073000.0;4331000.0;4205000.0;763.7030429180295;128.25849935573396;304.58915650708695;330.85538705520867;429.27941322232135;242.40502680578774;1192.982456140351;1435.3874829461386;1114000.0;110.4172861532362;1.0;1.1615798922800717;;
4636;Solund;2024;222;1468.0;5599.0;2164000.0;276000.0;1641000.0;409000.0;1313000.0;1474.1144414168937;188.0108991825613;1117.8474114441417;168.25613079019072;278.61035422343326;234.50616181460975;1752.7247956403269;1987.2309574549367;322000.0;219.34604904632153;1.0;0.8571428571428571;DV_uteligger_hoy;
4637;Hyllestad;2024;222;3136.0;13426.0;1665000.0;257000.0;683000.0;315000.0;361000.0;530.9311224489796;81.9515306122449;217.79336734693877;231.1862244897959;100.44642857142857;26.888127513779235;631.3775510204082;658.2656785341874;298000.0;95.02551020408163;1.0;0.8624161073825504;;
4638;Høyanger;2024;222;10840.0;27096.0;9858000.0;1081000.0;3932000.0;846000.0;-191000.0;909.409594095941;99.72324723247233;362.73062730627305;446.95571955719555;78.04428044280442;-7.049010924121641;987.4538745387454;980.4048636146238;2305000.0;212.63837638376384;1.0;0.46898047722342734;;implisitt_pris_utenfor
4639;Vik;2024;222;4288.0;17241.0;7946000.0;1367000.0;3391000.0;386000.0;1161000.0;1853.0783582089553;318.79664179104475;790.8115671641791;743.4701492537314;90.01865671641791;67.33948146859231;1943.097014925373;2010.4364963939654;1055000.0;246.03544776119404;1.0;1.295734597156398;DV_uteligger_hoy;
4640;Sogndal;2024;222;23209.0;85622.0;18696000.0;4966000.0;4551000.0;2053000.0;2154000.0;805.5495712870007;213.96871903141022;196.08772458959885;395.49312766599166;88.45706406997286;25.15708579570671;894.0066353569736;919.1637211526803;3751000.0;161.6183377138179;1.0;1.3239136230338575;;
4641;Aurland;2024;222;5380.0;25959.0;4299000.0;743000.0;1751000.0;921000.0;2599000.0;799.0706319702603;138.10408921933086;325.4646840148699;335.5018587360595;171.1895910780669;100.11941908394006;970.2602230483271;1070.3796421322672;880000.0;163.56877323420073;1.0;0.8443181818181819;;
4642;Lærdal;2024;222;5104.0;14438.0;7973000.0;1929000.0;1756000.0;367000.0;0.0;1562.1081504702195;377.93887147335425;344.0438871473354;840.1253918495298;71.90438871473354;0.0;1634.012539184953;1634.012539184953;916000.0;179.46708463949844;1.0;2.1058951965065504;DV_uteligger_hoy;
4643;Årdal;2024;222;16064.0;39566.0;9703000.0;2578000.0;3329000.0;1061000.0;4437000.0;604.0214143426294;160.48306772908367;207.2335657370518;236.30478087649402;66.04830677290836;112.14173785573472;670.0697211155378;782.2114589712726;3062000.0;190.6125498007968;0.9869366427171783;0.8419333768778576;;
4644;Luster;2024;222;16722.0;38667.0;6359000.0;2201000.0;0.0;6870000.0;2911000.0;380.277478770482;131.62301160148309;0.0;248.65446716899893;410.83602439899533;75.2838337600538;791.1135031694773;866.3973369295311;2875000.0;171.92919507235976;1.0;0.7655652173913045;renhold_urimelig_lav;
4645;Askvoll;2024;222;7194.0;16997.0;6549000.0;1361000.0;2248000.0;615000.0;2091000.0;910.3419516263552;189.18543230469837;312.4826244092299;408.67389491242704;85.48790658882402;123.02170971347886;995.8298582151793;1118.8515679286581;1122000.0;155.96330275229357;1.0;1.2130124777183602;;
4646;Fjaler;2024;222;10519.0;28018.0;5381000.0;630000.0;2346000.0;118000.0;687000.0;511.5505276166936;59.89162467915201;223.02500237665177;228.63390056088983;11.21779636847609;24.519951459775857;522.7683239851697;547.2882754449455;908000.0;86.31999239471433;1.0;0.6938325991189427;;
4647;Sunnfjord;2024;222;79625.0;186306.0;44488000.0;8527000.0;16452000.0;2147000.0;7174000.0;558.7189952904239;107.0894819466248;206.61852433281004;245.01098901098902;26.963893249607537;38.50654299915193;585.6828885400314;624.1894315391834;8205000.0;103.04552590266876;1.0;1.039244363193175;;
4649;Stad;2024;222;30353.0;59452.0;12840000.0;2641000.0;3103000.0;1623000.0;4635000.0;423.022436003031;87.00952129937733;102.23042203406582;233.78249266958784;53.47082660692518;77.96205342124739;476.49326260995616;554.4553160312036;2588000.0;85.26340065232432;1.0;1.0204791344667696;;
4650;Gloppen;2024;222;15325.0;33775.0;9417000.0;1746000.0;4785000.0;991000.0;3272000.0;614.4861337683524;113.93148450244698;312.2349102773246;188.31973898858075;64.66557911908646;96.87638786084382;679.1517128874389;776.0281007482827;1519000.0;99.11908646003262;1.0;1.1494404213298224;;
4651;Stryn;2024;222;0.0;0.0;13577000.0;2532000.0;4459000.0;2155000.0;2706000.0;;;;;;;;;2329000.0;;1.0;;areal_mangler;areal_mangler
5001;Trondheim - Tråante;2024;222;428834.0;833347.0;233735000.0;37466000.0;79188000.0;54463000.0;92992000.0;545.0477340882486;87.36713973239063;184.65886566830056;273.0217286875574;127.00252312083464;111.58856994745287;672.0502572090833;783.6388271565361;38698000.0;90.24004626498832;1.0;0.9681637293916998;;
5006;Steinkjer - Stïentje;2024;222;47584.0;141994.0;26439000.0;6222000.0;11260000.0;3833000.0;18442000.0;555.6279421654338;130.75823806321452;236.63416274377943;188.2355413584398;80.55228648285137;129.87872727016634;636.1802286482852;766.0589559184515;6365000.0;133.76344989912576;1.0;0.9775333857030636;;
5007;Namsos - Nåavmesjenjaelmie;2024;222;41533.0;75936.0;26267000.0;6052000.0;17304000.0;3613000.0;10079000.0;632.4368574386632;145.71545518021813;416.63255724363756;70.0888450148075;86.99106734403968;132.7301938474505;719.4279247827029;852.1581186301535;6380000.0;153.6127898297739;1.0;0.94858934169279;;
5014;Frøya;2024;222;14951.0;35105.0;11563000.0;2181000.0;4488000.0;464000.0;5176000.0;773.3930840746439;145.87652999799346;300.1805899270952;327.3359641495552;31.034713397097185;147.44338413331434;804.427797471741;951.8711816050553;2288000.0;153.03324192361714;1.0;0.9532342657342658;;
5020;Osen;2024;222;2625.0;10478.0;1416000.0;120000.0;696000.0;1000.0;358000.0;539.4285714285714;45.714285714285715;265.14285714285717;228.57142857142858;0.38095238095238093;34.166825730101166;539.8095238095239;573.9763495396251;243000.0;92.57142857142857;1.0;0.4938271604938272;;implisitt_pris_utenfor
5021;Oppdal;2024;222;11654.0;34124.0;8698000.0;1527000.0;3613000.0;1291000.0;3126000.0;746.353183456324;131.0279732280762;310.0223099365025;305.30290029174535;110.77741547966363;91.60708006095416;857.1305989359877;948.7376789969419;1864000.0;159.94508323322464;1.0;0.8192060085836911;;
5022;Rennebu;2024;222;5152.0;22891.0;3060000.0;1070000.0;1315000.0;164000.0;82000.0;593.944099378882;207.6863354037267;255.24068322981367;131.01708074534162;31.832298136645964;3.582193875322179;625.776397515528;629.3585913908502;1258000.0;244.17701863354037;1.0;0.8505564387917329;;
5025;Røros - Rosse;2024;222;6830.0;26235.0;9300000.0;2108000.0;4168000.0;262000.0;6982000.0;1361.6398243045387;308.6383601756955;610.2489019033675;442.75256222547586;38.3601756954612;266.1330283971793;1400.0;1666.1330283971793;1616000.0;236.60322108345534;1.0;1.3044554455445545;;
5026;Holtålen;2024;222;5743.0;15479.0;3479000.0;605000.0;1296000.0;142000.0;1001000.0;605.7809507226189;105.34563816820477;225.66602820825352;274.76928434616053;24.725753090719138;64.66826022352865;630.5067038133379;695.1749640368666;644000.0;112.13651401706426;1.0;0.9394409937888198;;
5027;Midtre Gauldal;2024;222;13890.0;36589.0;11009000.0;2230000.0;3587000.0;3118000.0;12000.0;792.5845932325414;160.5471562275018;258.2433405327574;373.7940964722822;224.47804175665948;0.3279674219027577;1017.0626349892009;1017.3906024111036;1920000.0;138.22894168466522;1.0;1.1614583333333335;;
5028;Melhus;2024;222;46053.0;104178.0;33266000.0;5036000.0;9935000.0;3472000.0;10708000.0;722.3416498382298;109.35226803899855;215.7297027338067;397.2596790654246;75.39139686882505;102.78561692487857;797.7330467070549;900.5186636319335;5305000.0;115.19336416737238;0.9909519321394911;0.9492931196983977;;
5029;Skaun;2024;222;21377.0;46711.0;18220000.0;2617000.0;6111000.0;1425000.0;5418000.0;852.317911774337;122.42129391401974;285.8679889600973;444.02862890021987;66.6604294335033;115.98980968080323;918.9783412078402;1034.9681508886435;2538000.0;118.72573326472377;1.0;1.0311268715524033;;
5031;Malvik;2024;222;38283.0;82268.0;22729000.0;4628000.0;5984000.0;2442000.0;6497000.0;593.7100018284879;120.88916751560745;156.30958911266097;316.51124520021943;63.78810438053444;78.97359848300675;657.4981062090222;736.471704692029;5234000.0;136.71864796384818;1.0;0.8842185708826902;;
5032;Selbu;2024;222;8521.0;25834.0;6825000.0;1182000.0;2086000.0;382000.0;2221000.0;800.9623283652154;138.71611313226148;244.80694754136837;417.4392676915855;44.83041896491022;85.97197491677635;845.7927473301256;931.764722246902;1370000.0;160.77925126158902;1.0;0.8627737226277372;;
5033;Tydal;2024;222;3284.0;13494.0;2114000.0;315000.0;762000.0;161000.0;1654000.0;643.7271619975639;95.9196102314251;232.0341047503045;315.77344701583434;49.02557856272838;122.57299540536535;692.7527405602923;815.3257359656576;358000.0;109.01339829476248;1.0;0.8798882681564246;;
5034;Meråker;2024;222;5682.0;17582.0;4554000.0;1404000.0;1834000.0;271000.0;4282000.0;801.4783526927139;247.0960929250264;322.77367124252027;231.6085885251672;47.69447377683914;243.54453418268685;849.172826469553;1092.71736065224;1080000.0;190.0739176346357;0.9981481481481481;1.2999999999999998;;
5035;Stjørdal;2024;222;53305.0;140690.0;30735000.0;5855000.0;11338000.0;1116000.0;9571000.0;576.5875621423882;109.83960228871588;212.70049713910515;254.0474627145671;20.936122314979833;68.02899992892175;597.523684457368;665.5526843862897;4400000.0;82.54385142106744;0.9997727272727273;1.330681818181818;;
5036;Frosta;2024;222;7370.0;14410.0;6002000.0;1023000.0;2249000.0;497000.0;1711000.0;814.3826322930801;138.80597014925374;305.1560379918589;370.42062415196744;67.43554952510176;118.73698820263706;881.8181818181819;1000.5551700208189;1097000.0;148.84667571234735;1.0;0.9325432999088423;;
5037;Levanger;2024;222;42182.0;83303.0;31542000.0;5651000.0;10011000.0;691000.0;14540000.0;747.7597079322934;133.96709496941824;237.3287184106965;376.46389455217866;16.38139490778057;174.54353384632006;764.1411028400739;938.684636686394;5574000.0;132.1416718031388;1.0;1.0138141370649443;;
5038;Verdal;2024;222;35200.0;76850.0;23150000.0;5581000.0;6238000.0;3472000.0;1473000.0;657.6704545454545;158.55113636363637;177.2159090909091;321.90340909090907;98.63636363636364;19.167208848405984;756.3068181818181;775.4740270302241;5348000.0;151.9318181818182;1.0;1.043567688855647;;
5041;Snåase - Snåsa;2024;222;6176.0;18235.0;5254000.0;1431000.0;1895000.0;94000.0;2618000.0;850.7124352331606;231.70336787564767;306.83290155440415;312.1761658031088;15.220207253886011;143.5700575815739;865.9326424870467;1009.5027000686206;1631000.0;264.08678756476684;1.0;0.8773758430410791;;
5042;Lierne;2024;222;3779.0;16526.0;4845000.0;788000.0;1638000.0;199000.0;1331000.0;1282.085207726912;208.52077269118814;433.4480021169622;640.1164329187616;52.65943371262239;80.53975553673;1334.7446414395342;1415.2843969762641;510000.0;134.9563376554644;1.0;1.5450980392156863;;
5043;Raarvihke - Røyrvik;2024;222;265.0;8151.0;1447000.0;226000.0;541000.0;125000.0;1294000.0;5460.377358490566;852.8301886792453;2041.5094339622642;2566.0377358490564;471.6981132075472;158.7535271745798;5932.075471698113;6090.828998872693;301000.0;1135.8490566037735;1.0;0.7508305647840532;areal_for_lite;areal_for_lite|kwh_urimelig_hoy
5044;Namsskogan;2024;222;3746.0;12783.0;2124000.0;368000.0;792000.0;150000.0;1136000.0;567.0048051254672;98.2381206620395;211.42552055525894;257.3411639081687;40.0427122263748;88.8680278494876;607.047517351842;695.9155452013296;372000.0;99.3059263214095;1.0;0.989247311827957;;
5045;Grong;2024;222;8790.0;26813.0;7285000.0;1507000.0;2400000.0;1919000.0;2739000.0;828.7827076222981;171.4448236632537;273.03754266211604;384.3003412969283;218.31626848691695;102.15194122254131;1047.098976109215;1149.2509173317565;1499000.0;170.53469852104664;1.0;1.0053368912608405;;
5046;Høylandet;2024;222;3572.0;11776.0;3441000.0;1125000.0;1239000.0;313000.0;2726000.0;963.3258678611422;314.94960806270996;346.86450167973123;301.511758118701;87.62597984322508;231.48777173913044;1050.9518477043673;1282.4396194434978;1201000.0;336.22620380739085;1.0;0.9367194004995836;;kwh_uteligger
5047;Overhalla;2024;222;10742.0;26374.0;5721000.0;1185000.0;1914000.0;942000.0;954000.0;532.5823868925712;110.31465276484826;178.17911003537517;244.0886240923478;87.69316700800596;36.17198756350952;620.2755539005772;656.4475414640867;1047000.0;97.46788307577732;1.0;1.1318051575931232;;
5049;Flatanger;2024;222;2312.0;12367.0;2338000.0;589000.0;0.0;418000.0;390000.0;1011.2456747404844;254.75778546712803;0.0;756.4878892733564;180.79584775086505;31.53553812565699;1192.0415224913495;1223.5770606170065;450000.0;194.63667820069205;1.0;1.3088888888888888;renhold_urimelig_lav;
5052;Leka;2024;222;2650.0;6483.0;2111000.0;414000.0;899000.0;104000.0;542000.0;796.6037735849056;156.22641509433961;339.24528301886795;301.1320754716981;39.24528301886792;83.60327009100725;835.8490566037735;919.4523266947808;434000.0;163.77358490566039;1.0;0.9539170506912441;;
5053;Inderøy;2024;222;12600.0;33475.0;8719000.0;2092000.0;2369000.0;1099000.0;2622000.0;691.984126984127;166.03174603174602;188.015873015873;337.93650793650795;87.22222222222223;78.32710978342047;779.2063492063492;857.5334589897697;1379000.0;109.44444444444444;1.0;1.5170413343002176;;
5054;Indre Fosen;2024;222;34368.0;70544.0;15401000.0;3066000.0;5550000.0;882000.0;8700000.0;448.1203445065177;89.2108938547486;161.48743016759778;197.42202048417133;25.66340782122905;123.32728509866183;473.78375232774675;597.1110374264085;3071000.0;89.35637802607076;1.0;0.9983718658417454;;
5055;Heim;2024;222;14483.0;38550.0;11294000.0;2083000.0;4559000.0;1663000.0;2627000.0;779.8108126769316;143.82379341296692;314.78284885728095;321.2041704066837;114.82427673824483;68.14526588845655;894.6350894151764;962.7803553036329;2638000.0;182.14458330456398;1.0;0.7896133434420014;;
5056;Hitra;2024;222;13918.0;57432.0;7628000.0;1450000.0;2594000.0;500000.0;3649000.0;548.0672510418163;104.18163529242707;186.37735306796952;257.50826268141975;35.92470182497485;63.53600780052932;583.9919528667912;647.5279606673205;1446000.0;103.89423767782728;1.0;1.0027662517289073;;
5057;Ørland;2024;222;22987.0;83089.0;15154000.0;3680000.0;5139000.0;2779000.0;3941000.0;659.2421803628138;160.0904859268282;223.5611432548832;275.59055118110234;120.89441858441728;47.43106789105658;780.136598947231;827.5676668382877;2306000.0;100.31757080088745;1.0;1.595836947094536;;
5058;Åfjord;2024;222;1430.0;23850.0;6979000.0;1594000.0;1827000.0;99000.0;1138000.0;4880.419580419581;1114.6853146853148;1277.6223776223776;2488.111888111888;69.23076923076923;47.714884696016775;4949.650349650349;4997.365234346366;267000.0;186.71328671328672;1.0;5.9700374531835205;DV_uteligger_hoy;implisitt_pris_utenfor
5059;Orkland;2024;222;36633.0;105256.0;39007000.0;7574000.0;16315000.0;3304000.0;13151000.0;1064.8049572789562;206.7534736439822;445.3634700952693;412.6880135397046;90.19190347500887;124.94299612373642;1154.996860753965;1279.9398568777015;5723000.0;156.22526137635467;1.0;1.323431766556002;;
5060;Nærøysund;2024;222;24017.0;81637.0;17754000.0;3002000.0;7996000.0;1382000.0;6057000.0;739.2263813132364;124.99479535329142;332.9308406545364;281.30074530540867;57.542574010076194;74.19429915357007;796.7689553233126;870.9632544768828;2030000.0;84.52346254736229;1.0;1.4788177339901478;;
5061;Rindal;2024;222;3253.0;15914.0;2327000.0;350000.0;925000.0;1206000.0;0.0;715.3396864432831;107.59299108515216;284.3529050107593;323.39379034737163;370.73470642483863;0.0;1086.0743928681218;1086.0743928681218;330000.0;101.44482016600061;1.0;1.0606060606060606;;
5501;Tromsø;2024;222;153252.0;337297.0;109952000.0;22090000.0;36296000.0;7329000.0;57861000.0;717.4588259859578;144.1416751494271;236.83867094719807;336.4784798893326;47.82319317203038;171.54318004607217;765.2820191579882;936.8251992040604;25629000.0;167.2343590948242;1.0;0.8619142377775177;;
5503;Harstad - Hárstták;2024;222;59411.0;145378.0;35266000.0;7856000.0;14811000.0;5965000.0;14752000.0;593.5937789298279;132.23140495867767;249.29726818265976;212.06510578849034;100.40228240561513;101.47340037694836;693.996061335443;795.4694617123913;10535000.0;177.3240645671677;0.996203132415757;0.7457047935453249;;
5510;Kvæfjord;2024;222;7568.0;30832.0;4774000.0;1133000.0;1825000.0;544000.0;540000.0;630.8139534883721;149.7093023255814;241.14693446088796;239.95771670190274;71.88160676532769;17.514270887389724;702.6955602536998;720.2098311410895;1559000.0;205.99894291754757;1.0;0.72674791533034;;
5512;Dielddanuorri - Tjeldsund;2024;222;5300.0;17200.0;8708000.0;1975000.0;3548000.0;1372000.0;1861000.0;1643.0188679245282;372.64150943396226;669.433962264151;600.9433962264151;258.8679245283019;108.19767441860465;1901.8867924528302;2010.0844668714349;1952000.0;368.3018867924528;1.0;1.0117827868852458;DV_uteligger_hoy;kwh_uteligger
5514;Ibestad;2024;222;2198.0;9433.0;1400000.0;221000.0;1049000.0;53000.0;523000.0;636.9426751592357;100.5459508644222;477.2520473157416;59.14467697907188;24.11282984531392;55.44365525283579;661.0555050045496;716.4991602573854;230000.0;104.64058234758872;1.0;0.9608695652173912;;
5516;Gratangen;2024;222;1723.0;11071.0;602000.0;351000.0;0.0;528000.0;212000.0;349.3905977945444;203.71445153801508;0.0;145.6761462565293;306.44225188624495;19.149128353355614;655.8328496807893;674.981978034145;410000.0;237.9570516540917;0.9170731707317074;0.8560975609756096;renhold_urimelig_lav;
5518;Loabák - Lavangen;2024;222;2785.0;9890.0;3599000.0;663000.0;1829000.0;357000.0;136000.0;1292.2800718132855;238.06104129263915;656.7324955116696;397.48653500897666;128.18671454219032;13.751263902932255;1420.4667863554757;1434.218050258408;587000.0;210.77199281867146;1.0;1.129471890971039;;
5520;Bardu;2024;222;9382.0;24858.0;8293000.0;1024000.0;5197000.0;507000.0;2709000.0;883.9266680878278;109.14517160520145;553.9330633127265;220.8484331698998;54.0396503943722;108.97900072411296;937.9663184822;1046.945319206313;190000.0;20.25154551268386;1.0;5.389473684210527;;kwh_urimelig_lav|implisitt_pris_utenfor
5522;Salangen;2024;222;5087.0;16897.0;2461000.0;676000.0;675000.0;140000.0;622000.0;483.78218989581285;132.8877530961274;132.691173579713;218.20326321997248;27.521132298014546;36.8112682724744;511.3033221938274;548.1145904663018;838000.0;164.7336347552585;1.0;0.8066825775656326;;
5524;Målselv;2024;222;18046.0;38656.0;12065000.0;2676000.0;3666000.0;946000.0;5957000.0;668.5692120137427;148.2877091876316;203.14751191399756;317.13399091211346;52.4215892718608;154.1028559602649;720.9908012856034;875.0936572458684;3357000.0;186.02460379031365;1.0;0.7971403038427167;;
5528;Dyrøy;2024;222;4100.0;9114.0;1468000.0;388000.0;387000.0;250000.0;5890000.0;358.0487804878049;94.63414634146342;94.39024390243902;169.02439024390245;60.97560975609756;646.2585034013606;419.0243902439024;1065.282893645263;1095000.0;267.0731707317073;0.9954337899543378;0.354337899543379;;implisitt_pris_utenfor
5530;Senja;2024;222;43401.0;102565.0;34300000.0;8237000.0;13590000.0;5250000.0;15398000.0;790.3043708670307;189.78825372687265;313.12642565839496;287.38969148176307;120.96495472454552;150.12918636961928;911.2693255915763;1061.3985119611955;8931000.0;205.77866869426973;1.0;0.9222931362669353;;
5532;Balsfjord;2024;222;12105.0;37556.0;11066000.0;1944000.0;3790000.0;3833000.0;2472000.0;914.1676992978108;160.59479553903347;313.0937629078893;440.4791408508881;316.64601404378357;65.82170625199701;1230.8137133415944;1296.6354195935915;1895000.0;156.54688145394465;1.0;1.0258575197889184;;
5534;Karlsøy;2024;222;4418.0;19185.0;2876000.0;799000.0;1199000.0;1648000.0;3984000.0;650.9732910819375;180.85106382978722;271.3897691263015;198.7324581258488;373.01946582163873;207.6622361219703;1023.9927569035763;1231.6549930255464;1070000.0;242.19103666817566;1.0;0.7467289719626168;;
5536;Lyngen - Ivgu - Yykeä;2024;222;7410.0;26525.0;6883000.0;1437000.0;2443000.0;684000.0;1110000.0;928.8798920377868;193.92712550607288;329.6896086369771;405.2631578947368;92.3076923076923;41.84731385485391;1021.1875843454791;1063.034898200333;2408000.0;324.96626180836705;1.0;0.5967607973421928;;kwh_uteligger
5538;Storfjord - Omasvuotna - Omasvuono;2024;222;4330.0;21973.0;3674000.0;739000.0;2023000.0;76000.0;760000.0;848.4988452655889;170.66974595842956;467.2055427251732;210.62355658198615;17.551963048498845;34.58790333591226;866.0508083140877;900.63871165;981000.0;226.55889145496536;1.0;0.7533129459734964;;
5540;Gáivuotna - Kåfjord - Kaivuono;2024;222;4922.0;16983.0;4884000.0;719000.0;2649000.0;1396000.0;849000.0;992.2795611540024;146.0788297440065;538.1958553433564;308.00487606663955;283.62454286875254;49.991167638226464;1275.904104022755;1325.8952716609815;902000.0;183.25883787078425;1.0;0.7971175166297116;;
5542;Skjervøy;2024;222;12207.0;28893.0;7020000.0;1659000.0;2448000.0;498000.0;1898000.0;575.0798722044728;135.90562791840748;200.54067338412386;238.6335709019415;40.796264438436964;65.69065171494826;615.8761366429098;681.5667883578581;1709000.0;140.00163840419432;1.0;0.970743124634289;;
5544;Nordreisa - Ráisa - Raisi;2024;222;13305.0;38168.0;7301000.0;1511000.0;3135000.0;331000.0;2845000.0;548.7410747839158;113.5663284479519;235.62570462232244;199.5490417136415;24.877865464111235;74.53888073779082;573.618940248027;648.1578209858178;1619000.0;121.68357760240511;1.0;0.9332921556516369;;
5546;Kvænangen;2024;222;4300.0;14652.0;3112000.0;422000.0;2052000.0;878000.0;255000.0;723.7209302325581;98.13953488372093;477.2093023255814;148.37209302325581;204.1860465116279;17.403767403767404;927.9069767441861;945.3107441479535;736000.0;171.1627906976744;1.0;0.5733695652173914;;
5601;Alta;2024;222;60677.0;123987.0;36060000.0;5717000.0;12992000.0;2726000.0;11741000.0;594.2943784300476;94.22021523806384;214.11737561184634;285.9567875801375;44.92641363284276;94.6954116157339;639.2207920628904;733.9162036786242;9105000.0;150.05685844718758;1.0;0.6278967600219659;;
5603;Hammerfest - Hámmerfeasta;2024;222;41463.0;121814.0;18549000.0;4341000.0;8828000.0;219000.0;6999000.0;447.36270892120683;104.69575283988134;212.91271736246773;129.75423871885778;5.281817524057593;57.45644999753723;452.64452644526443;510.10097644280165;6048000.0;145.86498806164533;1.0;0.7177579365079364;;
5605;Sør-Varanger;2024;222;34808.0;62864.0;20156000.0;3707000.0;6188000.0;878000.0;3093000.0;579.0622845322914;106.49850609055389;177.77522408641693;294.7885543553206;25.22408641691565;49.201450750827185;604.286370949207;653.4878217000343;4025000.0;115.63433693403815;1.0;0.9209937888198758;;
5607;Vadsø;2024;222;14867.0;52204.0;6519000.0;1292000.0;3976000.0;456000.0;1327000.0;438.4879262796798;86.90388107889957;267.43794982175285;84.14609537902737;30.67195802784691;25.41950808367175;469.15988430752674;494.5793923911985;2262000.0;152.1490549539248;1.0;0.5711759504862953;;
5610;Kárásjohka - Karasjok;2024;222;0.0;11374.0;3306000.0;687000.0;564000.0;28000.0;1434000.0;;;;;;;;;28000.0;;1.0;;areal_mangler;areal_mangler
5612;Guovdageaidnu - Kautokeino;2024;222;9341.0;30772.0;9082000.0;1118000.0;3994000.0;1240000.0;1805000.0;972.2727759340542;119.68739963601327;427.5773471791029;425.008029118938;132.74809977518467;58.65722085012349;1105.020875709239;1163.6780965593623;1908000.0;204.26078578310674;1.0;0.5859538784067085;;
5614;Loppa;2024;222;0.0;0.0;4209000.0;391000.0;0.0;61000.0;676000.0;;;;;;;;;0.0;;;;areal_mangler;areal_mangler|kwh_mangler
5616;Hasvik;2024;222;6000.0;9880.0;4095000.0;1286000.0;1487000.0;1392000.0;1047000.0;682.5;214.33333333333334;247.83333333333334;220.33333333333334;232.0;105.97165991902834;914.5;1020.4716599190283;1681000.0;280.1666666666667;1.0;0.7650208209399167;;
5618;Måsøy;2024;222;6786.0;14000.0;4499000.0;1095000.0;1321000.0;331000.0;0.0;662.9826112584733;161.36162687886826;194.66548776893603;306.955496610669;48.77689360447981;0.0;711.7595048629531;711.7595048629531;466000.0;68.67079280872385;1.0;2.3497854077253217;;
5620;Nordkapp;2024;222;9025.0;27126.0;5144000.0;1147000.0;1800000.0;321000.0;507000.0;569.972299168975;127.09141274238227;199.4459833795014;243.4349030470914;35.56786703601108;18.690555186905552;605.5401662049861;624.2307213918916;1532000.0;169.75069252077563;1.0;0.7486945169712793;;
5624;Lebesby;2024;222;3457.0;12705.0;1879000.0;106000.0;1226000.0;151000.0;883000.0;543.5348568122649;30.662424067110212;354.642753832803;158.22967891235174;43.67949088805322;69.50019677292404;587.2143477003182;656.7145444732422;267000.0;77.23459647092855;1.0;0.3970037453183521;energi_urimelig_lav;implisitt_pris_utenfor
5626;Gamvik;2024;222;5906.0;16288.0;2371000.0;576000.0;606000.0;125000.0;2356000.0;401.4561462919065;97.52793769048425;102.60751777853031;201.32069082289198;21.164917033525228;144.64636542239685;422.62106332543175;567.2674287478286;906000.0;153.40331865899086;1.0;0.6357615894039735;;
5628;Deatnu - Tana;2024;222;8236.0;25007.0;4596000.0;831000.0;42000.0;124000.0;2782000.0;558.0378824672171;100.89849441476444;5.099562894609034;452.0398251578436;15.055852355512384;111.24885032190987;573.0937348227295;684.3425851446394;1093000.0;132.71005342399224;1.0;0.7602927721866422;renhold_urimelig_lav;
5630;Berlevåg;2024;222;2464.0;10364.0;1720000.0;261000.0;726000.0;73000.0;702000.0;698.0519480519481;105.92532467532467;294.64285714285717;297.48376623376623;29.626623376623378;67.73446545735237;727.6785714285714;795.4130368859238;409000.0;165.99025974025975;1.0;0.6381418092909535;;
5632;Båtsfjord;2024;222;7902.0;16497.0;3790000.0;774000.0;1506000.0;29000.0;10000.0;479.62541128828144;97.9498861047836;190.584662110858;191.09086307263985;3.6699569729182486;0.6061708189367764;483.2953682611997;483.9015390801365;959000.0;121.36168058719312;1.0;0.8070907194994786;;
5634;Vardø;2024;222;1850.0;14491.0;2242000.0;186000.0;1077000.0;117000.0;708000.0;1211.8918918918919;100.54054054054055;582.1621621621622;529.1891891891892;63.24324324324324;48.85791180732868;1275.1351351351352;1323.993046942464;329000.0;177.83783783783784;1.0;0.5653495440729484;;
5636;Unjárga - Nesseby;2024;222;3000.0;8863.0;2647000.0;304000.0;1233000.0;166000.0;204000.0;882.3333333333334;101.33333333333333;411.0;370.0;55.333333333333336;23.01703712061379;937.6666666666666;960.6837037872804;567000.0;189.0;1.0;0.5361552028218695;;
