kommune;kommunenavn;aargang;funksjon;eid_areal_m2;portefoljeareal_m2;drift_kr;energi_kr;renhold_kr;vedlikehold_kr;forvaltning_kr;drift_kr_m2;energi_kr_m2;renhold_kr_m2;ovrig_drift_kr_m2;vedlikehold_kr_m2;forvaltning_kr_m2;dv_kr_m2;fdv_kr_m2;energibruk_kwh;kwh_m2;fornybarandel;implisitt_energipris_kr_kwh;flagg_kostnad;flagg_energi
0301;Oslo - Oslove;2024;261;379948.0;2304158.0;307702000.0;52902000.0;32166000.0;113966000.0;384471000.0;809.8529272426753;139.23484266268017;84.65895333045574;585.9591312495394;299.95157232042277;166.8596511176751;1109.804499563098;1276.6641506807732;68089000.0;179.20610188762672;1.0;0.776953692960684;;
1101;Eigersund;2024;261;3824.0;49955.0;2123000.0;65000.0;2190000.0;43000.0;12256000.0;555.1778242677824;16.997907949790793;572.6987447698745;-34.51882845188285;11.244769874476987;245.34080672605344;566.4225941422594;811.7634008683128;929000.0;242.93933054393307;1.0;0.06996770721205596;drift_mindre_enn_delposter|energi_urimelig_lav;implisitt_pris_utenfor
1103;Stavanger;2024;261;105473.0;630781.0;64261000.0;19142000.0;14857000.0;30747000.0;114272000.0;609.2649303613247;181.48720525632152;140.86069420610013;286.917030898903;291.5153641216235;181.1595466572392;900.7802944829482;1081.9398411401874;17686000.0;167.6827244887317;1.0;1.0823250028270948;;
1106;Haugesund;2024;261;22436.0;140918.0;17827000.0;7279000.0;4536000.0;4538000.0;4248000.0;794.571224817258;324.43394544482084;202.1750757710822;267.962203601355;202.2642182207167;30.145190820193303;996.8354430379746;1026.980633858168;6297000.0;280.66500267427347;0.8111799269493409;1.155947276480864;;
1108;Sandnes;2024;261;54714.0;326683.0;68578000.0;9408000.0;12927000.0;13579000.0;34504000.0;1253.3903571298022;171.94867858317798;236.26494133128634;845.176737215338;248.18145264466133;105.6192088354766;1501.5718097744636;1607.1910186099403;11386000.0;208.1003033958402;0.9997365185315299;0.8262778851220797;;
1111;Sokndal;2024;261;8765.0;22443.0;5061000.0;1289000.0;1343000.0;354000.0;664000.0;577.4101540216772;147.06217912150598;153.22304620650314;277.124928693668;40.387906446092416;29.58606246936684;617.7980604677696;647.3841229371365;1431000.0;163.2629777524244;1.0;0.9007686932215234;;
1112;Lund;2024;261;6980.0;23592.0;2909000.0;1164000.0;500000.0;70000.0;660000.0;416.7621776504298;166.7621776504298;71.63323782234957;178.36676217765043;10.02865329512894;27.97558494404883;426.79083094555875;454.7664158896076;1270000.0;181.9484240687679;1.0;0.9165354330708662;;
1114;Bjerkreim;2024;261;3503.0;18151.0;3354000.0;646000.0;957000.0;0.0;0.0;957.4650299743078;184.41335997716243;273.1944047958892;499.85726520125604;0.0;0.0;957.4650299743078;957.4650299743078;608000.0;173.56551527262346;1.0;1.0625;;
1119;Hå;2024;261;20530.0;87311.0;13466000.0;3862000.0;3939000.0;1930000.0;3996000.0;655.9181685338528;188.11495372625427;191.86556259132976;275.9376522162689;94.00876765708719;45.76742907537424;749.9269361909401;795.6943652663143;3627000.0;176.668290306868;1.0;1.0647918389853874;;
1120;Klepp;2024;261;10915.0;87430.0;7468000.0;2161000.0;2418000.0;901000.0;6440000.0;684.1960604672469;197.98442510306919;221.53000458085205;264.6816307833257;82.54695373339442;73.65892714171338;766.7430142006414;840.4019413423548;2142000.0;196.2437013284471;1.0;1.0088702147525679;;
1121;Time;2024;261;8934.0;91820.0;7761000.0;1384000.0;2350000.0;516000.0;9212000.0;868.7038280725319;154.91381240205953;263.040071636445;450.7499440340273;57.7568838146407;100.32672620344151;926.4607118871726;1026.7874380906142;1432000.0;160.28654578016565;0.8952513966480447;0.9664804469273742;;
1122;Gjesdal;2024;261;5450.0;57995.0;3483000.0;1223000.0;817000.0;178000.0;3375000.0;639.0825688073395;224.40366972477065;149.90825688073394;264.77064220183485;32.6605504587156;58.194671954478835;671.743119266055;729.9377912205339;783000.0;143.6697247706422;1.0;1.561941251596424;;
1124;Sola;2024;261;22235.0;177461.0;17066000.0;4226000.0;5838000.0;2489000.0;15460000.0;767.5286710141669;190.06071508882394;262.5590285585788;314.9089273667641;111.94063413537216;87.1177329103296;879.469305149539;966.5870380598685;4458000.0;200.49471553856532;1.0;0.9479587258860477;;
1127;Randaberg;2024;261;15268.0;71912.0;9987000.0;2034000.0;3920000.0;2173000.0;2823000.0;654.113177888394;133.21980613046895;256.7461357086717;264.14723604925337;142.32381451401625;39.25631327177661;796.4369924024103;835.693305674187;1708000.0;111.86795913020697;1.0;1.1908665105386416;;
1130;Strand;2024;261;4429.0;67306.0;6571000.0;2337000.0;919000.0;1466000.0;4633000.0;1483.6306163919621;527.6586136825468;207.49604876947393;748.4759539399413;331.00022578460147;68.8348735625353;1814.6308421765636;1883.4657157390989;973000.0;219.68841724994354;1.0;2.4018499486125386;;
1133;Hjelmeland;2024;261;6425.0;26169.0;5622000.0;1418000.0;1987000.0;1155000.0;2554000.0;875.0194552529183;220.70038910505838;309.26070038910507;345.05836575875486;179.76653696498053;97.59639267835989;1054.7859922178989;1152.3823848962588;910000.0;141.6342412451362;1.0;1.5582417582417583;;
1134;Suldal;2024;261;6798.0;38732.0;3602000.0;873000.0;1559000.0;604000.0;1021000.0;529.8617240364813;128.42012356575464;229.33215651662255;172.10944395410414;88.84966166519564;26.36063203552618;618.7113857016769;645.0720177372032;1419000.0;208.7378640776699;1.0;0.6152219873150105;;
1135;Sauda;2024;261;2678.0;26048.0;5646000.0;1494000.0;2327000.0;467000.0;571000.0;2108.289768483943;557.8790141896937;868.9320388349514;681.478715459298;174.38386855862584;21.921068796068795;2282.673637042569;2304.594705838638;2553000.0;953.3233756534728;1.0;0.5851938895417156;DV_uteligger_hoy;kwh_urimelig_hoy
1144;Kvitsøy;2024;261;1540.0;6644.0;1102000.0;341000.0;235000.0;208000.0;258000.0;715.5844155844156;221.42857142857142;152.5974025974026;341.5584415584416;135.06493506493507;38.832028898254066;850.6493506493506;889.4813795476047;310000.0;201.2987012987013;1.0;1.0999999999999999;;
1145;Bokn;2024;261;2800.0;11203.0;1621000.0;553000.0;66000.0;71000.0;559000.0;578.9285714285714;197.5;23.571428571428573;357.85714285714283;25.357142857142858;49.89734892439525;604.2857142857143;654.1830632101096;484000.0;172.85714285714286;1.0;1.1425619834710743;renhold_urimelig_lav;
1146;Tysvær;2024;261;11637.0;64609.0;13465000.0;4712000.0;3330000.0;2601000.0;7517000.0;1157.085159405345;404.9153561914583;286.15622583139987;466.0135773824869;223.51121423047178;116.34601990434768;1380.5963736358167;1496.9423935401644;3301000.0;283.6641746154507;0.609512269009391;1.4274462284156317;;
1149;Karmøy;2024;261;38621.0;184252.0;36656000.0;11182000.0;12046000.0;4184000.0;9204000.0;949.1209445638383;289.5316019781984;311.90285078066336;347.6864918049766;108.33484373786283;49.953324794303455;1057.4557883017012;1107.4091130960046;7329000.0;189.7672250847984;0.8081593668986219;1.5257197434847867;;
1151;Utsira;2024;261;450.0;2713.0;646000.0;29000.0;66000.0;109000.0;156000.0;1435.5555555555557;64.44444444444444;146.66666666666666;1224.4444444444443;242.22222222222223;57.500921489126426;1677.7777777777778;1735.2786992669044;79000.0;175.55555555555554;1.0;0.3670886075949367;areal_for_lite;areal_for_lite|implisitt_pris_utenfor
1160;Vindafjord;2024;261;10536.0;55866.0;9350000.0;2788000.0;2637000.0;1518000.0;2575000.0;887.4335611237661;264.61655277145024;250.28473804100227;372.5322703113136;144.07744874715263;46.09243547059034;1031.5110098709188;1077.603445341509;2691000.0;255.4100227790433;1.0;1.0360460795243402;;
1505;Kristiansund;2024;261;28693.0;115530.0;18492000.0;3430000.0;6931000.0;680000.0;15617000.0;644.4777471857248;119.54135154915834;241.55717422367826;283.37922141288817;23.699160073885615;135.17701030035488;668.1769072596104;803.3539175599653;4777000.0;166.48659951904645;1.0;0.7180238643500105;;
1506;Molde;2024;261;45371.0;168029.0;25369000.0;6712000.0;2928000.0;1900000.0;9140000.0;559.1457098146393;147.93590619558748;64.53461462167463;346.6751889973772;41.876969870622204;54.39537222741313;601.0226796852616;655.4180519126746;8377000.0;184.63335610852747;1.0;0.8012414945684613;;
1508;Ålesund;2024;261;41461.0;216104.0;33826000.0;5488000.0;6523000.0;6266000.0;5496000.0;815.8510407370782;132.3653553942259;157.3285738404766;526.1571115023758;151.12997756928198;25.432199311442638;966.9810183063602;992.4132176178028;8322000.0;200.7187477388389;1.0;0.6594568613314107;;
1511;Vanylven;2024;261;8047.0;23544.0;2482000.0;1044000.0;5000.0;952000.0;18000.0;308.43792717783026;129.73779048092456;0.6213495712687959;178.0787871256369;118.30495836957873;0.764525993883792;426.74288554740895;427.50741154129275;982000.0;122.0330557971915;1.0;1.0631364562118126;renhold_urimelig_lav;
1514;Sande;2024;261;11507.0;23289.0;4190000.0;586000.0;1205000.0;363000.0;301000.0;364.1261840618754;50.92552359433388;104.71886677674459;208.4817936907969;31.546015468845052;12.924556657649534;395.67219953072043;408.59675618836997;740000.0;64.30868167202573;1.0;0.7918918918918918;;kwh_uteligger
1515;Herøy (Møre og Romsdal);2024;261;7512.0;47862.0;9491000.0;1182000.0;2182000.0;372000.0;3629000.0;1263.4451544195954;157.3482428115016;290.468583599574;815.6283280085197;49.52076677316294;75.82215536333626;1312.9659211927583;1388.7880765560944;1854000.0;246.80511182108626;1.0;0.6375404530744336;;
1516;Ulstein;2024;261;5416.0;51974.0;4293000.0;1193000.0;872000.0;830000.0;7004000.0;792.6514032496307;220.27326440177254;161.00443131462333;411.37370753323484;153.2496307237814;134.75968753607572;945.9010339734122;1080.6607215094878;1823000.0;336.5952732644018;1.0;0.6544157981349424;;
1520;Ørsta;2024;261;11065.0;71507.0;10319000.0;1010000.0;2361000.0;977000.0;3883000.0;932.5802078626299;91.27880704925441;213.37550835969273;627.9258924536828;88.29643018526886;54.3023759911617;1020.8766380478988;1075.1790140390606;1720000.0;155.4450971531857;1.0;0.5872093023255814;;
1525;Stranda;2024;261;12254.0;31168.0;4901000.0;1180000.0;0.0;184000.0;568000.0;399.95103639627877;96.29508731842664;0.0;303.65594907785214;15.01550514117839;18.22381930184805;414.96654153745715;433.1903608393052;1505000.0;122.81703933409499;1.0;0.7840531561461794;renhold_urimelig_lav;
1528;Sykkylven;2024;261;2443.0;31114.0;666000.0;61000.0;206000.0;59000.0;2555000.0;272.6156365124846;24.96930004093328;84.32255423659436;163.323782234957;24.150634465820712;82.11737481519573;296.7662709783054;378.8836457935011;257000.0;105.1985264019648;1.0;0.23735408560311286;energi_urimelig_lav;implisitt_pris_utenfor
1531;Sula;2024;261;19245.0;57190.0;681000.0;0.0;0.0;0.0;5345000.0;35.385814497272015;0.0;0.0;35.385814497272015;0.0;93.46039517398147;35.385814497272015;128.8462096712535;2359000.0;122.57729280332553;1.0;0.0;drift_urimelig_lav|energi_urimelig_lav|renhold_urimelig_lav;implisitt_pris_utenfor
1532;Giske;2024;261;4370.0;42930.0;1613000.0;356000.0;439000.0;169000.0;3647000.0;369.1075514874142;81.46453089244851;100.45766590389016;187.1853546910755;38.672768878718536;84.95224784532961;407.78032036613274;492.73256821146236;593000.0;135.6979405034325;1.0;0.6003372681281618;;
1535;Vestnes;2024;261;12133.0;43894.0;4594000.0;842000.0;1059000.0;669000.0;7376000.0;378.63677573559715;69.39751092062968;87.28261765433116;221.9566471606363;55.13887744168796;168.04119013988245;433.7756531772851;601.8168433171676;1348000.0;111.10195335036677;1.0;0.6246290801186943;;
1539;Rauma;2024;261;16156.0;53750.0;8892000.0;1474000.0;2094000.0;363000.0;3400000.0;550.3837583560287;91.23545432037633;129.61128992324834;329.53701411240405;22.468432780391186;63.25581395348837;572.85219113642;636.1080050899084;155000.0;9.593958900717999;1.0;9.50967741935484;;kwh_urimelig_lav|implisitt_pris_utenfor
1547;Aukra;2024;261;5813.0;32287.0;3919000.0;707000.0;1048000.0;360000.0;1371000.0;674.1785652847067;121.62394632719766;180.2855668329606;372.2690521245484;61.93015654567349;42.46291076904017;736.1087218303802;778.5716325994204;765000.0;131.60158265955616;1.0;0.9241830065359478;;
1554;Averøy;2024;261;3908.0;24793.0;4266000.0;886000.0;1257000.0;563000.0;2346000.0;1091.6069600818832;226.71443193449335;321.6479017400205;543.2446264073695;144.0634595701126;94.62348243455814;1235.6704196519959;1330.293902086554;787000.0;201.38178096212897;1.0;1.1257941550190598;;
1557;Gjemnes;2024;261;7153.0;18425.0;3850000.0;1220000.0;982000.0;372000.0;1396000.0;538.2357052984762;170.55780791276388;137.28505522158534;230.39284216412693;52.006151265203414;75.76662143826323;590.2418565636796;666.0084780019428;1505000.0;210.4012302530407;1.0;0.8106312292358804;;
1560;Tingvoll;2024;261;5746.0;25783.0;4768000.0;1237000.0;1344000.0;1141000.0;3270000.0;829.7946397493909;215.28019491820396;233.90184476157327;380.6126000696136;198.57292029237732;126.8277547221037;1028.3675600417682;1155.195314763872;1103000.0;191.95962408632093;1.0;1.1214868540344514;;
1563;Sunndal;2024;261;12100.0;48587.0;6388000.0;1496000.0;2920000.0;1707000.0;4557000.0;527.9338842975206;123.63636363636364;241.32231404958677;162.97520661157026;141.07438016528926;93.7905200979686;669.00826446281;762.7987845607786;2254000.0;186.28099173553719;1.0;0.6637089618456078;;
1566;Surnadal;2024;261;7480.0;32375.0;6717000.0;1504000.0;1992000.0;289000.0;2220000.0;897.9946524064171;201.06951871657753;266.3101604278075;430.6149732620321;38.63636363636363;68.57142857142857;936.6310160427807;1005.2024446142093;1661000.0;222.05882352941177;1.0;0.9054786273329319;;
1573;Smøla;2024;261;6348.0;15864.0;1857000.0;483000.0;587000.0;215000.0;0.0;292.5330812854442;76.08695652173913;92.4700693131695;123.9760554505356;33.868935097668555;0.0;326.40201638311277;326.40201638311277;;;;;DV_uteligger_lav;kwh_mangler
1576;Aure;2024;261;7205.0;24011.0;4532000.0;1362000.0;1285000.0;541000.0;0.0;629.0076335877862;189.0353920888272;178.34836918806386;261.6238723108952;75.08674531575295;0.0;704.0943789035392;704.0943789035392;1511000.0;209.71547536433033;1.0;0.9013898080741231;;
1577;Volda;2024;261;0.0;0.0;7051000.0;1493000.0;2310000.0;1415000.0;12912000.0;;;;;;;;;2428000.0;;1.0;;areal_mangler;areal_mangler
1578;Fjord;2024;261;7036.0;31790.0;7558000.0;948000.0;2426000.0;576000.0;0.0;1074.1898806139852;134.73564525298465;344.79818078453667;594.6560545764639;81.86469584991472;0.0;1156.0545764639;1156.0545764639;1546000.0;219.72711768050027;1.0;0.6131953428201812;;
1580;Haram;2024;261;16684.0;50238.0;7065000.0;900000.0;1513000.0;2079000.0;3404000.0;423.4596020139055;53.94389834572045;90.68568688563893;278.8300167825461;124.61040517861424;67.75747442175246;548.0700071925198;615.8274816142723;3111000.0;186.46607528170702;1.0;0.2892960462873674;;implisitt_pris_utenfor
1804;Bodø;2024;261;34838.0;243147.0;20293000.0;3763000.0;3696000.0;14339000.0;27232000.0;582.4961249210633;108.01423732705666;106.09105000287043;368.3908375911361;411.59079166427466;111.99809168938954;994.0869165853378;1106.0850082747274;5877000.0;168.69510304839542;1.0;0.6402926663263571;;
1806;Narvik;2024;261;31884.0;123039.0;25459000.0;5539000.0;1176000.0;192000.0;11338000.0;798.4882699786726;173.72349767908668;36.88370342491532;587.8810688746706;6.0218291305984195;92.149643608937;804.5100991092711;896.6597427182081;6555000.0;205.58901016183665;1.0;0.8450038138825323;renhold_urimelig_lav;
1811;Bindal;2024;261;3026.0;12497.0;2755000.0;740000.0;592000.0;1113000.0;406000.0;910.44282881692;244.54725710508922;195.6378056840714;470.25776602775943;367.8122934567085;32.48779707129711;1278.2551222736286;1310.7429193449257;1052000.0;347.6536682088566;1.0;0.7034220532319392;;
1812;Sømna;2024;261;4800.0;15834.0;6078000.0;856000.0;2062000.0;388000.0;0.0;1266.25;178.33333333333334;429.5833333333333;658.3333333333334;80.83333333333333;0.0;1347.0833333333333;1347.0833333333333;1203000.0;250.625;1.0;0.7115544472152951;;
1813;Brønnøy;2024;261;13324.0;46564.0;9104000.0;1410000.0;3384000.0;2046000.0;5075000.0;683.2782948063644;105.82407685379766;253.97778444911438;323.4764335034524;153.5574902431702;108.98977751052315;836.8357850495347;945.8255625600578;1843000.0;138.3218252776944;1.0;0.7650569723277265;;
1815;Vega;2024;261;3300.0;12500.0;2357000.0;756000.0;0.0;251000.0;0.0;714.2424242424242;229.0909090909091;0.0;485.1515151515151;76.06060606060606;0.0;790.3030303030303;790.3030303030303;;;;;renhold_urimelig_lav;kwh_mangler
1816;Vevelstad;2024;261;1851.0;5749.0;673000.0;224000.0;0.0;442000.0;0.0;363.5872501350621;121.01566720691518;0.0;242.57158292814694;238.78984332793084;0.0;602.377093462993;602.377093462993;319000.0;172.3392760669908;1.0;0.7021943573667712;renhold_urimelig_lav;
1818;Herøy (Nordland);2024;261;3877.0;13648.0;4264000.0;691000.0;1512000.0;1498000.0;715000.0;1099.8194480268248;178.23059066288369;389.9922620582925;531.5965953056487;386.3812225947898;52.38862837045721;1486.2006706216146;1538.5892989920717;926000.0;238.84446737167914;1.0;0.7462203023758099;;
1820;Alstahaug;2024;261;4802.0;50792.0;3372000.0;696000.0;10000.0;769000.0;3722000.0;702.207413577676;144.9396084964598;2.0824656393169514;555.1853394418993;160.14160766347356;73.27925657583872;862.3490212411496;935.6282778169883;1113000.0;231.7784256559767;1.0;0.6253369272237197;renhold_urimelig_lav;
1822;Leirfjord;2024;261;4018.0;18895.0;1484000.0;121000.0;633000.0;79000.0;435000.0;369.3379790940767;30.11448481831757;157.54106520657044;181.68242906918866;19.661523145843702;23.021963482402754;388.99950223992033;412.0214657223231;898000.0;223.49427575908413;1.0;0.13474387527839643;energi_urimelig_lav;implisitt_pris_utenfor
1824;Vefsn;2024;261;14700.0;74693.0;13273000.0;2720000.0;1894000.0;2044000.0;6193000.0;902.9251700680272;185.03401360544217;128.843537414966;589.047619047619;139.04761904761904;82.9127227451033;1041.9727891156463;1124.8855118607496;3932000.0;267.4829931972789;1.0;0.6917599186164801;;
1825;Grane;2024;261;2000.0;8950.0;5019000.0;811000.0;2155000.0;333000.0;0.0;2509.5;405.5;1077.5;1026.5;166.5;0.0;2676.0;2676.0;500000.0;250.0;1.0;1.622;DV_uteligger_hoy;
1826;Hattfjelldal - Aarborte;2024;261;2839.0;14708.0;2015000.0;476000.0;589000.0;442000.0;615000.0;709.7569566748855;167.66467065868264;207.46741810496653;334.6248679112364;155.688622754491;41.813978787054666;865.4455794293765;907.2595582164312;785000.0;276.5058119056006;1.0;0.6063694267515923;;
1827;Dønna;2024;261;2502.0;13746.0;2872000.0;693000.0;1152000.0;83000.0;2504000.0;1147.8816946442846;276.978417266187;460.431654676259;410.47162270183856;33.17346123101519;182.16208351520442;1181.0551558752998;1363.2172393905041;244000.0;97.52198241406875;1.0;2.8401639344262293;;
1828;Nesna;2024;261;2904.0;9731.0;1894000.0;531000.0;0.0;331000.0;1959000.0;652.2038567493113;182.8512396694215;0.0;469.3526170798898;113.98071625344353;201.31538382488952;766.1845730027549;967.4999568276444;273000.0;94.00826446280992;1.0;1.945054945054945;renhold_urimelig_lav;
1832;Hemnes;2024;261;11638.0;39267.0;7089000.0;1145000.0;1943000.0;1085000.0;460000.0;609.1252792576043;98.3846021653205;166.95308472246091;343.787592369823;93.22907716102424;11.714671352535207;702.3543564186286;714.0690277711639;;;;;;kwh_mangler
1833;Rana;2024;261;24599.0;106971.0;19957000.0;3896000.0;5683000.0;2129000.0;5900000.0;811.2931419976421;158.3804219683727;231.0256514492459;421.8870685800236;86.54823366803528;55.15513550401511;897.8413756656774;952.9965111696926;3458000.0;140.5748201146388;1.0;1.1266628108733372;;
1834;Lurøy;2024;261;6966.0;23426.0;47000.0;0.0;0.0;331000.0;0.0;6.747057134654034;0.0;0.0;6.747057134654034;47.51650875681884;0.0;54.263565891472865;54.263565891472865;1232000.0;176.85902957220787;1.0;0.0;drift_urimelig_lav|energi_urimelig_lav|renhold_urimelig_lav;implisitt_pris_utenfor
1835;Træna;2024;261;1310.0;5050.0;835000.0;234000.0;326000.0;235000.0;391000.0;637.4045801526718;178.6259541984733;248.85496183206106;209.9236641221374;179.38931297709922;77.42574257425743;816.7938931297709;894.2196357040284;298000.0;227.48091603053436;1.0;0.785234899328859;;
1837;Meløy;2024;261;7707.0;40599.0;5251000.0;1057000.0;1095000.0;616000.0;7044000.0;681.3286622550928;137.1480472297911;142.07862981704943;402.10198520825224;79.92733878292461;173.50181038941847;761.2560010380174;934.7578114274359;1779000.0;230.8291163876995;1.0;0.5941540191118606;;
1838;Gildeskål;2024;261;6981.0;24441.0;5200000.0;812000.0;298000.0;2516000.0;1224000.0;744.8789571694599;116.3157140810772;42.68729408394213;585.8759490044406;360.4068185073772;50.079783969559344;1105.2857756768371;1155.3655596463964;1281000.0;183.49806617963043;1.0;0.633879781420765;renhold_urimelig_lav;
1839;Beiarn;2024;261;3155.0;11383.0;3254000.0;517000.0;954000.0;46000.0;92000.0;1031.378763866878;163.86687797147385;302.3771790808241;565.13470681458;14.580031695721077;8.0822278836862;1045.958795562599;1054.0410234462854;737000.0;233.5974643423138;1.0;0.7014925373134329;;
1840;Saltdal;2024;261;7884.0;35954.0;2759000.0;29000.0;1281000.0;949000.0;1412000.0;349.949264332826;3.678335870116692;162.48097412480973;183.78995433789953;120.37037037037037;39.27240362685654;470.31963470319636;509.5920383300529;1125000.0;142.69406392694063;1.0;0.02577777777777778;energi_urimelig_lav;implisitt_pris_utenfor
1841;Fauske - Fuossko;2024;261;7993.0;38511.0;5875000.0;1419000.0;2169000.0;1292000.0;8309000.0;735.0181408732641;177.53033904666583;271.3624421368698;286.1253596897285;161.64143625672463;215.75653709329802;896.6595771299887;1112.4161142232867;2242000.0;280.4954335043163;1.0;0.6329170383586084;;
1845;Sørfold;2024;261;4718.0;23701.0;3748000.0;287000.0;981000.0;186000.0;577000.0;794.4044086477321;60.83086053412463;207.9270877490462;525.6464603645612;39.4234845273421;24.344964347495885;833.8278931750742;858.1728575225701;;;;;;kwh_mangler
1848;Steigen;2024;261;6000.0;22400.0;5382000.0;1031000.0;1542000.0;614000.0;1039000.0;897.0;171.83333333333334;257.0;468.1666666666667;102.33333333333333;46.38392857142857;999.3333333333334;1045.717261904762;1557000.0;259.5;1.0;0.6621708413615929;;
1851;Lødingen;2024;261;2867.0;13420.0;1682000.0;557000.0;0.0;157000.0;119000.0;586.6759679107081;194.27973491454483;0.0;392.39623299616323;54.76107429368678;8.86736214605067;641.4370422043949;650.3044043504456;573000.0;199.86048133937913;1.0;0.9720767888307156;renhold_urimelig_lav;
1853;Evenes - Evenássi;2024;261;4840.0;16553.0;2764000.0;651000.0;587000.0;165000.0;611000.0;571.0743801652893;134.50413223140495;121.28099173553719;315.2892561983471;34.09090909090909;36.91173805352504;605.1652892561983;642.0770273097233;;;;;;kwh_mangler
1856;Røst;2024;261;1100.0;7493.0;1084000.0;254000.0;208000.0;33000.0;337000.0;985.4545454545455;230.9090909090909;189.0909090909091;565.4545454545455;30.0;44.97531028960363;1015.4545454545455;1060.429855744149;311000.0;282.72727272727275;1.0;0.8167202572347266;;
1857;Værøy;2024;261;1900.0;10250.0;1122000.0;263000.0;270000.0;145000.0;133000.0;590.5263157894736;138.42105263157896;142.10526315789474;310.0;76.3157894736842;12.975609756097562;666.8421052631579;679.8177150192555;230000.0;121.05263157894737;1.0;1.1434782608695653;;
1859;Flakstad;2024;261;2001.0;6943.0;1098000.0;444000.0;0.0;724000.0;317000.0;548.7256371814093;221.88905547226386;0.0;326.83658170914543;361.8190904547726;45.65749675932594;910.544727636182;956.2022243955079;634000.0;316.8415792103948;1.0;0.7003154574132492;renhold_urimelig_lav;
1860;Vestvågøy;2024;261;11344.0;64177.0;8197000.0;2445000.0;2194000.0;1640000.0;5163000.0;722.5846262341325;215.5324400564175;193.40620592383638;313.6459802538787;144.56981664315938;80.44938217741559;867.154442877292;947.6038250547076;3108000.0;273.97743300423133;1.0;0.7866795366795367;;
1865;Vågan;2024;261;11652.0;60674.0;5730000.0;792000.0;26000.0;4013000.0;4771000.0;491.7610710607621;67.97116374871267;2.2313765877102645;421.55853072433916;344.40439409543427;78.63335201239411;836.1654651561963;914.7988171685904;2234000.0;191.72674219018194;1.0;0.3545210384959714;renhold_urimelig_lav;implisitt_pris_utenfor
1866;Hadsel;2024;261;7745.0;43475.0;3145000.0;533000.0;916000.0;527000.0;3870000.0;406.06843124596514;68.81859264041317;118.26985151710781;218.97998708844415;68.04389928986443;89.0166762507188;474.1123305358296;563.1290067865484;737000.0;95.15816655907037;1.0;0.723202170963365;;
1867;Bø;2024;261;8117.0;21321.0;1867000.0;1170000.0;0.0;565000.0;81000.0;230.0110878403351;144.14192435628928;0.0;85.86916348404583;69.60699765923371;3.799071338117349;299.6180854995688;303.41715683768615;1609000.0;198.22594554638414;1.0;0.7271597265382225;renhold_urimelig_lav;
1868;Øksnes;2024;261;10686.0;32560.0;4252000.0;990000.0;1668000.0;949000.0;3248000.0;397.9037993636534;92.64458169567659;156.09208309938236;149.16713456859443;88.80778588807786;99.75429975429975;486.71158525173126;586.465885006031;1718000.0;160.7711023769418;1.0;0.5762514551804424;;
1870;Sortland - Suortá;2024;261;11947.0;73009.0;6985000.0;1409000.0;2786000.0;616000.0;5849000.0;584.665606428392;117.9375575458274;233.19661839792417;233.5314304846405;51.56106135431489;80.11341067539618;636.226667782707;716.3400784581031;2699000.0;225.91445551184398;1.0;0.5220452019266395;;
1871;Andøy;2024;261;7157.0;25177.0;3912000.0;581000.0;1133000.0;257000.0;269000.0;546.5977364817661;81.17926505519073;158.3065530250105;307.1119184015649;35.90890037725304;10.684354768240855;582.5066368590192;593.19099162726;2025000.0;282.93977923711054;1.0;0.28691358024691355;;implisitt_pris_utenfor
1875;Hamarøy - Hábmer;2024;261;3276.0;31658.0;2849000.0;552000.0;768000.0;482000.0;1341000.0;869.6581196581196;168.4981684981685;234.43223443223442;466.7277167277167;147.13064713064713;42.3589613999621;1016.7887667887668;1059.147728188729;1242000.0;379.1208791208791;1.0;0.4444444444444444;;implisitt_pris_utenfor
2111;Longyearbyen;2024;261;0.0;17258.0;0.0;0.0;0.0;0.0;4845000.0;;;;;;;;;0.0;;;;areal_mangler|drift_null;areal_mangler|kwh_mangler
3101;Halden;2024;261;26961.0;116504.0;19876000.0;2896000.0;7041000.0;1089000.0;23567000.0;737.213011386818;107.41441341196543;261.15500166907754;368.643596305775;40.391676866585065;202.28490008926732;777.6046882534031;979.8895883426704;3253000.0;120.65576202663107;1.0;0.8902551490931447;;
3103;Moss;2024;261;29182.0;181016.0;22171000.0;4388000.0;6874000.0;10049000.0;23361000.0;759.749160441368;150.36666438215337;235.55616475909807;373.8263313001165;344.35610993077927;129.0548901754541;1104.1052703721473;1233.1601605476014;3716000.0;127.33877047495031;1.0;1.1808396124865446;;
3105;Sarpsborg;2024;261;46765.0;223480.0;40160000.0;8931000.0;10614000.0;5162000.0;22041000.0;858.7618945792793;190.97615738265796;226.96461028546992;440.8211269111515;110.38169571260558;98.62627528190443;969.143590291885;1067.7698655737893;7692000.0;164.48198439003528;0.9905096203848154;1.1610764430577223;;
3107;Fredrikstad;2024;261;88646.0;401361.0;60014000.0;15878000.0;22326000.0;4272000.0;39561000.0;677.0074227827539;179.11693703043568;251.85569568846873;246.03479006384947;48.191683775917696;98.56712535597629;725.1991065586716;823.7662319146478;14850000.0;167.52024908061279;0.8557575757575757;1.0692255892255893;;
3110;Hvaler;2024;261;4556.0;21726.0;5637000.0;851000.0;1630000.0;0.0;5468000.0;1237.2695346795435;186.78665496049166;357.76997366110623;692.7129060579456;0.0;251.68001472889625;1237.2695346795435;1488.94954940844;955000.0;209.61369622475857;1.0;0.8910994764397905;;
3112;Råde;2024;261;7691.0;38238.0;5825000.0;1288000.0;2342000.0;1456000.0;1553000.0;757.378754388246;167.46846963983876;304.5117670003901;285.3985177480172;189.3121830711221;40.6140488519274;946.6909374593681;987.3049863112955;711000.0;92.44571577168118;1.0;1.811533052039381;;
3114;Våler (Østfold);2024;261;1485.0;17610.0;3385000.0;1142000.0;0.0;293000.0;2538000.0;2279.4612794612794;769.023569023569;0.0;1510.4377104377104;197.30639730639732;144.12265758091993;2476.7676767676767;2620.8903343485968;290000.0;195.2861952861953;1.0;3.9379310344827587;renhold_urimelig_lav;implisitt_pris_utenfor
3116;Skiptvet;2024;261;8634.0;26884.0;4572000.0;1634000.0;78000.0;260000.0;713000.0;529.5343988881167;189.2517952281677;9.034051424600417;331.2485522353486;30.113504748668056;26.521350989436097;559.6479036367848;586.1692546262209;1751000.0;202.80287236506834;0.9503141062250143;0.9331810394060537;renhold_urimelig_lav;
3118;Indre Østfold;2024;261;46252.0;184039.0;34070000.0;8985000.0;9168000.0;3776000.0;16425000.0;736.6167949494076;194.2618697569835;198.2184554181441;344.13646977428004;81.63971287728099;89.24738778193752;818.2565078266886;907.5038956086261;10548000.0;228.05500302689615;0.9675767918088737;0.8518202502844141;;
3120;Rakkestad;2024;261;6954.0;38827.0;5111000.0;1545000.0;1382000.0;233000.0;1685000.0;734.9726775956284;222.17428817946507;198.73454127121082;314.06384814495254;33.50589588725913;43.39763566590259;768.4785734828876;811.8762091487902;1354000.0;194.70808167960885;1.0;1.1410635155096012;;
3122;Marker;2024;261;6400.0;22820.0;5295000.0;1064000.0;1322000.0;398000.0;605000.0;827.34375;166.25;206.5625;454.53125;62.1875;26.511831726555652;889.53125;916.0430817265557;930000.0;145.3125;0.9397849462365592;1.1440860215053763;;
3124;Aremark;2024;261;5172.0;15974.0;3150000.0;582000.0;1275000.0;252000.0;468000.0;609.0487238979118;112.52900232018561;246.51972157772622;250.0;48.72389791183295;29.297608613997745;657.7726218097448;687.0702304237426;703000.0;135.92420726991492;1.0;0.8278805120910384;;
3201;Bærum;2024;261;118637.0;621265.0;102031000.0;25255000.0;19359000.0;13915000.0;89738000.0;860.0268044539225;212.87625277105792;163.17843505820275;483.9721166246618;117.29055859470486;144.4439973280323;977.3173630486273;1121.7613603766595;28190000.0;237.6155836711987;1.0;0.8958850656261085;;
3203;Asker;2024;261;72240.0;451395.0;55838000.0;12443000.0;12091000.0;12888000.0;57867000.0;772.9512735326689;172.2452934662237;167.37264673311185;433.3333333333333;178.40531561461793;128.1959259628485;951.3565891472869;1079.5525151101353;11426000.0;158.1672203765227;1.0;1.0890075266935062;;
3205;Lillestrøm;2024;261;56289.0;385385.0;55246000.0;12502000.0;12587000.0;14905000.0;35955000.0;981.470624811242;222.10378581960953;223.61384995292153;535.7529890387109;264.79418714135977;93.29631407553485;1246.2648119526018;1339.5611260281366;11823000.0;210.04103821350532;1.0;1.0574304322084074;;
3207;Nordre Follo;2024;261;51550.0;281327.0;49541000.0;6826000.0;14495000.0;6278000.0;29367000.0;961.0281280310378;132.41513094083413;281.18331716779824;547.4296799224054;121.7846750727449;104.38742104383867;1082.8128031037827;1187.2002241476214;8249000.0;160.01939864209504;1.0;0.8274942417262698;;
3209;Ullensaker;2024;261;26575.0;188401.0;40464000.0;8888000.0;9395000.0;4059000.0;13791000.0;1522.6340545625587;334.4496707431797;353.5277516462841;834.656632173095;152.73753527751646;73.2002484063248;1675.3715898400753;1748.5718382464001;7560000.0;284.47789275634995;1.0;1.1756613756613759;;
3212;Nesodden;2024;261;11194.0;76664.0;14844000.0;2858000.0;4600000.0;852000.0;7509000.0;1326.0675361800966;255.31534750759334;410.93442915847777;659.8177595140254;76.11220296587457;97.94688510904727;1402.179739145971;1500.1266242550184;2751000.0;245.75665535108092;1.0;1.0388949472918938;;
3214;Frogn;2024;261;15533.0;81557.0;13687000.0;2823000.0;4535000.0;2014000.0;7688000.0;881.1562479881543;181.74209746990277;291.95905491534154;407.4550956029099;129.6594347518187;94.2653604227718;1010.815682739973;1105.081043162745;2655000.0;170.92641472992983;1.0;1.063276836158192;;
3216;Vestby;2024;261;9718.0;99903.0;8882000.0;2666000.0;176000.0;1113000.0;3300000.0;913.9740687384235;274.3362831858407;18.110722370858202;621.5270631817247;114.5297386293476;33.03204107984745;1028.503807367771;1061.5358484476185;2898000.0;298.2095081292447;0.8640441683919945;0.919944789510007;renhold_urimelig_lav;
3218;Ås;2024;261;26597.0;129084.0;16622000.0;3792000.0;4681000.0;1912000.0;12870000.0;624.9577019964657;142.57247057938866;175.9972929277738;306.3879384893033;71.88780689551453;99.70251928976481;696.8455088919803;796.5480281817452;3593000.0;135.09042373199986;1.0;1.0553854717506261;;
3220;Enebakk;2024;261;10441.0;52926.0;7409000.0;1366000.0;987000.0;299000.0;3689000.0;709.606359544105;130.83038023177858;94.53117517479168;484.24480413753474;28.63710372569677;69.70109209084382;738.2434632698017;807.9445553606456;1435000.0;137.43894263001627;1.0;0.9519163763066204;;
3222;Lørenskog;2024;261;23875.0;207245.0;22247000.0;4865000.0;4907000.0;7851000.0;18139000.0;931.8115183246073;203.7696335078534;205.52879581151834;522.5130890052357;328.83769633507853;87.52442760983377;1260.6492146596859;1348.1736422695196;4527000.0;189.61256544502618;1.0;1.0746631323172078;;
3224;Rælingen;2024;261;19516.0;124734.0;10005000.0;2518000.0;2025000.0;921000.0;7429000.0;512.6562820250051;129.0223406435745;103.76101660176266;279.872924779668;47.19204755072761;59.55874100084981;559.8483295757327;619.4070705765826;3571000.0;182.97806927649108;1.0;0.7051246149537944;;
3226;Aurskog-Høland;2024;261;27846.0;85643.0;15041000.0;897000.0;5219000.0;3616000.0;11259000.0;540.1493930905696;32.212885154061624;187.42368742368743;320.5128205128205;129.85707103354162;131.46433450486322;670.0064641241112;801.4707986289744;4237000.0;152.15829921712276;1.0;0.21170639603493036;energi_urimelig_lav;implisitt_pris_utenfor
3228;Nes;2024;261;13649.0;81360.0;10517000.0;2664000.0;3035000.0;1171000.0;10000000.0;770.5326397538281;195.17913400249103;222.36061249908417;352.9928932522529;85.79383104989377;122.91052114060963;856.3264708037219;979.2369919443315;2364000.0;173.1995017950033;1.0;1.1269035532994924;;
3230;Gjerdrum;2024;261;8746.0;32160.0;4654000.0;800000.0;1837000.0;792000.0;4176000.0;532.128973244912;91.4703864623828;210.03887491424652;230.61971186828265;90.55568259775897;129.8507462686567;622.684655842671;752.5354021113277;683000.0;78.09284244225933;1.0;1.171303074670571;;kwh_uteligger
3232;Nittedal;2024;261;15334.0;109060.0;11395000.0;2910000.0;2716000.0;2666000.0;8903000.0;743.1198643537238;189.7743576366245;177.12273379418286;376.2227729229164;173.86200599973915;81.63396295617092;916.9818703534629;998.6158333096338;2877000.0;187.62227729229164;1.0;1.0114702815432743;;
3234;Lunner;2024;261;10158.0;47100.0;8502000.0;2278000.0;1827000.0;87000.0;3064000.0;836.9757826343769;224.25674345343572;179.85823981098642;432.8607993699547;8.564678086237448;65.05307855626327;845.5404607206143;910.5935392768776;1771000.0;174.3453435715692;1.0;1.2862789384528515;;
3236;Jevnaker;2024;261;13333.0;39617.0;6373000.0;1779000.0;1246000.0;1036000.0;1525000.0;477.98694967374183;133.42833570839272;93.45233630840771;251.10627765694142;77.70194254856371;38.493575990105256;555.6888922223055;594.1824682124108;1608000.0;120.60301507537689;1.0;1.1063432835820897;;
3238;Nannestad;2024;261;17084.0;73033.0;8752000.0;2515000.0;1409000.0;455000.0;4994000.0;512.2922032310934;147.21376726761883;82.47483025052681;282.6036057129478;26.633107000702413;68.3800473758438;538.9253102317958;607.3053576076396;2512000.0;147.03816436431748;1.0;1.0011942675159238;;
3240;Eidsvoll;2024;261;14329.0;96699.0;13629000.0;2637000.0;4436000.0;4095000.0;11268000.0;951.1480214948706;184.03238188289484;309.58196664107754;457.5336729708982;285.78407425500734;116.52654112245214;1236.9320957498778;1353.4586368723299;1941000.0;135.45955754065182;1.0;1.358578052550232;;
3242;Hurdal;2024;261;3826.0;14980.0;3758000.0;1684000.0;585000.0;494000.0;491000.0;982.2268687924726;440.1463669628855;152.90120230005226;389.1792995295348;129.11657083115526;32.77703604806408;1111.3434396236278;1144.1204756716918;1324000.0;346.0533193936226;1.0;1.2719033232628398;;
3301;Drammen;2024;261;44611.0;363416.0;35022000.0;4988000.0;11259000.0;13960000.0;53367000.0;785.0530138306696;111.81098832126605;252.38169958082088;420.86032592858265;312.9273049247943;146.84824003346029;1097.980318755464;1244.8285587889243;6781000.0;152.002869247495;1.0;0.7355847220174017;;
3303;Kongsberg;2024;261;16522.0;93900.0;18641000.0;4788000.0;4493000.0;3187000.0;12579000.0;1128.2532381067667;289.7954242827745;271.94044304563613;566.5173707783562;192.8943227212202;133.96166134185304;1321.147560827987;1455.10922216984;3062000.0;185.3286527054836;1.0;1.5636838667537558;;
3305;Ringerike;2024;261;30095.0;144354.0;28788000.0;6072000.0;6863000.0;2253000.0;4376000.0;956.5708589466689;201.7610898820402;228.04452566871572;526.765243395913;74.8629340421997;30.314366072294497;1031.4337929888686;1061.748159061163;3356000.0;111.51354045522513;1.0;1.8092967818831942;;
3310;Hole;2024;261;5074.0;29436.0;4088000.0;1066000.0;1426000.0;973000.0;3919000.0;805.6759952700039;210.09065825778478;281.0405991328341;314.5447378793851;191.7619235317304;133.1362956923495;997.4379188017343;1130.574214494084;940000.0;185.25817895151755;1.0;1.1340425531914893;;
3312;Lier;2024;261;25024.0;119944.0;15973000.0;4575000.0;3014000.0;2631000.0;18797000.0;638.3072250639386;182.82448849104858;120.44437340153452;335.0383631713555;105.13906649616368;156.71480024011206;743.4462915601023;900.1610918002143;3608000.0;144.18158567774935;1.0;1.2680155210643016;;
3314;Øvre Eiker;2024;261;21790.0;88251.0;13072000.0;3841000.0;2234000.0;1314000.0;7754000.0;599.9082147774209;176.2735199632859;102.52409362092703;321.1106011932079;60.30289123451124;87.86302704785214;660.2111060119321;748.0741330597842;3115000.0;142.9554841670491;1.0;1.2330658105939005;;
3316;Modum;2024;261;25292.0;72560.0;8875000.0;1581000.0;2212000.0;970000.0;6525000.0;350.9014708208129;62.50988454847383;87.45848489640993;200.93310137592914;38.35204807844378;89.92557883131202;389.2535188992567;479.1790977305687;2036000.0;80.49976277083663;0.9788801571709234;0.7765225933202358;;kwh_uteligger
3318;Krødsherad;2024;261;7979.0;18064.0;4343000.0;1347000.0;0.0;458000.0;2618000.0;544.3037974683544;168.81814763754858;0.0;375.48564983080587;57.40067677653841;144.9291408325952;601.7044742448928;746.633615077488;1312000.0;164.4316330367214;1.0;1.0266768292682928;renhold_urimelig_lav;
3320;Flå;2024;261;4110.0;12194.0;2277000.0;335000.0;759000.0;77000.0;811000.0;554.014598540146;81.50851581508516;184.67153284671534;287.8345498783455;18.734793187347933;66.50811874692472;572.749391727494;639.2575104744187;905000.0;220.19464720194648;1.0;0.3701657458563536;;implisitt_pris_utenfor
3322;Nesbyen;2024;261;8974.0;34093.0;4404000.0;646000.0;1767000.0;728000.0;6184000.0;490.7510586137731;71.98573657232004;196.90216180075774;221.86316024069535;81.1232449297972;181.38620831255682;571.8743035435704;753.2605118561272;1491000.0;166.14664586583464;1.0;0.43326626425217973;;implisitt_pris_utenfor
3324;Gol;2024;261;5656.0;37004.0;4737000.0;554000.0;1270000.0;419000.0;3267000.0;837.5176803394626;97.94908062234795;224.54031117397454;515.02828854314;74.08062234794907;88.28775267538644;911.5983026874115;999.886055362798;1356000.0;239.74540311173973;1.0;0.4085545722713865;;implisitt_pris_utenfor
3326;Hemsedal;2024;261;4965.0;22970.0;2763000.0;303000.0;902000.0;997000.0;2768000.0;556.4954682779456;61.027190332326285;181.67170191339375;313.7965760322256;200.80563947633433;120.50500653025685;757.30110775428;877.8061142845369;649000.0;130.71500503524672;1.0;0.4668721109399076;;implisitt_pris_utenfor
3328;Ål;2024;261;13048.0;38655.0;10544000.0;1284000.0;3786000.0;1619000.0;3398000.0;808.0931943592888;98.40588595953403;290.1594114040466;419.52789699570815;124.0803188228081;87.90583365670676;932.1735131820968;1020.0793468388035;4270000.0;327.25321888412014;1.0;0.3007025761124122;;implisitt_pris_utenfor
3330;Hol;2024;261;8004.0;32137.0;6167000.0;201000.0;2499000.0;1246000.0;6414000.0;770.4897551224387;25.112443778110944;312.21889055472263;433.1584207896052;155.67216391804098;199.58303513084607;926.1619190404798;1125.7449541713258;1553000.0;194.0279860069965;1.0;0.12942691564713457;energi_urimelig_lav;implisitt_pris_utenfor
3332;Sigdal;2024;261;5945.0;20596.0;5619000.0;1757000.0;1551000.0;1037000.0;3664000.0;945.1640033641715;295.542472666106;260.8915054667788;388.7300252312868;174.4322960470984;177.89862109147407;1119.59629941127;1297.494920502744;1606000.0;270.1429772918419;1.0;1.0940224159402243;;
3334;Flesberg;2024;261;5366.0;20497.0;3273000.0;644000.0;883000.0;261000.0;2920000.0;609.951546775997;120.01490868430861;164.55460305628029;325.38203503540814;48.63958255683936;142.45987217641607;658.5911293328364;801.0510015092525;910000.0;169.5862840104361;1.0;0.7076923076923076;;
3336;Rollag;2024;261;6068.0;18541.0;2426000.0;924000.0;34000.0;172000.0;3551000.0;399.8022412656559;152.27422544495715;5.603164139749506;241.92485168094925;28.345418589321028;191.52149290761017;428.14765985497695;619.6691527625871;725000.0;119.47923533289386;1.0;1.2744827586206897;renhold_urimelig_lav;
3338;Nore og Uvdal;2024;261;9200.0;31015.0;5420000.0;215000.0;2461000.0;305000.0;2363000.0;589.1304347826087;23.369565217391305;267.5;298.2608695652174;33.15217391304348;76.1889408350798;622.2826086956521;698.471549530732;2336000.0;253.91304347826087;1.0;0.0920376712328767;energi_urimelig_lav;implisitt_pris_utenfor
3401;Kongsvinger;2024;261;18831.0;80962.0;13370000.0;2935000.0;3766000.0;1195000.0;11413000.0;709.9994689607562;155.86001805533428;199.989379215124;354.1500716902979;63.45918963411396;140.96736740693166;773.4586585948701;914.4260260018018;2984000.0;158.46211034995486;1.0;0.9835790884718498;;
3403;Hamar;2024;261;46097.0;182784.0;42719000.0;10342000.0;14284000.0;2339000.0;23106000.0;926.7197431503134;224.35299477189406;309.8683211488817;392.4984272295377;50.740829121200946;126.41150210084034;977.4605722715144;1103.8720743723547;11047000.0;239.64683168102044;1.0;0.9361817688060108;;
3405;Lillehammer;2024;261;25060.0;118240.0;18120000.0;3290000.0;4542000.0;701000.0;21529000.0;723.0646448523544;131.2849162011173;181.24501197126895;410.5347166799681;27.972865123703112;182.07882273342355;751.0375099760574;933.116332709481;3788000.0;151.15722266560255;1.0;0.8685322069693769;;
3407;Gjøvik;2024;261;31161.0;114377.0;20701000.0;5460000.0;8086000.0;1127000.0;16821000.0;664.323994737011;175.21902377972467;259.4910304547351;229.61394050255126;36.167003626327784;147.06628080820445;700.4909983633388;847.5572791715433;4897000.0;157.1515676647091;1.0;1.1149683479681438;;
3411;Ringsaker;2024;261;47295.0;160559.0;36317000.0;9620000.0;12866000.0;4007000.0;25404000.0;767.8824400042288;203.4041653451739;272.03721323607147;292.4410614229834;84.72354371498044;158.2222111497954;852.6059837192092;1010.8281948690046;7677000.0;162.32159847764035;1.0;1.2530936563761885;;
3412;Løten;2024;261;9571.0;38951.0;7401000.0;1276000.0;2446000.0;263000.0;1151000.0;773.273430153589;133.31940236129975;255.56368195590846;384.39034583638073;27.47884233622401;29.549947369772276;800.752272489813;830.3022198595853;2171000.0;226.83105213666283;1.0;0.5877475817595578;;
3413;Stange;2024;261;14470.0;104506.0;10366000.0;2420000.0;2749000.0;3062000.0;10000000.0;716.3787145818935;167.24257083621285;189.97926744989633;359.1568762957844;211.61022805805115;95.68828584004746;927.9889426399448;1023.6772284799922;2941000.0;203.2480995162405;1.0;0.8228493709622577;;
3414;Nord-Odal;2024;261;6365.0;28506.0;4642000.0;1340000.0;1496000.0;1129000.0;2862000.0;729.3008641005499;210.52631578947367;235.03534956794974;283.73919874312645;177.37627651217596;100.39991580719848;906.6771406127258;1007.0770564199242;1177000.0;184.91751767478397;1.0;1.1384876805437554;;
3415;Sør-Odal;2024;261;7759.0;34464.0;6705000.0;1910000.0;2448000.0;1417000.0;3784000.0;864.157752287666;246.1657430081196;315.5045753318727;302.48743394767365;182.62662714267302;109.79572887650882;1046.784379430339;1156.5801083068477;2357000.0;303.77625982729734;1.0;0.8103521425540942;;
3416;Eidskog;2024;261;7508.0;31293.0;6220000.0;1724000.0;1651000.0;618000.0;3798000.0;828.4496537027171;229.621736814065;219.89877464038358;378.92914224826853;82.31220031965903;121.36899626114466;910.7618540223762;1032.1308502835209;1791000.0;238.54555141182738;0.964824120603015;0.9625907314349526;;
3417;Grue;2024;261;5900.0;19012.0;7074000.0;2396000.0;1561000.0;322000.0;1675000.0;1198.9830508474577;406.10169491525426;264.5762711864407;528.3050847457627;54.57627118644068;88.10225120976226;1253.5593220338983;1341.6615732436605;1861000.0;315.4237288135593;0.9865663621708759;1.2874798495432564;;
3418;Åsnes;2024;261;6250.0;41800.0;7904000.0;2416000.0;2860000.0;598000.0;2222000.0;1264.64;386.56;457.6;420.48;95.68;53.1578947368421;1360.32;1413.477894736842;2489000.0;398.24;1.0;0.9706709521896344;;
3419;Våler (Innlandet);2024;261;11218.0;26050.0;12192000.0;1581000.0;177000.0;663000.0;1466000.0;1086.8247459440186;140.93421287216972;15.778213585309324;930.1123194865395;59.10144410768408;56.27639155470249;1145.9261900517026;1202.2025816064051;1465000.0;130.59368871456587;0.46484641638225255;1.0791808873720137;renhold_urimelig_lav;
3420;Elverum;2024;261;26906.0;106837.0;18962000.0;4839000.0;6042000.0;1384000.0;6787000.0;704.7498699174905;179.84836096038057;224.55957778934066;300.34193116776925;51.438340890507696;63.526680831547125;756.1882108079982;819.7148916395453;4626000.0;171.93191109789637;1.0;1.0460440985732815;;
3421;Trysil;2024;261;9325.0;31048.0;9341000.0;2137000.0;4175000.0;326000.0;2130000.0;1001.71581769437;229.16890080428954;447.7211796246649;324.82573726541557;34.9597855227882;68.60345271837156;1036.6756032171581;1105.2790559355296;2953000.0;316.6756032171582;1.0;0.7236708432102945;;
3422;Åmot;2024;261;6200.0;30624.0;3737000.0;1256000.0;855000.0;688000.0;5188000.0;602.741935483871;202.58064516129033;137.90322580645162;262.258064516129;110.96774193548387;169.40961337513062;713.7096774193549;883.1192907944856;;;;;;kwh_mangler
3423;Stor-Elvdal;2024;261;4640.0;18089.0;3647000.0;1107000.0;1187000.0;435000.0;2284000.0;785.9913793103449;238.57758620689654;255.81896551724137;291.5948275862069;93.75;126.26458068439383;879.7413793103449;1006.0059599947388;1023000.0;220.47413793103448;0.9990224828934506;1.0821114369501466;;
3424;Rendalen;2024;261;4017.0;15140.0;1703000.0;1066000.0;0.0;325000.0;11251000.0;423.9482200647249;265.37216828478967;0.0;158.57605177993528;80.90614886731392;743.1307793923381;504.8543689320388;1247.985148324377;671000.0;167.04007966143888;0.9985096870342772;1.5886736214605068;renhold_urimelig_lav;
3425;Engerdal;2024;261;3700.0;14750.0;3608000.0;1190000.0;1005000.0;194000.0;1191000.0;975.1351351351351;321.6216216216216;271.6216216216216;381.8918918918919;52.432432432432435;80.7457627118644;1027.5675675675675;1108.313330279432;1052000.0;284.3243243243243;1.0;1.1311787072243347;;
3426;Tolga;2024;261;4030.0;15986.0;2304000.0;482000.0;852000.0;375000.0;2114000.0;571.712158808933;119.6029776674938;211.41439205955334;240.69478908188586;93.05210918114143;132.24071062179408;664.7642679900745;797.0049786118685;1102000.0;273.4491315136476;1.0;0.4373865698729583;;implisitt_pris_utenfor
3427;Tynset;2024;261;15918.0;48773.0;4079000.0;1179000.0;1002000.0;232000.0;2483000.0;256.25078527453195;74.06709385601206;62.94760648322654;119.23608493529338;14.574695313481593;50.909314579787996;270.8254805880136;321.73479516780156;3007000.0;188.9056414122377;1.0;0.3920851346857333;DV_uteligger_lav;implisitt_pris_utenfor
3428;Alvdal;2024;261;6560.0;23607.0;3495000.0;970000.0;1247000.0;176000.0;0.0;532.7743902439024;147.8658536585366;190.09146341463415;194.8170731707317;26.829268292682926;0.0;559.6036585365854;559.6036585365854;1582000.0;241.15853658536585;1.0;0.6131479140328698;;
3429;Folldal;2024;261;5342.0;13409.0;3913000.0;973000.0;867000.0;287000.0;383000.0;732.4971920628977;182.14152002995132;162.29876450767503;388.0569075252714;53.72519655559716;28.562905511223804;786.222388618495;814.7852941297187;660000.0;123.54923249719207;1.0;1.4742424242424241;;
3430;Os;2024;261;4366.0;16925.0;2804000.0;802000.0;563000.0;617000.0;509000.0;642.2354557947779;183.6921667430142;128.95098488318828;329.59230416857537;141.319285387082;30.073855243722303;783.5547411818599;813.6285964255821;832000.0;190.56344480073292;1.0;0.9639423076923078;;
3431;Dovre;2024;261;6740.0;20099.0;6608000.0;1803000.0;1369000.0;403000.0;1070000.0;980.4154302670623;267.5074183976261;203.11572700296736;509.79228486646883;59.79228486646884;53.23647942683716;1040.207715133531;1093.4441945603683;1901000.0;282.0474777448071;1.0;0.9484481851657023;;
3432;Lesja;2024;261;5679.0;21230.0;4240000.0;367000.0;1490000.0;29000.0;1292000.0;746.6103187180842;64.62405353055115;262.3701355872513;419.61612960028174;5.106532840288783;60.857277437588316;751.7168515583729;812.5741289959612;758000.0;133.47420320478957;1.0;0.4841688654353562;;implisitt_pris_utenfor
3433;Skjåk;2024;261;6894.0;19390.0;4730000.0;1297000.0;1304000.0;578000.0;1966000.0;686.1038584276182;188.1346098056281;189.149985494633;308.81926312735715;83.8410211778358;101.39247034553894;769.944879605454;871.337349950993;1411000.0;204.6707281694227;1.0;0.9192062367115521;;
3434;Lom;2024;261;0.0;0.0;4668000.0;1253000.0;1473000.0;345000.0;1963000.0;;;;;;;;;1560000.0;;1.0;;areal_mangler;areal_mangler
3435;Vågå;2024;261;8800.0;25419.0;8271000.0;1783000.0;2996000.0;446000.0;2847000.0;939.8863636363636;202.61363636363637;340.45454545454544;396.8181818181818;50.68181818181818;112.00283252685;990.5681818181819;1102.571014345032;1228000.0;139.54545454545453;1.0;1.4519543973941371;;
3436;Nord-Fron;2024;261;15177.0;50276.0;6610000.0;3962000.0;172000.0;546000.0;3362000.0;435.5274428411412;261.0529090070501;11.332937998286882;163.14159583580417;35.975489227119986;66.87087278224202;471.5029320682612;538.3738048505032;2912000.0;191.86927587797325;1.0;1.360576923076923;renhold_urimelig_lav;
3437;Sel;2024;261;13300.0;41280.0;11547000.0;2470000.0;2652000.0;1134000.0;3116000.0;868.1954887218045;185.71428571428572;199.3984962406015;483.0827067669173;85.26315789473684;75.48449612403101;953.4586466165414;1028.9431427405725;2994000.0;225.11278195488723;1.0;0.8249832999331997;;
3438;Sør-Fron;2024;261;7184.0;28896.0;6960000.0;1427000.0;1728000.0;363000.0;129000.0;968.8195991091314;198.6358574610245;240.53452115812917;529.6492204899778;50.52895322939867;4.464285714285714;1019.3485523385301;1023.8128380528158;2199000.0;306.0968819599109;1.0;0.648931332423829;;
3439;Ringebu;2024;261;5919.0;28418.0;3082000.0;657000.0;675000.0;378000.0;2418000.0;520.696063524244;110.99847947288393;114.03953370501775;295.6580503463423;63.862138874809936;85.08691674290942;584.5582023990539;669.6451191419634;737000.0;124.51427606014529;1.0;0.8914518317503392;;
3440;Øyer;2024;261;8576.0;35522.0;6302000.0;1221000.0;2264000.0;289000.0;768000.0;734.8414179104477;142.3740671641791;263.9925373134328;328.47481343283584;33.69869402985075;21.620404256517087;768.5401119402985;790.1605161968156;1135000.0;132.34608208955223;1.0;1.0757709251101324;;
3441;Gausdal;2024;261;10657.0;35859.0;8497000.0;1744000.0;2330000.0;768000.0;5722000.0;797.3163179131087;163.64830627756405;218.63563854743362;415.0323730881111;72.06530918645022;159.56942469115145;869.381627099559;1028.9510517907104;1569000.0;147.22717462700572;0.9878903760356915;1.1115360101975782;;
3442;Østre Toten;2024;261;16528.0;71409.0;13955000.0;4186000.0;3064000.0;1286000.0;10518000.0;844.3247821878025;253.2671829622459;185.38238141335916;405.6752178121975;77.80735721200388;147.29235810612107;922.1321393998064;1069.4244975059275;2398000.0;145.08712487899322;1.0;1.7456213511259384;;
3443;Vestre Toten;2024;261;14800.0;75284.0;7227000.0;3288000.0;1132000.0;339000.0;8242000.0;488.31081081081084;222.16216216216216;76.48648648648648;189.66216216216216;22.905405405405407;109.47877371021731;511.2162162162162;620.6949899264335;3428000.0;231.6216216216216;1.0;0.9591598599766628;;
3446;Gran;2024;261;20532.0;77303.0;11701000.0;4507000.0;3395000.0;1468000.0;4958000.0;569.8909020066238;219.51100720826028;165.35164621079292;185.02824858757063;71.49814923046951;64.1372262396026;641.3890512370933;705.5262774766959;3354000.0;163.35476329631794;0.9895646988670245;1.343768634466309;;
3447;Søndre Land;2024;261;5129.0;28810.0;7998000.0;2223000.0;1154000.0;845000.0;1832000.0;1559.3682979138234;433.4178202378631;224.9951257555079;900.9553519204524;164.74946383310586;63.58903158625477;1724.1177617469293;1787.7067933331841;736000.0;143.49775784753362;1.0;3.020380434782609;;implisitt_pris_utenfor
3448;Nordre Land;2024;261;13992.0;49357.0;7976000.0;1610000.0;2850000.0;323000.0;2516000.0;570.0400228702116;115.06575185820469;203.68782161234992;251.28644939965696;23.08461978273299;50.975545515327106;593.1246426529445;644.1001881682716;3684000.0;263.29331046312177;1.0;0.4370249728555918;;implisitt_pris_utenfor
3449;Sør-Aurdal;2024;261;5479.0;20692.0;5019000.0;1761000.0;1153000.0;533000.0;2863000.0;916.0430735535682;321.40901624384014;210.4398612885563;384.19419602117176;97.28052564336558;138.36265223274697;1013.3235991969337;1151.6862514296806;1356000.0;247.49041795948165;1.0;1.2986725663716816;;
3450;Etnedal;2024;261;2700.0;12840.0;2193000.0;1170000.0;4000.0;78000.0;1763000.0;812.2222222222222;433.3333333333333;1.4814814814814814;377.4074074074074;28.88888888888889;137.30529595015577;841.1111111111111;978.4164070612669;907000.0;335.9259259259259;1.0;1.2899669239250275;renhold_urimelig_lav;
3451;Nord-Aurdal;2024;261;1234.0;26813.0;8803000.0;2022000.0;2259000.0;661000.0;2571000.0;7133.711507293355;1638.5737439222041;1830.6320907617503;3664.5056726094003;535.6564019448947;95.8863237981576;7669.36790923825;7765.254233036408;429000.0;347.64991896272284;1.0;4.713286713286713;DV_uteligger_hoy;implisitt_pris_utenfor
3452;Vestre Slidre;2024;261;3864.0;13556.0;3794000.0;1067000.0;224000.0;452000.0;0.0;981.8840579710145;276.13871635610764;57.971014492753625;647.7743271221532;116.97722567287785;0.0;1098.8612836438924;1098.8612836438924;808000.0;209.1097308488613;1.0;1.3205445544554455;;
3453;Øystre Slidre;2024;261;10489.0;26228.0;6450000.0;1567000.0;1799000.0;305000.0;466000.0;614.9299265897607;149.3946038707217;171.51301363333016;294.02230908570886;29.078081799980932;17.76727161811804;644.0080083897417;661.7752800078597;1475000.0;140.62351034417009;1.0;1.062372881355932;;
3454;Vang;2024;261;5400.0;18100.0;6171000.0;978000.0;1656000.0;446000.0;1140000.0;1142.7777777777778;181.11111111111111;306.6666666666667;655.0;82.5925925925926;62.98342541436464;1225.3703703703704;1288.353795784735;1998000.0;370.0;1.0;0.4894894894894895;;implisitt_pris_utenfor
3901;Horten;2024;261;21462.0;127794.0;12081000.0;3118000.0;4083000.0;2011000.0;7080000.0;562.9018730779983;145.28002982014723;190.2432205759016;227.37862268194948;93.70049389618862;55.40166204986149;656.6023669741869;712.0040290240484;3548000.0;165.31544124499115;0.9997181510710259;0.8788049605411499;;
3903;Holmestrand;2024;261;22069.0;114682.0;11792000.0;3917000.0;2721000.0;2060000.0;10774000.0;534.324165118492;177.48878517377315;123.29511985137523;233.5402600933436;93.34360415061852;93.94673968015906;627.6677692691105;721.6145089492695;3348000.0;151.70601295935475;0.8835125448028673;1.1699522102747908;;
3905;Tønsberg;2024;261;44716.0;232864.0;31044000.0;6833000.0;8047000.0;4674000.0;16956000.0;694.2481438411307;152.8088379998211;179.95795688344217;361.48134895786745;104.52634403792825;72.81503366772021;798.7744878790589;871.5895215467791;6932000.0;155.02281062706862;0.9909117137911136;0.9857184073860357;;
3907;Sandefjord;2024;261;47806.0;268962.0;42730000.0;10350000.0;11695000.0;892000.0;15105000.0;893.8208593063632;216.5000209178764;244.63456469899177;432.68627368949507;18.658745764130025;56.16034978918955;912.4796050704932;968.6399548596828;9828000.0;205.58088942810525;1.0;1.0531135531135531;;
3909;Larvik;2024;261;49940.0;178976.0;35478000.0;9095000.0;9078000.0;8292000.0;10829000.0;710.4124949939928;182.11854225070084;181.77813376051262;346.5158189827793;166.03924709651582;60.505319148936174;876.4517420905086;936.9570612394448;8436000.0;168.92270724869843;1.0;1.0781175912754861;;
3911;Færder;2024;261;20513.0;91199.0;16536000.0;2833000.0;5659000.0;2631000.0;10919000.0;806.1229464242188;138.10754155901137;275.8738361039341;392.14156876127333;128.26012772388242;119.72718999111832;934.3830741481012;1054.1102641392195;3649000.0;177.88719348705698;1.0;0.7763770896135929;;
4001;Porsgrunn;2024;261;35128.0;182778.0;31565000.0;8269000.0;8246000.0;3062000.0;16643000.0;898.5709405602369;235.39626508767935;234.74151673878387;428.4331587337736;87.16693236164883;91.05581634551204;985.7378729218857;1076.7936892673977;6116000.0;174.1061261671601;1.0;1.3520274689339438;;
4003;Skien;2024;261;51406.0;252065.0;36105000.0;11500000.0;10439000.0;8185000.0;18731000.0;702.3499202427732;223.70929463486752;203.06968058203321;275.57094502587245;159.22265883359918;74.31019776644914;861.5725790763724;935.8827768428216;10488000.0;204.02287670699917;1.0;1.0964912280701755;;
4005;Notodden;2024;261;10988.0;57571.0;7680000.0;2393000.0;1762000.0;542000.0;2200000.0;698.9443028758645;217.78303603931562;160.35675282125956;320.8045140152894;49.326538041499816;38.21368397283354;748.2708409173644;786.4845248901979;2127000.0;193.5748088824172;1.0;1.1250587682181477;;
4010;Siljan;2024;261;2285.0;11558.0;1855000.0;591000.0;449000.0;436000.0;256000.0;811.8161925601751;258.6433260393873;196.49890590809628;356.6739606126915;190.80962800875272;22.14916075445579;1002.6258205689278;1024.7749813233836;440000.0;192.5601750547046;1.0;1.3431818181818183;;
4012;Bamble;2024;261;8125.0;79257.0;6920000.0;2185000.0;1852000.0;367000.0;5581000.0;851.6923076923077;268.9230769230769;227.93846153846152;354.83076923076925;45.16923076923077;70.41649318041308;896.8615384615384;967.2780316419515;1873000.0;230.52307692307693;1.0;1.1665776828617191;;
4014;Kragerø;2024;261;14373.0;50804.0;6933000.0;711000.0;3230000.0;581000.0;2090000.0;482.3627635149238;49.46775203506575;224.72691852779516;208.1680929520629;40.42301537605232;41.13849303204472;522.7857788909762;563.9242719230209;1957000.0;136.1580741668406;0.9489013796627491;0.3633111905978539;;implisitt_pris_utenfor
4016;Drangedal;2024;261;3600.0;21691.0;4059000.0;148000.0;1078000.0;5194000.0;311000.0;1127.5;41.111111111111114;299.44444444444446;786.9444444444445;1442.7777777777778;14.337743764695034;2570.277777777778;2584.615521542473;1594000.0;442.77777777777777;1.0;0.09284818067754079;DV_uteligger_hoy;implisitt_pris_utenfor|kwh_uteligger
4018;Nome;2024;261;6420.0;34376.0;6254000.0;1737000.0;4000.0;533000.0;2067000.0;974.1433021806854;270.5607476635514;0.6230529595015576;702.9595015576324;83.02180685358256;60.12915987898534;1057.165109034268;1117.2942689132533;1227000.0;191.1214953271028;1.0;1.4156479217603912;renhold_urimelig_lav;
4020;Midt-Telemark;2024;261;12581.0;40078.0;7972000.0;2517000.0;1993000.0;823000.0;6335000.0;633.6539225816708;200.06358795008347;158.4134806454177;275.17685398616965;65.41610364835864;158.06676979889215;699.0700262300294;857.1367960289215;1816000.0;144.34464668945236;1.0;1.3860132158590308;;
4022;Seljord;2024;261;3793.0;11901.0;3161000.0;1131000.0;874000.0;1494000.0;2165000.0;833.3772739256525;298.1808594779858;230.42446612180333;304.77194832586343;393.88346954916955;181.91748592555248;1227.260743474822;1409.1782294003744;1601000.0;422.0933298180859;1.0;0.7064334790755779;;
4024;Hjartdal;2024;261;3466.0;10139.0;3196000.0;444000.0;925000.0;79000.0;541000.0;922.1004039238315;128.1015579919215;266.8782458165032;527.1206001154068;22.792844777841893;53.35831936088372;944.8932487016734;998.2515680625571;558000.0;160.99249855741488;1.0;0.7956989247311828;;
4026;Tinn;2024;261;12541.0;45107.0;8086000.0;1517000.0;2776000.0;885000.0;3414000.0;644.7651702416075;120.96324057092735;221.35395901443266;302.4479706562475;70.56853520452914;75.68670051211564;715.3337054461367;791.0204059582524;2240000.0;178.61414560242406;1.0;0.6772321428571428;;
4028;Kviteseid;2024;261;6744.0;16887.0;2707000.0;789000.0;657000.0;408000.0;415000.0;401.3938315539739;116.99288256227759;97.41992882562278;186.98102016607353;60.49822064056939;24.57511695386984;461.8920521945433;486.4671691484131;630000.0;93.41637010676156;1.0;1.2523809523809526;;
4030;Nissedal;2024;261;2310.0;11270.0;3615000.0;922000.0;1263000.0;805000.0;354000.0;1564.935064935065;399.13419913419915;546.7532467532468;619.047619047619;348.4848484848485;31.410825199645075;1913.4199134199134;1944.8307386195586;;;;;;kwh_mangler
4032;Fyresdal;2024;261;2200.0;8528.0;2666000.0;796000.0;353000.0;266000.0;23000.0;1211.8181818181818;361.8181818181818;160.45454545454547;689.5454545454545;120.9090909090909;2.696998123827392;1332.7272727272727;1335.4242708511001;776000.0;352.72727272727275;1.0;1.0257731958762886;;
4034;Tokke;2024;261;5925.0;24515.0;5777000.0;1395000.0;2256000.0;348000.0;1891000.0;975.0210970464135;235.44303797468353;380.75949367088606;358.8185654008439;58.734177215189874;77.13644707322048;1033.7552742616033;1110.8917213348238;1451000.0;244.8945147679325;1.0;0.961405926946933;;
4036;Vinje;2024;261;9310.0;39697.0;14434000.0;3672000.0;6047000.0;2749000.0;588000.0;1550.375939849624;394.41460794844255;649.5166487647691;506.44468313641244;295.27389903329754;14.812202433433256;1845.6498388829216;1860.4620413163548;22503000.0;2417.078410311493;1.0;0.16317824290094654;;kwh_urimelig_hoy|implisitt_pris_utenfor
4201;Risør;2024;261;15742.0;47523.0;8186000.0;2404000.0;1999000.0;1157000.0;3635000.0;520.010163892771;152.7124888832423;126.98513530682251;240.31253970270615;73.49764959979672;76.48927887549186;593.5078134925676;669.9970923680595;2325000.0;147.69406682759498;0.9789247311827957;1.0339784946236559;;
4202;Grimstad;2024;261;15191.0;87830.0;16379000.0;4907000.0;3331000.0;243000.0;10797000.0;1078.2041998551774;323.0202093344744;219.27457046935686;535.9094200513462;15.996313606740834;122.93066150518047;1094.2005134619183;1217.1311749670988;3672000.0;241.72207227963926;0.9994553376906318;1.3363289760348585;;
4203;Arendal;2024;261;37972.0;195284.0;36476000.0;10541000.0;8115000.0;10395000.0;13323000.0;960.6025492468134;277.5992836827136;213.7101021805541;469.2931633835458;273.7543453070684;68.22371520452265;1234.3568945538818;1302.5806097584045;7413000.0;195.2227957442326;1.0;1.421961419128558;;
4204;Kristiansand;2024;261;87640.0;501740.0;59717000.0;16124000.0;10202000.0;8267000.0;66113000.0;681.3897763578275;183.97991784573253;116.40803286170699;381.00182565038796;94.32907348242811;131.7674492765177;775.7188498402556;907.4862991167734;13297000.0;151.72295755362848;1.0;1.212604346845153;;
4205;Lindesnes;2024;261;23681.0;139589.0;22496000.0;5489000.0;7329000.0;5577000.0;6214000.0;949.9598834508678;231.7891980912968;309.4886195684304;408.6820657911406;235.50525737933364;44.516401722198744;1185.4651408302013;1229.9815425524;3309000.0;139.73227481947552;0.9848896947718344;1.6588093079480206;;
4206;Farsund;2024;261;5008.0;50361.0;9339000.0;3185000.0;2969000.0;710000.0;6302000.0;1864.8162939297124;635.982428115016;592.8514376996806;635.982428115016;141.77316293929712;125.13651436627549;2006.5894568690096;2131.725971235285;885000.0;176.71725239616615;1.0;3.5988700564971747;;implisitt_pris_utenfor
4207;Flekkefjord;2024;261;14700.0;51181.0;4566000.0;2318000.0;0.0;538000.0;1513000.0;310.61224489795916;157.68707482993196;0.0;152.9251700680272;36.59863945578231;29.56175143119517;347.2108843537415;376.77263578493665;2327000.0;158.29931972789115;1.0;0.9961323592608509;renhold_urimelig_lav;
4211;Gjerstad;2024;261;6200.0;17155.0;2808000.0;1557000.0;389000.0;174000.0;0.0;452.9032258064516;251.1290322580645;62.74193548387097;139.03225806451613;28.06451612903226;0.0;480.96774193548384;480.96774193548384;1160000.0;187.09677419354838;1.0;1.342241379310345;;
4212;Vegårshei;2024;261;4450.0;15651.0;3857000.0;913000.0;1507000.0;326000.0;272000.0;866.7415730337078;205.1685393258427;338.65168539325845;322.92134831460675;73.25842696629213;17.379081208868442;940.0;957.3790812088685;1537000.0;345.39325842696627;1.0;0.594014313597918;;
4213;Tvedestrand;2024;261;3900.0;40327.0;3455000.0;1026000.0;1128000.0;435000.0;2282000.0;885.8974358974359;263.0769230769231;289.2307692307692;333.5897435897436;111.53846153846153;56.58739802117688;997.4358974358975;1054.0232954570743;566000.0;145.12820512820514;1.0;1.812720848056537;;
4214;Froland;2024;261;3207.0;37863.0;5073000.0;1028000.0;1328000.0;174000.0;3640000.0;1581.8521983161834;320.54879950109137;414.0941690053009;847.209229809791;54.25631431244153;96.13606951377334;1636.1085126286248;1732.244582142398;849000.0;264.733395696913;1.0;1.210836277974087;;
4215;Lillesand;2024;261;18414.0;68798.0;8164000.0;2462000.0;2516000.0;262000.0;3107000.0;443.35831432605625;133.70261757358531;136.6351688932334;173.02052785923755;14.228304550885197;45.16119654641123;457.58661887694143;502.7478154233527;1828000.0;99.27229282067992;1.0;1.3468271334792121;;
4216;Birkenes;2024;261;20130.0;57422.0;4114000.0;1627000.0;949000.0;562000.0;1881000.0;204.37158469945356;80.82463984103329;47.143566815697966;76.40337804272231;27.91852955787382;32.75747971160879;232.29011425732736;265.04759396893616;1140000.0;56.63189269746647;1.0;1.4271929824561405;renhold_urimelig_lav;kwh_uteligger
4217;Åmli;2024;261;3699.0;14216.0;2264000.0;989000.0;0.0;232000.0;334000.0;612.0573127872398;267.3695593403623;0.0;344.68775344687754;62.719653960529875;23.4946539110861;674.7769667477696;698.2716206588557;822000.0;222.22222222222223;1.0;1.2031630170316303;renhold_urimelig_lav;
4218;Iveland;2024;261;2988.0;11351.0;1771000.0;477000.0;259000.0;294000.0;1684000.0;592.7041499330657;159.63855421686748;86.68005354752343;346.3855421686747;98.39357429718875;148.35697295392475;691.0977242302544;839.4546971841792;363000.0;121.4859437751004;1.0;1.3140495867768596;;
4219;Evje og Hornnes;2024;261;11196.0;27367.0;6908000.0;2403000.0;1820000.0;509000.0;980000.0;617.0060735977135;214.63022508038586;162.5580564487317;239.81779206859594;45.46266523758485;35.8095516497972;662.4687388352983;698.2782904850955;1736000.0;155.05537692032868;1.0;1.3842165898617513;;
4220;Bygland;2024;261;4652.0;14707.0;2537000.0;531000.0;720000.0;107000.0;717000.0;545.3568357695615;114.14445399828031;154.77214101461738;276.4402407566638;23.000859845227858;48.75229482559325;568.3576956147893;617.1099904403826;838000.0;180.13757523645745;1.0;0.6336515513126492;;
4221;Valle;2024;261;3300.0;14646.0;3275000.0;899000.0;-40000.0;539000.0;1010000.0;992.4242424242424;272.42424242424244;-12.121212121212121;732.1212121212121;163.33333333333334;68.96080841185307;1155.7575757575758;1224.7183841694289;744000.0;225.45454545454547;1.0;1.2083333333333333;renhold_urimelig_lav;
4222;Bykle;2024;261;6253.0;20819.0;4106000.0;1383000.0;12000.0;2957000.0;360000.0;656.6448104909643;221.17383655845194;1.9190788421557652;433.55189509035665;472.8930113545498;17.29189682501561;1129.5378218455141;1146.8297186705297;1114000.0;178.15448584679353;1.0;1.2414721723518851;renhold_urimelig_lav;
4223;Vennesla;2024;261;12028.0;70424.0;8539000.0;2565000.0;2028000.0;672000.0;6274000.0;709.926837379448;213.25241104090455;168.60658463584969;328.0678417026937;55.8696375124709;89.08894694990344;765.7964748919188;854.8854218418222;2363000.0;196.4582640505487;1.0;1.0854845535336437;;
4224;Åseral;2024;261;3636.0;15104.0;3417000.0;568000.0;1491000.0;205000.0;1888000.0;939.7689768976898;156.21562156215623;410.06600660066005;373.4873487348735;56.38063806380638;125.0;996.1496149614961;1121.1496149614961;541000.0;148.7898789878988;1.0;1.0499075785582257;;
4225;Lyngdal;2024;261;19503.0;63786.0;10590000.0;1344000.0;2889000.0;5000.0;137000.0;542.9933856329795;68.91247500384556;148.13105676049838;325.9498538686356;0.25637081474644924;2.1478067287492553;543.249756447726;545.3975631764753;2932000.0;150.33584576731783;1.0;0.4583901773533424;;implisitt_pris_utenfor
4226;Hægebostad;2024;261;2700.0;11693.0;3143000.0;750000.0;1022000.0;734000.0;279000.0;1164.0740740740741;277.77777777777777;378.51851851851853;507.77777777777777;271.85185185185185;23.860429316685195;1435.9259259259259;1459.786355242611;580000.0;214.8148148148148;1.0;1.293103448275862;;
4227;Kvinesdal;2024;261;13100.0;51961.0;3208000.0;1170000.0;546000.0;1234000.0;972000.0;244.8854961832061;89.31297709923665;41.6793893129771;113.89312977099236;94.19847328244275;18.706337445391735;339.08396946564886;357.7903069110406;2716000.0;207.32824427480915;0.841678939617084;0.43078055964653905;renhold_urimelig_lav;implisitt_pris_utenfor
4228;Sirdal;2024;261;28322.0;71032.0;3914000.0;1873000.0;19000.0;395000.0;5197000.0;138.19645505260928;66.132335287056;0.6708565779252877;71.393263187628;13.946755172657298;73.16420768104517;152.14321022526659;225.30741790631174;1538000.0;54.304074571004875;1.0;1.2178153446033808;drift_urimelig_lav|renhold_urimelig_lav;kwh_uteligger
4601;Bergen;2024;261;180501.0;924903.0;143703000.0;30569000.0;23616000.0;30915000.0;177445000.0;796.1340934399256;169.3564024576041;130.8358402446524;495.94185073766903;171.27328934465737;191.85255102426956;967.4073827845829;1159.2599338088523;28120000.0;155.78861058941501;0.8162873399715505;1.0870910384068277;;
4602;Kinn;2024;261;14743.0;87531.0;10498000.0;1509000.0;3552000.0;397000.0;3406000.0;712.0667435393068;102.35365936376586;240.92789798548463;368.7851861900563;26.928033643084852;38.91192834538621;738.9947771823917;777.9067055277778;1754000.0;118.97171539035475;1.0;0.8603192702394526;;
4611;Etne;2024;261;16462.0;31066.0;5541000.0;1858000.0;1610000.0;434000.0;438000.0;336.593366541125;112.86599441137164;97.80099623375045;125.92637589600291;26.36374681083708;14.099015000321895;362.9571133519621;377.056128352284;1694000.0;102.9036569068157;1.0;1.0968122786304604;;
4612;Sveio;2024;261;7347.0;35873.0;5151000.0;1888000.0;860000.0;537000.0;1026000.0;701.1024908125765;256.9756363141418;117.05458010072138;327.07227439771333;73.0910575745202;28.60089761101664;774.1935483870968;802.7944459981135;1450000.0;197.35946644889071;1.0;1.3020689655172413;;
4613;Bømlo;2024;261;16445.0;64996.0;4115000.0;2631000.0;22000.0;1213000.0;2150000.0;250.2280328367285;159.98783824870782;1.3377926421404682;88.9024019458802;73.76102158710854;33.07895870515109;323.98905442383705;357.0680131289881;2845000.0;173.00091213134692;1.0;0.9247803163444639;renhold_urimelig_lav;
4614;Stord;2024;261;15648.0;87940.0;9044000.0;2101000.0;2252000.0;1032000.0;6143000.0;577.9652351738241;134.2663599182004;143.91615541922292;299.7827198364008;65.95092024539878;69.85444621332726;643.916155419223;713.7706016325502;3303000.0;211.08128834355827;1.0;0.6360884044807751;;
4615;Fitjar;2024;261;3108.0;14833.0;1592000.0;777000.0;0.0;251000.0;0.0;512.2265122265122;250.0;0.0;262.2265122265122;80.75933075933077;0.0;592.985842985843;592.985842985843;1112000.0;357.78635778635777;1.0;0.6987410071942446;renhold_urimelig_lav;
4616;Tysnes;2024;261;0.0;0.0;3532000.0;1392000.0;8000.0;839000.0;610000.0;;;;;;;;;89000.0;;1.0;;areal_mangler;areal_mangler
4617;Kvinnherad;2024;261;24893.0;100553.0;12614000.0;2715000.0;4720000.0;2987000.0;2148000.0;506.72879926083635;109.06680592937774;189.61153737998634;208.05045595147232;119.9935724902583;21.36186886517558;626.7223717510947;648.0842406162702;5236000.0;210.34025629695094;1.0;0.5185255920550038;;
4618;Ullensvang;2024;261;28285.0;113834.0;11340000.0;1698000.0;2513000.0;3011000.0;10921000.0;400.91921513169524;60.03181898532791;88.84567792115962;252.04171822520772;106.45218313593777;95.93794472653161;507.371398267633;603.3093429941646;4020000.0;142.1248011313417;1.0;0.42238805970149246;;implisitt_pris_utenfor
4619;Eidfjord;2024;261;0.0;0.0;2528000.0;669000.0;751000.0;520000.0;582000.0;;;;;;;;;666000.0;;1.0;;areal_mangler;areal_mangler
4620;Ulvik;2024;261;2600.0;12202.0;1556000.0;412000.0;104000.0;30000.0;509000.0;598.4615384615385;158.46153846153845;40.0;400.0;11.538461538461538;41.714473037207014;610.0;651.714473037207;409000.0;157.30769230769232;1.0;1.0073349633251831;renhold_urimelig_lav;
4621;Voss;2024;261;22749.0;82628.0;22952000.0;4663000.0;5934000.0;6446000.0;21308000.0;1008.9234691634797;204.97604290298474;260.8466306211262;543.1007956393688;283.353114422612;257.87868519146053;1292.2765835860916;1550.1552687775522;4818000.0;211.78952921007516;1.0;0.9678289746782898;;
4622;Kvam;2024;261;14763.0;57970.0;8537000.0;1167000.0;3601000.0;818000.0;4025000.0;578.269999322631;79.04897378581589;243.92061234166496;255.30041319515004;55.40879225089751;69.4324650681387;633.6787915735284;703.1112566416671;3183000.0;215.60658402763667;0.9214577442664154;0.36663524976437323;;implisitt_pris_utenfor
4624;Bjørnafjorden;2024;261;9272.0;114302.0;14017000.0;4862000.0;2954000.0;1716000.0;6257000.0;1511.755823986195;524.374460742019;318.59361518550475;668.7877480586712;185.07333908541847;54.7409494147084;1696.8291630716135;1751.570112486322;1615000.0;174.18032786885246;1.0;3.0105263157894737;;implisitt_pris_utenfor
4625;Austevoll;2024;261;6150.0;34936.0;2743000.0;371000.0;0.0;665000.0;1543000.0;446.0162601626016;60.32520325203252;0.0;385.6910569105691;108.130081300813;44.16647584153881;554.1463414634146;598.3128173049535;1845000.0;300.0;0.3745257452574526;0.2010840108401084;renhold_urimelig_lav;implisitt_pris_utenfor
4626;Øygarden;2024;261;39352.0;177445.0;31819000.0;7780000.0;12381000.0;1598000.0;18031000.0;808.5738971335637;197.7027851189266;314.6218743647083;296.24923764992883;40.60784712339907;101.61458480092423;849.1817442569628;950.7963290578871;8795000.0;223.49562919292538;1.0;0.8845935190449119;;
4627;Askøy;2024;261;13530.0;114395.0;11440000.0;4458000.0;2302000.0;977000.0;18036000.0;845.5284552845528;329.490022172949;170.14042867701403;345.8980044345898;72.20990391722098;157.66423357664235;917.7383592017738;1075.4025927784162;3043000.0;224.90761271249076;1.0;1.4650016431153468;;
4628;Vaksdal;2024;261;8560.0;33341.0;6841000.0;1878000.0;1195000.0;505000.0;1750000.0;799.1822429906542;219.39252336448598;139.60280373831776;440.1869158878505;58.995327102803735;52.48792777661138;858.1775700934579;910.6654978700693;1952000.0;228.0373831775701;1.0;0.9620901639344263;;
4629;Modalen;2024;261;1422.0;7749.0;2461000.0;176000.0;512000.0;80000.0;532000.0;1730.661040787623;123.76933895921238;360.056258790436;1246.8354430379748;56.258790436005626;68.65401987353206;1786.9198312236288;1855.5738510971607;260000.0;182.84106891701828;1.0;0.676923076923077;;
4630;Osterøy;2024;261;7381.0;34629.0;5180000.0;1173000.0;1692000.0;666000.0;1306000.0;701.8019238585557;158.92155534480423;229.2372307275437;313.64313778620783;90.23167592467145;37.71405469404257;792.0335997832273;829.7476544772699;961000.0;130.19916000541932;1.0;1.2206035379812696;;
4631;Alver;2024;261;25093.0;156397.0;22707000.0;5442000.0;6055000.0;2305000.0;16967000.0;904.9137209580362;216.87323157852788;241.30235523851275;446.7381341409955;91.8582871717212;108.48673567907313;996.7720081297573;1105.2587438088303;4139000.0;164.94639939425338;0.9891278086494323;1.3148103406619958;;
4633;Fedje;2024;261;1273.0;6067.0;353000.0;270000.0;0.0;37000.0;647000.0;277.29772191673214;212.09740769835037;0.0;65.20031421838178;29.06520031421838;106.64249217075985;306.3629222309505;413.00541440171037;272000.0;213.66849960722703;1.0;0.9926470588235294;renhold_urimelig_lav;
4634;Masfjorden;2024;261;3475.0;22065.0;6830000.0;806000.0;1702000.0;450000.0;0.0;1965.4676258992806;231.94244604316546;489.7841726618705;1243.7410071942445;129.49640287769785;0.0;2094.9640287769785;2094.9640287769785;540000.0;155.3956834532374;0.9444444444444444;1.4925925925925925;DV_uteligger_hoy;
4635;Gulen;2024;261;3316.0;17347.0;4762000.0;538000.0;2013000.0;132000.0;4205000.0;1436.0675512665862;162.24366706875753;607.0566948130278;666.767189384801;39.806996381182145;242.40502680578774;1475.8745476477684;1718.279574453556;553000.0;166.76718938480096;0.8734177215189873;0.972875226039783;;
4636;Solund;2024;261;1290.0;5599.0;1867000.0;475000.0;532000.0;389000.0;1313000.0;1447.2868217054263;368.2170542635659;412.4031007751938;666.6666666666666;301.5503875968992;234.50616181460975;1748.8372093023256;1983.3433711169355;506000.0;392.2480620155039;1.0;0.9387351778656127;;
4637;Hyllestad;2024;261;3684.0;13426.0;3131000.0;484000.0;980000.0;697000.0;361000.0;849.8914223669924;131.37893593919654;266.01520086862104;452.4972855591748;189.19652551574376;26.888127513779235;1039.0879478827362;1065.9760753965154;535000.0;145.22258414766557;1.0;0.9046728971962619;;
4638;Høyanger;2024;261;3445.0;27096.0;6350000.0;2056000.0;2438000.0;206000.0;-191000.0;1843.2510885341073;596.8069666182873;707.6923076923077;538.7518142235124;59.796806966618284;-7.049010924121641;1903.0478955007256;1895.998884576604;3049000.0;885.0507982583455;1.0;0.6743194489996719;;kwh_urimelig_hoy
4639;Vik;2024;261;7604.0;17241.0;5652000.0;815000.0;2035000.0;75000.0;1161000.0;743.2930036822725;107.18043135192005;267.62230405049974;368.4902682798527;9.863229879011048;67.33948146859231;753.1562335612836;820.4957150298759;1013000.0;133.2193582325092;1.0;0.8045409674234947;;
4640;Sogndal;2024;261;26309.0;85622.0;16380000.0;3014000.0;5812000.0;1483000.0;2154000.0;622.6006309627884;114.56155688167547;220.91299555285264;287.1260785282603;56.3685430841157;25.15708579570671;678.9691740469041;704.1262598426108;4991000.0;189.70694439165305;0.9154478060508916;0.6038869965938689;;
4641;Aurland;2024;261;7288.0;25959.0;3838000.0;968000.0;1371000.0;1126000.0;2599000.0;526.6190998902305;132.82107574094402;188.11745334796927;205.68057080131723;154.50054884742042;100.11941908394006;681.1196487376509;781.239067821591;1416000.0;194.2919868276619;1.0;0.6836158192090396;;
4642;Lærdal;2024;261;4098.0;14438.0;4005000.0;1071000.0;950000.0;320000.0;0.0;977.3060029282577;261.34699853587114;231.8204001952172;484.13860419716934;78.08687164470473;0.0;1055.3928745729625;1055.3928745729625;1188000.0;289.89751098096633;1.0;0.9015151515151514;;
4643;Årdal;2024;261;7189.0;39566.0;5378000.0;1368000.0;1664000.0;814000.0;4437000.0;748.0873556822924;190.29072193629156;231.46473779385173;326.3318959521491;113.22854360829044;112.14173785573472;861.3158992905828;973.4576371463176;1660000.0;230.90833217415496;0.994578313253012;0.8240963855421687;;
4644;Luster;2024;261;8046.0;38667.0;2992000.0;1252000.0;0.0;1749000.0;2911000.0;371.8617946805866;155.60526969922944;0.0;216.2565249813572;217.3750932140194;75.2838337600538;589.2368878946061;664.5207216546598;1763000.0;219.11508824260503;1.0;0.7101531480431084;renhold_urimelig_lav;
4645;Askvoll;2024;261;4141.0;16997.0;4607000.0;1202000.0;1054000.0;678000.0;2091000.0;1112.5332045399662;290.26805119536346;254.5278918135716;567.7372615310312;163.72856797874908;123.02170971347886;1276.2617725187154;1399.2834822321943;925000.0;223.37599613619898;1.0;1.2994594594594595;;
4646;Fjaler;2024;261;3800.0;28018.0;3444000.0;709000.0;1113000.0;272000.0;687000.0;906.3157894736842;186.57894736842104;292.89473684210526;426.8421052631579;71.57894736842105;24.519951459775857;977.8947368421053;1002.4146883018811;739000.0;194.47368421052633;1.0;0.9594046008119078;;
4647;Sunnfjord;2024;261;29840.0;186306.0;22065000.0;5387000.0;7790000.0;1213000.0;7174000.0;739.4436997319035;180.52949061662198;261.05898123324397;297.8552278820375;40.65013404825737;38.50654299915193;780.0938337801608;818.6003767793128;5684000.0;190.48257372654155;1.0;0.9477480647431387;;
4649;Stad;2024;261;9542.0;59452.0;9108000.0;1511000.0;3224000.0;1456000.0;4635000.0;954.5168727730036;158.3525466359254;337.87465940054494;458.2896667365332;152.58855585831063;77.96205342124739;1107.1054286313142;1185.0674820525617;1709000.0;179.1029134353385;1.0;0.8841427735517847;;
4650;Gloppen;2024;261;6134.0;33775.0;4476000.0;1147000.0;1429000.0;681000.0;3272000.0;729.703293120313;186.99054450603197;232.9638082817085;309.74894033257254;111.0205412455168;96.87638786084382;840.7238343658298;937.6002222266736;1414000.0;230.51842191066189;0.9964639321074965;0.8111739745403113;;
4651;Stryn;2024;261;0.0;0.0;6638000.0;2098000.0;1188000.0;832000.0;2706000.0;;;;;;;;;1777000.0;;1.0;;areal_mangler;areal_mangler
5001;Trondheim - Tråante;2024;261;170947.0;833347.0;119450000.0;27778000.0;35414000.0;17360000.0;92992000.0;698.754584754339;162.49480833240713;207.16362381322867;329.0961526087033;101.55194299987716;111.58856994745287;800.3065277542162;911.8950977016691;27136000.0;158.73925836662826;1.0;1.0236586084905661;;
5006;Steinkjer - Stïentje;2024;261;43044.0;141994.0;10505000.0;2661000.0;4041000.0;1198000.0;18442000.0;244.05259734225444;61.8204627822693;93.88068023417898;88.35145432580615;27.831985874918686;129.87872727016634;271.88458321717314;401.7633104873395;5577000.0;129.56509618065235;1.0;0.4771382463690156;DV_uteligger_lav;implisitt_pris_utenfor
5007;Namsos - Nåavmesjenjaelmie;2024;261;12862.0;75936.0;13847000.0;3014000.0;8290000.0;2859000.0;10079000.0;1076.5821800653086;234.33369615922874;644.5342870471155;197.71419685896439;222.2826932047893;132.7301938474505;1298.8648732700979;1431.5950671175483;3119000.0;242.49727880578448;1.0;0.9663353638986855;;
5014;Frøya;2024;261;9000.0;35105.0;5681000.0;744000.0;2142000.0;88000.0;5176000.0;631.2222222222222;82.66666666666667;238.0;310.55555555555554;9.777777777777779;147.44338413331434;641.0;788.4433841333143;869000.0;96.55555555555556;1.0;0.856156501726122;;
5020;Osen;2024;261;2089.0;10478.0;1744000.0;355000.0;855000.0;31000.0;358000.0;834.8492101483963;169.93776926759216;409.2867400670177;255.6247008137865;14.839636189564384;34.166825730101166;849.6888463379607;883.855672068062;434000.0;207.7549066539014;1.0;0.8179723502304147;;
5021;Oppdal;2024;261;7044.0;34124.0;8485000.0;1115000.0;3231000.0;769000.0;3126000.0;1204.5712663259512;158.2907438955139;458.68824531516185;587.5922771152755;109.1709256104486;91.60708006095416;1313.7421919363999;1405.349271997354;1639000.0;232.68029528676888;1.0;0.6802928615009152;;
5022;Rennebu;2024;261;8172.0;22891.0;8175000.0;1513000.0;1236000.0;328000.0;82000.0;1000.3671071953011;185.1443954968184;151.2481644640235;663.9745472344591;40.13705335291238;3.582193875322179;1040.5041605482133;1044.0863544235356;2005000.0;245.34997552618697;1.0;0.7546134663341646;;
5025;Røros - Rosse;2024;261;11600.0;26235.0;12515000.0;1643000.0;1426000.0;622000.0;6982000.0;1078.8793103448277;141.63793103448276;122.93103448275862;814.3103448275862;53.62068965517241;266.1330283971793;1132.5;1398.6330283971793;1946000.0;167.75862068965517;1.0;0.8442959917780062;;
5026;Holtålen;2024;261;3000.0;15479.0;2304000.0;291000.0;426000.0;122000.0;1001000.0;768.0;97.0;142.0;529.0;40.666666666666664;64.66826022352865;808.6666666666666;873.3349268901952;344000.0;114.66666666666667;1.0;0.8459302325581395;;
5027;Midtre Gauldal;2024;261;7905.0;36589.0;7059000.0;1768000.0;1855000.0;898000.0;12000.0;892.9791271347249;223.65591397849462;234.6616065781151;434.66160657811514;113.59898798228969;0.3279674219027577;1006.5781151170146;1006.9060825389173;2116000.0;267.6786843769766;1.0;0.8355387523629489;;
5028;Melhus;2024;261;23010.0;104178.0;12547000.0;2950000.0;2235000.0;620000.0;10708000.0;545.2846588439809;128.2051282051282;97.13168187744459;319.94784876140807;26.944806605823555;102.78561692487857;572.2294654498045;675.0150823746831;4389000.0;190.7431551499348;0.998177261335156;0.6721348826611985;;
5029;Skaun;2024;261;9720.0;46711.0;6732000.0;884000.0;2234000.0;425000.0;5418000.0;692.5925925925926;90.94650205761317;229.83539094650206;371.81069958847735;43.724279835390945;115.98980968080323;736.3168724279835;852.3066821087867;1340000.0;137.86008230452674;1.0;0.6597014925373135;;
5031;Malvik;2024;261;18168.0;82268.0;6909000.0;598000.0;2499000.0;3521000.0;6497000.0;380.28401585204756;32.9150154117129;137.54953764861295;209.81946279172172;193.80228974020255;78.97359848300675;574.0863055922501;653.0599040752569;1877000.0;103.31351827388815;1.0;0.31859350026638256;energi_urimelig_lav;implisitt_pris_utenfor
5032;Selbu;2024;261;4390.0;25834.0;8589000.0;955000.0;3596000.0;731000.0;2221000.0;1956.4920273348519;217.53986332574033;819.134396355353;919.8177676537586;166.5148063781321;85.97197491677635;2123.006833712984;2208.9788086297604;734000.0;167.1981776765376;1.0;1.3010899182561309;DV_uteligger_hoy;
5033;Tydal;2024;261;3244.0;13494.0;3761000.0;481000.0;853000.0;345000.0;1654000.0;1159.371146732429;148.27373612823675;262.9469790382244;748.1504315659679;106.3501849568434;122.57299540536535;1265.7213316892726;1388.294327094638;663000.0;204.37731196054253;1.0;0.7254901960784315;;
5034;Meråker;2024;261;7084.0;17582.0;2857000.0;936000.0;475000.0;1326000.0;4282000.0;403.30321852060985;132.128740824393;67.05251270468662;204.1219649915302;187.18238283455673;243.54453418268685;590.4856013551665;834.0301355378533;1075000.0;151.75042348955392;0.9813953488372092;0.8706976744186046;;
5035;Stjørdal;2024;261;28979.0;140690.0;18112000.0;2840000.0;6346000.0;292000.0;9571000.0;625.0043134683737;98.00200144932538;218.98616239345733;308.01614962559097;10.07626212084613;68.02899992892175;635.0805755892197;703.1095755181415;6348000.0;219.05517788743572;1.0;0.44738500315059865;;implisitt_pris_utenfor
5036;Frosta;2024;261;2940.0;14410.0;2372000.0;783000.0;136000.0;518000.0;1711000.0;806.8027210884354;266.3265306122449;46.25850340136054;494.21768707482994;176.1904761904762;118.73698820263706;982.9931972789116;1101.7301854815487;519000.0;176.53061224489795;1.0;1.5086705202312138;renhold_urimelig_lav;
5037;Levanger;2024;261;10740.0;83303.0;9702000.0;1791000.0;2180000.0;246000.0;14540000.0;903.3519553072625;166.75977653631284;202.97951582867785;533.6126629422719;22.905027932960895;174.54353384632006;926.2569832402235;1100.8005170865436;1458000.0;135.75418994413408;1.0;1.228395061728395;;
5038;Verdal;2024;261;21850.0;76850.0;12378000.0;3129000.0;1991000.0;581000.0;1473000.0;566.4988558352403;143.20366132723112;91.1212814645309;332.17391304347825;26.590389016018307;19.167208848405984;593.0892448512586;612.2564536996646;3470000.0;158.81006864988558;1.0;0.9017291066282421;;
5041;Snåase - Snåsa;2024;261;6014.0;18235.0;1915000.0;589000.0;2000.0;174000.0;2618000.0;318.42367808446954;97.9381443298969;0.3325573661456601;220.152976388427;28.93249085467243;143.5700575815739;347.356168939142;490.9262265207159;1071000.0;178.084469571001;1.0;0.549953314659197;renhold_urimelig_lav;
5042;Lierne;2024;261;5202.0;16526.0;3852000.0;686000.0;1304000.0;437000.0;1331000.0;740.4844290657439;131.8723567858516;250.6728181468666;357.93925413302577;84.00615148019992;80.53975553673;824.4905805459439;905.0303360826739;1142000.0;219.53094963475587;1.0;0.6007005253940455;;
5043;Raarvihke - Røyrvik;2024;261;3241.0;8151.0;1906000.0;510000.0;417000.0;392000.0;1294000.0;588.0900956494909;157.35883986423943;128.66399259487812;302.06726319037335;120.95032397408207;158.7535271745798;709.0404196235729;867.7939467981528;429000.0;132.36655353286022;1.0;1.1888111888111887;;
5044;Namsskogan;2024;261;3771.0;12783.0;2371000.0;753000.0;684000.0;333000.0;1136000.0;628.7456907981967;199.68178202068418;181.38424821002386;247.67966056748872;88.3054892601432;88.8680278494876;717.0511800583399;805.9192079078275;806000.0;213.73640944046673;1.0;0.93424317617866;;
5045;Grong;2024;261;7661.0;26813.0;4386000.0;752000.0;1553000.0;188000.0;2739000.0;572.5101161728234;98.15950920245399;202.71505025453595;271.63555671583345;24.539877300613497;102.15194122254131;597.0499934734369;699.2019346959781;1602000.0;209.11108210416396;1.0;0.46941323345817726;;implisitt_pris_utenfor
5046;Høylandet;2024;261;2671.0;11776.0;2873000.0;902000.0;588000.0;234000.0;2726000.0;1075.6271059528267;337.701235492325;220.1422688131786;517.783601647323;87.60763758891801;231.48777173913044;1163.2347435417446;1394.722515280875;1067000.0;399.47585174092103;1.0;0.845360824742268;;
5047;Overhalla;2024;261;7016.0;26374.0;2189000.0;348000.0;408000.0;755000.0;954000.0;312.0011402508552;49.60091220068415;58.15279361459521;204.24743443557583;107.61117445838084;36.17198756350952;419.61231470923605;455.78430227274555;1410000.0;200.96921322690991;1.0;0.24680851063829787;;implisitt_pris_utenfor
5049;Flatanger;2024;261;4262.0;12367.0;2587000.0;400000.0;15000.0;1528000.0;390000.0;606.9920225246364;93.85265133740027;3.5194744251525107;509.61989676208356;358.5171281088691;31.53553812565699;965.5091506335054;997.0446887591625;551000.0;129.28202721726888;1.0;0.7259528130671506;renhold_urimelig_lav;
5052;Leka;2024;261;2295.0;6483.0;3782000.0;498000.0;386000.0;16613000.0;542000.0;1647.930283224401;216.99346405228758;168.1917211328976;1262.7450980392157;7238.779956427015;83.60327009100725;8886.710239651416;8970.313509742424;537000.0;233.98692810457516;1.0;0.9273743016759777;DV_uteligger_hoy;
5053;Inderøy;2024;261;8731.0;33475.0;4572000.0;714000.0;1576000.0;270000.0;2622000.0;523.6513572328485;81.77757416103539;180.5062421257588;261.3675409460543;30.924292749971368;78.32710978342047;554.5756499828199;632.9027597662404;858000.0;98.27053029435345;1.0;0.8321678321678322;;
5054;Indre Fosen;2024;261;17782.0;70544.0;11641000.0;2643000.0;3911000.0;1935000.0;8700000.0;654.6507704420201;148.63344955573052;219.941513890451;286.0758069958385;108.817905747385;123.32728509866183;763.468676189405;886.7959612880668;12915000.0;726.2962546395231;1.0;0.20464576074332172;;kwh_urimelig_hoy|implisitt_pris_utenfor
5055;Heim;2024;261;9469.0;38550.0;6983000.0;1613000.0;1451000.0;886000.0;2627000.0;737.4590769880663;170.34533741683387;153.23687823423805;413.8768613369944;93.56848664061675;68.14526588845655;831.0275636286831;899.1728295171397;2127000.0;224.62773260111945;1.0;0.7583450869769628;;
5056;Hitra;2024;261;24312.0;57432.0;8545000.0;1659000.0;1724000.0;1198000.0;3649000.0;351.4725238565318;68.23790720631787;70.91148404080289;212.323132609411;49.276077657124056;63.53600780052932;400.7486015136558;464.2846093141851;2294000.0;94.3566962816716;1.0;0.7231909328683522;;
5057;Ørland;2024;261;22175.0;83089.0;13004000.0;2293000.0;4627000.0;1682000.0;3941000.0;586.4261555806088;103.40473506200676;208.65839909808344;274.3630214205186;75.85118376550169;47.43106789105658;662.2773393461105;709.7084072371671;3720000.0;167.7564825253664;1.0;0.6163978494623655;;
5058;Åfjord;2024;261;11032.0;23850.0;9206000.0;1353000.0;2461000.0;20000.0;1138000.0;834.4815083393763;122.643219724438;223.07831762146483;488.75997099347353;1.8129079042784626;47.714884696016775;836.2944162436548;884.0093009396716;2128000.0;192.89340101522842;1.0;0.6358082706766918;;
5059;Orkland;2024;261;24066.0;105256.0;16829000.0;3291000.0;5111000.0;530000.0;13151000.0;699.2852987617385;136.74894041386187;212.37430399734063;350.16205435053604;22.02277071387019;124.94299612373642;721.3080694756087;846.2510655993451;5375000.0;223.3441369567024;1.0;0.6122790697674418;;
5060;Nærøysund;2024;261;19692.0;81637.0;9950000.0;3527000.0;2549000.0;363000.0;6057000.0;505.2813325208206;179.10826731667683;129.44342880357505;196.72963640056875;18.433881779402803;74.19429915357007;523.7152143002235;597.9095134537936;3351000.0;170.17062766605727;1.0;1.0525216353327367;;
5061;Rindal;2024;261;5356.0;15914.0;4283000.0;953000.0;1539000.0;1517000.0;0.0;799.663928304705;177.93129200896192;287.3412994772218;334.39133681852127;283.23375653472743;0.0;1082.8976848394325;1082.8976848394325;932000.0;174.0104555638536;1.0;1.0225321888412018;;
5501;Tromsø;2024;261;55893.0;337297.0;55384000.0;7089000.0;11029000.0;3326000.0;57861000.0;990.893314010699;126.83162471150233;197.32345732023688;666.7382319789598;59.506557171738855;171.54318004607217;1050.399871182438;1221.94305122851;9594000.0;171.64940153507595;1.0;0.7388993120700438;;
5503;Harstad - Hárstták;2024;261;42376.0;145378.0;18645000.0;3382000.0;5283000.0;3303000.0;14752000.0;439.9896167642062;79.80932603360392;124.66962431565037;235.51066641495186;77.94506324334529;101.47340037694836;517.9346800075515;619.4080803844998;9662000.0;228.00641872758166;1.0;0.35003104947215896;;implisitt_pris_utenfor
5510;Kvæfjord;2024;261;11627.0;30832.0;4226000.0;695000.0;817000.0;586000.0;540000.0;363.4643502193171;59.77466242366905;70.26748086350736;233.4222069321407;50.39993119463318;17.514270887389724;413.86428141395027;431.37855230134;789000.0;67.85929302485594;1.0;0.8808618504435994;;kwh_uteligger
5512;Dielddanuorri - Tjeldsund;2024;261;5800.0;17200.0;5416000.0;1399000.0;1713000.0;536000.0;1861000.0;933.7931034482758;241.20689655172413;295.3448275862069;397.2413793103448;92.41379310344827;108.19767441860465;1026.2068965517242;1134.404570970329;1653000.0;285.0;1.0;0.8463399879007865;;
5514;Ibestad;2024;261;2162.0;9433.0;3055000.0;438000.0;792000.0;107000.0;523000.0;1413.0434782608695;202.59019426456985;366.32747456059207;844.1258094357077;49.49121184088807;55.44365525283579;1462.5346901017576;1517.9783453545933;651000.0;301.1100832562442;1.0;0.6728110599078342;;
5516;Gratangen;2024;261;4931.0;11071.0;1382000.0;562000.0;7000.0;467000.0;212000.0;280.26769417967955;113.97282498479011;1.4195903467856419;164.87527884810385;94.70695599269925;19.149128353355614;374.9746501723788;394.1237785257344;680000.0;137.90306225917664;1.0;0.8264705882352942;renhold_urimelig_lav;
5518;Loabák - Lavangen;2024;261;2249.0;9890.0;1106000.0;381000.0;0.0;112000.0;136000.0;491.7741218319253;169.4086260560249;0.0;322.3654957759004;49.799911071587374;13.751263902932255;541.5740329035127;555.325296806445;468000.0;208.09248554913296;1.0;0.8141025641025641;renhold_urimelig_lav;
5520;Bardu;2024;261;4613.0;24858.0;3410000.0;720000.0;1345000.0;1329000.0;2709000.0;739.2152612182961;156.08064166486017;291.567309776718;291.567309776718;288.0988510730544;108.97900072411296;1027.3141122913505;1136.2931130154634;1259000.0;272.92434424452637;1.0;0.5718824463860206;;
5522;Salangen;2024;261;4100.0;16897.0;4309000.0;716000.0;1848000.0;697000.0;622000.0;1050.9756097560976;174.6341463414634;450.7317073170732;425.609756097561;170.0;36.8112682724744;1220.9756097560976;1257.786878028572;765000.0;186.58536585365854;1.0;0.9359477124183005;;
5524;Målselv;2024;261;8786.0;38656.0;10082000.0;2174000.0;2953000.0;1007000.0;5957000.0;1147.507398133394;247.43910767129523;336.1028909628955;563.9653994992033;114.61415888914182;154.1028559602649;1262.1215570225359;1416.2244129828007;2026000.0;230.5941270202595;1.0;1.0730503455083908;;
5528;Dyrøy;2024;261;2300.0;9114.0;598000.0;310000.0;0.0;128000.0;5890000.0;260.0;134.7826086956522;0.0;125.21739130434783;55.65217391304348;646.2585034013606;315.6521739130435;961.9106773144041;725000.0;315.2173913043478;1.0;0.4275862068965518;renhold_urimelig_lav;implisitt_pris_utenfor
5530;Senja;2024;261;28994.0;102565.0;11426000.0;4344000.0;2173000.0;4010000.0;15398000.0;394.08153411050563;149.8241015382493;74.94654066358557;169.31089190867075;138.30447678830103;150.12918636961928;532.3860108988066;682.5151972684259;5261000.0;181.45133475891564;1.0;0.825698536399924;;
5532;Balsfjord;2024;261;14344.0;37556.0;6799000.0;817000.0;3243000.0;712000.0;2472000.0;473.9960959286113;56.95761293920803;226.08756274400446;190.95092024539878;49.63747908533185;65.82170625199701;523.6335750139431;589.4552812659401;3030000.0;211.23814835471276;1.0;0.26963696369636964;;implisitt_pris_utenfor
5534;Karlsøy;2024;261;5406.0;19185.0;3915000.0;703000.0;1602000.0;1729000.0;3984000.0;724.1953385127636;130.04069552349242;296.3374028856826;297.81724010358863;319.8298187199408;207.6622361219703;1044.0251572327045;1251.687393354675;1560000.0;288.5682574916759;1.0;0.45064102564102565;;implisitt_pris_utenfor
5536;Lyngen - Ivgu - Yykeä;2024;261;13190.0;26525.0;3041000.0;665000.0;326000.0;865000.0;1110000.0;230.55344958301743;50.41698256254738;24.715693707354056;155.420773313116;65.57998483699772;41.84731385485391;296.13343442001513;337.98074827486903;1566000.0;118.72630780894617;1.0;0.4246487867177522;renhold_urimelig_lav;implisitt_pris_utenfor
5538;Storfjord - Omasvuotna - Omasvuono;2024;261;1877.0;21973.0;1223000.0;287000.0;480000.0;177000.0;760000.0;651.5716568993074;152.90356952583912;255.7272242940863;242.94086307938198;94.29941395844432;34.58790333591226;745.8710708577518;780.4589741936641;410000.0;218.43367075119872;1.0;0.7000000000000001;;
5540;Gáivuotna - Kåfjord - Kaivuono;2024;261;5500.0;16983.0;5632000.0;1130000.0;1462000.0;372000.0;849000.0;1024.0;205.45454545454547;265.8181818181818;552.7272727272727;67.63636363636364;49.991167638226464;1091.6363636363637;1141.6275312745902;956000.0;173.8181818181818;1.0;1.1820083682008369;;
5542;Skjervøy;2024;261;8312.0;28893.0;6230000.0;1261000.0;1787000.0;666000.0;1898000.0;749.5187680461983;151.70837343599615;214.99037536092396;382.8200192492782;80.12512030798845;65.69065171494826;829.6438883541867;895.334540069135;1967000.0;236.64581328200194;1.0;0.6410777834265379;;
5544;Nordreisa - Ráisa - Raisi;2024;261;11278.0;38168.0;9427000.0;2430000.0;4223000.0;897000.0;2845000.0;835.8751551693563;215.4637347047349;374.4458237276113;245.96559673701012;79.5353786132293;74.53888073779082;915.4105337825856;989.9494145203764;3209000.0;284.53626529526514;1.0;0.7572452477407292;;
5546;Kvænangen;2024;261;4010.0;14652.0;3142000.0;482000.0;1318000.0;678000.0;255000.0;783.5411471321696;120.19950124688279;328.6783042394015;334.6633416458853;169.0773067331671;17.403767403767404;952.6184538653366;970.022221269104;829000.0;206.73316708229427;1.0;0.5814234016887816;;
5601;Alta;2024;261;16368.0;123987.0;14050000.0;2098000.0;6133000.0;457000.0;11741000.0;858.3822091886608;128.17693059628544;374.6945259042033;355.51075268817203;27.920332355816228;94.6954116157339;886.302541544477;980.9979531602108;3843000.0;234.7873900293255;1.0;0.5459276606817591;;
5603;Hammerfest - Hámmerfeasta;2024;261;24693.0;121814.0;20051000.0;3877000.0;8685000.0;155000.0;6999000.0;812.0115012351679;157.00805896407888;351.7191106791398;303.2843315919491;6.277082574008828;57.45644999753723;818.2885838091767;875.7450338067139;5487000.0;222.20872311991252;1.0;0.7065791871696738;;
5605;Sør-Varanger;2024;261;12047.0;62864.0;11231000.0;1817000.0;4749000.0;274000.0;3093000.0;932.2652942641322;150.82593176724495;394.20602639661325;387.2333361002739;22.74425168091641;49.201450750827185;955.0095459450486;1004.2109966958758;2074000.0;172.1590437453308;1.0;0.8760848601735776;;
5607;Vadsø;2024;261;14238.0;52204.0;6149000.0;1595000.0;2321000.0;564000.0;1327000.0;431.8724539963478;112.02416069672707;163.01446832420282;156.83382497541788;39.61230509903076;25.41950808367175;471.4847590953786;496.90426717905035;3310000.0;232.47647141452453;1.0;0.4818731117824773;;implisitt_pris_utenfor
5610;Kárásjohka - Karasjok;2024;261;4173.0;11374.0;5661000.0;945000.0;693000.0;797000.0;1434000.0;1356.5780014378145;226.45578720345077;166.06757728253055;964.0546369518332;190.98969566259285;126.07701775980306;1547.5676971004075;1673.6447148602106;62000.0;14.857416726575606;1.0;15.241935483870968;;kwh_urimelig_lav|implisitt_pris_utenfor
5612;Guovdageaidnu - Kautokeino;2024;261;9341.0;30772.0;3061000.0;999000.0;383000.0;738000.0;1805000.0;327.69510759019374;106.94786425436249;41.0020340434643;179.74520929236698;79.00653035006958;58.65722085012349;406.70163794026337;465.3588587903869;1843000.0;197.3022160368269;1.0;0.5420510037981552;renhold_urimelig_lav;
5614;Loppa;2024;261;0.0;0.0;2568000.0;303000.0;0.0;47000.0;676000.0;;;;;;;;;0.0;;;;areal_mangler;areal_mangler|kwh_mangler
5616;Hasvik;2024;261;2180.0;9880.0;2201000.0;710000.0;691000.0;691000.0;1047000.0;1009.6330275229358;325.6880733944954;316.9724770642202;366.9724770642202;316.9724770642202;105.97165991902834;1326.605504587156;1432.5771645061843;1074000.0;492.6605504587156;1.0;0.6610800744878957;;kwh_uteligger
5618;Måsøy;2024;261;3507.0;14000.0;4221000.0;619000.0;1092000.0;258000.0;0.0;1203.5928143712574;176.50413458796692;311.377245508982;715.7114342743085;73.56715141146279;0.0;1277.1599657827203;1277.1599657827203;470000.0;134.01767892785855;1.0;1.3170212765957447;;
5620;Nordkapp;2024;261;4006.0;27126.0;4627000.0;1128000.0;1344000.0;644000.0;507000.0;1155.017473789316;281.5776335496755;335.4967548676984;537.9430853719421;160.75886170743885;18.690555186905552;1315.7763354967549;1334.4668906836605;1681000.0;419.62056914628056;1.0;0.6710291493158835;;
5624;Lebesby;2024;261;1429.0;12705.0;1538000.0;40000.0;1073000.0;116000.0;883000.0;1076.2771168649406;27.99160251924423;750.8747375787264;297.4107767669699;81.17564730580825;69.50019677292404;1157.4527641707489;1226.952960943673;603000.0;421.9734079776067;1.0;0.06633499170812604;energi_urimelig_lav;implisitt_pris_utenfor
5626;Gamvik;2024;261;3850.0;16288.0;2448000.0;444000.0;794000.0;162000.0;2356000.0;635.8441558441558;115.32467532467533;206.23376623376623;314.2857142857143;42.077922077922075;144.64636542239685;677.922077922078;822.5684433444749;801000.0;208.05194805194805;1.0;0.5543071161048689;;
5628;Deatnu - Tana;2024;261;6575.0;25007.0;322000.0;0.0;11000.0;75000.0;2782000.0;48.97338403041825;0.0;1.673003802281369;47.30038022813688;11.406844106463879;111.24885032190987;60.38022813688213;171.629078458792;443000.0;67.3764258555133;1.0;0.0;drift_urimelig_lav|energi_urimelig_lav|renhold_urimelig_lav;implisitt_pris_utenfor|kwh_uteligger
5630;Berlevåg;2024;261;2300.0;10364.0;2972000.0;540000.0;790000.0;148000.0;702000.0;1292.1739130434783;234.7826086956522;343.4782608695652;713.9130434782609;64.34782608695652;67.73446545735237;1356.5217391304348;1424.2562045877871;904000.0;393.04347826086956;1.0;0.5973451327433629;;
5632;Båtsfjord;2024;261;1568.0;16497.0;2103000.0;527000.0;612000.0;227000.0;10000.0;1341.1989795918366;336.0969387755102;390.3061224489796;614.795918367347;144.7704081632653;0.6061708189367764;1485.969387755102;1486.5755585740387;942000.0;600.765306122449;1.0;0.5594479830148619;;kwh_urimelig_hoy
5634;Vardø;2024;261;4751.0;14491.0;2738000.0;563000.0;0.0;267000.0;708000.0;576.2997263733951;118.50136813302463;0.0;457.7983582403705;56.19869501157651;48.85791180732868;632.4984213849716;681.3563331923003;753000.0;158.49294885287307;1.0;0.747675962815405;renhold_urimelig_lav;
5636;Unjárga - Nesseby;2024;261;3175.0;8863.0;1545000.0;444000.0;532000.0;272000.0;204000.0;486.61417322834643;139.84251968503938;167.55905511811022;179.21259842519686;85.66929133858268;23.01703712061379;572.2834645669292;595.3005016875429;625000.0;196.8503937007874;1.0;0.7104;;
