kommune;kommunenavn;aargang;funksjon;eid_areal_m2;portefoljeareal_m2;drift_kr;energi_kr;renhold_kr;vedlikehold_kr;forvaltning_kr;drift_kr_m2;energi_kr_m2;renhold_kr_m2;ovrig_drift_kr_m2;vedlikehold_kr_m2;forvaltning_kr_m2;dv_kr_m2;fdv_kr_m2;energibruk_kwh;kwh_m2;fornybarandel;implisitt_energipris_kr_kwh;flagg_kostnad;flagg_energi
0301;Oslo - Oslove;2025;261;411743.0;2389079.0;458397000.0;52394000.0;27738000.0;134499000.0;389503000.0;1113.3085444075552;127.24927928343651;67.3672655029958;918.6919996211229;326.65764809602103;163.03479290555063;1439.9661925035762;1603.0009854091268;52460000.0;127.40957344751459;1.0;0.9987418985894014;;
1101;Eigersund;2025;261;3824.0;53730.0;4905000.0;743000.0;1858000.0;1763000.0;11285000.0;1282.6882845188284;194.29916317991632;485.87866108786613;602.510460251046;461.0355648535565;210.0316396798809;1743.7238493723848;1953.7554890522658;957000.0;250.26150627615064;1.0;0.7763845350052246;;
1103;Stavanger;2025;261;111251.0;691046.0;69566000.0;17464000.0;22476000.0;24040000.0;116727000.0;625.3067388158308;156.97836423942258;202.02964467735123;266.2987298990571;216.0879452768964;168.9135021402338;841.3946840927273;1010.3081862329611;16658000.0;149.733485541703;1.0;1.0483851602833474;;
1106;Haugesund;2025;261;22436.0;144870.0;17373000.0;6922000.0;5030000.0;3392000.0;1003000.0;774.3358887502228;308.5220181850597;224.19326083080762;241.6206097343555;151.18559458013905;6.923448609097812;925.5214833303619;932.4449319394597;8064000.0;359.4223569263683;0.873015873015873;0.8583829365079365;;
1108;Sandnes;2025;261;63406.0;375026.0;73745000.0;15318000.0;14503000.0;9025000.0;34018000.0;1163.0602782071098;241.58596978203954;228.73229662807935;692.7420117969908;142.33668737974324;90.7083775524897;1305.396965586853;1396.1053431393427;11276000.0;177.8380594896382;0.9997339482085846;1.3584604469670096;;
1111;Sokndal;2025;261;8765.0;22443.0;4898000.0;1034000.0;1616000.0;310000.0;1396000.0;558.813462635482;117.96919566457501;184.36965202509984;256.47461494580716;35.36794067313178;62.20202290246402;594.1814033086138;656.3834262110778;1156000.0;131.88819167142043;1.0;0.8944636678200691;;
1112;Lund;2025;261;6980.0;23592.0;4499000.0;1261000.0;504000.0;185000.0;830000.0;644.5558739255015;180.65902578796562;72.20630372492836;391.69054441260744;26.50429799426934;35.181417429637165;671.0601719197708;706.241589349408;1264000.0;181.0888252148997;1.0;0.997626582278481;;
1114;Bjerkreim;2025;261;1922.0;16355.0;6198000.0;923000.0;1054000.0;197000.0;0.0;3224.7658688865763;480.2289281997919;548.3870967741935;2196.149843912591;102.49739854318419;0.0;3327.2632674297606;3327.2632674297606;524000.0;272.6326742976067;1.0;1.7614503816793892;DV_uteligger_hoy;
1119;Hå;2025;261;20530.0;87711.0;15597000.0;5015000.0;4397000.0;1842000.0;4768000.0;759.7174866049684;244.27666829030687;214.174378957623;301.2664393570385;89.72235752557233;54.360342488399404;849.4398441305407;903.8001866189401;3442000.0;167.6570871894788;0.9982568274259151;1.4570017431725741;;
1120;Klepp;2025;261;10915.0;87369.0;8301000.0;2472000.0;2509000.0;2247000.0;8764000.0;760.5130554283097;226.47732478240954;229.8671552908841;304.16857535501606;205.86349060925332;100.31017866749076;966.376546037563;1066.6867247050538;2158000.0;197.7095739807604;1.0;1.1455050973123264;;
1121;Time;2025;261;8934.0;92117.0;8360000.0;1440000.0;2312000.0;574000.0;10233000.0;935.7510633534811;161.18200134318334;258.78665771211104;515.7824042981867;64.24893664651891;111.08698720105953;1000.0;1111.0869872010596;1434000.0;160.51040967092007;0.898884239888424;1.0041841004184102;;
1122;Gjesdal;2025;261;5450.0;57459.0;3873000.0;1519000.0;851000.0;322000.0;4207000.0;710.6422018348624;278.7155963302752;156.14678899082568;275.7798165137615;59.08256880733945;73.2174245984093;769.7247706422019;842.9421952406111;2415000.0;443.1192660550459;1.0;0.6289855072463767;;kwh_uteligger
1124;Sola;2025;261;22235.0;173519.0;16679000.0;3687000.0;5960000.0;3038000.0;14697000.0;750.1236788846413;165.819653699123;268.045873622667;316.25815156285137;136.63143692376883;84.69965825068148;886.7551158084102;971.4547740590917;4623000.0;207.9154486170452;1.0;0.7975340687865022;;
1127;Randaberg;2025;261;15268.0;71912.0;9573000.0;1928000.0;3236000.0;1737000.0;4417000.0;626.9976421273251;126.27718103222426;211.94655488603615;288.7739062090647;113.76735656274562;61.42229391478474;740.7649986900707;802.1872926048554;1928000.0;126.27718103222426;1.0;1.0;;
1130;Strand;2025;261;4429.0;67651.0;6976000.0;2294000.0;925000.0;75000.0;5281000.0;1575.0733799954844;517.9498758184692;208.85075637841499;848.2727477986001;16.93384511176338;78.06240853793736;1592.0072251072477;1670.0696336451851;913000.0;206.14134116053285;1.0;2.512595837897043;;
1133;Hjelmeland;2025;261;6425.0;26169.0;6109000.0;1606000.0;2188000.0;742000.0;2321000.0;950.817120622568;249.96108949416342;340.54474708171205;360.3112840466926;115.4863813229572;88.69272803699033;1066.3035019455253;1154.9962299825156;93000.0;14.474708171206226;1.0;17.268817204301076;;kwh_urimelig_lav|implisitt_pris_utenfor
1134;Suldal;2025;261;11663.0;43077.0;4288000.0;915000.0;1461000.0;431000.0;1383000.0;367.65840692789163;78.45322815742091;125.26794135299666;163.93723741747405;36.95447140529881;32.10529981196462;404.61287833319045;436.7181781451551;582000.0;49.90139758209723;1.0;1.5721649484536082;;kwh_urimelig_lav
1135;Sauda;2025;261;2678.0;26048.0;7766000.0;1542000.0;2485000.0;1194000.0;721000.0;2899.9253174010455;575.8028379387603;927.9312920089619;1396.1911874533234;445.8551157580284;27.679668304668304;3345.7804331590737;3373.460101463742;3338000.0;1246.452576549664;1.0;0.4619532654284002;DV_uteligger_hoy;kwh_urimelig_hoy|implisitt_pris_utenfor
1144;Kvitsøy;2025;261;1540.0;6644.0;1406000.0;369000.0;286000.0;267000.0;285000.0;912.987012987013;239.6103896103896;185.71428571428572;487.6623376623377;173.37662337662337;42.895845875978324;1086.3636363636363;1129.2594822396145;297000.0;192.85714285714286;1.0;1.2424242424242424;;
1145;Bokn;2025;261;2800.0;11203.0;1600000.0;427000.0;382000.0;32000.0;514000.0;571.4285714285714;152.5;136.42857142857142;282.5;11.428571428571429;45.880567705078995;582.8571428571429;628.7377105622219;473000.0;168.92857142857142;1.0;0.9027484143763215;;
1146;Tysvær;2025;261;16640.0;86815.0;15279000.0;4477000.0;3269000.0;1720000.0;8131000.0;918.2091346153846;269.0504807692308;196.45432692307693;452.7043269230769;103.36538461538461;93.65892990842596;1021.5745192307693;1115.2334491391953;1817000.0;109.19471153846153;0.9774353329664281;2.463951568519538;;
1149;Karmøy;2025;261;38621.0;185095.0;37797000.0;10776000.0;12578000.0;4314000.0;8607000.0;978.6644571606121;279.019186452966;325.67774008958855;373.96753061805754;111.70088811786334;46.50044571706421;1090.3653452784754;1136.8657909955396;7769000.0;201.15999067864632;0.8528768181233106;1.3870511005277384;;
1151;Utsira;2025;261;450.0;3099.0;414000.0;1000.0;36000.0;144000.0;156000.0;920.0;2.2222222222222223;80.0;837.7777777777778;320.0;50.33881897386254;1240.0;1290.3388189738625;113000.0;251.11111111111111;1.0;0.008849557522123894;areal_for_lite|energi_urimelig_lav;areal_for_lite|implisitt_pris_utenfor
1160;Vindafjord;2025;261;10536.0;57021.0;9910000.0;3106000.0;2824000.0;1147000.0;2883000.0;940.5846621108581;294.79878511769175;268.0334092634776;377.7524677296887;108.86484434320425;50.56031988214868;1049.4495064540622;1100.0098263362108;2468000.0;234.24449506454062;1.0;1.2585089141004864;;
1505;Kristiansund;2025;261;28693.0;122618.0;18972000.0;3172000.0;6996000.0;507000.0;18018000.0;661.2065660614087;110.5496114034782;243.82253511309378;306.8344195448367;17.66981493744119;146.94416806667863;678.8763809988499;825.8205490655284;12283000.0;428.08350468755447;1.0;0.258243100219816;;implisitt_pris_utenfor|kwh_uteligger
1506;Molde;2025;261;46321.0;172738.0;40891000.0;4974000.0;3475000.0;2450000.0;18508000.0;882.77455149932;107.38110144426933;75.01996934435785;700.3734807106928;52.891776947820645;107.14492468362491;935.6663284471406;1042.8112531307654;8572000.0;185.05645387621166;1.0;0.5802613159122725;;
1508;Ålesund;2025;261;44424.0;236304.0;38822000.0;6335000.0;6433000.0;5366000.0;10649000.0;873.8969926166036;142.60309742481542;144.80911219160814;586.4847830001801;120.79056365928326;45.06483174216264;994.6875562758869;1039.7523880180495;8921000.0;200.8148748424275;1.0;0.7101221836117028;;
1511;Vanylven;2025;261;8047.0;23544.0;2537000.0;1104000.0;5000.0;741000.0;2000.0;315.272772461787;137.19398533615012;0.6213495712687959;177.45743755436808;92.08400646203555;0.08494733265375468;407.35677892382256;407.44172625647633;1278000.0;158.81695041630422;1.0;0.8638497652582159;renhold_urimelig_lav;
1514;Sande;2025;261;7602.0;19059.0;4371000.0;702000.0;1522000.0;525000.0;1054000.0;574.9802683504341;92.34411996842935;200.21047092870296;282.4256774533018;69.06077348066299;55.301957080644314;644.0410418310971;699.3429989117415;803000.0;105.63009734280452;1.0;0.8742216687422166;;
1515;Herøy (Møre og Romsdal);2025;261;8012.0;48362.0;11548000.0;1379000.0;2680000.0;531000.0;5039000.0;1441.3379930104843;172.1168247628557;334.4982526210684;934.7229156265602;66.2755866200699;104.19337496381456;1507.613579630554;1611.8069545943686;1475000.0;184.09885172241638;1.0;0.934915254237288;;
1516;Ulstein;2025;261;5416.0;52462.0;3834000.0;1150000.0;608000.0;799000.0;7486000.0;707.9025110782866;212.33382570162482;112.25997045790251;383.3087149187592;147.5258493353028;142.69375929244023;855.4283604135894;998.1221197060297;1660000.0;306.4992614475628;1.0;0.6927710843373494;;
1517;Hareid;2025;261;9129.0;39890.0;5740000.0;1455000.0;2142000.0;361000.0;12202000.0;628.7654726695147;159.3821886296418;234.6368715083799;234.74641253149304;39.54430934384927;305.8912008022061;668.309782013364;974.2009828155701;1872000.0;205.0607952678278;1.0;0.7772435897435898;;
1520;Ørsta;2025;261;8931.0;69373.0;11577000.0;1087000.0;3190000.0;589000.0;4566000.0;1296.2714141753443;121.71089463665884;357.1828462658157;817.3776732728697;65.95006158324935;65.8181136753492;1362.2214757585937;1428.0395894339429;1466000.0;164.14735192027769;1.0;0.7414733969986358;;
1525;Stranda;2025;261;12254.0;31168.0;5231000.0;1668000.0;0.0;167000.0;1032000.0;426.8810184429574;136.1188183450302;0.0;290.76220009792723;13.62820303574343;33.110882956878854;440.50922147870085;473.6201044355797;939000.0;76.62803982373103;1.0;1.7763578274760383;renhold_urimelig_lav;kwh_uteligger
1528;Sykkylven;2025;261;2443.0;32007.0;748000.0;63000.0;231000.0;29000.0;1492000.0;306.18092509209987;25.787965616045845;94.55587392550143;185.8370855505526;11.870650839132214;46.61480301184116;318.0515759312321;364.66637894307325;310000.0;126.89316414244782;1.0;0.2032258064516129;energi_urimelig_lav;implisitt_pris_utenfor
1531;Sula;2025;261;19994.0;58248.0;546000.0;0.0;0.0;0.0;7203000.0;27.30819245773732;0.0;0.0;27.30819245773732;0.0;123.66089822826535;27.30819245773732;150.9690906860027;2208000.0;110.4331299389817;1.0;0.0;drift_urimelig_lav|energi_urimelig_lav|renhold_urimelig_lav;implisitt_pris_utenfor
1532;Giske;2025;261;4370.0;42930.0;1907000.0;467000.0;500000.0;517000.0;5249000.0;436.38443935926773;106.86498855835241;114.41647597254004;215.1029748283753;118.30663615560641;122.26880969019334;554.6910755148741;676.9598852050674;697000.0;159.49656750572083;1.0;0.6700143472022956;;
1535;Vestnes;2025;261;12133.0;43894.0;4378000.0;1056000.0;1183000.0;360000.0;7577000.0;360.8340888485947;87.0353581142339;97.50267864501772;176.2960520893431;29.67114481167065;172.6204036998223;390.5052336602654;563.1256373600877;1371000.0;112.99760982444573;1.0;0.7702407002188183;;
1539;Rauma;2025;261;13761.0;49845.0;8933000.0;1255000.0;2029000.0;484000.0;3002000.0;649.153404549088;91.19976745876026;147.44567981978054;410.5079572705472;35.171862509992;60.2267027786137;684.32526705908;744.5519698376937;1788000.0;129.9324177022019;1.0;0.7019015659955257;;
1547;Aukra;2025;261;5813.0;32287.0;3716000.0;652000.0;915000.0;334000.0;695000.0;639.2568381214519;112.16239463271977;157.4058145535868;369.68862893514535;57.45742301737485;21.525691454765077;696.7142611388267;718.2399525935917;786000.0;135.21417512472044;1.0;0.8295165394402036;;
1554;Averøy;2025;261;3908.0;24793.0;4116000.0;704000.0;1081000.0;1179000.0;2296000.0;1053.224155578301;180.14329580348004;276.6120777891505;596.4687819856704;301.68884339815764;92.60678417295205;1354.9129989764585;1447.5197831494106;714000.0;182.7021494370522;1.0;0.9859943977591036;;
1557;Gjemnes;2025;261;7153.0;18425.0;3258000.0;552000.0;1337000.0;106000.0;738000.0;455.473228016217;77.17041800643086;186.9145812945617;191.3882287152244;14.818957080945058;40.05427408412483;470.292185097162;510.34645918128683;1340000.0;187.33398574024883;1.0;0.41194029850746267;;implisitt_pris_utenfor
1560;Tingvoll;2025;261;5746.0;25783.0;4567000.0;1294000.0;1360000.0;644000.0;4786000.0;794.8137835015663;225.20013922728856;236.68639053254438;332.92725374173335;112.07796728158719;185.62618779816157;906.8917507831535;1092.517938581315;1341000.0;233.3797424295162;1.0;0.964951528709918;;
1563;Sunndal;2025;261;12100.0;48607.0;6435000.0;1481000.0;3071000.0;1651000.0;3709000.0;531.8181818181819;122.39669421487604;253.80165289256198;155.6198347107438;136.44628099173553;76.30588186886662;668.2644628099174;744.5703446787841;2181000.0;180.2479338842975;1.0;0.6790463090325539;;
1566;Surnadal;2025;261;7480.0;32375.0;6912000.0;1458000.0;2106000.0;114000.0;2238000.0;924.0641711229947;194.91978609625667;281.55080213903744;447.5935828877005;15.240641711229946;69.12741312741312;939.3048128342245;1008.4322259616376;1610000.0;215.24064171122996;1.0;0.9055900621118012;;
1577;Volda;2025;261;9648.0;53044.0;8536000.0;1697000.0;2210000.0;1331000.0;14333000.0;884.742951907131;175.89137645107795;229.06301824212272;479.78855721393035;137.95605306799337;270.20963728225627;1022.6990049751244;1292.9086422573805;2421000.0;250.93283582089552;1.0;0.7009500206526229;;
1578;Fjord;2025;261;7036.0;31789.0;7184000.0;1080000.0;2166000.0;519000.0;0.0;1021.0346787947698;153.4963047185901;307.84536668561685;559.6930073905628;73.76350198976691;0.0;1094.7981807845367;1094.7981807845367;1466000.0;208.3570210346788;1.0;0.7366984993178717;;
1580;Haram;2025;261;18814.0;54188.0;6358000.0;915000.0;1049000.0;1976000.0;3152000.0;337.9398320399702;48.63399596045498;55.756351653024346;233.54948442649092;105.02817051132136;58.167860042813906;442.9680025512916;501.1358625941055;1998000.0;106.19751249069841;1.0;0.45795795795795796;;implisitt_pris_utenfor
1804;Bodø;2025;261;34838.0;228498.0;18612000.0;3728000.0;3118000.0;12996000.0;27717000.0;534.2442160858832;107.0095872323325;89.49997129571157;337.7346575578391;373.04093231528793;121.30084289578026;907.2851484011711;1028.5859912969513;5811000.0;166.80062001262988;1.0;0.6415419032868698;;
1806;Narvik;2025;261;31884.0;121144.0;27896000.0;4596000.0;1116000.0;611000.0;12429000.0;874.9215907665287;144.14753481369965;35.00188182160331;695.7721741312257;19.16321666039393;102.59690946311827;894.0848074269226;996.6817168900409;6527000.0;204.71082674695774;1.0;0.7041519840661865;renhold_urimelig_lav;
1811;Bindal;2025;261;3026.0;12427.0;2841000.0;555000.0;593000.0;408000.0;488000.0;938.8631857237277;183.4104428288169;195.96827495042962;559.4844679444811;134.8314606741573;39.269332904160294;1073.694646397885;1112.9639793020453;1091000.0;360.54196959682747;1.0;0.5087076076993584;;
1812;Sømna;2025;261;4800.0;15834.0;6417000.0;920000.0;2175000.0;352000.0;0.0;1336.875;191.66666666666666;453.125;692.0833333333334;73.33333333333333;0.0;1410.2083333333333;1410.2083333333333;1311000.0;273.125;1.0;0.7017543859649122;;
1813;Brønnøy;2025;261;13324.0;48141.0;8951000.0;1349000.0;3489000.0;2243000.0;8267000.0;671.7952566796757;101.24587211047734;261.8583008105674;308.69108375863107;168.3428399879916;171.72472528613864;840.1380966676674;1011.862821953806;1800000.0;135.09456619633744;1.0;0.7494444444444445;;
1815;Vega;2025;261;3300.0;12500.0;1980000.0;602000.0;0.0;298000.0;0.0;600.0;182.42424242424244;0.0;417.57575757575756;90.3030303030303;0.0;690.3030303030303;690.3030303030303;1058000.0;320.6060606060606;1.0;0.5689981096408318;renhold_urimelig_lav;
1816;Vevelstad;2025;261;1851.0;5749.0;844000.0;151000.0;209000.0;146000.0;0.0;455.9697460831983;81.57752566180443;112.9119394921664;261.48028092922743;78.8762830902215;0.0;534.8460291734198;534.8460291734198;151000.0;81.57752566180443;1.0;1.0;;
1818;Herøy (Nordland);2025;261;4834.0;17268.0;4522000.0;662000.0;1399000.0;1582000.0;958000.0;935.4571783202317;136.94662805130326;289.40835746793545;509.10219280099295;327.26520479933805;55.478341440815385;1262.7223831195697;1318.2007245603852;874000.0;180.80264791063303;0.8844393592677345;0.757437070938215;;
1820;Alstahaug;2025;261;4802.0;45942.0;3762000.0;690000.0;82000.0;893000.0;4082000.0;783.423573511037;143.69012911286964;17.076218242399;622.6572261557684;185.96418159100375;88.85116015846067;969.3877551020408;1058.2389152605015;993000.0;206.78883798417326;1.0;0.6948640483383686;renhold_urimelig_lav;
1822;Leirfjord;2025;261;4018.0;18895.0;1862000.0;447000.0;673000.0;67000.0;15000.0;463.4146341463415;111.24937779990044;167.4962667994027;184.66898954703834;16.674962667994027;0.793860809738026;480.0895968143355;480.8834576240735;939000.0;233.69835739173718;1.0;0.476038338658147;;implisitt_pris_utenfor
1824;Vefsn;2025;261;15364.0;79242.0;13261000.0;2444000.0;1735000.0;1645000.0;6667000.0;863.1215829211143;159.07315803176257;112.92632127050247;591.1221036188492;107.06847175214787;84.13467605562707;970.1900546732621;1054.324730728889;3900000.0;253.8401457953658;1.0;0.6266666666666667;;
1825;Grane;2025;261;2000.0;8950.0;4526000.0;800000.0;1922000.0;510000.0;0.0;2263.0;400.0;961.0;902.0;255.0;0.0;2518.0;2518.0;500000.0;250.0;1.0;1.6;DV_uteligger_hoy;
1826;Hattfjelldal - Aarborte;2025;261;2202.0;13946.0;2345000.0;398000.0;638000.0;377000.0;707000.0;1064.9409627611262;180.74477747502272;289.73660308810173;594.4595821980018;171.20799273387829;50.69553993976768;1236.1489554950044;1286.8444954347722;852000.0;386.9209809264305;0.9413145539906104;0.4671361502347418;;implisitt_pris_utenfor
1827;Dønna;2025;261;2728.0;14242.0;2906000.0;515000.0;750000.0;74000.0;1489000.0;1065.24926686217;188.78299120234604;274.9266862170088;601.5395894428152;27.126099706744867;104.5499227636568;1092.375366568915;1196.9252893325718;530000.0;194.28152492668622;1.0;0.9716981132075472;;
1828;Nesna;2025;261;2904.0;9731.0;1562000.0;294000.0;0.0;570000.0;874000.0;537.8787878787879;101.2396694214876;0.0;436.6391184573003;196.28099173553719;89.8160517932381;734.1597796143251;823.9758314075632;509000.0;175.27548209366392;1.0;0.5776031434184675;renhold_urimelig_lav;
1833;Rana;2025;261;24599.0;106140.0;19861000.0;3234000.0;4773000.0;2714000.0;4849000.0;807.3905443310704;131.4687588926379;194.03227773486728;481.8895077035652;110.32968819870726;45.68494441303938;917.7202325297776;963.405176942817;4567000.0;185.65795357534859;1.0;0.7081234946354281;;
1834;Lurøy;2025;261;6966.0;23488.0;0.0;0.0;0.0;444000.0;732000.0;0.0;0.0;0.0;0.0;63.738156761412576;31.16485013623978;63.738156761412576;94.90300689765236;1315000.0;188.77404536319264;1.0;0.0;drift_null|drift_urimelig_lav|energi_urimelig_lav|renhold_urimelig_lav;implisitt_pris_utenfor
1835;Træna;2025;261;1310.0;5050.0;1154000.0;220000.0;344000.0;760000.0;434000.0;880.9160305343512;167.93893129770993;262.59541984732823;450.381679389313;580.1526717557252;85.94059405940594;1461.0687022900763;1547.0092963494822;313000.0;238.93129770992365;1.0;0.7028753993610224;;
1836;Rødøy;2025;261;4389.0;15719.0;815000.0;553000.0;0.0;446000.0;64000.0;185.69150148097518;125.99681020733652;0.0;59.69469127363864;101.61768056504899;4.0715058209809785;287.30918204602415;291.3806878670051;870000.0;198.22282980177718;1.0;0.635632183908046;drift_urimelig_lav|renhold_urimelig_lav;
1837;Meløy;2025;261;7707.0;40209.0;6502000.0;787000.0;1902000.0;692000.0;8565000.0;843.6486311145711;102.11496042558713;246.78863370961463;494.7450369793694;89.78850395744129;213.01201223606654;933.4371350720124;1146.4491473080789;1672000.0;216.94563383936682;1.0;0.4706937799043062;;implisitt_pris_utenfor
1838;Gildeskål;2025;261;7597.0;24221.0;6226000.0;961000.0;692000.0;1791000.0;2290000.0;819.5340265894432;126.4973015664078;91.08858760036857;601.9481374226668;235.75095432407528;94.54605507617357;1055.2849809135184;1149.831035989692;1207000.0;158.8785046728972;1.0;0.796188898094449;;
1839;Beiarn;2025;261;3155.0;11818.0;2589000.0;558000.0;807000.0;104000.0;33000.0;820.6022187004754;176.8621236133122;255.78446909667196;387.9556259904913;32.9635499207607;2.7923506515484853;853.5657686212361;856.3581192727846;721000.0;228.52614896988908;1.0;0.7739251040221914;;
1840;Saltdal;2025;261;7884.0;35577.0;2892000.0;67000.0;1324000.0;598000.0;1407000.0;366.81887366818876;8.498224251648908;167.93505834601726;190.38559107052257;75.84982242516489;39.548022598870055;442.6686960933536;482.21671869222365;1128000.0;143.0745814307458;1.0;0.05939716312056737;energi_urimelig_lav;implisitt_pris_utenfor
1841;Fauske - Fuossko;2025;261;7993.0;38940.0;7640000.0;1190000.0;2129000.0;1723000.0;6871000.0;955.8363568122107;148.8802702364569;266.3580633053922;540.5980232703615;215.56361816589515;176.45095017976374;1171.3999749781058;1347.8509251578696;2159000.0;270.1113474290004;1.0;0.5511811023622047;;
1848;Steigen;2025;261;6196.0;22425.0;4920000.0;934000.0;1258000.0;442000.0;205000.0;794.0606843124597;150.74241446094254;203.03421562298257;440.28405422853456;71.33634602969659;9.141583054626533;865.3970303421562;874.5386133967827;1435000.0;231.6010329244674;1.0;0.6508710801393728;;
1851;Lødingen;2025;261;2867.0;13420.0;838000.0;689000.0;0.0;187000.0;829000.0;292.2915940006976;240.32089291942796;0.0;51.97070108126962;65.22497384025114;61.77347242921014;357.5165678409487;419.29004027015884;598000.0;208.58039762818277;1.0;1.1521739130434783;renhold_urimelig_lav;
1853;Evenes - Evenássi;2025;261;4840.0;16553.0;3120000.0;374000.0;705000.0;152000.0;514000.0;644.6280991735537;77.27272727272727;145.6611570247934;421.6942148760331;31.40495867768595;31.051773092490787;676.0330578512396;707.0848309437304;990000.0;204.54545454545453;1.0;0.37777777777777777;;implisitt_pris_utenfor
1856;Røst;2025;261;1100.0;5795.0;1272000.0;199000.0;264000.0;45000.0;372000.0;1156.3636363636363;180.9090909090909;240.0;735.4545454545455;40.90909090909091;64.1932700603969;1197.2727272727273;1261.465997333124;305000.0;277.27272727272725;1.0;0.6524590163934426;;
1857;Værøy;2025;261;1900.0;10250.0;1279000.0;254000.0;285000.0;154000.0;252000.0;673.1578947368421;133.68421052631578;150.0;389.4736842105263;81.05263157894737;24.585365853658537;754.2105263157895;778.795892169448;358000.0;188.42105263157896;1.0;0.7094972067039105;;
1859;Flakstad;2025;261;1900.0;6727.0;1748000.0;299000.0;759000.0;181000.0;373000.0;920.0;157.3684210526316;399.4736842105263;363.1578947368421;95.26315789473684;55.448193845696444;1015.2631578947369;1070.7113517404334;634000.0;333.6842105263158;1.0;0.47160883280757104;;implisitt_pris_utenfor
1860;Vestvågøy;2025;261;11291.0;58757.0;6807000.0;1949000.0;1843000.0;1872000.0;4472000.0;602.8695421131875;172.61535736427243;163.22734921618988;267.02683553272516;165.7957665397219;76.11008050104668;768.6653086529094;844.7753891539561;2761000.0;244.53104242316888;1.0;0.7059036580948932;;
1865;Vågan;2025;261;11652.0;59556.0;8051000.0;220000.0;3161000.0;1357000.0;4523000.0;690.9543426021283;18.880878819086853;271.28389975969793;400.78956402334364;116.46069344318572;75.94532876620323;807.4150360453141;883.3603648115173;2361000.0;202.62615859938208;1.0;0.09318085556967387;energi_urimelig_lav;implisitt_pris_utenfor
1866;Hadsel;2025;261;11889.0;52329.0;5032000.0;481000.0;87000.0;714000.0;8134000.0;423.2483808562537;40.4575658171419;7.317688619732526;375.47312641937924;60.05551349987383;155.43962238911502;483.3038943561275;638.7435167452425;1378000.0;115.90545882748759;1.0;0.34905660377358494;renhold_urimelig_lav;implisitt_pris_utenfor
1867;Bø;2025;261;8471.0;21111.0;3362000.0;1064000.0;0.0;264000.0;1527000.0;396.8834848305985;125.60500531224177;0.0;271.27847951835673;31.165151694014874;72.33195964189285;428.0486365246134;500.3805961665063;1617000.0;190.88655412584112;1.0;0.658008658008658;renhold_urimelig_lav;
1868;Øksnes;2025;261;10686.0;32560.0;4251000.0;959000.0;1434000.0;953000.0;2788000.0;397.81021897810217;89.74358974358974;134.19427288040427;173.87235635410818;89.18210743028261;85.62653562653563;486.9923264083848;572.6188620349204;1656000.0;154.96911847276812;1.0;0.5791062801932366;;
1870;Sortland - Suortá;2025;261;18257.0;78022.0;8757000.0;1479000.0;2972000.0;1104000.0;6963000.0;479.6516404666703;81.01002355260995;162.78687626663745;235.85474064742291;60.469956728925894;89.2440593678706;540.1215971955962;629.3656565634668;2797000.0;153.20151174891822;1.0;0.5287808366106542;;
1871;Andøy;2025;261;0.0;240.0;4417000.0;454000.0;1265000.0;195000.0;3064000.0;;;;;;;;;0.0;;;;areal_mangler;areal_mangler|kwh_mangler
1875;Hamarøy - Hábmer;2025;261;5911.0;34293.0;3496000.0;513000.0;831000.0;442000.0;2574000.0;591.4396887159533;86.7873456267975;140.58534934867197;364.06699374048384;74.77584165115886;75.05904995188523;666.2155303671121;741.2745803189973;1242000.0;210.11673151750972;1.0;0.4130434782608696;;implisitt_pris_utenfor
3101;Halden;2025;261;26961.0;117439.0;17617000.0;2712000.0;6481000.0;1411000.0;14888000.0;653.425318052001;100.58974073661956;240.38425874411186;312.4513185712696;52.33485404844034;126.7721966297397;705.7601721004414;832.5323687301811;2473000.0;91.72508438114313;1.0;1.0966437525272947;;
3103;Moss;2025;261;29497.0;181790.0;19130000.0;4168000.0;6870000.0;9358000.0;36877000.0;648.5405295453775;141.30250533952605;232.90504119062956;274.3329830152219;317.2526019595213;202.85494251609;965.7931315048988;1168.6480740209888;3863000.0;130.96247075973827;1.0;1.078954180688584;;
3105;Sarpsborg;2025;261;46765.0;223480.0;45293000.0;9212000.0;12519000.0;5702000.0;20408000.0;968.523468405859;196.98492462311557;267.7002031433765;503.83834063936706;121.92879290067359;91.31913370323966;1090.4522613065326;1181.7713950097723;7503000.0;160.4405003742115;1.0;1.2277755564440889;;
3107;Fredrikstad;2025;261;88646.0;400986.0;50330000.0;15980000.0;11708000.0;3325000.0;38068000.0;567.7639148974573;180.26758116553484;132.07589738961713;255.42043634230535;37.50874263926178;94.9359828023921;605.2726575367191;700.2086403391112;10855000.0;122.45335378922907;0.9461999078765546;1.4721326577614005;;
3110;Hvaler;2025;261;1176.0;19421.0;5248000.0;893000.0;1565000.0;0.0;6560000.0;4462.585034013606;759.3537414965987;1330.7823129251701;2372.4489795918366;0.0;337.77869316719017;4462.585034013606;4800.363727180796;688000.0;585.0340136054422;1.0;1.2979651162790697;DV_uteligger_hoy;kwh_urimelig_hoy
3112;Råde;2025;261;6735.0;35389.0;6032000.0;1451000.0;2410000.0;1291000.0;1723000.0;895.6198960653304;215.44172234595396;357.8322197475872;322.3459539717892;191.6852264291017;48.68744525134929;1087.305122494432;1135.9925677457813;753000.0;111.80400890868597;0.9654714475431607;1.9269588313413013;;
3114;Våler (Østfold);2025;261;4259.0;21004.0;3915000.0;1395000.0;0.0;130000.0;2979000.0;919.2298661657666;327.54167644987086;0.0;591.6881897158958;30.523597088518432;141.83012759474386;949.7534632542851;1091.583590849029;1135000.0;266.494482272834;0.9991189427312775;1.2290748898678414;renhold_urimelig_lav;
3116;Skiptvet;2025;261;8634.0;26884.0;4912000.0;1773000.0;72000.0;383000.0;797000.0;568.9135974056057;205.3509381514941;8.339124391938846;355.2235348621728;44.359508918230254;29.64588602886475;613.273106323836;642.9189923527008;195000.0;22.585128561501044;1.0;9.092307692307692;renhold_urimelig_lav;kwh_urimelig_lav|implisitt_pris_utenfor
3118;Indre Østfold;2025;261;46252.0;184256.0;36820000.0;9380000.0;9444000.0;2328000.0;16357000.0;796.0736833001816;202.80204099282193;204.18576493989448;389.0858773674652;50.33295857476433;88.77322855158042;846.406641874946;935.1798704265263;8798000.0;190.21880134913084;0.9713571266196863;1.0661513980450104;;
3120;Rakkestad;2025;261;6954.0;38997.0;6078000.0;1781000.0;1475000.0;323000.0;2118000.0;874.0293356341674;256.1115904515387;212.10813920046016;405.80960598216853;46.44808743169399;54.31187014385722;920.4774230658613;974.7892932097186;1692000.0;243.31320103537533;1.0;1.0526004728132388;;
3122;Marker;2025;261;6400.0;22820.0;5368000.0;924000.0;1713000.0;132000.0;635000.0;838.75;144.375;267.65625;426.71875;20.625;27.82646801051709;859.375;887.2014680105171;857000.0;133.90625;0.9649941656942824;1.0781796966161026;;
3124;Aremark;2025;261;5172.0;16474.0;3465000.0;665000.0;1193000.0;183000.0;530000.0;669.953596287703;128.5769528228925;230.66511987625677;310.71152358855375;35.382830626450115;32.17190724778439;705.3364269141531;737.5083341619375;880000.0;170.14694508894044;1.0;0.7556818181818182;;
3201;Bærum;2025;261;117347.0;613123.0;98131000.0;23870000.0;22815000.0;10956000.0;97166000.0;836.246346306254;203.4138069145355;194.423376822586;438.40916256913255;93.36412520132598;158.47717342197242;929.6104715075801;1088.0876449295524;16408000.0;139.82462270019684;1.0;1.4547781569965872;;
3203;Asker;2025;261;72569.0;463926.0;60718000.0;13830000.0;13930000.0;6366000.0;60266000.0;836.6933539114498;190.57724372666016;191.95524259670108;454.1608675880886;87.72340806680539;129.9043381918668;924.4167619782552;1054.321100170122;11501000.0;158.48365004340695;1.0;1.2025041300756458;;
3205;Lillestrøm;2025;261;56289.0;393135.0;55369000.0;12922000.0;11860000.0;12888000.0;36778000.0;983.6557764394464;229.56527918421006;210.69836024800583;543.3921370072305;228.96125353088524;93.55056151194883;1212.6170299703317;1306.1675914822806;11053000.0;196.36163371173765;1.0;1.1690943635212159;;
3207;Nordre Follo;2025;261;48961.0;299934.0;45525000.0;7499000.0;10417000.0;7294000.0;31677000.0;929.8216948183248;153.16272134964564;212.7611772635363;563.8977962051429;148.97571536529074;105.61323491168056;1078.7974101836155;1184.410645095296;11231000.0;229.38665468434058;1.0;0.6677054581070252;;
3209;Ullensaker;2025;261;14936.0;163181.0;50990000.0;8369000.0;10142000.0;3339000.0;15803000.0;3413.8993036957686;560.3240492769148;679.0305302624531;2174.5447241564007;223.55382967327262;96.84338250163928;3637.453133369041;3734.29651587068;7107000.0;475.8302088912694;1.0;1.177571408470522;DV_uteligger_hoy;kwh_uteligger
3212;Nesodden;2025;261;12181.0;87499.0;15366000.0;2615000.0;4431000.0;762000.0;7263000.0;1261.4727854855923;214.67859781627124;363.7632378294065;683.0309498399146;62.55644035793449;83.00666293329067;1324.0292258435268;1407.0358887768175;2350000.0;192.92340530334127;1.0;1.1127659574468085;;
3214;Frogn;2025;261;15533.0;75558.0;10997000.0;2660000.0;3342000.0;1498000.0;7293000.0;707.97656602073;171.24831004957187;215.15483164874783;321.57342432241035;96.4398377647589;96.52187723338362;804.4164037854889;900.9382810188725;2541000.0;163.58720144209104;0.9996064541519087;1.046831955922865;;
3216;Vestby;2025;261;9718.0;99903.0;10134000.0;3020000.0;162000.0;2731000.0;5259000.0;1042.8071619674831;310.7635315908623;16.670096727721752;715.373533648899;281.02490224325993;52.64106182997507;1323.832064210743;1376.4731260407182;2659000.0;273.61597036427247;1.0;1.135765325310267;renhold_urimelig_lav;
3218;Ås;2025;261;26597.0;125548.0;17877000.0;4671000.0;5522000.0;1981000.0;13781000.0;672.1434748279881;175.62131067413617;207.61740045869834;288.9047636951536;74.48208444561416;109.7667824258451;746.6255592736023;856.3923416994475;3633000.0;136.59435274655036;1.0;1.2857142857142856;;
3220;Enebakk;2025;261;10441.0;52926.0;6409000.0;1425000.0;669000.0;1151000.0;3471000.0;613.8300929029787;136.48117996360503;64.07432238291351;413.2745905564601;110.2384829039364;65.58213354494956;724.0685758069151;789.6507093518646;1325000.0;126.90355329949239;1.0;1.0754716981132075;;
3222;Lørenskog;2025;261;23875.0;209147.0;18954000.0;5110000.0;3781000.0;5233000.0;17930000.0;793.8848167539267;214.03141361256544;158.36649214659687;421.4869109947644;219.18324607329842;85.72917612970781;1013.0680628272252;1098.797238956933;4249000.0;177.96858638743456;1.0;1.2026359143327843;;
3224;Rælingen;2025;261;19516.0;116199.0;9654000.0;2669000.0;2079000.0;915000.0;9431000.0;494.6710391473663;136.7595818815331;106.52797704447633;251.38348022135685;46.884607501537204;81.16248848957392;541.5556466489035;622.7181351384774;3298000.0;168.98954703832752;1.0;0.809278350515464;;
3226;Aurskog-Høland;2025;261;27846.0;95567.0;13627000.0;879000.0;5184000.0;4563000.0;12870000.0;489.3701070171658;31.566472742943333;186.1667744020685;271.636859872154;163.8655462184874;134.66991744012054;653.2356532356532;787.9055706757738;4167000.0;149.64447317388493;1.0;0.21094312455003603;energi_urimelig_lav;implisitt_pris_utenfor
3228;Nes;2025;261;13649.0;84362.0;9275000.0;2427000.0;3226000.0;2719000.0;11987000.0;679.536962414829;177.81522455857572;236.3543116711847;265.3674261850685;199.20873324053045;142.09004053957943;878.7456956553593;1020.8357361949388;1996000.0;146.23781962048503;1.0;1.2159318637274548;;
3230;Gjerdrum;2025;261;8746.0;32160.0;4121000.0;724000.0;1824000.0;2019000.0;4061000.0;471.1868282643494;82.78069974845644;208.55248113423278;179.85364738166018;230.8483878344386;126.27487562189054;702.035216098788;828.3100917206787;600000.0;68.6027898467871;1.0;1.2066666666666668;;kwh_uteligger
3232;Nittedal;2025;261;15334.0;108411.0;11613000.0;2971000.0;2982000.0;2371000.0;10219000.0;757.3366375374984;193.75244554584583;194.46980566062345;369.1143863310291;154.6237120125212;94.26165241534531;911.9603495500196;1006.2220019653649;2807000.0;183.05725838007044;1.0;1.0584253651585322;;
3234;Lunner;2025;261;10158.0;47640.0;9023000.0;2036000.0;1810000.0;277000.0;3537000.0;888.2654065760977;200.43315613309707;178.18468202402047;509.6475684189801;27.269147469974403;74.24433249370277;915.5345540460721;989.7788865397749;1702000.0;167.55266784800156;1.0;1.1962397179788486;;
3236;Jevnaker;2025;261;13068.0;38798.0;6599000.0;1974000.0;1316000.0;625000.0;1649000.0;504.9739822467095;151.05601469237834;100.70400979491889;253.2139577594123;47.82675237220692;42.5021908345791;552.8007346189164;595.3029254534955;1708000.0;130.70094888276705;1.0;1.155737704918033;;
3238;Nannestad;2025;261;17084.0;72365.0;14001000.0;3905000.0;2320000.0;2533000.0;3406000.0;819.5387497073285;228.57644579723717;135.79957855303206;455.16272535705923;148.26738468742684;47.066952255924825;967.8061343947553;1014.8730866506801;3230000.0;189.0657925544369;1.0;1.2089783281733746;;
3240;Eidsvoll;2025;261;14329.0;105277.0;12834000.0;2213000.0;4253000.0;3163000.0;11894000.0;895.6661316211878;154.4420406169307;296.81066368902225;444.41342731523486;220.74115430246354;112.9781433741463;1116.4072859236514;1229.3854292977978;1798000.0;125.47979621746109;1.0;1.2308120133481648;;
3242;Hurdal;2025;261;3826.0;14980.0;3863000.0;1484000.0;531000.0;564000.0;200000.0;1009.6706743335076;387.87245164662835;138.78724516466283;483.0109775222164;147.41244119184526;13.35113484646195;1157.083115525353;1170.4342503718149;1317000.0;344.22373235755356;1.0;1.1268033409263478;;
3301;Drammen;2025;261;44910.0;373472.0;41970000.0;9828000.0;11242000.0;12330000.0;60260000.0;934.5357381429526;218.8376753507014;250.3228679581385;465.3751948341127;274.5490981963928;161.35078399451632;1209.0848363393454;1370.4356203338618;7770000.0;173.0126920507682;1.0;1.2648648648648648;;
3303;Kongsberg;2025;261;18993.0;95326.0;17995000.0;3635000.0;4421000.0;633000.0;14637000.0;947.4543252777339;191.386300215869;232.76996788290424;523.2980571789607;33.328068235665775;153.54677632545162;980.7823935133997;1134.3291698388514;2729000.0;143.6845153477597;1.0;1.33198973983144;;
3305;Ringerike;2025;261;30095.0;144354.0;28191000.0;4938000.0;7006000.0;1872000.0;13638000.0;936.7336766904801;164.08041202857618;232.7961455391261;539.8571191227778;62.20302375809935;94.47607963755767;998.9367004485795;1093.4127800861372;4584000.0;152.31766074098687;1.0;1.0772251308900525;;
3310;Hole;2025;261;5074.0;35733.0;4657000.0;1121000.0;1321000.0;101000.0;3934000.0;917.8163184864013;220.93023255813952;260.3468663776114;436.5392195506504;19.905400078833267;110.09431058125543;937.7217185652345;1047.8160291464899;822000.0;162.00236499802918;1.0;1.3637469586374693;;
3312;Lier;2025;261;25024.0;125623.0;17050000.0;4464000.0;4138000.0;2037000.0;16201000.0;681.3459079283888;178.38874680306904;165.36125319693096;337.5959079283887;81.40185421994885;128.9652372575086;762.7477621483376;891.7129994058462;3995000.0;159.64673913043478;1.0;1.1173967459324154;;
3314;Øvre Eiker;2025;261;21790.0;99251.0;13149000.0;3696000.0;1910000.0;1516000.0;8128000.0;603.4419458467187;169.61909132629646;87.65488756310233;346.1679669573199;69.57319871500688;81.89338142688739;673.0151445617256;754.908525988613;3155000.0;144.7911886186324;1.0;1.171473851030111;;
3316;Modum;2025;261;25292.0;72560.0;7998000.0;1363000.0;2594000.0;987000.0;7140000.0;316.2264747746323;53.8905582792978;102.56207496441563;159.77384153091887;39.02419737466393;98.4013230429989;355.25067214929624;453.65199519229515;2001000.0;79.11592598450103;1.0;0.681159420289855;DV_uteligger_lav;kwh_uteligger
3318;Krødsherad;2025;261;7979.0;22264.0;5268000.0;1341000.0;881000.0;244000.0;2423000.0;660.2331119187868;168.0661737059782;110.41483895224965;381.75209926055896;30.58027321719514;108.8303988501617;690.813385135982;799.6437839861437;1263000.0;158.29051259556334;1.0;1.0617577197149646;;
3320;Flå;2025;261;4110.0;12194.0;2012000.0;422000.0;478000.0;230000.0;930000.0;489.5377128953771;102.67639902676399;116.30170316301704;270.5596107055961;55.961070559610704;76.26701656552403;545.4987834549878;621.7658000205118;791000.0;192.45742092457422;1.0;0.5335018963337547;;
3322;Nesbyen;2025;261;8974.0;34093.0;4569000.0;717000.0;1266000.0;237000.0;2326000.0;509.13750835747715;79.89748161355026;141.0742143971473;288.1658123467796;26.409627813683976;68.22514885753674;535.5471361711611;603.7722850286979;1473000.0;164.14085134833965;1.0;0.4867617107942973;;implisitt_pris_utenfor
3324;Gol;2025;261;5656.0;37004.0;5276000.0;619000.0;1217000.0;172000.0;2561000.0;932.8147100424328;109.44130127298445;215.16973125884016;608.2036775106083;30.41018387553041;69.20873419089828;963.2248939179632;1032.4336281088615;1307000.0;231.08203677510608;1.0;0.47360367253251723;;implisitt_pris_utenfor
3326;Hemsedal;2025;261;4965.0;21421.0;3337000.0;562000.0;891000.0;328000.0;4104000.0;672.1047331319235;113.19234642497483;179.45619335347433;379.4561933534743;66.06243705941591;191.58769431865926;738.1671701913393;929.7548645099986;633000.0;127.49244712990937;1.0;0.8878357030015798;;
3328;Ål;2025;261;13048.0;38655.0;11646000.0;1083000.0;3914000.0;1697000.0;4417000.0;892.5505824647455;83.00122624156958;299.9693439607603;509.5800122624157;130.0582464745555;114.26723580390635;1022.608828939301;1136.8760647432073;2555000.0;195.8154506437768;1.0;0.4238747553816047;;implisitt_pris_utenfor
3330;Hol;2025;261;8004.0;31641.0;6386000.0;503000.0;2626000.0;941000.0;6732000.0;797.8510744627686;62.843578210894556;328.08595702148926;406.9215392303848;117.56621689155422;212.76192282165545;915.4172913543229;1128.1792141759784;1443000.0;180.2848575712144;1.0;0.3485793485793486;;implisitt_pris_utenfor
3332;Sigdal;2025;261;5945.0;20731.0;5613000.0;1642000.0;1444000.0;1124000.0;3792000.0;944.1547518923466;276.19848612279225;242.8931875525652;425.0630782169891;189.06644238856182;182.91447590564854;1133.2211942809083;1316.1356701865568;1427000.0;240.0336417157275;1.0;1.150665732305536;;
3334;Flesberg;2025;261;5386.0;19145.0;3805000.0;591000.0;1076000.0;530000.0;2752000.0;706.4611956925362;109.7289268473821;199.77720014853324;396.95506869662086;98.40326773115484;143.74510316009403;804.8644634236911;948.6095665837851;904000.0;167.84255477163015;1.0;0.6537610619469026;;
3336;Rollag;2025;261;6068.0;19341.0;1885000.0;906000.0;35000.0;144000.0;4314000.0;310.6460118655241;149.30784442979564;5.767963085036256;155.57020435069217;23.731048121292023;223.0494803784706;334.3770599868161;557.4265403652867;696000.0;114.70006591957811;1.0;1.3017241379310345;renhold_urimelig_lav;
3338;Nore og Uvdal;2025;261;9200.0;31015.0;5802000.0;318000.0;2274000.0;384000.0;3714000.0;630.6521739130435;34.56521739130435;247.17391304347825;348.9130434782609;41.73913043478261;119.74850878607126;672.3913043478261;792.1398131338974;2221000.0;241.41304347826087;1.0;0.14317874831157137;energi_urimelig_lav;implisitt_pris_utenfor
3401;Kongsvinger;2025;261;18831.0;80962.0;14477000.0;3314000.0;4428000.0;872000.0;11859000.0;768.7855132494292;175.98640539535873;235.14417715469173;357.65493069937867;46.306622059370184;146.476124601665;815.0921353087994;961.5682599104643;2842000.0;150.9213530879932;1.0;1.1660802251935258;;
3403;Hamar;2025;261;40993.0;234061.0;44205000.0;9945000.0;13300000.0;2477000.0;25639000.0;1078.3548410704266;242.6023955309443;324.44563705998587;511.3068084794965;60.42495060132218;109.53982081594114;1138.7797916717489;1248.31961248769;10497000.0;256.0681091893738;1.0;0.9474135467276364;;
3405;Lillehammer;2025;261;25960.0;119140.0;20659000.0;3276000.0;5626000.0;816000.0;21380000.0;795.8012326656394;126.19414483821264;216.71802773497689;452.88906009244994;31.432973805855163;179.45274467013598;827.2342064714946;1006.6869511416306;3538000.0;136.28659476117105;1.0;0.9259468626342565;;
3407;Gjøvik;2025;261;31161.0;105165.0;22791000.0;5795000.0;8164000.0;2257000.0;11787000.0;731.3950129970156;185.96964153910338;261.994159365874;283.43121209203815;72.43028144154552;112.08101554699758;803.8252944385611;915.9063099855587;5496000.0;176.37431404640415;1.0;1.0544032023289667;;
3411;Ringsaker;2025;261;47295.0;160559.0;36685000.0;8964000.0;12892000.0;3745000.0;27432000.0;775.6633893646263;189.53377735490008;272.58695422349086;313.54265778623534;79.18384607252352;170.85308204460665;854.8472354371498;1025.7003174817564;6603000.0;139.61306692039327;1.0;1.3575647432985007;;
3412;Løten;2025;261;9571.0;38951.0;7495000.0;1372000.0;2374000.0;1021000.0;1400000.0;783.0947654372584;143.34970222547278;248.0409570577787;391.7041061540069;106.67641834709016;35.94259454186029;889.7711837843485;925.7137783262089;1945000.0;203.2180545397555;1.0;0.7053984575835476;;
3413;Stange;2025;261;14470.0;108187.0;10266000.0;3872000.0;2491000.0;2802000.0;8528000.0;709.4678645473393;267.58811333794057;172.14927436074638;269.73047684865236;193.6420179682101;78.82647637886252;903.1098825155494;981.9363588944119;2663000.0;184.0359364201797;1.0;1.45399924896733;;
3414;Nord-Odal;2025;261;6365.0;28506.0;4927000.0;1285000.0;1653000.0;1323000.0;3086000.0;774.076983503535;201.885310290652;259.7014925373134;312.49018067556955;207.85545954438334;108.25791061530906;981.9324430479184;1090.1903536632274;1081000.0;169.83503534956796;1.0;1.188714153561517;;
3415;Sør-Odal;2025;261;10998.0;35937.0;7237000.0;2166000.0;2366000.0;979000.0;3177000.0;658.0287324968176;196.94489907255866;215.13002364066193;245.95380978359702;89.01618476086561;88.40470823941898;747.0449172576832;835.4496254971021;2315000.0;210.4928168757956;1.0;0.9356371490280778;;
3416;Eidskog;2025;261;7508.0;31000.0;6582000.0;1837000.0;1475000.0;414000.0;4213000.0;876.6648907831647;244.6723494938732;196.45711241342568;435.53542887586576;55.14118273841236;135.90322580645162;931.806073521577;1067.7092993280287;1826000.0;243.20724560468832;0.9780941949616648;1.0060240963855422;;
3417;Grue;2025;261;15880.0;29581.0;7079000.0;2241000.0;1452000.0;1078000.0;1460000.0;445.7808564231738;141.12090680100755;91.43576826196474;213.2241813602015;67.88413098236776;49.356005544099254;513.6649874055415;563.0209929496408;1812000.0;114.1057934508816;1.0;1.2367549668874172;;
3418;Åsnes;2025;261;6250.0;47272.0;8625000.0;2482000.0;4027000.0;1249000.0;2295000.0;1380.0;397.12;644.32;338.56;199.84;48.54882382805889;1579.84;1628.3888238280588;4898000.0;783.68;1.0;0.5067374438546346;;kwh_urimelig_hoy
3419;Våler (Innlandet);2025;261;11218.0;24017.0;13322000.0;2438000.0;61000.0;129000.0;1353000.0;1187.5557140310216;217.3292922089499;5.4376894277054735;964.7887323943662;11.499376002852559;56.335095973685306;1199.0550900338742;1255.3901860075596;1407000.0;125.42342663576395;0.6538734896943852;1.732764747690121;renhold_urimelig_lav;
3420;Elverum;2025;261;27066.0;105734.0;20519000.0;5031000.0;5934000.0;1385000.0;7344000.0;758.109805660238;185.87896253602307;219.24185324761694;352.98898987659794;51.17121111357422;69.457317419184;809.2810167738122;878.7383341929963;4709000.0;173.98211778615237;1.0;1.068379698449777;;
3421;Trysil;2025;261;9325.0;32298.0;9093000.0;2180000.0;4107000.0;360000.0;2633000.0;975.1206434316354;233.78016085790884;440.4289544235925;300.9115281501341;38.605898123324394;81.52207567032015;1013.7265415549598;1095.24861722528;2869000.0;307.6675603217158;1.0;0.7598466364586963;;
3422;Åmot;2025;261;6200.0;27105.0;4290000.0;1257000.0;876000.0;343000.0;3035000.0;691.9354838709677;202.74193548387098;141.29032258064515;347.9032258064516;55.32258064516129;111.9719608928242;747.258064516129;859.2300254089532;1090000.0;175.80645161290323;1.0;1.153211009174312;;
3423;Stor-Elvdal;2025;261;4640.0;19602.0;4214000.0;1045000.0;1225000.0;293000.0;1696000.0;908.1896551724138;225.2155172413793;264.0086206896552;418.9655172413793;63.14655172413793;86.52178349148046;971.3362068965517;1057.8579903880322;821000.0;176.93965517241378;1.0;1.2728380024360537;;
3424;Rendalen;2025;261;4017.0;15140.0;1942000.0;1125000.0;0.0;427000.0;12434000.0;483.445357231765;280.0597460791636;0.0;203.38561115260146;106.29823251182475;821.2681638044915;589.7435897435897;1411.0117535480813;641000.0;159.57181976599452;1.0;1.7550702028081124;renhold_urimelig_lav;
3425;Engerdal;2025;261;3700.0;14750.0;3302000.0;973000.0;1138000.0;270000.0;1250000.0;892.4324324324324;262.97297297297297;307.56756756756755;321.8918918918919;72.97297297297297;84.7457627118644;965.4054054054054;1050.15116811727;883000.0;238.64864864864865;1.0;1.101925254813137;;
3426;Tolga;2025;261;4431.0;18112.0;2913000.0;614000.0;1299000.0;247000.0;2130000.0;657.4136763710223;138.56917174452718;293.1618144888287;225.68269013766644;55.74362446400361;117.60159010600707;713.1573008350259;830.758890941033;975000.0;220.04062288422477;1.0;0.6297435897435897;;
3427;Tynset;2025;261;15918.0;48773.0;4020000.0;1197000.0;1052000.0;145000.0;2256000.0;252.54428948360348;75.19788918205805;66.08870461113206;111.25769569041337;9.109184570925995;46.25510015787423;261.65347405452945;307.90857421240366;2383000.0;149.70473677597687;0.9832144355853966;0.5023080151070081;DV_uteligger_lav;
3428;Alvdal;2025;261;6560.0;23607.0;3662000.0;1104000.0;1260000.0;400000.0;0.0;558.2317073170732;168.29268292682926;192.0731707317073;197.8658536585366;60.97560975609756;0.0;619.2073170731708;619.2073170731708;1670000.0;254.5731707317073;1.0;0.6610778443113773;;
3429;Folldal;2025;261;5342.0;13409.0;5254000.0;1610000.0;1137000.0;753000.0;572000.0;983.5267690003744;301.38524897042305;212.84163234743542;469.29988768251593;140.9584425308873;42.65791632485644;1124.4852115312617;1167.143127856118;1212000.0;226.88131785847997;1.0;1.3283828382838283;;
3430;Os;2025;261;4366.0;17193.0;2944000.0;906000.0;636000.0;403000.0;1043000.0;674.3014200641319;207.51259734310582;145.6710948236372;321.11772789738893;92.30416857535502;60.664223812016516;766.605588639487;827.2698124515035;628000.0;143.83875400824553;1.0;1.4426751592356688;;
3431;Dovre;2025;261;6740.0;20099.0;6175000.0;1656000.0;1535000.0;540000.0;1248000.0;916.1721068249258;245.6973293768546;227.74480712166172;442.7299703264095;80.1186943620178;62.092641424946514;996.2908011869437;1058.3834426118901;1904000.0;282.4925816023739;1.0;0.8697478991596639;;
3432;Lesja;2025;261;5679.0;21230.0;5326000.0;317000.0;1777000.0;31000.0;1302000.0;937.8411692199331;55.81968656453601;312.9072019721782;569.1142806832189;5.458707518929389;61.32830899670278;943.2998767388625;1004.6281857355652;763000.0;134.3546399013911;1.0;0.41546526867627787;;implisitt_pris_utenfor
3433;Skjåk;2025;261;6500.0;18726.0;4882000.0;1198000.0;1252000.0;418000.0;2115000.0;751.0769230769231;184.30769230769232;192.6153846153846;374.15384615384613;64.3076923076923;112.94456904838192;815.3846153846154;928.3291844329973;1413000.0;217.3846153846154;1.0;0.8478414720452937;;
3434;Lom;2025;261;2583.0;15462.0;4860000.0;1065000.0;1638000.0;431000.0;2001000.0;1881.5331010452962;412.31126596980255;634.1463414634146;835.075493612079;166.86024003097174;129.4140473418704;2048.393341076268;2177.8073884181385;1313000.0;508.32365466511806;1.0;0.8111195734958111;;kwh_urimelig_hoy
3435;Vågå;2025;261;11202.0;24737.0;5908000.0;1169000.0;1817000.0;383000.0;3081000.0;527.4058203892162;104.35636493483307;162.20317800392786;260.84627745045526;34.19032315657918;124.55026882807131;561.5961435457954;686.1464123738667;1435000.0;128.10212462060346;1.0;0.8146341463414635;;
3436;Nord-Fron;2025;261;11700.0;38106.0;6344000.0;3431000.0;172000.0;597000.0;2835000.0;542.2222222222222;293.2478632478632;14.7008547008547;234.27350427350427;51.02564102564103;74.39773264052906;593.2478632478633;667.6455958883923;2396000.0;204.7863247863248;1.0;1.4319699499165273;renhold_urimelig_lav;
3437;Sel;2025;261;13300.0;41280.0;13208000.0;2297000.0;3233000.0;1000000.0;3620000.0;993.0827067669173;172.70676691729324;243.08270676691728;577.2932330827068;75.18796992481202;87.6937984496124;1068.2706766917292;1155.9644751413416;2870000.0;215.78947368421052;1.0;0.8003484320557491;;
3438;Sør-Fron;2025;261;7184.0;29329.0;6462000.0;1819000.0;1727000.0;334000.0;119000.0;899.4988864142539;253.20155902004456;240.39532293986636;405.902004454343;46.492204899777285;4.057417573050564;945.9910913140312;950.0485088870818;1672000.0;232.73942093541203;1.0;1.0879186602870814;;
3439;Ringebu;2025;261;5919.0;28418.0;3342000.0;629000.0;678000.0;520000.0;2815000.0;564.6224024328434;106.26795066734246;114.54637607704004;343.80807568846086;87.85267781719885;99.05693574495038;652.4750802500422;751.5320159949925;1111000.0;187.70062510559217;1.0;0.5661566156615662;;
3440;Øyer;2025;261;8576.0;35722.0;6884000.0;1242000.0;2367000.0;365000.0;962000.0;802.705223880597;144.82276119402985;276.00279850746267;381.87966417910445;42.56063432835821;26.930183080454622;845.2658582089553;872.1960412894099;1103000.0;128.61473880597015;1.0;1.1260199456029012;;
3441;Gausdal;2025;261;10657.0;35859.0;8447000.0;1678000.0;2458000.0;839000.0;3766000.0;792.6245660129492;157.45519376935349;230.64652341184197;404.5228488317538;78.72759688467674;105.02244903650409;871.3521628976259;976.37461193413;1478000.0;138.6881861687154;0.9959404600811907;1.1353179972936402;;
3442;Østre Toten;2025;261;16528.0;72407.0;13889000.0;3536000.0;3000000.0;1464000.0;11639000.0;840.3315585672798;213.93998063891578;181.51016456921587;444.8814133591481;88.57696030977735;160.7441269490519;928.9085188770571;1089.652645826109;2134000.0;129.11423039690223;1.0;1.6569821930646673;;
3443;Vestre Toten;2025;261;14800.0;75284.0;7237000.0;3376000.0;1123000.0;217000.0;8804000.0;488.9864864864865;228.1081081081081;75.87837837837837;185.0;14.662162162162161;116.94383932840975;503.64864864864865;620.5924879770585;3242000.0;219.05405405405406;1.0;1.041332510795805;;
3446;Gran;2025;261;20008.0;76559.0;11247000.0;3867000.0;3196000.0;1408000.0;6558000.0;562.125149940024;193.27269092363053;159.73610555777688;209.11635345861654;70.3718512594962;85.65942606355883;632.4970011995202;718.1564272630791;2948000.0;147.34106357457017;1.0;1.3117367706919945;;
3447;Søndre Land;2025;261;5129.0;28810.0;9457000.0;2483000.0;2020000.0;1021000.0;1727000.0;1843.8292064729967;484.1099629557419;393.8389549619809;965.880288555274;199.06414505751607;59.94446372787227;2042.8933515305127;2102.837815258385;699000.0;136.28387599922013;1.0;3.552217453505007;;implisitt_pris_utenfor
3448;Nordre Land;2025;261;13992.0;49357.0;8468000.0;1136000.0;3611000.0;237000.0;3190000.0;605.2029731275014;81.18925100057176;258.07604345340195;265.9376786735277;16.938250428816467;64.63115667483842;622.1412235563179;686.7723802311563;3651000.0;260.934819897084;1.0;0.31114763078608604;;implisitt_pris_utenfor
3449;Sør-Aurdal;2025;261;5479.0;21892.0;5357000.0;1821000.0;1293000.0;551000.0;3812000.0;977.7331629859464;332.3599196933747;235.99196933747035;409.3812739551013;100.56579667822595;174.1275351726658;1078.2989596641723;1252.4264948368382;1353000.0;246.94287278700492;1.0;1.3458980044345898;;
3450;Etnedal;2025;261;2700.0;12840.0;2276000.0;1060000.0;5000.0;95000.0;1835000.0;842.9629629629629;392.5925925925926;1.8518518518518519;448.51851851851853;35.18518518518518;142.91277258566979;878.1481481481482;1021.060920733818;669000.0;247.77777777777777;1.0;1.5844544095665174;renhold_urimelig_lav;
3451;Nord-Aurdal;2025;261;1234.0;26813.0;9536000.0;2263000.0;2491000.0;447000.0;2914000.0;7727.71474878444;1833.87358184765;2018.6385737439223;3875.202593192869;362.2366288492707;108.67862603960765;8089.951377633712;8198.63000367332;415000.0;336.30470016207454;1.0;5.453012048192772;DV_uteligger_hoy;implisitt_pris_utenfor
3452;Vestre Slidre;2025;261;3864.0;13556.0;2744000.0;1128000.0;206000.0;667000.0;0.0;710.1449275362319;291.9254658385093;53.31262939958592;364.90683229813664;172.61904761904762;0.0;882.7639751552795;882.7639751552795;666000.0;172.36024844720498;1.0;1.6936936936936935;;
3453;Øystre Slidre;2025;261;10489.0;26228.0;6678000.0;1457000.0;1838000.0;345000.0;466000.0;636.6669844599104;138.90742682810563;175.23119458480312;322.5283630470016;32.8916007245686;17.76727161811804;669.5585851844789;687.325856802597;1435000.0;136.80999141958242;1.0;1.0153310104529616;;
3454;Vang;2025;261;5400.0;18250.0;7037000.0;817000.0;1628000.0;866000.0;1112000.0;1303.148148148148;151.2962962962963;301.48148148148147;850.3703703703703;160.37037037037038;60.93150684931507;1463.5185185185185;1524.4500253678336;1054000.0;195.1851851851852;1.0;0.7751423149905123;;
3901;Horten;2025;261;21642.0;134286.0;11651000.0;2898000.0;4335000.0;2067000.0;7610000.0;538.3513538489973;133.90629331854726;200.30496257277517;204.1400979576749;95.50873301912947;56.67009219129321;633.8600868681268;690.53017905942;3102000.0;143.33240920432493;0.9954867827208252;0.9342359767891681;;
3903;Holmestrand;2025;261;22069.0;118278.0;12696000.0;3910000.0;2893000.0;1202000.0;7647000.0;575.2866011146857;177.17159816937786;131.08885767365987;267.02614527164803;54.46553989759391;64.65276720945569;629.7521410122797;694.4049082217354;4479000.0;202.9543703837963;0.8434918508595669;0.8729627148917168;;
3905;Tønsberg;2025;261;45416.0;235297.0;32108000.0;6322000.0;8739000.0;1840000.0;20737000.0;706.975515236921;139.20204333274617;192.4211731548353;375.35229874933947;40.51435617403558;88.13117039316269;747.4898714109565;835.6210418041193;6479000.0;142.65897481063942;0.9888871739465966;0.975767865411329;;
3907;Sandefjord;2025;261;47786.0;271644.0;47737000.0;10760000.0;11478000.0;2172000.0;13649000.0;998.9745950696857;225.17055204453186;240.19587326832126;533.6081697568326;45.45264303352446;50.24591008820368;1044.4272381032101;1094.6731481914137;9351000.0;195.6849286401875;1.0;1.1506790717570312;;
3909;Larvik;2025;261;49940.0;181498.0;33491000.0;8567000.0;9025000.0;6274000.0;11769000.0;670.6247496996396;171.54585502603123;180.71686023227875;318.36203444132957;125.63075690828995;64.84368973762797;796.2555066079295;861.0991963455575;8158000.0;163.35602723267922;1.0;1.0501348369698456;;
3911;Færder;2025;261;20513.0;88657.0;15858000.0;2778000.0;5780000.0;2104000.0;12106000.0;773.0707356310633;135.42631501974358;281.7725344903232;355.87188612099646;102.56910252035294;136.54872147715352;875.6398381514161;1012.1885596285697;3522000.0;171.69599766002048;1.0;0.788756388415673;;
4001;Porsgrunn;2025;261;33638.0;179910.0;32511000.0;7905000.0;8069000.0;2179000.0;18382000.0;966.4962245079969;235.00208097984424;239.87751947202568;491.616624056127;64.77792972233783;102.17330887666056;1031.2741542303347;1133.4474631069952;5706000.0;169.62958558772817;1.0;1.3853838065194533;;
4003;Skien;2025;261;60783.0;256916.0;32035000.0;7880000.0;9246000.0;6038000.0;14409000.0;527.0388101936396;129.64151160686376;152.11490054785054;245.28239803892535;99.33698567033545;56.084478973672326;626.3757958639751;682.4602748376474;8933000.0;146.96543441422767;1.0;0.8821224672562408;;
4005;Notodden;2025;261;10988.0;58871.0;7984000.0;2469000.0;1608000.0;1404000.0;2287000.0;726.6108481980342;224.69967236985804;146.34146341463415;355.56971241354205;127.775755369494;38.84764994649318;854.3866035675283;893.2342535140215;2015000.0;183.38187113214417;1.0;1.2253101736972705;;
4010;Siljan;2025;261;2285.0;11374.0;2506000.0;1105000.0;366000.0;159000.0;349000.0;1096.7177242888404;483.5886214442013;160.1750547045952;452.95404814004377;69.58424507658643;30.684016177246352;1166.3019693654267;1196.985985542673;406000.0;177.6805251641138;1.0;2.7216748768472905;;
4012;Bamble;2025;261;8125.0;77396.0;7210000.0;1979000.0;2142000.0;496000.0;6188000.0;887.3846153846154;243.56923076923076;263.6307692307692;380.18461538461537;61.04615384615385;79.95245232311747;948.4307692307692;1028.3832215538866;1660000.0;204.30769230769232;1.0;1.192168674698795;;
4014;Kragerø;2025;261;14373.0;50804.0;8354000.0;1221000.0;3571000.0;541000.0;2046000.0;581.2286926876783;84.9509496973492;248.45195853336116;247.82578445696794;37.64001948097127;40.27241949452799;618.8687121686495;659.1411316631775;1991000.0;138.5236206776595;0.9748869914615771;0.6132596685082874;;
4016;Drangedal;2025;261;9997.0;32147.0;4725000.0;139000.0;959000.0;5448000.0;559000.0;472.6417925377613;13.904171251375413;95.92877863359007;362.8088426527958;544.963489046714;17.388869878993376;1017.6052815844754;1034.9941514634688;1393000.0;139.34180254076222;1.0;0.0997846374730797;energi_urimelig_lav;implisitt_pris_utenfor
4018;Nome;2025;261;6420.0;34376.0;5421000.0;1436000.0;0.0;1451000.0;2331000.0;844.392523364486;223.6760124610592;0.0;620.7165109034268;226.01246105919003;67.80893646730277;1070.404984423676;1138.213920890979;906000.0;141.1214953271028;1.0;1.5849889624724063;renhold_urimelig_lav;
4020;Midt-Telemark;2025;261;12581.0;40078.0;7992000.0;2260000.0;2305000.0;866000.0;5872000.0;635.2436213337572;179.6359589857722;183.21278117796678;272.39488117001827;68.83395596534457;146.5142971206148;704.0775772991018;850.5918744197165;1805000.0;143.47031237580478;1.0;1.2520775623268698;;
4022;Seljord;2025;261;3793.0;11901.0;2971000.0;810000.0;1032000.0;704000.0;1400000.0;783.2849986817822;213.55127867123647;272.0801476403902;297.65357237015553;185.60506195623518;117.63717334677759;968.8900606380174;1086.527233984795;807000.0;212.76034800949117;1.0;1.003717472118959;;
4024;Hjartdal;2025;261;3466.0;10139.0;2435000.0;539000.0;597000.0;99000.0;29000.0;702.5389497980381;155.51067512983266;172.24466243508368;374.78361223312174;28.563185227928447;2.8602426274780552;731.1021350259665;733.9623776534446;563000.0;162.43508366993652;1.0;0.9573712255772647;;
4026;Tinn;2025;261;12541.0;45107.0;8361000.0;1143000.0;2870000.0;1149000.0;3363000.0;666.6932461526194;91.1410573319512;228.8493740531058;346.7028147675624;91.61948807910055;74.55605560112622;758.31273423172;832.8687898328462;2196000.0;175.10565345666214;1.0;0.5204918032786886;;
4028;Kviteseid;2025;261;2650.0;12325.0;2776000.0;890000.0;501000.0;106000.0;499000.0;1047.5471698113208;335.8490566037736;189.0566037735849;522.6415094339623;40.0;40.4868154158215;1087.5471698113208;1128.0339852271422;637000.0;240.37735849056602;1.0;1.3971742543171115;;
4030;Nissedal;2025;261;2675.0;11634.0;4548000.0;917000.0;1539000.0;521000.0;450000.0;1700.1869158878505;342.803738317757;575.3271028037383;782.0560747663551;194.7663551401869;38.679731820526044;1894.9532710280373;1933.6330028485634;854000.0;319.25233644859816;1.0;1.0737704918032787;;
4032;Fyresdal;2025;261;3899.0;12976.0;2805000.0;1139000.0;821000.0;128000.0;52000.0;719.4152346755578;292.12618620159014;210.5668120030777;216.72223647088998;32.828930494998716;4.007398273736128;752.2441651705566;756.2515634442927;790000.0;202.6160553988202;1.0;1.441772151898734;;
4034;Tokke;2025;261;3555.0;22845.0;5353000.0;1196000.0;1890000.0;396000.0;2171000.0;1505.7665260196907;336.42756680731367;531.6455696202531;637.6933895921238;111.39240506329114;95.03173560954257;1617.1589310829818;1712.1906666925242;944000.0;265.54149085794654;1.0;1.266949152542373;;
4036;Vinje;2025;261;13612.0;44349.0;12636000.0;4224000.0;5117000.0;2200000.0;642000.0;928.2985600940347;310.3144284454893;375.91830737584485;242.06582427270055;161.62209814869232;14.476087397686532;1089.920658242727;1104.3967456404137;2818000.0;207.02321481046135;1.0;1.4989354151880767;;
4201;Risør;2025;261;15742.0;47523.0;9167000.0;2380000.0;2369000.0;1021000.0;3880000.0;582.3275314445433;151.1879049676026;150.48913733960106;280.6504891373396;64.85834074450514;81.64467731414263;647.1858721890484;728.830549503191;2233000.0;141.84982848430948;0.9946260635915808;1.065830721003135;;
4202;Grimstad;2025;261;15191.0;87830.0;15575000.0;5089000.0;3522000.0;640000.0;15066000.0;1025.2781252057139;335.00098742676585;231.84780462115725;458.4293331577908;42.13020867618985;171.53592166685644;1067.4083338819037;1238.94425554876;3174000.0;208.93950365347902;0.9968494013862634;1.6033396345305608;;
4203;Arendal;2025;261;34180.0;191432.0;39337000.0;13078000.0;7153000.0;7396000.0;12328000.0;1150.8777062609713;382.6214160327677;209.27442949093037;558.9818607372732;216.38385020479814;64.3988465878223;1367.2615564657694;1431.6604030535918;6378000.0;186.60035108250437;1.0;2.050486045782377;;
4204;Kristiansand;2025;261;87070.0;498796.0;55626000.0;14555000.0;9405000.0;6353000.0;80123000.0;638.8652808085449;167.16435052256804;108.01653841736534;363.68439186861144;72.9642816124957;160.63280379153;711.8295624210406;872.4623662125706;12836000.0;147.42161479269552;1.0;1.1339202243689623;;
4205;Lindesnes;2025;261;23681.0;140793.0;25239000.0;5249000.0;6832000.0;5541000.0;6103000.0;1065.7911405768336;221.6544909421055;288.50133018031335;555.6353194544149;233.98505130695494;43.347325506239656;1299.7761918837887;1343.1235173900284;3160000.0;133.4403107976859;1.0;1.6610759493670888;;
4206;Farsund;2025;261;5008.0;49809.0;10992000.0;3205000.0;3152000.0;179000.0;6647000.0;2194.888178913738;639.9760383386581;629.3929712460064;925.5191693290735;35.742811501597444;133.4497781525427;2230.6309904153354;2364.0807685678783;913000.0;182.30830670926517;1.0;3.510405257393209;DV_uteligger_hoy;implisitt_pris_utenfor
4207;Flekkefjord;2025;261;14700.0;51181.0;4153000.0;2448000.0;0.0;529000.0;736000.0;282.5170068027211;166.53061224489795;0.0;115.98639455782313;35.98639455782313;14.380336452980599;318.5034013605442;332.8837378135248;2201000.0;149.7278911564626;1.0;1.1122217174011813;renhold_urimelig_lav;
4211;Gjerstad;2025;261;6200.0;18154.0;2507000.0;967000.0;9000.0;204000.0;0.0;404.35483870967744;155.96774193548387;1.4516129032258065;246.93548387096774;32.903225806451616;0.0;437.258064516129;437.258064516129;0.0;0.0;;;renhold_urimelig_lav;kwh_null|kwh_urimelig_lav
4212;Vegårshei;2025;261;4450.0;15651.0;4468000.0;1320000.0;1354000.0;822000.0;300000.0;1004.0449438202247;296.6292134831461;304.2696629213483;403.14606741573033;184.7191011235955;19.168104274487252;1188.7640449438202;1207.9321492183074;1506000.0;338.4269662921348;1.0;0.8764940239043826;;
4213;Tvedestrand;2025;261;3900.0;40327.0;3639000.0;1099000.0;1084000.0;277000.0;3414000.0;933.0769230769231;281.79487179487177;277.94871794871796;373.3333333333333;71.02564102564102;84.6579214918045;1004.1025641025641;1088.7604855943687;544000.0;139.48717948717947;1.0;2.020220588235294;;
4214;Froland;2025;261;3207.0;38654.0;5406000.0;1179000.0;1336000.0;131000.0;487000.0;1685.687558465856;367.6333021515435;416.5887121920798;901.4655441222326;40.848144683504835;12.598954830030527;1726.5357031493609;1739.1346579793915;786000.0;245.088868101029;1.0;1.5;;
4215;Lillesand;2025;261;18414.0;69798.0;8303000.0;2089000.0;2892000.0;370000.0;3314000.0;450.9069186488541;113.44629086564571;157.05441511893125;180.40621266427718;20.093407190181384;47.47987048339494;471.0003258390355;518.4801963224304;1680000.0;91.23492994460736;1.0;1.243452380952381;;
4216;Birkenes;2025;261;20130.0;57422.0;3526000.0;1039000.0;833000.0;780000.0;2360000.0;175.16145057128665;51.61450571286637;41.38102334823646;82.16592151018381;38.74813710879285;41.09923026017903;213.90958768007948;255.0088179402585;1055000.0;52.409339294585195;1.0;0.9848341232227489;drift_urimelig_lav|renhold_urimelig_lav;kwh_uteligger
4217;Åmli;2025;261;3699.0;14216.0;1865000.0;1208000.0;0.0;229000.0;491000.0;504.1903217085699;326.5747499324142;0.0;177.61557177615572;61.908623952419575;34.53854811480023;566.0989456609894;600.6374937757897;822000.0;222.22222222222223;1.0;1.4695863746958637;renhold_urimelig_lav;
4218;Iveland;2025;261;2988.0;11351.0;2078000.0;527000.0;261000.0;357000.0;1394000.0;695.4484605087015;176.37215528781795;87.34939759036145;431.7269076305221;119.47791164658635;122.80856312219187;814.9263721552878;937.7349352774797;362000.0;121.15127175368139;1.0;1.4558011049723758;;
4219;Evje og Hornnes;2025;261;1196.0;17367.0;6899000.0;2354000.0;1962000.0;577000.0;1543000.0;5768.394648829431;1968.227424749164;1640.468227424749;2159.6989966555184;482.44147157190633;88.84666321183855;6250.836120401338;6339.682783613177;1657000.0;1385.4515050167224;1.0;1.4206397103198551;DV_uteligger_hoy;kwh_urimelig_hoy
4220;Bygland;2025;261;4652.0;14705.0;2202000.0;0.0;708000.0;191000.0;544000.0;473.34479793637144;0.0;152.19260533104043;321.15219260533104;41.057609630266555;36.994219653179194;514.402407566638;551.3966272198172;848000.0;182.2871883061049;1.0;0.0;energi_urimelig_lav;implisitt_pris_utenfor
4221;Valle;2025;261;3300.0;14646.0;3363000.0;545000.0;0.0;94000.0;1189000.0;1019.0909090909091;165.15151515151516;0.0;853.939393939394;28.484848484848484;81.18257544722108;1047.5757575757575;1128.7583330229786;749000.0;226.96969696969697;1.0;0.7276368491321763;renhold_urimelig_lav;
4222;Bykle;2025;261;6253.0;20819.0;4758000.0;1505000.0;0.0;1141000.0;1044000.0;760.9147609147609;240.68447145370223;0.0;520.2302894610586;182.472413241644;50.14650079254527;943.387174156405;993.5336749489502;1007000.0;161.04269950423796;1.0;1.4945382323733865;renhold_urimelig_lav;
4223;Vennesla;2025;261;21798.0;77134.0;9403000.0;2664000.0;2024000.0;695000.0;5277000.0;431.36985044499494;122.2130470685384;92.85255528030095;216.30424809615562;31.883659051289108;68.41341042860476;463.25350949628404;531.6669199248888;3511000.0;161.0698229195339;1.0;0.7587581885502707;;
4224;Åseral;2025;261;3636.0;15104.0;3429000.0;443000.0;1314000.0;152000.0;1731000.0;943.0693069306931;121.83718371837183;361.38613861386136;459.84598459845984;41.8041804180418;114.60540254237289;984.8734873487349;1099.4788898911079;498000.0;136.96369636963698;1.0;0.8895582329317268;;
4225;Lyngdal;2025;261;19503.0;63786.0;9383000.0;940000.0;2995000.0;51000.0;1633000.0;481.1054709531867;48.19771317233246;153.5661180331231;279.3416397477311;2.6149823104137826;25.601229109836016;483.72045326360046;509.3216823734365;2800000.0;143.5676562580116;0.9910714285714286;0.3357142857142857;;implisitt_pris_utenfor
4226;Hægebostad;2025;261;2700.0;11866.0;3666000.0;767000.0;1432000.0;741000.0;324000.0;1357.7777777777778;284.0740740740741;530.3703703703703;543.3333333333334;274.44444444444446;27.304904769930896;1632.2222222222222;1659.5271269921532;549000.0;203.33333333333334;1.0;1.3970856102003641;;
4227;Kvinesdal;2025;261;13100.0;48482.0;1204000.0;1038000.0;0.0;5950000.0;617000.0;91.90839694656489;79.23664122137404;0.0;12.67175572519084;454.19847328244276;12.726372674394621;546.1068702290077;558.8332429034023;2362000.0;180.3053435114504;1.0;0.4394580863674852;drift_urimelig_lav|renhold_urimelig_lav;implisitt_pris_utenfor
4228;Sirdal;2025;261;10013.0;53457.0;3620000.0;1812000.0;33000.0;517000.0;2953000.0;361.53001098571855;180.96474583042044;3.295715569759313;177.2695495855388;51.63287725956257;55.24066071796023;413.1628882452811;468.40354896324135;1829000.0;182.6625386996904;0.9890650628758885;0.9907053034445051;renhold_urimelig_lav;
4601;Bergen;2025;261;184040.0;931822.0;147607000.0;31915000.0;26836000.0;27593000.0;193388000.0;802.0376005216257;173.41338839382743;145.8161269289285;482.80808519886983;149.92936318191698;207.53749106589026;951.9669637035427;1159.5044547694329;26029000.0;141.43121060638993;0.8445195743209497;1.2261323907948827;;
4602;Kinn;2025;261;14760.0;83311.0;11107000.0;1647000.0;3678000.0;851000.0;3202000.0;752.5067750677507;111.58536585365853;249.1869918699187;391.73441734417344;57.65582655826558;38.43430039250519;810.1626016260162;848.5969020185214;1775000.0;120.25745257452574;1.0;0.9278873239436619;;
4611;Etne;2025;261;16462.0;33611.0;6167000.0;1947000.0;1583000.0;683000.0;80000.0;374.6203377475398;118.27238488640505;96.16085530312235;160.1870975580124;41.4894909488519;2.3801731575972154;416.1098286963917;418.4900018539889;1605000.0;97.4972664317823;1.0;1.2130841121495326;;
4613;Bømlo;2025;261;16445.0;64996.0;7842000.0;2879000.0;2138000.0;865000.0;1869000.0;476.862268166616;175.06840985101854;130.00912131346914;171.7847370021283;52.59957433870478;28.75561573019878;529.4618425053208;558.2174582355195;3074000.0;186.92611736089998;1.0;0.9365647364996746;;
4614;Stord;2025;261;16338.0;87059.0;9832000.0;2170000.0;2238000.0;1091000.0;6853000.0;601.7872444607663;132.81919451585262;136.9812706573632;331.9867792875505;66.77683927041254;78.71673233094798;668.5640837311788;747.2808160621267;3748000.0;229.40384379973068;1.0;0.5789754535752402;;
4615;Fitjar;2025;261;2800.0;8629.0;1595000.0;755000.0;0.0;142000.0;0.0;569.6428571428571;269.64285714285717;0.0;300.0;50.714285714285715;0.0;620.3571428571429;620.3571428571429;1056000.0;377.14285714285717;1.0;0.7149621212121212;renhold_urimelig_lav;
4616;Tysnes;2025;261;8326.0;26374.0;3899000.0;1201000.0;4000.0;568000.0;756000.0;468.29209704539994;144.24693730482824;0.48042277203939465;323.5647369685323;68.22003362959404;28.664593918252823;536.512130674994;565.1767245932468;202000.0;24.26134998798943;1.0;5.945544554455445;renhold_urimelig_lav;kwh_urimelig_lav|implisitt_pris_utenfor
4618;Ullensvang;2025;261;28285.0;113834.0;12776000.0;1438000.0;3324000.0;2339000.0;11828000.0;451.68817394378647;50.83966766837546;117.51811914442284;283.33038713098813;82.69400742442991;103.90568722877173;534.3821813682164;638.2878685969881;3407000.0;120.4525366802192;1.0;0.42207220428529496;;implisitt_pris_utenfor
4619;Eidfjord;2025;261;3349.0;14038.0;3298000.0;605000.0;1127000.0;800000.0;637000.0;984.7715736040609;180.6509405792774;336.5183636906539;467.6022693341296;238.8772767990445;45.37683430688132;1223.6488504031054;1269.0256847099868;653000.0;194.98357718722008;1.0;0.9264931087289433;;
4620;Ulvik;2025;261;2600.0;12202.0;2566000.0;453000.0;653000.0;86000.0;721000.0;986.9230769230769;174.23076923076923;251.15384615384616;561.5384615384615;33.07692307692308;59.08867398787084;1020.0;1079.0886739878708;414000.0;159.23076923076923;1.0;1.0942028985507246;;
4621;Voss;2025;261;22749.0;82033.0;24111000.0;4112000.0;4942000.0;7762000.0;21795000.0;1059.8707635500461;180.75519803068266;217.2403182557475;661.875247263616;341.2018110686184;265.6857606085356;1401.0725746186645;1666.7583352272;3814000.0;167.65572113059915;1.0;1.0781331934976401;;
4622;Kvam;2025;261;18826.0;65390.0;8416000.0;1372000.0;3094000.0;953000.0;4444000.0;447.0413258259853;72.8779347710613;164.34717943269945;209.81621162222459;50.621480930627854;67.96146199724728;497.6628067566132;565.6242687538604;3082000.0;163.70976309359398;0.8410123296560675;0.44516547696301106;;implisitt_pris_utenfor
4623;Samnanger;2025;261;4106.0;15231.0;3355000.0;574000.0;818000.0;363000.0;569000.0;817.0969313200195;139.79542133463224;199.22065270336094;478.08085728202633;88.40720896249391;37.3580198279824;905.5041402825134;942.8621601104958;596000.0;145.15343399902582;1.0;0.9630872483221475;;
4624;Bjørnafjorden;2025;261;9472.0;114667.0;13473000.0;3937000.0;3127000.0;1201000.0;7320000.0;1422.4028716216217;415.64611486486484;330.1309121621622;676.6258445945946;126.79476351351352;63.83702372958218;1549.1976351351352;1613.0346588647174;1578000.0;166.59628378378378;1.0;2.494930291508238;;
4625;Austevoll;2025;261;5533.0;34100.0;3727000.0;2009000.0;169000.0;155000.0;2681000.0;673.5947948671607;363.09416229893367;30.5440086752214;279.9566238930056;28.013735767214893;78.6217008797654;701.6085306343756;780.230231514141;1371000.0;247.7860112054943;0.3559445660102115;1.4653537563822028;renhold_urimelig_lav;
4626;Øygarden;2025;261;14651.0;121836.0;30801000.0;5626000.0;12020000.0;2841000.0;12151000.0;2102.31383523309;384.0010920756262;820.4218142106341;897.8909289468296;193.91167838372806;99.73242719721593;2296.225513616818;2395.957940814034;7671000.0;523.5820080540577;1.0;0.7334115499934819;DV_uteligger_hoy;kwh_urimelig_hoy
4627;Askøy;2025;261;12522.0;103895.0;13891000.0;4043000.0;3486000.0;1596000.0;21607000.0;1109.3275834531225;322.87174572751957;278.3900335409679;508.06580418463506;127.4556780067082;207.9695846768372;1236.7832614598308;1444.752846136668;2582000.0;206.19709311611564;1.0;1.5658404337722696;;
4628;Vaksdal;2025;261;8560.0;33341.0;7444000.0;1667000.0;1173000.0;759000.0;2131000.0;869.626168224299;194.7429906542056;137.03271028037383;537.8504672897196;88.66822429906541;63.91529948111934;958.2943925233645;1022.2096920044838;1979000.0;231.19158878504672;1.0;0.8423446184941891;;
4629;Modalen;2025;261;1422.0;7749.0;2815000.0;199000.0;557000.0;10000.0;631000.0;1979.606188466948;139.943741209564;391.7018284106892;1447.9606188466948;7.032348804500703;81.4298619176668;1986.6385372714487;2068.0683991891156;233000.0;163.85372714486638;1.0;0.8540772532188842;;
4630;Osterøy;2025;261;7100.0;35329.0;5192000.0;1170000.0;1824000.0;784000.0;1715000.0;731.2676056338029;164.7887323943662;256.90140845070425;309.5774647887324;110.4225352112676;48.54368932038835;841.6901408450705;890.2338301654588;1094000.0;154.08450704225353;1.0;1.0694698354661791;;
4631;Alver;2025;261;31373.0;171075.0;25471000.0;4986000.0;6322000.0;2091000.0;12640000.0;811.8764542759698;158.92646543205942;201.5108532814841;451.4391355624263;66.64966691103815;73.88572263627064;878.5261211870079;952.4118438232786;3574000.0;113.91961240557167;0.985170677112479;1.3950755456071628;;
4632;Austrheim;2025;261;2800.0;22347.0;3474000.0;712000.0;349000.0;261000.0;-6000.0;1240.7142857142858;254.28571428571428;124.64285714285714;861.7857142857143;93.21428571428571;-0.26849241508927374;1333.9285714285713;1333.6600790134821;682000.0;243.57142857142858;0.8533724340175953;1.0439882697947214;;
4633;Fedje;2025;261;1273.0;6067.0;390000.0;286000.0;0.0;57000.0;722000.0;306.3629222309505;224.6661429693637;0.0;81.6967792615868;44.776119402985074;119.0044503049283;351.13904163393556;470.14349193886386;270000.0;212.09740769835037;1.0;1.0592592592592591;renhold_urimelig_lav;
4635;Gulen;2025;261;3316.0;17347.0;4852000.0;544000.0;2081000.0;2081000.0;3764000.0;1463.208685162847;164.0530759951749;627.5633293124246;671.5922798552473;627.5633293124246;216.98276359024615;2090.7720144752716;2307.7547780655177;528000.0;159.22798552472858;0.8863636363636364;1.0303030303030303;;
4636;Solund;2025;261;1290.0;7964.0;2014000.0;318000.0;582000.0;352000.0;1426000.0;1561.2403100775193;246.51162790697674;451.16279069767444;863.5658914728682;272.86821705426354;179.0557508789553;1834.108527131783;2013.1642780107381;283000.0;219.3798449612403;1.0;1.1236749116607774;;
4637;Hyllestad;2025;261;3684.0;13615.0;2827000.0;475000.0;860000.0;783000.0;387000.0;767.372421281216;128.9359391965255;233.44191096634094;404.9945711183496;212.54071661237785;28.42453176643408;979.9131378935939;1008.3376696600279;567000.0;153.9087947882736;1.0;0.8377425044091711;;
4638;Høyanger;2025;261;3445.0;25279.0;6334000.0;2125000.0;2393000.0;58000.0;168000.0;1838.6066763425254;616.8359941944848;694.6298984034833;527.1407837445573;16.835994194484762;6.645832509197358;1855.4426705370101;1862.0885030462075;3008000.0;873.1494920174165;1.0;0.7064494680851064;;kwh_urimelig_hoy
4639;Vik;2025;261;4488.0;19462.0;6052000.0;1095000.0;1975000.0;67000.0;1083000.0;1348.4848484848485;243.98395721925132;440.06238859180036;664.4385026737968;14.928698752228163;55.646901654506216;1363.4135472370767;1419.0604488915828;904000.0;201.42602495543673;1.0;1.2112831858407078;;
4640;Sogndal;2025;261;26059.0;85372.0;16651000.0;2619000.0;5814000.0;1984000.0;3656000.0;638.9730995049695;100.50270539928624;223.1090985839825;315.36129552170075;76.13492459419011;42.82434521857284;715.1080240991596;757.9323693177324;4513000.0;173.18392877700603;0.9849324174606692;0.5803235098604033;;
4641;Aurland;2025;261;7288.0;25959.0;3869000.0;789000.0;1587000.0;1392000.0;1064000.0;530.8726673984632;108.26015367727771;217.75521405049398;204.85729967069156;190.99890230515916;40.98771139103972;721.8715697036224;762.8592810946622;133000.0;18.249176728869376;1.0;5.932330827067669;;kwh_urimelig_lav|implisitt_pris_utenfor
4642;Lærdal;2025;261;5238.0;18146.0;2814000.0;887000.0;845000.0;118000.0;0.0;537.2279495990837;169.33944253531882;161.32111492936235;206.56739213440244;22.527682321496755;0.0;559.7556319205804;559.7556319205804;1132000.0;216.1130202367316;1.0;0.7835689045936396;;
4643;Årdal;2025;261;7189.0;39566.0;5461000.0;1267000.0;1781000.0;922000.0;4979000.0;759.6327722910002;176.2414800389484;247.7396021699819;335.6516900820698;128.25149534010293;125.84036799272103;887.8842676311031;1013.724635623824;1647000.0;229.1000139101405;0.9854280510018215;0.769277474195507;;
4644;Luster;2025;261;8046.0;38667.0;3297000.0;1006000.0;0.0;1587000.0;3618000.0;409.76882923191647;125.03107133979617;0.0;284.7377578921203;197.24086502609993;93.56815889518194;607.0096942580165;700.5778531531984;1791000.0;222.59507829977628;1.0;0.5616973757677275;renhold_urimelig_lav;
4646;Fjaler;2025;261;3800.0;28018.0;3659000.0;739000.0;1149000.0;262000.0;2600000.0;962.8947368421053;194.47368421052633;302.36842105263156;466.05263157894734;68.94736842105263;92.79748732957384;1031.842105263158;1124.6395925927318;677000.0;178.1578947368421;1.0;1.0915805022156573;;
4647;Sunnfjord;2025;261;29840.0;186309.0;22846000.0;5450000.0;7237000.0;1277000.0;6016000.0;765.6166219839142;182.6407506702413;242.52680965147454;340.4490616621984;42.79490616621984;32.290442222329574;808.411528150134;840.7019703724636;7489000.0;250.97184986595175;1.0;0.727734009881159;;
4649;Stad;2025;261;9542.0;59452.0;10185000.0;1676000.0;2978000.0;817000.0;4527000.0;1067.3862921819325;175.64451896876966;312.09390064975895;579.6478725634039;85.6214630056592;76.14546188521832;1153.0077551875918;1229.15321707281;1723000.0;180.57011108782226;1.0;0.9727219965177017;;
4650;Gloppen;2025;261;6134.0;33572.0;5224000.0;1143000.0;1642000.0;796000.0;4301000.0;851.6465601565047;186.33844147375285;267.6882947505706;397.6198239321813;129.76850342354092;128.1127129750983;981.4150635800456;1109.5277765551439;1272000.0;207.36876426475382;0.9960691823899371;0.8985849056603774;;
4651;Stryn;2025;261;8906.0;41196.0;6931000.0;1966000.0;1322000.0;1901000.0;3191000.0;778.2393891758365;220.7500561419268;148.4392544352122;409.0500785986975;213.4516056591062;77.45897659966987;991.6909948349428;1069.1499714346126;1710000.0;192.00538962497194;1.0;1.1497076023391812;;
5001;Trondheim - Tråante;2025;261;172867.0;866384.0;120133000.0;23625000.0;35431000.0;28262000.0;103777000.0;694.9446684445268;136.66576038225918;204.96103941180215;353.3178686504654;163.48985057876865;119.78175958928142;858.4345190232954;978.2162786125768;25618000.0;148.19485500413612;1.0;0.9222031384182996;;
5006;Steinkjer - Stïentje;2025;261;43044.0;141994.0;11029000.0;3261000.0;2991000.0;487000.0;22679000.0;256.2261871573274;75.75968776136047;69.48703652076945;110.97946287519747;11.31400427469566;159.71801625420792;267.54019143202305;427.258207686231;5097000.0;118.41371619737943;1.0;0.6397881106533254;DV_uteligger_lav;
5007;Namsos - Nåavmesjenjaelmie;2025;261;12862.0;86928.0;14039000.0;2592000.0;7776000.0;2046000.0;10333000.0;1091.5098740475821;201.52386876069042;604.5716062820712;285.4143990048204;159.07323899860052;118.86848886434751;1250.5831130461825;1369.45160191053;3145000.0;244.518737365884;0.9799682034976153;0.8241653418124008;;
5014;Frøya;2025;261;9000.0;35105.0;6189000.0;592000.0;2673000.0;272000.0;5496000.0;687.6666666666666;65.77777777777777;297.0;324.8888888888889;30.22222222222222;156.5588947443384;717.8888888888889;874.4477836332273;825000.0;91.66666666666667;1.0;0.7175757575757574;;
5020;Osen;2025;261;2089.0;10478.0;1863000.0;275000.0;554000.0;5000.0;582000.0;891.8142651986597;131.64193393968407;265.19865964576354;494.97367161321205;2.3934897079942554;55.54495132658904;894.2077549066539;949.752706233243;437000.0;209.19100047869793;1.0;0.6292906178489703;;
5021;Oppdal;2025;261;7044.0;27938.0;8930000.0;1116000.0;2980000.0;774000.0;4256000.0;1267.7455990914252;158.43270868824533;423.05508233957977;686.2578080636002;109.88074957410562;152.33731834777006;1377.626348665531;1529.963667013301;1606000.0;227.9954571266326;1.0;0.6948941469489415;;
5022;Rennebu;2025;261;8172.0;22891.0;8254000.0;1345000.0;1668000.0;251000.0;203000.0;1010.0342633382281;164.58639255996084;204.11160058737153;641.3362701908958;30.714635340186;8.868114105980517;1040.7488986784142;1049.6170127843948;2006000.0;245.4723445912873;1.0;0.6704885343968096;;
5025;Røros - Rosse;2025;261;18169.0;34901.0;11495000.0;1830000.0;318000.0;511000.0;2331000.0;632.6710330783202;100.72100831085916;17.502339149100116;514.447685618361;28.12482800374264;66.7889172230022;660.7958610820629;727.584778305065;1990000.0;109.52721668776488;1.0;0.9195979899497487;renhold_urimelig_lav;
5026;Holtålen;2025;261;3000.0;15479.0;2889000.0;330000.0;445000.0;176000.0;2099000.0;963.0;110.0;148.33333333333334;704.6666666666666;58.666666666666664;135.60307513405257;1021.6666666666666;1157.2697418007192;381000.0;127.0;1.0;0.8661417322834646;;
5027;Midtre Gauldal;2025;261;8705.0;37389.0;7411000.0;1642000.0;1939000.0;612000.0;0.0;851.3497989661114;188.62722573233773;222.74554853532453;439.97702469844916;70.30442274554854;0.0;921.6542217116599;921.6542217116599;2116000.0;243.0786904078116;1.0;0.775992438563327;;
5028;Melhus;2025;261;17627.0;94808.0;13763000.0;2329000.0;3247000.0;627000.0;11519000.0;780.7908322459863;132.12685085380383;184.2060475407046;464.45793385147783;35.57043172405968;121.49818580710489;816.3612639700459;937.8594497771508;4212000.0;238.95160832813298;1.0;0.5529439696106363;;
5029;Skaun;2025;261;9720.0;46711.0;6665000.0;808000.0;2158000.0;311000.0;4496000.0;685.6995884773662;83.1275720164609;222.0164609053498;380.55555555555554;31.995884773662553;96.25141829547644;717.6954732510288;813.9468915465053;;;;;;kwh_mangler
5031;Malvik;2025;261;13286.0;76536.0;8003000.0;753000.0;2110000.0;2341000.0;7860000.0;602.363390034623;56.67620051181695;158.81378895077526;386.87340057203073;176.20051181695018;102.69677014738163;778.5639018515731;881.2606719989546;1421000.0;106.95468914646997;1.0;0.52990851513019;;
5032;Selbu;2025;261;6124.0;26278.0;9552000.0;910000.0;3833000.0;713000.0;1682000.0;1559.7648595689093;148.59568909209668;625.898105813194;785.2710646636185;116.42717178314827;64.00791536646625;1676.1920313520575;1740.1999467185237;2078000.0;339.32070542129327;1.0;0.4379210779595765;;implisitt_pris_utenfor
5033;Tydal;2025;261;2275.0;13788.0;3447000.0;479000.0;852000.0;396000.0;1604000.0;1515.1648351648353;210.54945054945054;374.5054945054945;930.1098901098901;174.06593406593407;116.33304322599362;1689.2307692307693;1805.563812456763;713000.0;313.4065934065934;1.0;0.6718092566619915;;
5034;Meråker;2025;261;5274.0;15322.0;3348000.0;1003000.0;224000.0;1206000.0;3479000.0;634.8122866894198;190.17823284034887;42.472506636329165;402.16154721274177;228.66894197952217;227.0591306617935;863.481228668942;1090.5403593307356;924000.0;175.1990898748578;0.6515151515151515;1.0854978354978353;renhold_urimelig_lav;
5035;Stjørdal;2025;261;30785.0;173346.0;18495000.0;2685000.0;6594000.0;736000.0;9304000.0;600.779600454767;87.21780087705051;214.19522494721454;299.3665746305019;23.907747279519246;53.67300081917091;624.6873477342862;678.360348553457;3339000.0;108.46191326944941;1.0;0.8041329739442946;;
5036;Frosta;2025;261;2940.0;13030.0;3694000.0;752000.0;1098000.0;295000.0;1490000.0;1256.4625850340135;255.78231292517006;373.46938775510205;627.2108843537414;100.34013605442176;114.3514965464313;1356.8027210884354;1471.1542176348667;567000.0;192.85714285714286;1.0;1.3262786596119929;;
5037;Levanger;2025;261;10740.0;81267.0;8221000.0;1523000.0;1743000.0;207000.0;16907000.0;765.4562383612663;141.80633147113593;162.2905027932961;461.3594040968343;19.273743016759777;208.04262492770744;784.7299813780261;992.7726063057335;1302000.0;121.22905027932961;1.0;1.1697388632872503;;
5038;Verdal;2025;261;21850.0;79010.0;13070000.0;3030000.0;1931000.0;955000.0;3076000.0;598.1693363844394;138.67276887871853;88.37528604118994;371.1212814645309;43.7070938215103;38.93178078724212;641.8764302059496;680.8082109931918;3441000.0;157.4828375286041;1.0;0.8805579773321709;;
5041;Snåase - Snåsa;2025;261;6014.0;18235.0;2213000.0;534000.0;3000.0;113000.0;3777000.0;367.97472564017295;88.79281676089126;0.4988360492184902;278.68307283006317;18.789491187229796;207.1291472443104;386.7642168274027;593.8933640717131;984000.0;163.61822414366478;1.0;0.5426829268292683;renhold_urimelig_lav;
5042;Lierne;2025;261;5202.0;16542.0;4338000.0;590000.0;1453000.0;398000.0;1604000.0;833.9100346020762;113.41791618608228;279.31564782775854;441.1764705882353;76.50903498654364;96.96530044734615;910.4190695886198;1007.384370035966;1054000.0;202.6143790849673;1.0;0.5597722960151803;;
5043;Raarvihke - Røyrvik;2025;261;3241.0;9991.0;2235000.0;514000.0;566000.0;239000.0;1220000.0;689.6019746991669;158.5930268435668;174.63745757482258;356.37149028077755;73.74267201481024;122.10989890901811;763.3446467139771;885.4545456229953;441000.0;136.06911447084232;0.854875283446712;1.1655328798185942;;
5044;Namsskogan;2025;261;3771.0;12577.0;2432000.0;667000.0;754000.0;390000.0;1089000.0;644.9217714134182;176.87616016971626;199.94696367011403;268.0986475735879;103.42084327764519;86.58662638149002;748.3426146910634;834.9292410725534;788000.0;208.96313975072925;1.0;0.8464467005076142;;
5045;Grong;2025;261;8293.0;28011.0;4763000.0;1075000.0;1573000.0;272000.0;3285000.0;574.3398046545279;129.62739659954178;189.67804172193416;255.03436633305196;32.798745930302665;117.27535611009961;607.1385505848306;724.4139066949301;1783000.0;215.00060291812372;0.9775659001682557;0.6029164329781268;;
5046;Høylandet;2025;261;2660.0;11416.0;2994000.0;940000.0;600000.0;180000.0;3399000.0;1125.563909774436;353.38345864661653;225.5639097744361;546.6165413533835;67.66917293233082;297.74001401541693;1193.233082706767;1490.973096722184;1033000.0;388.34586466165416;1.0;0.9099709583736688;;
5047;Overhalla;2025;261;7016.0;27604.0;2895000.0;569000.0;771000.0;421000.0;1220000.0;412.6282782212087;81.10034207525656;109.89167616875713;221.63625997719498;60.00570125427594;44.19649326184611;472.6339794754846;516.8304727373306;1397000.0;199.1163055872292;1.0;0.4073013600572656;;implisitt_pris_utenfor
5049;Flatanger;2025;261;4262.0;12367.0;3273000.0;503000.0;0.0;675000.0;499000.0;767.9493195682778;118.01970905678085;0.0;649.929610511497;158.37634913186298;40.349316730007274;926.3256687001408;966.6749854301481;550000.0;129.04739558892538;1.0;0.9145454545454546;renhold_urimelig_lav;
5052;Leka;2025;261;2295.0;6483.0;1942000.0;447000.0;423000.0;187000.0;440000.0;846.1873638344226;194.77124183006535;184.31372549019608;467.1023965141612;81.48148148148148;67.86981335801326;927.6688453159042;995.5386586739174;501000.0;218.30065359477123;1.0;0.8922155688622755;;
5053;Inderøy;2025;261;8731.0;33475.0;5263000.0;1023000.0;1362000.0;272000.0;2313000.0;602.7946397892566;117.16870919711373;155.99587676096667;329.63005383117627;31.15336158515634;69.09634055265123;633.948001374413;703.0443419270642;1123000.0;128.6221509563624;1.0;0.9109528049866429;;
5054;Indre Fosen;2025;261;18470.0;70691.0;11223000.0;2243000.0;3781000.0;740000.0;10229000.0;607.634001082837;121.44017325392528;204.7103410936654;281.48348673524634;40.06497022198159;144.7001739966898;647.6989713048187;792.3991453015085;2797000.0;151.43475906876014;1.0;0.8019306399713979;;
5055;Heim;2025;261;9469.0;38550.0;7303000.0;1489000.0;1460000.0;1134000.0;3003000.0;771.2535642623297;157.2499735980568;154.1873481888267;459.8162424754462;119.75921427817087;77.8988326848249;891.0127785405006;968.9116112253255;2194000.0;231.70345337416833;1.0;0.678669097538742;;
5056;Hitra;2025;261;10715.0;29041.0;6682000.0;1676000.0;1827000.0;754000.0;3148000.0;623.6117592160523;156.4162389174055;170.50863275781614;296.68688754083064;70.3686420905273;108.3984711270273;693.9804013065796;802.3788724336068;2460000.0;229.58469435370975;1.0;0.6813008130081301;;
5057;Ørland;2025;261;22175.0;82078.0;12722000.0;1653000.0;4841000.0;2287000.0;8384000.0;573.7091319052987;74.54340473506201;218.30890642615557;280.8568207440812;103.13416009019166;102.14673846828626;676.8432919954904;778.9900304637766;4115000.0;185.56933483652762;1.0;0.4017010935601458;;implisitt_pris_utenfor
5058;Åfjord;2025;261;11032.0;29229.0;9448000.0;1330000.0;2324000.0;32000.0;1354000.0;856.4176939811457;120.55837563451777;210.65989847715736;525.1994198694706;2.9006526468455403;46.32385644394266;859.3183466279913;905.642203071934;2138000.0;193.79985496736765;1.0;0.6220767072029935;;
5059;Orkland;2025;261;24066.0;106318.0;20378000.0;4163000.0;6603000.0;1248000.0;17868000.0;846.7547577495221;172.98263109781433;274.3704811767639;399.4016454749439;51.857392171528296;168.06185217931113;898.6121499210504;1066.6740021003616;4854000.0;201.69533782099228;1.0;0.857643180881747;;
5060;Nærøysund;2025;261;19692.0;83711.0;10240000.0;3134000.0;2510000.0;616000.0;5666000.0;520.0081251269551;159.15092423319115;127.46292910826732;233.39427178549664;31.281738777168393;67.68525044498334;551.2898639041235;618.9751143491069;3384000.0;171.84643510054843;1.0;0.9261229314420805;;
5061;Rindal;2025;261;5356.0;15914.0;5574000.0;1162000.0;2296000.0;1800000.0;0.0;1040.7020164301719;216.9529499626587;428.67811799850637;395.07094846900674;336.0716952949963;0.0;1376.7737117251681;1376.7737117251681;926000.0;172.89021657953697;1.0;1.2548596112311015;;
5501;Tromsø;2025;261;55893.0;323997.0;43784000.0;7167000.0;11470000.0;5257000.0;71479000.0;783.3539083606177;128.2271483012184;205.21353300055463;449.9132270588446;94.0547116812481;220.6162402738297;877.4086200418657;1098.0248603156954;7467000.0;133.59454672320325;1.0;0.9598232221775814;;
5503;Harstad - Hárstták;2025;261;42376.0;141212.0;19884000.0;3415000.0;6433000.0;2648000.0;15888000.0;469.2278648291486;80.58806871814234;151.80762695865585;236.8321691523504;62.48820086841609;112.51168455938588;531.7160656975647;644.2277502569506;9498000.0;224.1363035680574;1.0;0.35954937881659293;;implisitt_pris_utenfor
5510;Kvæfjord;2025;261;11627.0;29595.0;5373000.0;451000.0;799000.0;965000.0;632000.0;462.1140448955019;38.78902554399243;68.71936011008859;354.6056592414208;82.99647372495055;21.354958607872952;545.1105186204524;566.4654772283253;512000.0;44.03543476391159;1.0;0.8808593749999999;energi_urimelig_lav;kwh_urimelig_lav
5512;Dielddanuorri - Tjeldsund;2025;261;5800.0;17200.0;5961000.0;939000.0;1834000.0;589000.0;2368000.0;1027.7586206896551;161.89655172413794;316.2068965517241;549.6551724137931;101.55172413793103;137.67441860465115;1129.3103448275863;1266.9847634322375;1696000.0;292.41379310344826;1.0;0.5536556603773586;;
5514;Ibestad;2025;261;2162.0;9433.0;3420000.0;341000.0;793000.0;119000.0;623000.0;1581.868640148011;157.72432932469934;366.7900092506938;1057.354301572618;55.04162812210916;66.04473656312943;1636.9102682701202;1702.9550048332496;654000.0;302.4976873265495;1.0;0.5214067278287461;;
5516;Gratangen;2025;261;4960.0;11100.0;3538000.0;514000.0;942000.0;1118000.0;96000.0;713.3064516129032;103.62903225806451;189.91935483870967;419.758064516129;225.40322580645162;8.64864864864865;938.7096774193549;947.3583260680035;828000.0;166.93548387096774;0.9154589371980676;0.6207729468599034;;
5518;Loabák - Lavangen;2025;261;2249.0;9890.0;1042000.0;276000.0;0.0;243000.0;180000.0;463.31702979101823;122.72120942641173;0.0;340.5958203646065;108.04802134281903;18.200202224469162;571.3650511338373;589.5652533583064;417000.0;185.41574032903512;1.0;0.6618705035971223;renhold_urimelig_lav;
5520;Bardu;2025;261;6425.0;30027.0;3720000.0;959000.0;1361000.0;1504000.0;2396000.0;578.988326848249;149.26070038910507;211.82879377431905;217.8988326848249;234.08560311284046;79.79485130049622;813.0739299610894;892.8687812615857;1355000.0;210.89494163424123;1.0;0.707749077490775;;
5522;Salangen;2025;261;4100.0;16897.0;4373000.0;726000.0;1862000.0;848000.0;658000.0;1066.5853658536585;177.0731707317073;454.1463414634146;435.3658536585366;206.82926829268294;38.94182399242469;1273.4146341463415;1312.3564581387661;758000.0;184.8780487804878;1.0;0.9577836411609498;;
5524;Målselv;2025;261;8786.0;43265.0;8403000.0;1620000.0;2681000.0;664000.0;8230000.0;956.4079216936035;184.38424766674254;305.1445481447758;466.87912588208513;75.57477805599818;190.22304403097192;1031.9826997496016;1222.2057437805736;2499000.0;284.4297746414751;1.0;0.6482593037214885;;
5526;Sørreisa;2025;261;4943.0;21875.0;3405000.0;598000.0;1119000.0;376000.0;2716000.0;688.8529233259154;120.97916245195226;226.3807404410277;341.49302043293545;76.06716568885292;124.16;764.9200890147683;889.0800890147683;499000.0;100.95083957111066;1.0;1.1983967935871744;;
5528;Dyrøy;2025;261;2300.0;9114.0;965000.0;570000.0;0.0;243000.0;6430000.0;419.5652173913044;247.82608695652175;0.0;171.7391304347826;105.65217391304348;705.5080096554751;525.2173913043479;1230.725400959823;949000.0;412.60869565217394;1.0;0.6006322444678609;renhold_urimelig_lav;
5530;Senja;2025;261;28994.0;102565.0;13679000.0;3543000.0;2265000.0;5426000.0;12014000.0;471.78726633096505;122.19769607505;78.11961095399047;271.4699593019245;187.14216734496793;117.13547506459318;658.929433675933;776.0649087405261;5371000.0;185.24522314961717;1.0;0.6596536957735989;;
5532;Balsfjord;2025;261;12531.0;38762.0;6975000.0;746000.0;3123000.0;333000.0;3061000.0;556.619583433086;59.532359747825396;249.2219296145559;247.86529407070466;26.574096241321524;78.96909344203085;583.1936796744075;662.1627731164383;2558000.0;204.13374830420557;1.0;0.2916340891321345;;implisitt_pris_utenfor
5534;Karlsøy;2025;261;6459.0;20282.0;3176000.0;530000.0;1452000.0;448000.0;3494000.0;491.716984053259;82.05604582752748;224.80260102183001;184.85833720390153;69.36058213345719;172.27097919337342;561.0775661867162;733.3485453800897;1707000.0;264.2823966558291;1.0;0.31048623315758644;;implisitt_pris_utenfor
5536;Lyngen - Ivgu - Yykeä;2025;261;13190.0;26525.0;2635000.0;694000.0;283000.0;689000.0;1791000.0;199.77255496588324;52.615617892342684;21.455648218347232;125.70128885519333;52.23654283548142;67.52120640904806;252.00909780136467;319.53030421041274;1631000.0;123.65428354814253;1.0;0.42550582464745557;drift_urimelig_lav|renhold_urimelig_lav;implisitt_pris_utenfor
5538;Storfjord - Omasvuotna - Omasvuono;2025;261;1877.0;21973.0;1634000.0;236000.0;714000.0;171000.0;856000.0;870.5380927011188;125.73255194459243;380.39424613745337;364.411294619073;91.10282365476824;38.95690165202749;961.640916355887;1000.5978180079145;800000.0;426.21204049014386;1.0;0.295;;implisitt_pris_utenfor|kwh_uteligger
5540;Gáivuotna - Kåfjord - Kaivuono;2025;261;5500.0;16983.0;6040000.0;1335000.0;1378000.0;541000.0;564000.0;1098.1818181818182;242.72727272727272;250.54545454545453;604.9090909090909;98.36363636363636;33.209680268503796;1196.5454545454545;1229.7551348139582;977000.0;177.63636363636363;1.0;1.3664278403275334;;
5542;Skjervøy;2025;261;9043.0;37580.0;6951000.0;1450000.0;1963000.0;644000.0;1883000.0;768.6608426407166;160.34501824615725;217.07397987393563;391.2418445206237;71.21530465553467;50.10643959552954;839.8761472962512;889.9825868917808;1759000.0;194.5150945482694;1.0;0.824332006822058;;
5544;Nordreisa - Ráisa - Raisi;2025;261;12316.0;41829.0;11236000.0;2243000.0;4299000.0;500000.0;1095000.0;912.3091912958753;182.12081844754792;349.0581357583631;381.1302370899643;40.59759662227996;26.17801047120419;952.9067879181553;979.0847983893594;3211000.0;260.7177655082819;1.0;0.698536281532233;;
5546;Kvænangen;2025;261;4010.0;14652.0;3238000.0;568000.0;1321000.0;947000.0;296000.0;807.4812967581047;141.64588528678306;329.426433915212;336.40897755610973;236.15960099750623;20.2020202020202;1043.640897755611;1063.842917957631;820000.0;204.48877805486285;1.0;0.6926829268292684;;
5601;Alta;2025;261;30450.0;133031.0;15987000.0;1285000.0;6250000.0;390000.0;11923000.0;525.0246305418719;42.20032840722496;205.2545155993432;277.56978653530376;12.807881773399014;89.6257263344634;537.832512315271;627.4582386497343;3438000.0;112.9064039408867;1.0;0.3737638161721931;;implisitt_pris_utenfor
5603;Hammerfest - Hámmerfeasta;2025;261;24693.0;124243.0;22107000.0;1809000.0;8543000.0;861000.0;6385000.0;895.2739642813752;73.25962823472238;345.96849309520917;476.0458429514437;34.868181265945815;51.391225260175624;930.1421455473211;981.5333708074967;4287000.0;173.61195480500547;1.0;0.4219734079776067;;implisitt_pris_utenfor
5605;Sør-Varanger;2025;261;12047.0;60414.0;10657000.0;1164000.0;5086000.0;425000.0;2227000.0;884.6185772391467;96.62156553498797;422.1797957997842;365.8172159043745;35.278492570764506;36.862316681563875;919.8970698099112;956.7593864914751;2156000.0;178.965717606043;1.0;0.5398886827458256;;
5607;Vadsø;2025;261;16763.0;54724.0;6087000.0;905000.0;2610000.0;1137000.0;228000.0;363.1211596969516;53.98794965101712;155.7000536896737;153.4331563562608;67.82795442343256;4.166362108033039;430.9491141203842;435.1154762284172;3619000.0;215.89214341108394;1.0;0.2500690798563139;;implisitt_pris_utenfor
5612;Guovdageaidnu - Kautokeino;2025;261;9341.0;30772.0;2708000.0;964000.0;412000.0;761000.0;3726000.0;289.90472112193555;103.20094208328872;44.10662669949684;142.59715233914997;81.46879349106091;121.08410243078123;371.3735146129965;492.4576170437777;1865000.0;199.65742425864468;1.0;0.5168900804289545;renhold_urimelig_lav;
5614;Loppa;2025;261;0.0;5400.0;2221000.0;193000.0;0.0;62000.0;760000.0;;;;;;;;;0.0;;;;areal_mangler;areal_mangler|kwh_mangler
5616;Hasvik;2025;261;2180.0;9880.0;1839000.0;330000.0;725000.0;997000.0;1442000.0;843.5779816513761;151.37614678899084;332.56880733944956;359.6330275229358;457.3394495412844;145.95141700404858;1300.9174311926606;1446.8688481967092;1030000.0;472.4770642201835;1.0;0.32038834951456313;;implisitt_pris_utenfor|kwh_uteligger
5620;Nordkapp;2025;261;4006.0;26078.0;4993000.0;1098000.0;1395000.0;1069000.0;1034000.0;1246.380429355966;274.0888666999501;348.22765851223164;624.0639041437843;266.84972541188216;39.65027992944244;1513.2301547678483;1552.8804346972906;1452000.0;362.45631552670994;1.0;0.756198347107438;;
5622;Porsanger - Porsángu - Porsanki;2025;261;10594.0;36736.0;6833000.0;1321000.0;2494000.0;172000.0;1242000.0;644.9877289031527;124.6932225788182;235.41627336228055;284.87823296205397;16.235605059467623;33.808797909407666;661.2233339626204;695.032131872028;2871000.0;271.00245421936944;1.0;0.460118425635667;;implisitt_pris_utenfor
5624;Lebesby;2025;261;1429.0;12572.0;1840000.0;69000.0;1295000.0;94000.0;1058000.0;1287.6137158852343;48.28551434569629;906.2281315605319;333.1000699790063;65.78026592022394;84.15526566974228;1353.3939818054585;1437.5492474752007;362000.0;253.32400279916024;1.0;0.19060773480662985;;implisitt_pris_utenfor
5626;Gamvik;2025;261;3850.0;16288.0;1890000.0;314000.0;748000.0;240000.0;1154000.0;490.90909090909093;81.55844155844156;194.28571428571428;215.06493506493507;62.33766233766234;70.84970530451866;553.2467532467532;624.0964585512719;805000.0;209.0909090909091;1.0;0.39006211180124223;;implisitt_pris_utenfor
5628;Deatnu - Tana;2025;261;6575.0;25276.0;836000.0;0.0;260000.0;63000.0;2570000.0;127.14828897338403;0.0;39.543726235741445;87.60456273764258;9.581749049429657;101.6774806140212;136.7300380228137;238.40751863683488;458000.0;69.65779467680608;1.0;0.0;drift_urimelig_lav|energi_urimelig_lav|renhold_urimelig_lav;implisitt_pris_utenfor|kwh_uteligger
5630;Berlevåg;2025;261;2300.0;10114.0;2817000.0;353000.0;734000.0;252000.0;664000.0;1224.7826086956522;153.47826086956522;319.1304347826087;752.1739130434783;109.56521739130434;65.6515720783073;1334.3478260869565;1399.9993981652638;915000.0;397.82608695652175;1.0;0.38579234972677595;;implisitt_pris_utenfor
5632;Båtsfjord;2025;261;4542.0;19513.0;1724000.0;172000.0;521000.0;395000.0;32000.0;379.56847203874946;37.86878027300749;114.7071774548657;226.99251431087626;86.96609423161603;1.6399323527904475;466.5345662703655;468.1744986231559;2064000.0;454.42536327608985;1.0;0.08333333333333333;energi_urimelig_lav;implisitt_pris_utenfor|kwh_uteligger
5634;Vardø;2025;261;4751.0;14491.0;2054000.0;336000.0;0.0;631000.0;1085000.0;432.33003578194064;70.72195327299517;0.0;361.6080825089455;132.8141443906546;74.87405976123111;565.1441801725953;640.0182399338264;0.0;0.0;;;renhold_urimelig_lav;kwh_null|kwh_urimelig_lav
5636;Unjárga - Nesseby;2025;261;3175.0;8863.0;1818000.0;179000.0;584000.0;287000.0;92000.0;572.5984251968504;56.37795275590551;183.93700787401573;332.2834645669291;90.39370078740157;10.380232426943472;662.992125984252;673.3723584111955;651000.0;205.03937007874015;1.0;0.2749615975422427;;implisitt_pris_utenfor
