kommune;kommunenavn;aargang;funksjon;eid_areal_m2;portefoljeareal_m2;drift_kr;energi_kr;renhold_kr;vedlikehold_kr;forvaltning_kr;drift_kr_m2;energi_kr_m2;renhold_kr_m2;ovrig_drift_kr_m2;vedlikehold_kr_m2;forvaltning_kr_m2;dv_kr_m2;fdv_kr_m2;energibruk_kwh;kwh_m2;fornybarandel;implisitt_energipris_kr_kwh;flagg_kostnad;flagg_energi
0301;Oslo - Oslove;2022;130;35081.0;2333925.0;25193000.0;12657000.0;7738000.0;21096000.0;485961000.0;718.1380234314871;360.7935919728628;220.57524015849035;136.76919130013397;601.3511587469001;208.21620232012597;1319.4891821783872;1527.7053844985132;4716000.0;134.4317436789145;1.0;2.683842239185751;;
1101;Eigersund;2022;130;5487.0;49539.0;2431000.0;1329000.0;508000.0;604000.0;9466000.0;443.04720247858575;242.20885729907053;92.58246765081101;108.2558775287042;110.07836704938947;191.08177395587316;553.1255695279752;744.2073434838484;595000.0;108.43812648077274;1.0;2.2336134453781513;;
1103;Stavanger;2022;130;57862.0;681196.0;33715000.0;4926000.0;10747000.0;5621000.0;69252000.0;582.6794787598078;85.1335937229961;185.73502471397464;311.8108603228371;97.14493104282603;101.66237030164592;679.8244098026339;781.4867801042799;4987000.0;86.18782620718261;0.986164026468819;0.9877681973130138;;
1106;Haugesund;2022;130;5658.0;135720.0;12199000.0;4187000.0;2564000.0;4080000.0;3028000.0;2156.062212796041;740.0141392718275;453.16366207140334;962.8844114528101;721.1028632025451;22.310639552018863;2877.165075998586;2899.475715550605;2521000.0;445.5638034641216;1.0;1.6608488694962318;;kwh_uteligger
1108;Sandnes;2022;130;10079.0;315523.0;13472000.0;2335000.0;2662000.0;-2335000.0;29226000.0;1336.640539736085;231.66980851274928;264.1135033237424;840.8572278995932;-231.66980851274928;92.62716188677211;1104.9707312233356;1197.5978931101076;1501000.0;148.92350431590435;1.0;1.5556295802798135;vedlikehold_negativ;
1111;Sokndal;2022;130;3800.0;22443.0;5261000.0;2056000.0;1047000.0;227000.0;877000.0;1384.4736842105262;541.0526315789474;275.5263157894737;567.8947368421053;59.73684210526316;39.076772267522166;1444.2105263157894;1483.2872985833114;686000.0;180.52631578947367;1.0;2.9970845481049566;;
1112;Lund;2022;130;2238.0;23592.0;1030000.0;742000.0;77000.0;2000.0;421000.0;460.23235031277926;331.54602323503127;34.405719392314566;94.28060768543342;0.8936550491510277;17.845032214309935;461.1260053619303;478.97103757624024;304000.0;135.83556747095622;1.0;2.44078947368421;renhold_urimelig_lav;
1114;Bjerkreim;2022;130;1772.0;17774.0;1573000.0;698000.0;248000.0;6000.0;406000.0;887.6975169300226;393.90519187358916;139.9548532731377;353.8374717832957;3.386004514672686;22.842354000225047;891.0835214446953;913.9258754449204;228000.0;128.6681715575621;1.0;3.0614035087719293;;implisitt_pris_utenfor
1119;Hå;2022;130;7075.0;88908.0;6121000.0;1533000.0;1703000.0;886000.0;3283000.0;865.1590106007067;216.67844522968198;240.70671378091873;407.773851590106;125.22968197879858;36.92581095064561;990.3886925795053;1027.314503530151;839000.0;118.58657243816255;1.0;1.8271752085816448;;
1120;Klepp;2022;130;4155.0;89364.0;2927000.0;1282000.0;746000.0;235000.0;2338000.0;704.4524669073405;308.5439229843562;179.5427196149218;216.36582430806257;56.5583634175692;26.162660579204154;761.0108303249098;787.1734909041139;888000.0;213.71841155234657;1.0;1.4436936936936937;;
1121;Time;2022;130;7530.0;87088.0;2176000.0;644000.0;512000.0;328000.0;8181000.0;288.97742363877825;85.52456839309428;67.99468791500664;135.4581673306773;43.559096945551126;93.93946353114092;332.53652058432937;426.4759841154703;913000.0;121.24833997343957;0.9759036144578314;0.7053669222343921;;
1122;Gjesdal;2022;130;6722.0;57501.0;3322000.0;586000.0;848000.0;980000.0;3284000.0;494.1981553109194;87.17643558464742;126.15293067539423;280.8687890508777;145.78994346920558;57.11205022521347;639.9880987801249;697.1001490053384;804000.0;119.60725974412377;1.0;0.7288557213930348;;
1124;Sola;2022;130;35044.0;185461.0;13849000.0;6848000.0;2345000.0;1850000.0;13526000.0;395.1889053760986;195.41148270745347;66.91587718296998;132.86154548567515;52.79077730852642;72.93177541369883;447.97968268462506;520.9114580983239;4104000.0;117.10991895902295;1.0;1.6686159844054578;;
1127;Randaberg;2022;130;6884.0;66126.0;3515000.0;942000.0;1449000.0;1549000.0;98000.0;510.60429982568274;136.8390470656595;210.48808832074374;163.2771644392795;225.01452643811737;1.4820191755134138;735.6188262638001;737.1008454393135;1000000.0;145.2643811737362;1.0;0.9420000000000001;;
1130;Strand;2022;130;3446.0;62752.0;1776000.0;1722000.0;663000.0;723000.0;4288000.0;515.3801508995938;499.70980847359255;192.39698200812535;-176.7266395821242;209.8084735925711;68.33248342682305;725.1886244921649;793.5211079189879;543000.0;157.5739988392339;1.0;3.171270718232044;drift_mindre_enn_delposter;implisitt_pris_utenfor
1133;Hjelmeland;2022;130;2738.0;26169.0;2815000.0;1031000.0;-1240000.0;350000.0;1338000.0;1028.1227173119064;376.55222790357925;-452.8853177501826;1104.45580715851;127.83053323593865;51.12919867018228;1155.953250547845;1207.0824492180273;325000.0;118.69978086194303;1.0;3.172307692307692;renhold_urimelig_lav;implisitt_pris_utenfor
1134;Suldal;2022;130;4710.0;36909.0;3427000.0;1502000.0;803000.0;1003000.0;1262000.0;727.6008492569002;318.895966029724;170.48832271762208;238.21656050955414;212.9511677282378;34.19220244384839;940.552016985138;974.7442194289864;710000.0;150.74309978768576;1.0;2.1154929577464787;;
1135;Sauda;2022;130;960.0;26048.0;2512000.0;424000.0;404000.0;130000.0;114000.0;2616.6666666666665;441.6666666666667;420.8333333333333;1754.1666666666667;135.41666666666666;4.3765356265356266;2752.0833333333335;2756.4598689598693;142000.0;147.91666666666666;1.0;2.985915492957747;;
1144;Kvitsøy;2022;130;363.0;6644.0;1032000.0;401000.0;93000.0;50000.0;203000.0;2842.9752066115702;1104.6831955922864;256.198347107438;1482.0936639118456;137.7410468319559;30.553883202889825;2980.716253443526;3011.2701366464157;126000.0;347.10743801652893;1.0;3.1825396825396823;areal_for_lite;areal_for_lite|implisitt_pris_utenfor
1145;Bokn;2022;130;1600.0;11283.0;703000.0;332000.0;126000.0;70000.0;439000.0;439.375;207.5;78.75;153.125;43.75;38.90809181955154;483.125;522.0330918195515;210000.0;131.25;1.0;1.5809523809523809;;
1146;Tysvær;2022;130;5640.0;65010.0;1543000.0;454000.0;286000.0;227000.0;5640000.0;273.58156028368796;80.49645390070921;50.709219858156025;142.3758865248227;40.248226950354606;86.75588371019843;313.82978723404256;400.585670944241;803000.0;142.3758865248227;1.0;0.5653798256537982;;
1149;Karmøy;2022;130;14278.0;186330.0;3494000.0;1549000.0;476000.0;1041000.0;6726000.0;244.71214455806134;108.48858383527104;33.33800252136154;102.88555820142876;72.9093710603726;36.097246820157785;317.62151561843393;353.71876243859174;1181000.0;82.71466591959658;1.0;1.3116003386960202;renhold_urimelig_lav;
1151;Utsira;2022;130;640.0;3280.0;573000.0;98000.0;212000.0;129000.0;94000.0;895.3125;153.125;331.25;410.9375;201.5625;28.658536585365855;1096.875;1125.533536585366;122000.0;190.625;1.0;0.8032786885245902;;
1160;Vindafjord;2022;130;7190.0;56584.0;3560000.0;1076000.0;719000.0;398000.0;2607000.0;495.13212795549373;149.65229485396384;100.0;245.4798331015299;55.354659248956885;46.07309486780716;550.4867872044506;596.5598820722578;880000.0;122.39221140472878;1.0;1.2227272727272729;;
1505;Kristiansund;2022;130;8172.0;115530.0;5207000.0;1509000.0;1171000.0;411000.0;8716000.0;637.175721977484;184.65491923641704;143.29417523250123;309.22662750856585;50.29368575624082;75.44360772093829;687.4694077337249;762.9130154546632;1105000.0;135.2178169358786;1.0;1.365610859728507;;
1506;Molde;2022;130;4545.0;164145.0;10378000.0;1800000.0;2514000.0;1090000.0;11704000.0;2283.3883388338836;396.03960396039605;553.1353135313532;1334.2134213421343;239.82398239823982;71.3028115385787;2523.212321232123;2594.5151327707017;464000.0;102.0902090209021;1.0;3.8793103448275863;;implisitt_pris_utenfor
1507;Ålesund (2020-2023);2022;130;6811.0;252510.0;11178000.0;616000.0;2182000.0;6613000.0;16571000.0;1641.1686976949054;90.44193216855088;320.3641168697695;1230.362648656585;970.9293789458229;65.62512375747495;2612.0980766407283;2677.723200398203;746000.0;109.52870356775804;1.0;0.8257372654155496;;
1511;Vanylven;2022;130;1800.0;23336.0;710000.0;153000.0;118000.0;78000.0;0.0;394.44444444444446;85.0;65.55555555555556;243.88888888888889;43.333333333333336;0.0;437.77777777777777;437.77777777777777;204000.0;113.33333333333333;1.0;0.75;;
1514;Sande;2022;130;1607.0;23289.0;1168000.0;187000.0;427000.0;156000.0;1029000.0;726.8201617921593;116.3658991910392;265.7125077784692;344.7417548226509;97.0752955818295;44.18394950405771;823.8954573739888;868.0794068780466;220000.0;136.90105787181082;1.0;0.8500000000000001;;
1515;Herøy (Møre og Romsdal);2022;130;6510.0;47224.0;1399000.0;374000.0;364000.0;201000.0;2863000.0;214.90015360983102;57.45007680491551;55.913978494623656;101.53609831029186;30.87557603686636;60.62595290530239;245.77572964669739;306.4016825519998;486000.0;74.65437788018433;1.0;0.7695473251028807;;
1516;Ulstein;2022;130;5721.0;51946.0;985000.0;251000.0;102000.0;767000.0;5745000.0;172.1726970809299;43.873448697780105;17.829050865233352;110.47019751791645;134.06747072190177;110.59561852693182;306.24016780283165;416.83578632976344;642000.0;112.21814368117462;1.0;0.3909657320872274;drift_urimelig_lav|renhold_urimelig_lav;implisitt_pris_utenfor
1517;Hareid;2022;130;2108.0;35472.0;5126000.0;501000.0;1297000.0;356000.0;5594000.0;2431.6888045540795;237.6660341555977;615.2751423149905;1578.7476280834915;168.88045540796963;157.701849345963;2600.5692599620493;2758.2711093080125;;;;;;kwh_mangler
1520;Ørsta;2022;130;8557.0;65716.0;2107000.0;650000.0;493000.0;167000.0;3265000.0;246.23115577889448;75.96120135561529;57.61364964356667;112.65630477971251;19.51618557905808;49.68348651774301;265.74734135795256;315.43082787569557;693000.0;80.98632698375599;1.0;0.937950937950938;;
1525;Stranda;2022;130;359.0;32077.0;1337000.0;309000.0;580000.0;21000.0;98000.0;3724.233983286908;860.7242339832869;1615.598885793872;1247.9108635097493;58.4958217270195;3.055148548804439;3782.7298050139275;3785.784953562732;;;;;areal_for_lite;areal_for_lite|kwh_mangler
1528;Sykkylven;2022;130;1457.0;29485.0;853000.0;63000.0;266000.0;69000.0;1337000.0;585.4495538778311;43.23953328757722;182.56691832532601;359.64310226492796;47.35758407687028;45.345090724097;632.8071379547015;678.1522286787985;229000.0;157.1722717913521;1.0;0.2751091703056769;;implisitt_pris_utenfor
1531;Sula;2022;130;3436.0;57114.0;677000.0;182000.0;180000.0;63000.0;5167000.0;197.0314318975553;52.968568102444706;52.38649592549476;91.67636786961583;18.335273573923168;90.46818643414925;215.36670547147847;305.8348919056277;366000.0;106.51920838183935;1.0;0.4972677595628416;drift_urimelig_lav;implisitt_pris_utenfor
1532;Giske;2022;130;5176.0;41930.0;1664000.0;248000.0;517000.0;695000.0;2426000.0;321.483771251932;47.913446676970636;99.88408037094281;173.68624420401855;134.27357032457496;57.85833532077272;455.757341576507;513.6156768972797;1001000.0;193.39258114374033;1.0;0.24775224775224777;;implisitt_pris_utenfor
1535;Vestnes;2022;130;6231.0;43894.0;1360000.0;476000.0;339000.0;175000.0;6378000.0;218.26352110415664;76.39223238645482;54.40539239287434;87.46589632482747;28.085379553843683;145.30459743928554;246.34890065800033;391.6534980972859;835000.0;134.00738244262558;1.0;0.5700598802395209;;
1539;Rauma;2022;130;6407.0;52539.0;2990000.0;922000.0;808000.0;198000.0;2108000.0;466.6770719525519;143.9051037927267;126.11206492898393;196.65990323084128;30.9036990791322;40.12257561049887;497.5807710316841;537.703346642183;1010000.0;157.64008116122992;1.0;0.9128712871287127;;
1547;Aukra;2022;130;1925.0;26386.0;796000.0;313000.0;257000.0;315000.0;577000.0;413.5064935064935;162.5974025974026;133.5064935064935;117.40259740259741;163.63636363636363;21.86765709088153;577.1428571428571;599.0105142337386;531000.0;275.84415584415586;1.0;0.5894538606403013;;
1554;Averøy;2022;130;742.0;21461.0;1569000.0;298000.0;415000.0;310000.0;1036000.0;2114.55525606469;401.61725067385447;559.2991913746631;1153.6388140161725;417.7897574123989;48.273612599599275;2532.3450134770887;2580.618626076688;84000.0;113.20754716981132;1.0;3.547619047619048;;implisitt_pris_utenfor
1557;Gjemnes;2022;130;1260.0;18282.0;852000.0;280000.0;263000.0;27000.0;542000.0;676.1904761904761;222.22222222222223;208.73015873015873;245.23809523809524;21.428571428571427;29.64664697516683;697.6190476190476;727.2656945942144;314000.0;249.20634920634922;1.0;0.89171974522293;;
1560;Tingvoll;2022;130;2327.0;26517.0;1783000.0;417000.0;477000.0;64000.0;1662000.0;766.2226042114311;179.20068758057585;204.9849591749033;382.0369574559519;27.50322303394929;62.67677339065505;793.7258272453803;856.4026006360353;328000.0;140.95401804899012;1.0;1.271341463414634;;
1563;Sunndal;2022;130;3700.0;48587.0;967000.0;302000.0;359000.0;395000.0;3003000.0;261.35135135135135;81.62162162162163;97.02702702702703;82.70270270270271;106.75675675675676;61.806656101426306;368.1081081081081;429.91476420953444;423000.0;114.32432432432432;1.0;0.7139479905437353;;
1566;Surnadal;2022;130;3960.0;33305.0;3850000.0;447000.0;1074000.0;454000.0;1147000.0;972.2222222222222;112.87878787878788;271.2121212121212;588.1313131313132;114.64646464646465;34.43927338237502;1086.8686868686868;1121.3079602510618;419000.0;105.8080808080808;1.0;1.0668257756563246;;
1573;Smøla;2022;130;1890.0;15864.0;1037000.0;273000.0;269000.0;92000.0;0.0;548.6772486772487;144.44444444444446;142.32804232804233;261.9047619047619;48.67724867724868;0.0;597.3544973544973;597.3544973544973;237000.0;125.39682539682539;1.0;1.1518987341772153;;
1576;Aure;2022;130;2880.0;24457.0;7310000.0;256000.0;465000.0;360000.0;0.0;2538.1944444444443;88.88888888888889;161.45833333333334;2287.847222222222;125.0;0.0;2663.1944444444443;2663.1944444444443;328000.0;113.88888888888889;1.0;0.7804878048780488;;
1577;Volda;2022;130;5465.0;48341.0;1773000.0;472000.0;314000.0;476000.0;12401000.0;324.4281793229643;86.36779505946934;57.45654162854529;180.60384263494967;87.09972552607502;256.53172255435345;411.5279048490393;668.0596274033928;672000.0;122.96431838975298;1.0;0.7023809523809523;;
1578;Fjord;2022;130;3507.0;31324.0;2611000.0;306000.0;899000.0;152000.0;0.0;744.5109780439121;87.25406330196749;256.3444539492444;400.9124607927003;43.3418876532649;0.0;787.8528656971771;787.8528656971771;604000.0;172.2269746221842;1.0;0.5066225165562914;;
1579;Hustadvika;2022;130;3029.0;68596.0;1424000.0;381000.0;500000.0;101000.0;3336000.0;470.122152525586;125.78408715747771;165.0709805216243;179.26708484648398;33.344338065368106;48.63257332789084;503.4664905909541;552.0990639188449;409000.0;135.02806206668868;1.0;0.9315403422982885;;
1804;Bodø;2022;130;20874.0;245978.0;7849000.0;1970000.0;2096000.0;1940000.0;44654000.0;376.0180128389384;94.37577848040625;100.41199578422919;181.23023857430297;92.93858388425792;181.53656018017872;468.9565967231963;650.493156903375;2635000.0;126.23359202836065;1.0;0.7476280834914611;;
1806;Narvik;2022;130;12110.0;123762.0;7395000.0;1091000.0;0.0;334000.0;8316000.0;610.65235342692;90.09083402146986;0.0;520.56151940545;27.580511973575558;67.19348426819218;638.2328654004955;705.4263496686876;2873000.0;237.24194880264244;1.0;0.3797424295161852;renhold_urimelig_lav;implisitt_pris_utenfor
1811;Bindal;2022;130;2668.0;12312.0;1585000.0;239000.0;766000.0;128000.0;356000.0;594.0779610194902;89.58020989505248;287.1064467766117;217.3913043478261;47.976011994002995;28.914879792072774;642.0539730134933;670.968852805566;329000.0;123.31334332833583;1.0;0.7264437689969605;;
1812;Sømna;2022;130;1202.0;16671.0;1443000.0;101000.0;296000.0;130000.0;0.0;1200.4991680532446;84.02662229617304;246.25623960066557;870.216306156406;108.153078202995;0.0;1308.6522462562396;1308.6522462562396;155000.0;128.95174708818635;1.0;0.6516129032258065;;
1813;Brønnøy;2022;130;4567.0;48530.0;1790000.0;392000.0;0.0;50000.0;1756000.0;391.94219400043795;85.83315086490038;0.0;306.10904313553755;10.948105977665865;36.183803832680816;402.89029997810377;439.0741038107846;803000.0;175.82658200131377;1.0;0.48816936488169366;renhold_urimelig_lav;implisitt_pris_utenfor
1815;Vega;2022;130;1700.0;12500.0;490000.0;180000.0;0.0;164000.0;0.0;288.2352941176471;105.88235294117646;0.0;182.35294117647058;96.47058823529412;0.0;384.70588235294116;384.70588235294116;;;;;renhold_urimelig_lav;kwh_mangler
1816;Vevelstad;2022;130;990.0;4662.0;298000.0;96000.0;0.0;258000.0;0.0;301.010101010101;96.96969696969697;0.0;204.04040404040404;260.6060606060606;0.0;561.6161616161617;561.6161616161617;96000.0;96.96969696969697;1.0;1.0;renhold_urimelig_lav;
1818;Herøy (Nordland);2022;130;1811.0;12680.0;1375000.0;202000.0;546000.0;497000.0;476000.0;759.2490336830481;111.54058531198233;301.4908890115958;346.21755935946993;274.434014356709;37.53943217665615;1033.683048039757;1071.2224802164133;288000.0;159.0281612368857;1.0;0.7013888888888888;;
1820;Alstahaug;2022;130;9900.0;50832.0;4256000.0;945000.0;534000.0;1095000.0;4956000.0;429.8989898989899;95.45454545454545;53.93939393939394;280.5050505050505;110.60606060606061;97.49763928234184;540.5050505050505;638.0026897873923;1516000.0;153.13131313131314;1.0;0.6233509234828496;;
1822;Leirfjord;2022;130;1707.0;18898.0;763000.0;165000.0;134000.0;86000.0;230000.0;446.98301113063854;96.66080843585237;78.50029291154071;271.8219097832455;50.380785002929116;12.170600063498783;497.3637961335677;509.5343961970665;261000.0;152.89982425307556;1.0;0.632183908045977;;
1824;Vefsn;2022;130;7293.0;74993.0;3543000.0;724000.0;674000.0;532000.0;5756000.0;485.8083093377211;99.27327574386398;92.4173865350336;294.11764705882354;72.9466611819553;76.75383035750004;558.7549705196764;635.5088008771764;1133000.0;155.35444947209652;1.0;0.6390114739629303;;
1825;Grane;2022;130;2689.0;13298.0;821000.0;134000.0;241000.0;137000.0;0.0;305.31796206768314;49.83265154332466;89.62439568612868;165.86091483822983;50.948307921160286;0.0;356.2662699888434;356.2662699888434;350000.0;130.15991074748976;1.0;0.3828571428571429;;implisitt_pris_utenfor
1826;Hattfjelldal - Aarborte;2022;130;3057.0;18371.0;976000.0;221000.0;244000.0;510000.0;675000.0;319.267255479228;72.2930978083088;79.816813869807;167.1573438011122;166.83022571148186;36.7426922867563;486.09748119070986;522.8401734774661;693000.0;226.6928361138371;1.0;0.3189033189033189;;implisitt_pris_utenfor
1827;Dønna;2022;130;2142.0;13662.0;1898000.0;392000.0;326000.0;92000.0;2387000.0;886.0877684407096;183.00653594771242;152.19421101774043;550.8870214752568;42.95051353874883;174.71819645732688;929.0382819794585;1103.7564784367853;260000.0;121.38188608776844;1.0;1.5076923076923079;;
1828;Nesna;2022;130;2856.0;9666.0;1363000.0;54000.0;513000.0;48000.0;518000.0;477.2408963585434;18.907563025210084;179.6218487394958;278.71148459383755;16.80672268907563;53.589902751913925;494.04761904761904;547.6375217995329;409000.0;143.20728291316527;1.0;0.13202933985330073;energi_urimelig_lav;implisitt_pris_utenfor
1832;Hemnes;2022;130;2310.0;37475.0;2599000.0;211000.0;1062000.0;346000.0;326000.0;1125.108225108225;91.34199134199135;459.7402597402597;574.025974025974;149.78354978354977;8.699132755170114;1274.891774891775;1283.590907646945;373000.0;161.47186147186147;1.0;0.5656836461126006;;
1833;Rana;2022;130;4713.0;105893.0;2261000.0;759000.0;715000.0;206000.0;10713000.0;479.73689794186294;161.04392106938255;151.7080415870995;166.98493528538086;43.708890303416084;101.16816031276855;523.445788245279;624.6139485580476;860000.0;182.474008062805;1.0;0.8825581395348836;;
1834;Lurøy;2022;130;2590.0;23500.0;939000.0;415000.0;86000.0;1293000.0;8000.0;362.5482625482625;160.23166023166024;33.204633204633204;169.1119691119691;499.2277992277992;0.3404255319148936;861.7760617760617;862.1164873079766;330000.0;127.41312741312741;1.0;1.2575757575757576;renhold_urimelig_lav;
1835;Træna;2022;130;535.0;5050.0;724000.0;0.0;75000.0;-22000.0;126000.0;1353.271028037383;0.0;140.18691588785046;1213.0841121495328;-41.12149532710281;24.95049504950495;1312.1495327102805;1337.1000277597855;120000.0;224.29906542056074;1.0;0.0;vedlikehold_negativ|energi_urimelig_lav;implisitt_pris_utenfor
1836;Rødøy;2022;130;1140.0;15719.0;658000.0;129000.0;233000.0;64000.0;0.0;577.1929824561404;113.15789473684211;204.3859649122807;259.64912280701753;56.14035087719298;0.0;633.3333333333334;633.3333333333334;136000.0;119.29824561403508;1.0;0.948529411764706;;
1837;Meløy;2022;130;2714.0;42380.0;1720000.0;391000.0;461000.0;76000.0;5245000.0;633.7509211495947;144.0677966101695;169.85998526160648;319.8231392778187;28.00294767870302;123.76120811703633;661.7538688282978;785.515076945334;456000.0;168.01768607221814;1.0;0.8574561403508771;;
1838;Gildeskål;2022;130;2259.0;20252.0;2142000.0;545000.0;398000.0;63000.0;594000.0;948.207171314741;241.2571934484285;176.18415227976982;530.7658255865427;27.888446215139442;29.330436500098756;976.0956175298804;1005.4260540299792;439000.0;194.33377600708278;1.0;1.2414578587699316;;
1839;Beiarn;2022;130;2160.0;11383.0;1167000.0;309000.0;830000.0;68000.0;416000.0;540.2777777777778;143.05555555555554;384.25925925925924;12.962962962962964;31.48148148148148;36.54572608275499;571.7592592592592;608.3049853420142;475000.0;219.90740740740742;1.0;0.6505263157894736;;
1840;Saltdal;2022;130;1797.0;32861.0;3265000.0;302000.0;719000.0;50000.0;1318000.0;1816.917084028937;168.05787423483585;400.11129660545356;1248.7479131886478;27.824151363383418;40.10833510848727;1844.7412353923205;1884.8495705008077;408000.0;227.04507512520868;1.0;0.7401960784313726;;
1841;Fauske - Fuossko;2022;130;4233.0;41495.0;1724000.0;578000.0;553000.0;223000.0;13448000.0;407.2761634774392;136.54618473895582;130.64020789038506;140.08977084809828;52.681313489251124;324.0872394264369;459.9574769666903;784.0447163931271;890000.0;210.25277580911882;1.0;0.6494382022471911;;
1845;Sørfold;2022;130;1729.0;23702.0;2863000.0;279000.0;1300000.0;206000.0;185000.0;1655.8704453441296;161.36495083863505;751.8796992481203;742.6257952573742;119.14401388085598;7.805248502236098;1775.0144592249856;1782.8197077272216;376000.0;217.46674378253326;1.0;0.7420212765957447;;
1848;Steigen;2022;130;2650.0;21347.0;903000.0;357000.0;218000.0;142000.0;13559000.0;340.75471698113205;134.71698113207546;82.26415094339623;123.77358490566037;53.58490566037736;635.171218438188;394.33962264150944;1029.5108410796975;502000.0;189.43396226415095;1.0;0.7111553784860557;;
1851;Lødingen;2022;130;2070.0;16936.0;867000.0;344000.0;232000.0;65000.0;729000.0;418.84057971014494;166.18357487922705;112.07729468599034;140.57971014492753;31.40096618357488;43.044402456306095;450.24154589371983;493.28594835002593;;;;;;kwh_mangler
1853;Evenes - Evenássi;2022;130;1422.0;14741.0;664000.0;178000.0;178000.0;61000.0;419000.0;466.9479606188467;125.17580872011251;125.17580872011251;216.59634317862165;42.89732770745429;28.424123193813173;509.845288326301;538.2694115201142;238000.0;167.36990154711674;1.0;0.7478991596638656;;
1856;Røst;2022;130;1295.0;11081.0;449000.0;80000.0;173000.0;254000.0;406000.0;346.7181467181467;61.77606177606177;133.59073359073358;151.35135135135135;196.13899613899613;36.63929248262792;542.8571428571429;579.4964353397709;93000.0;71.81467181467181;1.0;0.8602150537634409;;
1857;Værøy;2022;130;1100.0;7950.0;516000.0;91000.0;152000.0;48000.0;136000.0;469.09090909090907;82.72727272727273;138.1818181818182;248.1818181818182;43.63636363636363;17.10691823899371;512.7272727272727;529.8341909662664;74000.0;67.27272727272727;1.0;1.22972972972973;;
1859;Flakstad;2022;130;2200.0;5913.0;1585000.0;344000.0;0.0;321000.0;196000.0;720.4545454545455;156.36363636363637;0.0;564.0909090909091;145.9090909090909;33.14730255369525;866.3636363636364;899.5109389173316;357000.0;162.27272727272728;1.0;0.9635854341736695;renhold_urimelig_lav;
1860;Vestvågøy;2022;130;7212.0;63217.0;3250000.0;938000.0;982000.0;916000.0;1931000.0;450.63782584581253;130.0610094287299;136.16195230171937;184.4148641153633;127.01053799223516;30.54558109369315;577.6483638380477;608.1939449317408;1060000.0;146.97726012201886;1.0;0.8849056603773585;;
1865;Vågan;2022;130;6045.0;61002.0;1851000.0;889000.0;0.0;1563000.0;3709000.0;306.2034739454094;147.06368899917288;0.0;159.13978494623655;258.560794044665;60.80128520376381;564.7642679900745;625.5655531938382;1107000.0;183.12655086848636;1.0;0.8030713640469739;renhold_urimelig_lav;
1866;Hadsel;2022;130;6152.0;43529.0;3111000.0;600000.0;839000.0;365000.0;3163000.0;505.6892067620286;97.52925877763329;136.3784135240572;271.7815344603381;59.33029908972692;72.66420087757587;565.0195058517555;637.6837067293313;939000.0;152.6332899869961;1.0;0.6389776357827476;;
1867;Bø;2022;130;1912.0;23899.0;1474000.0;273000.0;221000.0;89000.0;0.0;770.9205020920502;142.78242677824267;115.5857740585774;512.5523012552301;46.54811715481171;0.0;817.468619246862;817.468619246862;439000.0;229.60251046025104;1.0;0.6218678815489749;;
1868;Øksnes;2022;130;4665.0;32064.0;2437000.0;648000.0;934000.0;647000.0;2047000.0;522.400857449089;138.90675241157555;200.2143622722401;183.2797427652733;138.6923901393355;63.84106786427146;661.0932475884244;724.934315452696;787000.0;168.7031082529475;1.0;0.8233799237611181;;
1870;Sortland - Suortá;2022;130;5289.0;64239.0;3939000.0;659000.0;879000.0;450000.0;4433000.0;744.7532614861033;124.59822272641331;166.19398752127057;453.9610512384194;85.08224617129892;69.00792353554694;829.8355076574021;898.8434311929491;753000.0;142.37095859330685;1.0;0.8751660026560426;;
1871;Andøy;2022;130;2422.0;25297.0;1695000.0;721000.0;402000.0;92000.0;48000.0;699.8348472336912;297.6878612716763;165.97853014037986;236.168455821635;37.9851362510322;1.8974581966241055;737.8199834847234;739.7174416813475;931000.0;384.39306358381504;1.0;0.7744360902255639;;kwh_uteligger
1874;Moskenes;2022;130;905.0;5990.0;736000.0;201000.0;5000.0;149000.0;0.0;813.2596685082873;222.09944751381215;5.524861878453039;585.6353591160221;164.64088397790056;0.0;977.9005524861878;977.9005524861878;205000.0;226.51933701657458;1.0;0.9804878048780488;renhold_urimelig_lav;
1875;Hamarøy - Hábmer;2022;130;2930.0;22253.0;2723000.0;975000.0;562000.0;438000.0;1503000.0;929.3515358361775;332.76450511945393;191.80887372013652;404.77815699658703;149.48805460750853;67.54145508470768;1078.8395904436861;1146.3810455283938;1145000.0;390.7849829351536;1.0;0.851528384279476;;kwh_uteligger
2111;Longyearbyen;2022;130;2700.0;16435.0;2746000.0;1158000.0;669000.0;804000.0;2924000.0;1017.0370370370371;428.8888888888889;247.77777777777777;340.3703703703704;297.77777777777777;177.91299056890782;1314.8148148148148;1492.7278053837226;704000.0;260.74074074074076;1.0;1.6448863636363635;;
3001;Halden (2020-2023);2022;130;0.0;99574.0;6038000.0;2182000.0;912000.0;1447000.0;9717000.0;;;;;;;;;1514000.0;;1.0;;areal_mangler;areal_mangler
3002;Moss (2020-2023);2022;130;10916.0;185054.0;10754000.0;3465000.0;1255000.0;3668000.0;21318000.0;985.1593990472701;317.42396482227923;114.96885305972884;552.766581165262;336.0205203371198;115.19880683476174;1321.17991938439;1436.3787262191518;1508000.0;138.14584096738733;1.0;2.2977453580901854;;
3003;Sarpsborg (2020-2023);2022;130;23666.0;230887.0;15293000.0;5289000.0;3083000.0;1907000.0;20455000.0;646.2013014451111;223.48516859629848;130.27127524719006;292.4448576016226;80.57973464041241;88.59312131042458;726.7810360855235;815.374157395948;2574000.0;108.76362714442661;1.0;2.0547785547785544;;
3004;Fredrikstad (2020-2023);2022;130;39810.0;384690.0;21527000.0;10741000.0;8306000.0;5131000.0;32595000.0;540.7435317759357;269.8065812609897;208.641044963577;62.295905551369;128.88721426777192;84.73056227091944;669.6307460437076;754.3613083146271;3467000.0;87.08867118814368;1.0;3.0980674935102392;;implisitt_pris_utenfor
3005;Drammen (2020-2023);2022;130;24050.0;387446.0;13155000.0;4028000.0;4348000.0;6652000.0;51720000.0;546.985446985447;167.48440748440748;180.79002079002078;198.7110187110187;276.5904365904366;133.48957015945447;823.5758835758836;957.0654537353381;3679000.0;152.97297297297297;1.0;1.0948627344387063;;
3006;Kongsberg (2020-2023);2022;130;5401.0;94073.0;7949000.0;3446000.0;1325000.0;3853000.0;20205000.0;1471.764488057767;638.0299944454731;245.32493982595815;588.4095537863359;713.3864099240882;214.7800112678452;2185.150897981855;2399.9309092497;908000.0;168.11701536752454;1.0;3.7951541850220263;;implisitt_pris_utenfor
3007;Ringerike (2020-2023);2022;130;10533.0;115003.0;4588000.0;1507000.0;737000.0;225000.0;6241000.0;435.5834045381183;143.0741479160733;69.97056868888257;222.53868793316244;21.361435488464824;54.26814952653409;456.9448400265831;511.2129895531172;855000.0;81.17345485616633;1.0;1.7625730994152047;;
3011;Hvaler (2020-2023);2022;130;2799.0;24408.0;1697000.0;652000.0;414000.0;36000.0;3830000.0;606.2879599857092;232.94033583422652;147.90996784565917;225.4376563058235;12.861736334405144;156.91576532284498;619.1496963201143;776.0654616429593;491000.0;175.41979278313684;1.0;1.3279022403258656;;
3012;Aremark (2020-2023);2022;130;1205.0;15974.0;418000.0;182000.0;82000.0;21000.0;288000.0;346.88796680497927;151.03734439834025;68.04979253112033;127.80082987551867;17.42738589211618;18.029297608613998;364.3153526970954;382.3446503057094;116000.0;96.2655601659751;1.0;1.5689655172413794;;
3013;Marker (2020-2023);2022;130;3400.0;22820.0;2743000.0;82000.0;1217000.0;22000.0;639000.0;806.7647058823529;24.11764705882353;357.94117647058823;424.70588235294116;6.470588235294118;28.001752848378615;813.2352941176471;841.2370469660257;296000.0;87.05882352941177;0.9358108108108109;0.27702702702702703;energi_urimelig_lav;implisitt_pris_utenfor
3014;Indre Østfold (2020-2023);2022;130;1213.0;175920.0;3825000.0;1067000.0;653000.0;357000.0;12498000.0;3153.3388293487224;879.6372629843363;538.3347073371806;1735.3668590272052;294.31162407254743;71.04365620736698;3447.6504534212695;3518.6941096286364;243000.0;200.32976092333058;1.0;4.390946502057613;DV_uteligger_hoy;implisitt_pris_utenfor
3015;Skiptvet (2020-2023);2022;130;2694.0;26884.0;1415000.0;718000.0;94000.0;131000.0;686000.0;525.2412769116555;266.5181885671863;34.892353377876766;223.83073496659242;48.62657757980698;25.51703615533403;573.8678544914625;599.3848906467965;345000.0;128.06236080178175;1.0;2.0811594202898545;renhold_urimelig_lav;
3016;Rakkestad (2020-2023);2022;130;5015.0;39467.0;3209000.0;1276000.0;707000.0;88000.0;1421000.0;639.8803589232303;254.43668993020938;140.97706879361914;244.4666001994018;17.547357926221338;36.00476347328148;657.4277168494516;693.4324803227331;335000.0;66.79960119641076;1.0;3.8089552238805973;;implisitt_pris_utenfor
3017;Råde (2020-2023);2022;130;3319.0;31433.0;1802000.0;693000.0;546000.0;422000.0;2080000.0;542.9346188611028;208.79783067188913;164.5073817414884;169.62940644772522;127.14673094305513;66.17249387586294;670.0813498041579;736.2538436800209;787000.0;237.11961434166918;1.0;0.8805590851334181;;
3018;Våler (Viken) (2020-2023);2022;130;3082.0;26701.0;2704000.0;479000.0;459000.0;555000.0;1714000.0;877.3523685918235;155.4185593770279;148.9292667099286;573.004542504867;180.0778715120052;64.19235234635407;1057.4302401038287;1121.6225924501828;305000.0;98.96171317326412;1.0;1.5704918032786883;;
3019;Vestby (2020-2023);2022;130;6887.0;88625.0;2381000.0;544000.0;198000.0;295000.0;10944000.0;345.72382750108903;78.98940031944242;28.749818498620588;237.98460868302598;42.83432554087411;123.48660084626235;388.5581530419631;512.0447538882255;1015000.0;147.3791200813126;0.9507389162561576;0.535960591133005;renhold_urimelig_lav;
3020;Nordre Follo (2020-2023);2022;130;7500.0;253949.0;15478000.0;2327000.0;2102000.0;4852000.0;23668000.0;2063.733333333333;310.26666666666665;280.26666666666665;1473.2;646.9333333333333;93.19981571102859;2710.6666666666665;2803.8664823776953;1316000.0;175.46666666666667;1.0;1.7682370820668691;;
3021;Ås (2020-2023);2022;130;2671.0;118417.0;4253000.0;909000.0;1471000.0;621000.0;12055000.0;1592.2875327592662;340.32197678771996;550.7300636465743;701.2354923249719;232.4971920628978;101.80126164317623;1824.784724822164;1926.5859864653403;603000.0;225.7581430175964;1.0;1.507462686567164;;
3022;Frogn (2020-2023);2022;130;5212.0;76937.0;6932000.0;2611000.0;1015000.0;989000.0;3964000.0;1330.0076745970837;500.95932463545665;194.74290099769763;634.3054489639294;189.7544128933231;51.52267439593434;1519.7620874904067;1571.284761886341;0.0;0.0;;;;kwh_null|kwh_urimelig_lav
3023;Nesodden (2020-2023);2022;130;2490.0;70808.0;2450000.0;559000.0;134000.0;176000.0;7395000.0;983.9357429718875;224.49799196787149;53.81526104417671;705.6224899598394;70.68273092369478;104.437351711671;1054.6184738955824;1159.0558256072534;290000.0;116.46586345381526;1.0;1.9275862068965517;;
3024;Bærum (2020-2023);2022;130;30030.0;599285.0;41612000.0;9084000.0;5256000.0;6914000.0;101619000.0;1385.6809856809857;302.4975024975025;175.02497502497502;908.1585081585082;230.23643023643024;169.56706742201123;1615.9174159174158;1785.484483339427;6828000.0;227.37262737262736;1.0;1.3304042179261866;;
3025;Asker (2020-2023);2022;130;21303.0;448887.0;23167000.0;5562000.0;5186000.0;4705000.0;69554000.0;1087.4994132281838;261.08998732572877;243.43989109515093;582.9695348073042;220.8609116086936;154.94768171054184;1308.3603248368775;1463.3080065474194;3578000.0;167.95756466225413;0.9840693124650642;1.554499720514254;;
3026;Aurskog-Høland (2020-2023);2022;130;7382.0;88365.0;8014000.0;1809000.0;3760000.0;420000.0;5960000.0;1085.6136548360878;245.05554050392848;509.3470604172311;331.2110539149282;56.89515036575454;67.44751881401007;1142.5088052018423;1209.9563240158523;1224000.0;165.80872392305608;1.0;1.4779411764705883;;
3027;Rælingen (2020-2023);2022;130;7457.0;100379.0;5871000.0;1943000.0;1208000.0;4201000.0;6902000.0;787.3139332171114;260.56054713691833;161.99544052568058;364.75794555451256;563.36328282151;68.75940186692435;1350.6772160386215;1419.436617905546;2214000.0;296.902239506504;1.0;0.8775971093044264;;
3028;Enebakk (2020-2023);2022;130;10550.0;63320.0;-2009000.0;-5299000.0;356000.0;419000.0;2777000.0;-190.4265402843602;-502.2748815165877;33.74407582938389;278.1042654028436;39.71563981042654;43.85660138976627;-150.71090047393366;-106.8542990841674;2120000.0;200.9478672985782;1.0;-2.4995283018867926;drift_null|drift_urimelig_lav|energi_urimelig_lav|renhold_urimelig_lav;implisitt_pris_utenfor
3029;Lørenskog (2020-2023);2022;130;11517.0;181299.0;9199000.0;2671000.0;1325000.0;4059000.0;10527000.0;798.732308760962;231.91803421029783;115.04732135104628;451.76695319961794;352.4355300859599;58.06430261612033;1151.167838846922;1209.2321414630424;1518000.0;131.8051575931232;1.0;1.759552042160738;;
3030;Lillestrøm (2020-2023);2022;130;30796.0;393283.0;23039000.0;5251000.0;4713000.0;3447000.0;29120000.0;748.1166385244837;170.50915703338097;153.03935576048838;424.5681257306144;111.93012079490843;74.04337334692829;860.0467593193921;934.0901326663204;3806000.0;123.58747889336277;1.0;1.379663688912244;;
3031;Nittedal (2020-2023);2022;130;10368.0;109060.0;7131000.0;2881000.0;2216000.0;5826000.0;9035000.0;687.7893518518518;277.8742283950617;213.73456790123456;196.18055555555554;561.9212962962963;82.84430588666788;1249.710648148148;1332.5549540348159;1879000.0;181.23070987654322;1.0;1.5332623736029802;;
3032;Gjerdrum (2020-2023);2022;130;3194.0;33234.0;1300000.0;429000.0;326000.0;231000.0;9671000.0;407.01314965560425;134.31433938634942;102.06637445209768;170.63243581715716;72.32310582341891;290.9971715712824;479.3362554790232;770.3334270503055;220000.0;68.87914840325611;1.0;1.95;;
3033;Ullensaker (2020-2023);2022;130;11431.0;161828.0;29807000.0;6962000.0;309000.0;1046000.0;14143000.0;2607.5583938413088;609.0455778147144;27.031755751902722;1971.4810602746916;91.50555506954773;87.39525916405071;2699.0639489108567;2786.4592080749076;4213000.0;368.5591811740005;1.0;1.652504153809637;renhold_urimelig_lav;
3034;Nes (2020-2023);2022;130;5928.0;81564.0;2725000.0;1606000.0;499000.0;461000.0;10848000.0;459.6828609986505;270.91767881241566;84.17678812415654;104.58839406207828;77.76653171390014;132.99985287626893;537.4493927125507;670.4492455888196;995000.0;167.84750337381917;1.0;1.614070351758794;;
3035;Eidsvoll (2020-2023);2022;130;1958.0;90364.0;5351000.0;615000.0;1483000.0;1044000.0;10815000.0;2732.8907048008173;314.09601634320734;757.4055158324821;1661.3891726251277;533.197139938713;119.68261697136028;3266.0878447395303;3385.7704617108907;480000.0;245.14811031664965;1.0;1.28125;DV_uteligger_hoy;
3036;Nannestad (2020-2023);2022;130;3054.0;49728.0;4781000.0;328000.0;429000.0;52000.0;3068000.0;1565.487884741323;107.40013097576949;140.47151277013754;1317.6162409954159;17.026850032743944;61.6956241956242;1582.5147347740667;1644.210358969691;0.0;0.0;;;;kwh_null|kwh_urimelig_lav
3037;Hurdal (2020-2023);2022;130;2500.0;15171.0;2152000.0;567000.0;410000.0;280000.0;1772000.0;860.8;226.8;164.0;470.0;112.0;116.80179289433788;972.8;1089.601792894338;511000.0;204.4;1.0;1.1095890410958904;;
3038;Hole (2020-2023);2022;130;4050.0;29973.0;2017000.0;697000.0;685000.0;246000.0;2874000.0;498.0246913580247;172.09876543209876;169.1358024691358;156.79012345679013;60.74074074074074;95.8862976679011;558.7654320987655;654.6517297666666;298000.0;73.58024691358025;1.0;2.338926174496644;;
3039;Flå (2020-2023);2022;130;1300.0;13494.0;71000.0;10000.0;0.0;0.0;839000.0;54.61538461538461;7.6923076923076925;0.0;46.92307692307692;0.0;62.17578182896102;54.61538461538461;116.79116644434563;0.0;0.0;;;drift_urimelig_lav|energi_urimelig_lav|renhold_urimelig_lav;kwh_null|kwh_urimelig_lav
3040;Nesbyen (2020-2023);2022;130;9379.0;34093.0;3284000.0;365000.0;1433000.0;321000.0;4748000.0;350.1439385862032;38.916728862352066;152.78814372534384;158.43906599850732;34.22539716387674;139.26612501099933;384.36933575008;523.6354607610793;655000.0;69.83686960230301;1.0;0.5572519083969466;energi_urimelig_lav;
3041;Gol (2020-2023);2022;130;6936.0;37004.0;3835000.0;0.0;1872000.0;-2000.0;2531000.0;552.9123414071511;0.0;269.8961937716263;283.0161476355248;-0.28835063437139563;68.39801102583505;552.6239907727797;621.0220017986148;920000.0;132.64129181084198;1.0;0.0;vedlikehold_negativ|energi_urimelig_lav;implisitt_pris_utenfor
3042;Hemsedal (2020-2023);2022;130;2823.0;21858.0;1474000.0;122000.0;335000.0;1150000.0;2225000.0;522.1395678356358;43.216436415161176;118.66808359900814;360.2550478214665;407.3680481756996;101.79339372312197;929.5076160113355;1031.3010097344575;372000.0;131.77470775770456;1.0;0.32795698924731187;;implisitt_pris_utenfor
3043;Ål (2020-2023);2022;130;3515.0;38656.0;866000.0;161000.0;788000.0;77000.0;3676000.0;246.37268847795164;45.80369843527738;224.18207681365575;-23.613086770981507;21.906116642958747;95.09519867549669;268.27880512091036;363.37400379640707;424000.0;120.62588904694168;1.0;0.37971698113207547;drift_mindre_enn_delposter;implisitt_pris_utenfor
3044;Hol (2020-2023);2022;130;2495.0;34127.0;1543000.0;253000.0;404000.0;78000.0;4518000.0;618.436873747495;101.40280561122245;161.92384769539078;355.1102204408818;31.2625250501002;132.38784540100215;649.6993987975952;782.0872441985973;475000.0;190.3807615230461;1.0;0.5326315789473685;;
3045;Sigdal (2020-2023);2022;130;3130.0;28782.0;2000000.0;775000.0;365000.0;85000.0;2821000.0;638.9776357827476;247.6038338658147;116.61341853035144;274.76038338658145;27.156549520766774;98.01264679313459;666.1341853035144;764.146832096649;453000.0;144.72843450479232;1.0;1.7108167770419427;;
3046;Krødsherad (2020-2023);2022;130;2878.0;19464.0;2553000.0;1046000.0;594000.0;762000.0;1841000.0;887.0743571924947;363.44683808200136;206.39332870048645;317.23419041000693;264.76719944405835;94.58487464036169;1151.8415566365532;1246.4264312769149;343000.0;119.17998610145935;1.0;3.0495626822157433;;implisitt_pris_utenfor
3047;Modum (2020-2023);2022;130;8606.0;78910.0;4151000.0;946000.0;568000.0;502000.0;5165000.0;482.33790378805486;109.9233093190797;66.00046479200557;306.41412967696954;58.33139669997676;65.45431504245343;540.6693004880316;606.123615530485;1370000.0;159.19126191029514;1.0;0.6905109489051094;;
3048;Øvre Eiker (2020-2023);2022;130;12075.0;88251.0;6755000.0;696000.0;1457000.0;1843000.0;9236000.0;559.4202898550725;57.63975155279503;120.66252587991718;381.11801242236027;152.62939958592133;104.6560378919219;712.0496894409938;816.7057273329157;2898000.0;240.0;0.9944789510006902;0.2401656314699793;;implisitt_pris_utenfor
3049;Lier (2020-2023);2022;130;9627.0;120276.0;5979000.0;2555000.0;0.0;1455000.0;19443000.0;621.0657525708943;265.39939752778645;0.0;355.6663550431079;151.1374259894048;161.65319764541553;772.2031785602992;933.8563762057147;1476000.0;153.3187909005921;1.0;1.731029810298103;renhold_urimelig_lav;
3050;Flesberg (2020-2023);2022;130;3458.0;27158.0;1749000.0;165000.0;104000.0;52000.0;1532000.0;505.78368999421633;47.715442452284556;30.075187969924812;427.9930595720069;15.037593984962406;56.410634067309815;520.8212839791787;577.2319180464885;319000.0;92.24985540775015;1.0;0.5172413793103448;renhold_urimelig_lav;
3051;Rollag (2020-2023);2022;130;3408.0;18541.0;1479000.0;715000.0;365000.0;133000.0;2023000.0;433.9788732394366;209.80046948356807;107.10093896713614;117.0774647887324;39.02582159624413;109.10954101720512;473.00469483568077;582.1142358528859;1042000.0;305.7511737089202;1.0;0.6861804222648752;;
3052;Nore og Uvdal (2020-2023);2022;130;2548.0;27490.0;2571000.0;525000.0;668000.0;556000.0;3509000.0;1009.0266875981162;206.04395604395606;262.1664050235479;540.8163265306123;218.21036106750392;127.64641687886504;1227.23704866562;1354.883465544485;328000.0;128.72841444270017;1.0;1.600609756097561;;
3053;Jevnaker (2020-2023);2022;130;3983.0;40743.0;3240000.0;1424000.0;667000.0;207000.0;2927000.0;813.4571930705498;357.5194576952046;167.461712277178;288.4760230981672;51.9708762239518;71.84056156885845;865.4280692945016;937.26863086336;579000.0;145.36781320612604;1.0;2.4594127806563035;;
3054;Lunner (2020-2023);2022;130;2314.0;45869.0;1042000.0;990000.0;581000.0;1298000.0;3121000.0;450.3025064822818;427.8305963699222;251.08038029386344;-228.6084701815039;560.933448573898;68.04159672109704;1011.2359550561798;1079.2775517772768;369000.0;159.46413137424372;1.0;2.682926829268293;drift_mindre_enn_delposter;
3401;Kongsvinger;2022;130;2458.0;78000.0;3186000.0;626000.0;872000.0;115000.0;11680000.0;1296.1757526444264;254.6786004882018;354.759967453214;686.7371847030106;46.7860048820179;149.74358974358975;1342.9617575264442;1492.705347270034;622000.0;253.0512611879577;1.0;1.0064308681672025;;
3403;Hamar;2022;130;11490.0;193404.0;6557000.0;2634000.0;1264000.0;457000.0;14028000.0;570.6701479547432;229.24281984334203;110.00870322019146;231.41862489120976;39.773716275021755;72.53210895327915;610.443864229765;682.9759731830442;1257000.0;109.39947780678851;1.0;2.0954653937947496;;
3405;Lillehammer;2022;130;10937.0;120279.0;13196000.0;2202000.0;3079000.0;769000.0;18147000.0;1206.5465849867423;201.33491816768768;281.52144098015907;723.6902258388955;70.31178568163116;150.87421744444168;1276.8583706683735;1427.7325881128152;2012000.0;183.96269543750572;1.0;1.0944333996023858;;
3407;Gjøvik;2022;130;23000.0;144673.0;5196000.0;860000.0;1845000.0;65000.0;14467000.0;225.91304347826087;37.391304347826086;80.21739130434783;108.30434782608695;2.8260869565217392;99.99792635806267;228.7391304347826;328.73705679284524;1264000.0;54.95652173913044;1.0;0.680379746835443;energi_urimelig_lav;kwh_uteligger
3411;Ringsaker;2022;130;11483.0;157711.0;12282000.0;4273000.0;1515000.0;2024000.0;19828000.0;1069.5811199163982;372.1153008795611;131.93416354611165;565.5316554907254;176.2605590873465;125.7236337351231;1245.8416790037447;1371.5653127388678;2004000.0;174.51885395802492;1.0;2.132235528942116;;
3412;Løten;2022;130;3521.0;38751.0;3774000.0;629000.0;569000.0;54000.0;1109000.0;1071.8545867651235;178.64243112752058;161.60181766543596;731.610337972167;15.336552115876172;28.618616293773062;1087.1911388809997;1115.8097551747728;767000.0;217.83584209031525;1.0;0.8200782268578878;;
3413;Stange;2022;130;8185.0;96524.0;7411000.0;2021000.0;1042000.0;885000.0;10172000.0;905.4367745876604;246.91508857666463;127.30604764813684;531.2156383628588;108.12461820403176;105.38311715221084;1013.5613927916921;1118.944509943903;598000.0;73.06047648136835;1.0;3.379598662207358;;implisitt_pris_utenfor
3414;Nord-Odal;2022;130;3780.0;28823.0;1116000.0;576000.0;278000.0;375000.0;3270000.0;295.23809523809524;152.38095238095238;73.54497354497354;69.31216931216932;99.2063492063492;113.45106338687853;394.44444444444446;507.895507831323;370000.0;97.88359788359789;1.0;1.5567567567567566;;
3415;Sør-Odal;2022;130;5400.0;34464.0;2300000.0;1163000.0;524000.0;475000.0;4344000.0;425.9259259259259;215.37037037037038;97.03703703703704;113.51851851851852;87.96296296296296;126.04456824512535;513.8888888888889;639.9334571340142;768000.0;142.22222222222223;1.0;1.5143229166666667;;
3416;Eidskog;2022;130;5051.0;30032.0;3928000.0;2608000.0;205000.0;699000.0;3518000.0;777.6677885567215;516.333399326866;40.58602256978816;220.74836666006732;138.38843793308257;117.14171550346298;916.056226489804;1033.197941993267;1052000.0;208.27558899227876;1.0;2.479087452471483;renhold_urimelig_lav;
3417;Grue;2022;130;4365.0;20912.0;1635000.0;397000.0;440000.0;273000.0;1274000.0;374.5704467353952;90.95074455899199;100.80183276059564;182.81786941580756;62.54295532646048;60.921958684009184;437.11340206185565;498.03536074586486;591000.0;135.39518900343643;1.0;0.6717428087986463;;
3418;Åsnes;2022;130;6850.0;41800.0;2633000.0;1520000.0;191000.0;418000.0;2156000.0;384.3795620437956;221.8978102189781;27.883211678832115;134.5985401459854;61.02189781021898;51.578947368421055;445.4014598540146;496.98040722243564;965000.0;140.87591240875912;1.0;1.5751295336787565;renhold_urimelig_lav;
3419;Våler (Innlandet);2022;130;3537.0;26050.0;2036000.0;532000.0;414000.0;19000.0;2223000.0;575.6290641786825;150.4099519366695;117.04834605597965;308.17076618603335;5.371783997738196;85.3358925143954;581.0008481764207;666.3367406908161;177000.0;50.042408821034776;1.0;3.0056497175141246;;implisitt_pris_utenfor|kwh_uteligger
3420;Elverum;2022;130;10079.0;105943.0;6818000.0;3055000.0;1620000.0;425000.0;7434000.0;676.4559976188114;303.10546681218375;160.73023117372756;212.6202996329001;42.166881635082845;70.16980829313876;718.6228792538942;788.792687547033;1750000.0;173.62833614445879;1.0;1.7457142857142856;;
3421;Trysil;2022;130;3642.0;30860.0;6616000.0;1184000.0;1368000.0;421000.0;1449000.0;1816.5842943437672;325.09610104338276;375.6177924217463;1115.870400878638;115.59582646897309;46.95398574206092;1932.1801208127401;1979.134106554801;665000.0;182.59198242723778;1.0;1.780451127819549;;
3422;Åmot;2022;130;3980.0;26728.0;3953000.0;1189000.0;234000.0;174000.0;4412000.0;993.2160804020101;298.7437185929648;58.79396984924623;635.678391959799;43.71859296482412;165.0703382220892;1036.9346733668342;1202.0050115889235;605000.0;152.01005025125627;1.0;1.965289256198347;;
3423;Stor-Elvdal;2022;130;2173.0;16987.0;1066000.0;629000.0;147000.0;22000.0;1622000.0;490.5660377358491;289.46157386102163;67.64841233317993;133.4560515416475;10.124252185918085;95.48478248072055;500.69028992176715;596.1750724024877;315000.0;144.96088357109986;1.0;1.9968253968253968;;
3424;Rendalen;2022;130;2284.0;15320.0;1021000.0;733000.0;0.0;248000.0;9633000.0;447.0227670753065;320.9281961471103;0.0;126.09457092819615;108.58143607705779;628.7859007832898;555.6042031523642;1184.390103935654;299000.0;130.9106830122592;1.0;2.451505016722408;renhold_urimelig_lav;
3425;Engerdal;2022;130;2600.0;14750.0;1728000.0;768000.0;265000.0;310000.0;1850000.0;664.6153846153846;295.38461538461536;101.92307692307692;267.3076923076923;119.23076923076923;125.42372881355932;783.8461538461538;909.2698826597132;246000.0;94.61538461538461;1.0;3.121951219512195;;implisitt_pris_utenfor
3426;Tolga;2022;130;3090.0;15619.0;995000.0;544000.0;100000.0;222000.0;1651000.0;322.0064724919094;176.05177993527508;32.362459546925564;113.59223300970874;71.84466019417475;105.7045905627761;393.85113268608416;499.55572324886026;585000.0;189.32038834951456;1.0;0.9299145299145299;renhold_urimelig_lav;
3427;Tynset;2022;130;3710.0;48773.0;1256000.0;629000.0;190000.0;502000.0;2803000.0;338.544474393531;169.54177897574124;51.21293800539083;117.78975741239893;135.3099730458221;57.47032169438009;473.8544474393531;531.3247691337332;658000.0;177.35849056603774;1.0;0.9559270516717324;;
3428;Alvdal;2022;130;3387.0;23607.0;1836000.0;770000.0;543000.0;101000.0;0.0;542.0726306465899;227.3398287570121;160.31886625332152;154.41393563625627;29.81989961617951;0.0;571.8925302627695;571.8925302627695;419000.0;123.70829642751697;1.0;1.837708830548926;;
3429;Folldal;2022;130;2046.0;10547.0;1747000.0;626000.0;710000.0;207000.0;352000.0;853.86119257087;305.9628543499511;347.0185728250244;200.87976539589442;101.17302052785924;33.374419266142034;955.0342130987292;988.4086323648712;214000.0;104.59433040078201;1.0;2.925233644859813;;
3430;Os;2022;130;1842.0;14398.0;618000.0;0.0;547000.0;74000.0;501000.0;335.50488599348535;0.0;296.9598262757872;38.54505971769815;40.17372421281216;34.79649951382137;375.6786102062975;410.47510972011884;362000.0;196.52551574375678;1.0;0.0;energi_urimelig_lav;implisitt_pris_utenfor
3431;Dovre;2022;130;1274.0;20099.0;909000.0;138000.0;255000.0;104000.0;1674000.0;713.5007849293563;108.32025117739404;200.1569858712716;405.0235478806907;81.63265306122449;83.28772575750037;795.1334379905809;878.4211637480812;214000.0;167.97488226059656;1.0;0.6448598130841121;;
3432;Lesja;2022;130;3751.0;21230.0;1607000.0;322000.0;617000.0;59000.0;890000.0;428.41908824313515;85.84377499333512;164.48946947480673;178.08584377499332;15.729138896294321;41.921808761187;444.1482271394295;486.07003590061646;320000.0;85.31058384430818;1.0;1.00625;;
3433;Skjåk;2022;130;2687.0;19390.0;1010000.0;174000.0;192000.0;244000.0;1840000.0;375.88388537402307;64.75623371790101;71.45515444733904;239.67249720878303;90.80759211016003;94.89427539969056;466.6914774841831;561.5857528838736;420000.0;156.30815035355414;1.0;0.41428571428571437;;implisitt_pris_utenfor
3434;Lom;2022;130;0.0;0.0;1082000.0;222000.0;530000.0;6000.0;1367000.0;;;;;;;;;0.0;;;;areal_mangler;areal_mangler|kwh_mangler
3435;Vågå;2022;130;3000.0;23647.0;1720000.0;408000.0;550000.0;340000.0;1678000.0;573.3333333333334;136.0;183.33333333333334;254.0;113.33333333333333;70.9603755233222;686.6666666666666;757.6270421899889;499000.0;166.33333333333334;1.0;0.8176352705410821;;
3436;Nord-Fron;2022;130;14136.0;55119.0;3311000.0;936000.0;855000.0;93000.0;3102000.0;234.22467458970004;66.21392190152801;60.483870967741936;107.52688172043011;6.578947368421052;56.27823436564524;240.8036219581211;297.0818563237664;1223000.0;86.51669496321449;1.0;0.7653311529026983;;
3437;Sel;2022;130;4600.0;40770.0;2257000.0;423000.0;628000.0;113000.0;1972000.0;490.6521739130435;91.95652173913044;136.52173913043478;262.17391304347825;24.565217391304348;48.36889870002453;515.2173913043479;563.5862900043724;626000.0;136.08695652173913;1.0;0.6757188498402557;;
3438;Sør-Fron;2022;130;4146.0;31943.0;4042000.0;1848000.0;447000.0;212000.0;284000.0;974.9155812831644;445.7308248914616;107.81476121562952;421.3699951760733;51.13362276893391;8.890836803055443;1026.0492040520985;1034.940040855154;814000.0;196.33381572600098;1.0;2.27027027027027;;
3439;Ringebu;2022;130;3800.0;25646.0;1556000.0;686000.0;269000.0;112000.0;1945000.0;409.4736842105263;180.52631578947367;70.78947368421052;158.1578947368421;29.473684210526315;75.84028698432505;438.94736842105266;514.7876554053777;459000.0;120.78947368421052;1.0;1.494553376906318;;
3440;Øyer;2022;130;4717.0;35522.0;5126000.0;2277000.0;932000.0;201000.0;607000.0;1086.7076531693874;482.72206911172356;197.58320966716133;406.4023743905024;42.61182955268179;17.088001801700354;1129.319482722069;1146.4074845237694;727000.0;154.12338350646598;1.0;3.1320495185694632;;implisitt_pris_utenfor
3441;Gausdal;2022;130;4465.0;36197.0;2074000.0;677000.0;449000.0;105000.0;4639000.0;464.501679731243;151.62374020156776;100.5599104143337;212.31802911534155;23.516237402015676;128.15979224797636;488.01791713325866;616.177709381235;756000.0;169.31690929451287;1.0;0.8955026455026456;;
3442;Østre Toten;2022;130;7370.0;65313.0;7208000.0;1292000.0;934000.0;464000.0;9187000.0;978.0189959294437;175.30529172320217;126.72998643147896;675.9837177747626;62.957937584803254;140.66112412536555;1040.9769335142469;1181.6380576396125;1068000.0;144.91180461329716;1.0;1.2097378277153557;;
3443;Vestre Toten;2022;130;10725.0;75284.0;7413000.0;2870000.0;1531000.0;241000.0;6660000.0;691.1888111888112;267.5990675990676;142.75058275058274;280.83916083916085;22.47086247086247;88.46501248605281;713.6596736596737;802.1246861457265;1780000.0;165.96736596736596;1.0;1.6123595505617978;;
3446;Gran;2022;130;9755.0;74189.0;2055000.0;740000.0;248000.0;667000.0;4213000.0;210.6611993849308;75.85853408508457;25.422860071758073;109.37980522808816;68.37519220912353;56.7873943576541;279.03639159405435;335.82378595170843;1157000.0;118.6058431573552;1.0;0.6395851339671564;renhold_urimelig_lav;
3447;Søndre Land;2022;130;3962.0;28150.0;2660000.0;784000.0;445000.0;105000.0;1005000.0;671.3780918727915;197.87985865724383;112.31701161029783;361.18122160524985;26.501766784452297;35.701598579040855;697.8798586572439;733.5814572362847;646000.0;163.0489651691065;1.0;1.2136222910216719;;
3448;Nordre Land;2022;130;5655.0;49357.0;5024000.0;1750000.0;1836000.0;67000.0;2591000.0;888.4173297966402;309.4606542882405;324.6684350132626;254.28824049513705;11.84792219274978;52.49508681645967;900.2652519893899;952.7603388058495;1107000.0;195.75596816976127;1.0;1.5808491418247517;;
3449;Sør-Aurdal;2022;130;4213.0;26128.0;2027000.0;1022000.0;190000.0;300000.0;1437000.0;481.12983622122005;242.58248279136006;45.09850462853074;193.4488488013292;71.20816520294328;54.998469075321495;552.3380014241633;607.3364704994848;463000.0;109.89793496320911;1.0;2.2073434125269977;renhold_urimelig_lav;
3450;Etnedal;2022;130;1160.0;12405.0;970000.0;248000.0;248000.0;45000.0;1112000.0;836.2068965517242;213.79310344827587;213.79310344827587;408.62068965517244;38.793103448275865;89.64127367996775;875.0;964.6412736799678;121000.0;104.3103448275862;1.0;2.0495867768595044;;
3451;Nord-Aurdal;2022;130;3882.0;26813.0;3303000.0;900000.0;346000.0;182000.0;2256000.0;850.8500772797527;231.83925811437405;89.12931478619268;529.881504379186;46.88304997424008;84.13829112743818;897.7331272539927;981.8714183814309;924000.0;238.02163833075736;1.0;0.974025974025974;;
3452;Vestre Slidre;2022;130;1820.0;11388.0;1267000.0;439000.0;302000.0;146000.0;0.0;696.1538461538462;241.2087912087912;165.93406593406593;289.010989010989;80.21978021978022;0.0;776.3736263736264;776.3736263736264;285000.0;156.5934065934066;1.0;1.5403508771929824;;
3453;Øystre Slidre;2022;130;3099.0;26231.0;2278000.0;1014000.0;421000.0;402000.0;480000.0;735.0758309131978;327.2023233301065;135.85027428202645;272.02323330106486;129.7192642787996;18.298959246692846;864.7950951919975;883.0940544386904;399000.0;128.7512100677638;1.0;2.5413533834586466;;
3454;Vang;2022;130;1400.0;18100.0;1248000.0;95000.0;317000.0;44000.0;852000.0;891.4285714285714;67.85714285714286;226.42857142857142;597.1428571428571;31.428571428571427;47.07182320441989;922.8571428571429;969.9289660615627;197000.0;140.71428571428572;1.0;0.48223350253807107;;implisitt_pris_utenfor
3801;Horten (2020-2023);2022;130;6989.0;128901.0;3118000.0;896000.0;1107000.0;331000.0;7224000.0;446.12963227929606;128.20145943625698;158.39175847760768;159.5364143654314;47.36013735870654;56.043009751669885;493.4897696380026;549.5327793896724;894000.0;127.91529546430104;1.0;1.0022371364653244;;
3802;Holmestrand (2020-2023);2022;130;11283.0;109877.0;4728000.0;1592000.0;842000.0;597000.0;10858000.0;419.0374900292475;141.0972259150935;74.62554285207835;203.3147212620757;52.91145971816007;98.81958917698881;471.9489497474076;570.7685389243964;1730000.0;153.3280155986883;0.9312138728323699;0.9202312138728324;;
3803;Tønsberg (2020-2023);2022;130;12760.0;230238.0;9195000.0;2783000.0;2489000.0;1548000.0;15171000.0;720.6112852664577;218.10344827586206;195.06269592476488;307.44514106583074;121.31661442006269;65.89268496077972;841.9278996865204;907.8205846473002;1801000.0;141.14420062695925;1.0;1.5452526374236535;;
3804;Sandefjord (2020-2023);2022;130;13717.0;269636.0;20192000.0;5713000.0;2558000.0;4421000.0;14397000.0;1472.0419916891449;416.4904862579281;186.48392505649923;869.0675803747175;322.3007946343953;53.3942055215179;1794.3427863235402;1847.7369918450581;2558000.0;186.48392505649923;1.0;2.233385457388585;;
3805;Larvik (2020-2023);2022;130;3210.0;179907.0;5412000.0;1455000.0;764000.0;553000.0;6230000.0;1685.981308411215;453.2710280373832;238.00623052959503;994.7040498442368;172.27414330218068;34.62900276253842;1858.2554517133956;1892.884454475934;439000.0;136.7601246105919;1.0;3.3143507972665147;;implisitt_pris_utenfor
3806;Porsgrunn (2020-2023);2022;130;19321.0;194946.0;7373000.0;2660000.0;1020000.0;1641000.0;8978000.0;381.6055069613374;137.6740334351224;52.7922985352725;191.1391749909425;84.93349205527664;46.05377899520893;466.53899901661407;512.592778011823;1347000.0;69.71688835981574;1.0;1.9747587230883445;;
3807;Skien (2020-2023);2022;130;7568.0;238824.0;25299000.0;7042000.0;1702000.0;4438000.0;16557000.0;3342.8911205073996;930.4968287526427;224.89429175475686;2187.5;586.4164904862579;69.32720329615114;3929.3076109936574;3998.6348142898087;1152000.0;152.2198731501057;1.0;6.112847222222222;DV_uteligger_hoy;implisitt_pris_utenfor
3808;Notodden (2020-2023);2022;130;4877.0;57199.0;2432000.0;1358000.0;657000.0;214000.0;1879000.0;498.66721345089195;278.4498667213451;134.71396350215295;85.50338322739388;43.87943407832684;32.85022465427717;542.5466475292188;575.396872183496;755000.0;154.80828378101293;1.0;1.7986754966887415;;
3811;Færder (2020-2023);2022;130;2775.0;84923.0;6564000.0;2711000.0;2190000.0;311000.0;13585000.0;2365.4054054054054;976.936936936937;789.1891891891892;599.2792792792793;112.07207207207207;159.96844200040036;2477.4774774774774;2637.445919477878;2489000.0;896.936936936937;1.0;1.0891924467657694;;kwh_urimelig_hoy
3812;Siljan (2020-2023);2022;130;1533.0;10933.0;1852000.0;588000.0;649000.0;132000.0;294000.0;1208.08871493803;383.56164383561645;423.3529028049576;401.174168297456;86.10567514677103;26.89106375194366;1294.194390084801;1321.0854538367446;159000.0;103.71819960861056;1.0;3.6981132075471703;;implisitt_pris_utenfor
3813;Bamble (2020-2023);2022;130;8424.0;71266.0;5447000.0;568000.0;2272000.0;286000.0;7068000.0;646.604938271605;67.4264007597341;269.7056030389364;309.47293447293447;33.95061728395062;99.17772851008897;680.5555555555555;779.7332840656445;255000.0;30.270655270655272;1.0;2.227450980392157;;kwh_urimelig_lav
3814;Kragerø (2020-2023);2022;130;1888.0;49934.0;2546000.0;549000.0;925000.0;788000.0;3412000.0;1348.5169491525423;290.78389830508473;489.9364406779661;567.7966101694915;417.3728813559322;68.33019585853326;1765.8898305084747;1834.220026367008;200000.0;105.9322033898305;1.0;2.745;;
3815;Drangedal (2020-2023);2022;130;2390.0;21191.0;4195000.0;723000.0;1914000.0;777000.0;197000.0;1755.2301255230125;302.510460251046;800.836820083682;651.8828451882845;325.10460251046027;9.296399414845926;2080.334728033473;2089.6311274483187;352000.0;147.28033472803347;1.0;2.053977272727273;;
3816;Nome (2020-2023);2022;130;3556.0;38384.0;3413000.0;274000.0;568000.0;661000.0;2126000.0;959.7862767154106;77.05286839145107;159.73003374578178;723.0033745781777;185.8830146231721;55.38766152563568;1145.6692913385828;1201.0569528642184;413000.0;116.14173228346456;1.0;0.6634382566585957;;
3817;Midt-Telemark (2020-2023);2022;130;1666.0;40881.0;1598000.0;246000.0;495000.0;183000.0;4360000.0;959.1836734693877;147.6590636254502;297.11884753901563;514.405762304922;109.84393757503001;106.65101147232211;1069.0276110444177;1175.6786225167398;172000.0;103.24129651860744;1.0;1.430232558139535;;
3818;Tinn (2020-2023);2022;130;6928.0;48157.0;3666000.0;1583000.0;362000.0;646000.0;3071000.0;529.1570438799076;228.4930715935335;52.251732101616625;248.4122401847575;93.24480369515011;63.770583715763024;622.4018475750578;686.1724312908208;829000.0;119.6593533487298;1.0;1.9095295536791315;;
3819;Hjartdal (2020-2023);2022;130;1350.0;10139.0;1677000.0;662000.0;468000.0;173000.0;229000.0;1242.2222222222222;490.3703703703704;346.6666666666667;405.18518518518516;128.14814814814815;22.58605385146464;1370.3703703703704;1392.956424221835;282000.0;208.88888888888889;1.0;2.347517730496454;;
3820;Seljord (2020-2023);2022;130;1147.0;13650.0;925000.0;376000.0;142000.0;114000.0;1788000.0;806.4516129032259;327.81168265039236;123.80122057541412;354.83870967741933;99.3897122929381;130.98901098901098;905.8413251961639;1036.830336185175;;;;;;kwh_mangler
3821;Kviteseid (2020-2023);2022;130;2700.0;16887.0;2212000.0;743000.0;543000.0;189000.0;432000.0;819.2592592592592;275.18518518518516;201.11111111111111;342.962962962963;70.0;25.581808491739206;889.2592592592592;914.8410677509985;360000.0;133.33333333333334;1.0;2.0638888888888887;;
3822;Nissedal (2020-2023);2022;130;890.0;11270.0;1014000.0;378000.0;300000.0;48000.0;457000.0;1139.3258426966293;424.7191011235955;337.07865168539325;377.5280898876405;53.93258426966292;40.55013309671695;1193.258426966292;1233.808560063009;;;;;;kwh_mangler
3823;Fyresdal (2020-2023);2022;130;0.0;13421.0;649000.0;0.0;460000.0;3000.0;76000.0;;;;;;;;;0.0;;;;areal_mangler;areal_mangler|kwh_mangler
3824;Tokke (2020-2023);2022;130;3000.0;25540.0;1683000.0;426000.0;294000.0;173000.0;809000.0;561.0;142.0;98.0;321.0;57.666666666666664;31.675802662490213;618.6666666666666;650.3424693291569;426000.0;142.0;1.0;1.0;;
3825;Vinje (2020-2023);2022;130;3000.0;40097.0;3036000.0;1365000.0;738000.0;202000.0;559000.0;1012.0;455.0;246.0;311.0;67.33333333333333;13.94119260792578;1079.3333333333333;1093.274525941259;610000.0;203.33333333333334;1.0;2.2377049180327866;;
4201;Risør;2022;130;3022.0;38927.0;2107000.0;826000.0;515000.0;1770000.0;4000000.0;697.2203838517538;273.32892124420914;170.41694242223693;253.47452018530774;585.704831237591;102.75644154442932;1282.9252150893449;1385.6816566337743;455000.0;150.56254136333553;0.9956043956043956;1.8153846153846156;;
4202;Grimstad;2022;130;5400.0;88133.0;8385000.0;1100000.0;1967000.0;252000.0;10443000.0;1552.7777777777778;203.7037037037037;364.25925925925924;984.8148148148148;46.666666666666664;118.49137099610816;1599.4444444444443;1717.9358154405525;539000.0;99.81481481481481;1.0;2.0408163265306123;;
4203;Arendal;2022;130;10321.0;177642.0;10975000.0;4418000.0;1741000.0;2733000.0;15458000.0;1063.3659529115396;428.0592965797888;168.6852049220037;466.6214514097471;264.799922488131;87.0177097758413;1328.1658753996705;1415.1835851755118;2126000.0;205.98779188063173;1.0;2.0780809031044214;;
4204;Kristiansand;2022;130;34034.0;489831.0;34383000.0;7216000.0;11127000.0;2756000.0;59101000.0;1010.254451430922;212.02327084680027;326.9377681142387;471.29341246988304;80.97784568372803;120.65589968785153;1091.23229711465;1211.8881968025016;3824000.0;112.35823000528883;1.0;1.887029288702929;;
4205;Lindesnes;2022;130;9937.0;139546.0;8891000.0;2076000.0;1055000.0;609000.0;6225000.0;894.7368421052631;208.91617188286202;106.1688638422059;579.6518063801952;61.28610244540606;44.6089461539564;956.0229445506692;1000.6318907046256;1439000.0;144.8123176008856;1.0;1.44266851980542;;
4206;Farsund;2022;130;2775.0;49219.0;1321000.0;551000.0;218000.0;228000.0;4532000.0;476.036036036036;198.55855855855856;78.55855855855856;198.9189189189189;82.16216216216216;92.07826245961925;558.1981981981982;650.2764606578174;335000.0;120.72072072072072;1.0;1.644776119402985;;
4207;Flekkefjord;2022;130;0.0;51181.0;3231000.0;1903000.0;432000.0;50000.0;1091000.0;;;;;;;;;345000.0;;1.0;;areal_mangler;areal_mangler
4211;Gjerstad;2022;130;1831.0;19789.0;3190000.0;1080000.0;25000.0;186000.0;46000.0;1742.217367558711;589.8416166029492;13.653741125068269;1138.7220098306937;101.58383397050792;2.3245237253019355;1843.801201529219;1846.125725254521;172000.0;93.93773894046969;1.0;6.279069767441861;renhold_urimelig_lav;implisitt_pris_utenfor
4212;Vegårshei;2022;130;2480.0;15651.0;9338000.0;460000.0;148000.0;44000.0;235000.0;3765.3225806451615;185.48387096774192;59.67741935483871;3520.1612903225805;17.741935483870968;15.015015015015015;3783.064516129032;3798.079531144047;288000.0;116.12903225806451;1.0;1.597222222222222;DV_uteligger_hoy;
4213;Tvedestrand;2022;130;884.0;33137.0;553000.0;254000.0;136000.0;85000.0;2542000.0;625.5656108597285;287.33031674208144;153.84615384615384;184.3891402714932;96.15384615384616;76.71183269457103;721.7194570135747;798.4312897081458;65000.0;73.52941176470588;1.0;3.9076923076923076;;implisitt_pris_utenfor
4214;Froland;2022;130;2380.0;36228.0;3918000.0;1268000.0;866000.0;130000.0;3096000.0;1646.218487394958;532.7731092436975;363.8655462184874;749.5798319327731;54.621848739495796;85.4587611791984;1700.8403361344538;1786.299097313652;350000.0;147.05882352941177;1.0;3.6228571428571428;;implisitt_pris_utenfor
4215;Lillesand;2022;130;3236.0;65892.0;791000.0;328000.0;247000.0;74000.0;2696000.0;244.43757725587145;101.35970333745365;76.32880098887516;66.74907292954265;22.867737948084056;40.915437382383296;267.3053152039555;308.2207525863388;338000.0;104.44993819530285;1.0;0.9704142011834319;;
4216;Birkenes;2022;130;3837.0;57422.0;3312000.0;201000.0;889000.0;262000.0;750000.0;863.1743549648163;52.38467552775606;231.69142559291112;579.0982538441491;68.28251237946313;13.061196057260284;931.4568673442794;944.5180634015397;384000.0;100.07818608287725;1.0;0.5234375;;
4217;Åmli;2022;130;1470.0;14216.0;3493000.0;428000.0;266000.0;123000.0;449000.0;2376.190476190476;291.15646258503403;180.95238095238096;1904.0816326530612;83.6734693877551;31.58413055711874;2459.8639455782313;2491.44807613535;140000.0;95.23809523809524;1.0;3.0571428571428574;;implisitt_pris_utenfor
4218;Iveland;2022;130;1372.0;11494.0;836000.0;155000.0;151000.0;57000.0;1619000.0;609.3294460641399;112.9737609329446;110.05830903790087;386.2973760932945;41.54518950437318;140.85609883417436;650.8746355685131;791.7307344026874;155000.0;112.9737609329446;1.0;1.0;;
4219;Evje og Hornnes;2022;130;1350.0;27367.0;731000.0;330000.0;195000.0;43000.0;725000.0;541.4814814814815;244.44444444444446;144.44444444444446;152.59259259259258;31.85185185185185;26.491760149084666;573.3333333333334;599.8250934824181;159000.0;117.77777777777777;1.0;2.075471698113208;;
4220;Bygland;2022;130;620.0;14707.0;1734000.0;669000.0;499000.0;27000.0;571000.0;2796.7741935483873;1079.032258064516;804.8387096774194;912.9032258064516;43.54838709677419;38.82504929625348;2840.3225806451615;2879.147629941415;390000.0;629.0322580645161;1.0;1.7153846153846155;;kwh_urimelig_hoy
4221;Valle;2022;130;1209.0;14237.0;1600000.0;431000.0;728000.0;35000.0;1033000.0;1323.4077750206782;356.4929693961952;602.1505376344086;364.7642679900744;28.949545078577337;72.55742080494487;1352.3573200992555;1424.9147409042005;480000.0;397.0223325062035;1.0;0.8979166666666666;;kwh_uteligger
4222;Bykle;2022;130;2000.0;20819.0;3019000.0;1001000.0;398000.0;1928000.0;90000.0;1509.5;500.5;199.0;810.0;964.0;4.322974206253902;2473.5;2477.822974206254;438000.0;219.0;1.0;2.2853881278538815;;
4223;Vennesla;2022;130;3500.0;73166.0;2542000.0;655000.0;488000.0;937000.0;4243000.0;726.2857142857143;187.14285714285714;139.42857142857142;399.7142857142857;267.7142857142857;57.99141677828499;994.0;1051.991416778285;362000.0;103.42857142857143;1.0;1.80939226519337;;
4224;Åseral;2022;130;3193.0;13596.0;2089000.0;461000.0;987000.0;316000.0;377000.0;654.2436580018791;144.37832759160665;309.11368618853743;200.75164422173503;98.9664891951143;27.728743748161225;753.2101471969934;780.9388909451546;201000.0;62.95020357031005;1.0;2.293532338308458;;
4225;Lyngdal;2022;130;4366.0;60983.0;4111000.0;1382000.0;537000.0;270000.0;31000.0;941.5941365093908;316.53687585890975;122.99587723316537;502.0613834173156;61.84150251946862;0.5083383893872063;1003.4356390288593;1003.9439774182465;585000.0;133.98992212551533;1.0;2.3623931623931624;;
4226;Hægebostad;2022;130;1200.0;11693.0;348000.0;206000.0;106000.0;35000.0;237000.0;290.0;171.66666666666666;88.33333333333333;30.0;29.166666666666668;20.268536731377747;319.1666666666667;339.43520339804445;116000.0;96.66666666666667;1.0;1.7758620689655171;;
4227;Kvinesdal;2022;130;3743.0;50100.0;2959000.0;642000.0;725000.0;65000.0;290000.0;790.5423457119957;171.52017098584022;193.69489714133047;425.327277584825;17.365749398877906;5.788423153692615;807.9080951108737;813.6965182645663;621000.0;165.90969810312583;1.0;1.0338164251207729;;
4228;Sirdal;2022;130;9038.0;51238.0;2472000.0;771000.0;1073000.0;425000.0;3641000.0;273.511838902412;85.30648373533968;118.72095596370879;69.48439920336358;47.023677804824075;71.06054100472306;320.5355167072361;391.5960577119592;852000.0;94.26864350520026;1.0;0.9049295774647889;;
4601;Bergen;2022;130;49928.0;919541.0;41216000.0;19941000.0;3719000.0;7716000.0;114749000.0;825.5087325749079;399.39512898573946;74.48726165678578;351.6263419323826;154.54254125941355;124.78943298884987;980.0512738343215;1104.8407068231713;8382000.0;167.88174971959623;1.0;2.379026485325698;;
4602;Kinn;2022;130;3096.0;85569.0;2721000.0;78000.0;442000.0;146000.0;3041000.0;878.8759689922481;25.1937984496124;142.76485788113695;710.9173126614987;47.15762273901809;35.53857121153689;926.0335917312661;961.5721629428031;1343000.0;433.78552971576227;1.0;0.0580789277736411;energi_urimelig_lav;implisitt_pris_utenfor|kwh_uteligger
4611;Etne;2022;130;2439.0;31432.0;2062000.0;717000.0;436000.0;116000.0;473000.0;845.4284542845428;293.9729397293973;178.76178761787617;372.6937269372694;47.56047560475605;15.048358360906082;892.9889298892989;908.0372882502049;500000.0;205.0020500205002;1.0;1.434;;
4612;Sveio;2022;130;2420.0;32418.0;488000.0;91000.0;96000.0;30000.0;865000.0;201.65289256198346;37.603305785123965;39.66942148760331;124.3801652892562;12.396694214876034;26.682707138009746;214.0495867768595;240.73229391486927;458000.0;189.25619834710744;1.0;0.19868995633187772;energi_urimelig_lav|renhold_urimelig_lav;implisitt_pris_utenfor
4613;Bømlo;2022;130;3314.0;63996.0;2374000.0;799000.0;956000.0;243000.0;2456000.0;716.354858177429;241.09837054918526;288.4731442365721;186.7833433916717;73.32528666264334;38.37739858741171;789.6801448400724;828.0575434274841;393000.0;118.58780929390464;1.0;2.0330788804071247;;
4614;Stord;2022;130;4478.0;87940.0;5601000.0;1356000.0;1779000.0;435000.0;5007000.0;1250.781598928093;302.81375614113443;397.2755694506476;550.6922733363109;97.14158106297454;56.93654764612236;1347.9231799910674;1404.8597276371897;1260000.0;281.3756141134435;1.0;1.0761904761904764;;
4615;Fitjar;2022;130;1393.0;13477.0;1097000.0;485000.0;265000.0;39000.0;0.0;787.5089734386216;348.1694185211773;190.23689877961235;249.102656137832;27.99712849964106;0.0;815.5061019382628;815.5061019382628;184000.0;132.08901651112706;1.0;2.6358695652173916;;
4616;Tysnes;2022;130;2046.0;19479.0;486000.0;312000.0;3000.0;326000.0;562000.0;237.5366568914956;152.4926686217009;1.466275659824047;83.57771260997067;159.33528836754644;28.85158375686637;396.87194525904204;425.7235290159084;399000.0;195.01466275659823;1.0;0.7819548872180452;renhold_urimelig_lav;
4617;Kvinnherad;2022;130;8971.0;83242.0;3947000.0;2014000.0;1282000.0;448000.0;1758000.0;439.97324712963996;224.50117043807825;142.90491583992866;72.56716085163303;49.93869133875822;21.119146584656782;489.91193846839815;511.03108505305494;736000.0;82.04213577081708;1.0;2.7364130434782608;;
4618;Ullensvang;2022;130;13282.0;78818.0;10530000.0;6173000.0;1201000.0;1215000.0;7561000.0;792.8022888119259;464.76434271946994;90.4231290468303;237.61481704562567;91.47718717060684;95.92986373670989;884.2794759825327;980.2093397192426;1096000.0;82.51769311850624;1.0;5.632299270072993;;implisitt_pris_utenfor
4619;Eidfjord;2022;130;1630.0;14038.0;1591000.0;781000.0;5000.0;1125000.0;578000.0;976.0736196319018;479.1411042944785;3.067484662576687;493.86503067484665;690.1840490797546;41.17395640404616;1666.2576687116564;1707.4316251157024;539000.0;330.67484662576686;1.0;1.4489795918367347;renhold_urimelig_lav;
4620;Ulvik;2022;130;2986.0;12202.0;2454000.0;1283000.0;363000.0;125000.0;0.0;821.8352310783657;429.6718017414602;121.56731413261889;270.59611520428666;41.862022772940385;0.0;863.6972538513061;863.6972538513061;479000.0;160.41527126590756;1.0;2.678496868475992;;
4621;Voss;2022;130;7161.0;103935.0;5503000.0;1799000.0;1099000.0;677000.0;15048000.0;768.4680910487363;251.2218963831867;153.47018572825024;363.77600893729925;94.53986873341712;144.78279694039543;863.0079597821533;1007.7907567225487;1085000.0;151.5151515151515;1.0;1.6580645161290324;;
4622;Kvam;2022;130;5472.0;56446.0;3209000.0;1695000.0;610000.0;-266000.0;2829000.0;586.4400584795321;309.75877192982455;111.4766081871345;165.2046783625731;-48.611111111111114;50.11869751621018;537.828947368421;587.9476448846312;695000.0;127.01023391812865;1.0;2.4388489208633093;vedlikehold_negativ;
4623;Samnanger;2022;130;1612.0;13885.0;1041000.0;250000.0;440000.0;59000.0;409000.0;645.7816377171216;155.08684863523573;272.9528535980149;217.74193548387098;36.60049627791563;29.456247749369822;682.3821339950372;711.838381744407;149000.0;92.43176178660049;1.0;1.6778523489932886;;
4624;Bjørnafjorden;2022;130;6941.0;112168.0;5894000.0;2617000.0;1324000.0;143000.0;6736000.0;849.1571819622533;377.03500936464485;190.75061230370264;281.37156029390576;20.602218700475436;60.0527779758933;869.7594006627287;929.812178638622;1055000.0;151.99538971329778;1.0;2.480568720379147;;
4625;Austevoll;2022;130;4081.0;33930.0;2857000.0;625000.0;1159000.0;472000.0;1743000.0;700.0735113942661;153.14873805439842;283.99901984807644;262.9257534917912;115.6579269786817;51.37046861184792;815.7314383729478;867.1019069847957;225000.0;55.133545699583436;1.0;2.7777777777777777;;kwh_uteligger
4626;Øygarden;2022;130;16303.0;167932.0;16252000.0;4743000.0;2666000.0;1372000.0;8285000.0;996.8717413972888;290.9280500521376;163.52818499662638;542.4155063485248;84.15629025332761;49.335445299287805;1081.0280316506164;1130.3634769499042;3392000.0;208.05986628227933;1.0;1.3982900943396226;;
4627;Askøy;2022;130;4800.0;115981.0;2816000.0;1060000.0;830000.0;803000.0;13027000.0;586.6666666666666;220.83333333333334;172.91666666666666;192.91666666666666;167.29166666666666;112.32012139919469;753.9583333333334;866.2784547325281;783000.0;163.125;1.0;1.3537675606641124;;
4628;Vaksdal;2022;130;4959.0;29957.0;2560000.0;837000.0;379000.0;162000.0;1640000.0;516.2331115144183;168.78402903811252;76.42669893123613;271.02238354506954;32.66787658802178;54.74513469306005;548.90098810244;603.6461227955001;993000.0;200.24198427102237;1.0;0.8429003021148036;;
4629;Modalen;2022;130;2100.0;7749.0;1688000.0;149000.0;839000.0;160000.0;370000.0;803.8095238095239;70.95238095238095;399.5238095238095;333.3333333333333;76.19047619047619;47.748096528584334;880.0;927.7480965285844;127000.0;60.476190476190474;1.0;1.1732283464566928;;
4630;Osterøy;2022;130;0.0;0.0;2061000.0;962000.0;161000.0;234000.0;119000.0;;;;;;;;;0.0;;;;areal_mangler;areal_mangler|kwh_mangler
4631;Alver;2022;130;18012.0;156397.0;7183000.0;1579000.0;2099000.0;-174000.0;14959000.0;398.7896957583833;87.66377970242061;116.53342216300244;194.59249389296025;-9.660226515656229;95.6476147240676;389.12946924272705;484.77708396679463;;;;;vedlikehold_negativ;kwh_mangler
4632;Austrheim;2022;130;1925.0;16568.0;2755000.0;815000.0;488000.0;396000.0;89000.0;1431.1688311688313;423.3766233766234;253.5064935064935;754.2857142857143;205.71428571428572;5.37180106228875;1636.8831168831168;1642.2549179454056;206000.0;107.01298701298701;1.0;3.9563106796116507;;implisitt_pris_utenfor
4633;Fedje;2022;130;270.0;6067.0;332000.0;179000.0;68000.0;29000.0;518000.0;1229.6296296296296;662.9629629629629;251.85185185185185;314.81481481481484;107.4074074074074;85.37992417999011;1337.037037037037;1422.4169612170272;;;;;areal_for_lite;areal_for_lite|kwh_mangler
4634;Masfjorden;2022;130;2200.0;22465.0;1252000.0;702000.0;296000.0;139000.0;14000.0;569.0909090909091;319.09090909090907;134.54545454545453;115.45454545454545;63.18181818181818;0.6231916314266637;632.2727272727273;632.8959189041539;26000.0;11.818181818181818;1.0;26.999999999999996;;kwh_urimelig_lav|implisitt_pris_utenfor
4635;Gulen;2022;130;1668.0;17310.0;649000.0;326000.0;3000.0;101000.0;2937000.0;389.08872901678654;195.44364508393286;1.7985611510791366;191.84652278177458;60.5515587529976;169.67071057192373;449.64028776978415;619.3109983417079;228000.0;136.69064748201438;1.0;1.429824561403509;renhold_urimelig_lav;
4636;Solund;2022;130;880.0;6913.0;470000.0;11000.0;295000.0;18000.0;1069000.0;534.0909090909091;12.5;335.22727272727275;186.36363636363637;20.454545454545453;154.6361926804571;554.5454545454545;709.1816472259115;77000.0;87.5;1.0;0.14285714285714285;energi_urimelig_lav;implisitt_pris_utenfor
4637;Hyllestad;2022;130;3154.0;15556.0;1166000.0;54000.0;548000.0;117000.0;241000.0;369.68928344958783;17.121116043119848;173.74762206721624;178.82054533925174;37.09575142675967;15.492414502442788;406.7850348763475;422.27744937879027;333000.0;105.58021559923907;1.0;0.16216216216216214;energi_urimelig_lav;implisitt_pris_utenfor
4638;Høyanger;2022;130;3224.0;26619.0;2601000.0;281000.0;686000.0;51000.0;2480000.0;806.7617866004963;87.15880893300248;212.77915632754343;506.82382133995037;15.818858560794045;93.16653518163717;822.5806451612904;915.7471803429275;869000.0;269.5409429280397;1.0;0.32336018411967776;;implisitt_pris_utenfor
4639;Vik;2022;130;1545.0;16737.0;399000.0;281000.0;9000.0;18000.0;394000.0;258.252427184466;181.8770226537217;5.825242718446602;70.55016181229773;11.650485436893204;23.540658421461433;269.90291262135923;293.4435710428207;149000.0;96.44012944983818;1.0;1.8859060402684567;renhold_urimelig_lav;
4641;Aurland;2022;130;3570.0;22592.0;1693000.0;297000.0;747000.0;340000.0;1110000.0;474.2296918767507;83.19327731092437;209.2436974789916;181.79271708683473;95.23809523809524;49.13243626062323;569.4677871148459;618.6002233754691;538000.0;150.70028011204482;1.0;0.5520446096654276;;
4642;Lærdal;2022;130;1616.0;13358.0;1835000.0;1006000.0;393000.0;14000.0;0.0;1135.519801980198;622.5247524752475;243.19306930693068;269.8019801980198;8.663366336633663;0.0;1144.1831683168316;1144.1831683168316;362000.0;224.009900990099;1.0;2.7790055248618786;;
4643;Årdal;2022;130;3092.0;39566.0;1573000.0;1015000.0;320000.0;217000.0;4062000.0;508.73221216041395;328.26649417852525;103.49288486416559;76.97283311772316;70.18111254851229;102.66390335136228;578.9133247089262;681.5772280602885;541000.0;174.96765847347996;0.9759704251386322;1.8761552680221811;;
4644;Luster;2022;130;3108.0;36149.0;1269000.0;280000.0;1000.0;649000.0;2657000.0;408.3011583011583;90.09009009009009;0.32175032175032175;317.8893178893179;208.81595881595882;73.50134166920246;617.1171171171171;690.6184587863196;312000.0;100.38610038610038;1.0;0.8974358974358975;renhold_urimelig_lav;
4645;Askvoll;2022;130;1200.0;16987.0;639000.0;162000.0;246000.0;46000.0;1748000.0;532.5;135.0;205.0;192.5;38.333333333333336;102.9022193442044;570.8333333333334;673.7355526775377;128000.0;106.66666666666667;1.0;1.265625;;
4646;Fjaler;2022;130;2769.0;28018.0;615000.0;52000.0;121000.0;95000.0;286000.0;222.1018418201517;18.779342723004696;43.69808595160708;159.6244131455399;34.30841459010473;10.207723606253124;256.4102564102564;266.61798001650953;478000.0;172.62549656915854;1.0;0.1087866108786611;energi_urimelig_lav|renhold_urimelig_lav;implisitt_pris_utenfor
4647;Sunnfjord;2022;130;14189.0;146618.0;3367000.0;144000.0;817000.0;171000.0;6574000.0;237.29649728663048;10.148706744661357;57.57981534991895;169.56797519205017;12.051589259285361;44.837605205363595;249.34808654591586;294.1856917512795;2544000.0;179.293819155684;1.0;0.056603773584905655;energi_urimelig_lav;implisitt_pris_utenfor
4649;Stad;2022;130;6580.0;57606.0;862000.0;56000.0;321000.0;128000.0;4001000.0;131.0030395136778;8.51063829787234;48.78419452887538;73.7082066869301;19.45288753799392;69.45457070444051;150.45592705167172;219.91049775611225;737000.0;112.00607902735563;0.9932157394843962;0.07598371777476255;drift_urimelig_lav|energi_urimelig_lav|renhold_urimelig_lav;implisitt_pris_utenfor
4650;Gloppen;2022;130;1671.0;33775.0;428000.0;47000.0;8000.0;191000.0;2759000.0;256.1340514661879;28.12687013764213;4.78755236385398;223.2196289646918;114.30281268701377;81.68763878608438;370.43686415320167;452.12450293928606;213000.0;127.46858168761221;1.0;0.22065727699530513;energi_urimelig_lav|renhold_urimelig_lav;implisitt_pris_utenfor
4651;Stryn;2022;130;2877.0;40985.0;1438000.0;338000.0;185000.0;173000.0;2455000.0;499.82620785540496;117.48348974626347;64.30309350017379;318.0396246089677;60.132082029892246;59.89996340124436;559.9582898852972;619.8582532865415;460000.0;159.88877302745917;1.0;0.7347826086956522;;
5001;Trondheim - Tråante;2022;130;25525.0;845696.0;11390000.0;1500000.0;2002000.0;5078000.0;74801000.0;446.22918707149853;58.765915768854065;78.43290891283056;309.0303623898139;198.94221351616062;88.44904079007114;645.1714005876592;733.6204413777302;1640000.0;64.25073457394711;1.0;0.9146341463414633;;
5006;Steinkjer - Stïentje;2022;130;16312.0;122451.0;3861000.0;1981000.0;287000.0;19000.0;19199000.0;236.6969102501226;121.44433545855811;17.59440902403139;97.6581657675331;1.1647866601275134;156.78924631076922;237.86169691025012;394.65094322101936;3630000.0;222.53555664541443;1.0;0.5457300275482093;renhold_urimelig_lav;
5007;Namsos - Nåavmesjenjaelmie;2022;130;5554.0;83428.0;5421000.0;2007000.0;2572000.0;364000.0;5726000.0;976.0532949225783;361.3611811307166;463.08966510622975;151.60244868563197;65.5383507382067;68.63403173994342;1041.591645660785;1110.2256774007283;961000.0;173.02844796543033;1.0;2.088449531737773;;
5014;Frøya;2022;130;6036.0;29673.0;11941000.0;654000.0;1641000.0;668000.0;796000.0;1978.2968853545394;108.34990059642148;271.86878727634195;1598.078197481776;110.66931742876076;26.82573383210326;2088.9662027833;2115.7919366154033;857000.0;141.9814446653413;1.0;0.7631271878646442;;
5020;Osen;2022;130;1400.0;7958.0;1208000.0;245000.0;503000.0;0.0;287000.0;862.8571428571429;175.0;359.2857142857143;328.57142857142856;0.0;36.06433777330988;862.8571428571429;898.9214806304527;303000.0;216.42857142857142;1.0;0.8085808580858086;;
5021;Oppdal;2022;130;3861.0;34224.0;1817000.0;535000.0;713000.0;289000.0;2840000.0;470.6034706034706;138.56513856513857;184.66718466718467;147.37114737114737;74.85107485107486;82.98270219728845;545.4545454545455;628.4372476518339;598000.0;154.88215488215488;1.0;0.8946488294314382;;
5022;Rennebu;2022;130;3011.0;22891.0;2288000.0;399000.0;506000.0;163000.0;70000.0;759.8804383925606;132.51411491198937;168.0504815675855;459.3158419129857;54.13483892394553;3.057970381372592;814.0152773165062;817.0732476978787;429000.0;142.47758219860512;1.0;0.93006993006993;;
5025;Røros - Rosse;2022;130;1794.0;35704.0;5628000.0;1998000.0;1480000.0;140000.0;4305000.0;3137.123745819398;1113.71237458194;824.9721293199555;1198.4392419175028;78.03790412486065;120.57472552095004;3215.1616499442584;3335.7363754652083;483000.0;269.2307692307692;1.0;4.13664596273292;DV_uteligger_hoy;implisitt_pris_utenfor
5026;Holtålen;2022;130;1200.0;13179.0;371000.0;45000.0;77000.0;79000.0;742000.0;309.1666666666667;37.5;64.16666666666667;207.5;65.83333333333333;56.301692085894224;375.0;431.3016920858942;70000.0;58.333333333333336;1.0;0.6428571428571428;energi_urimelig_lav;
5027;Midtre Gauldal;2022;130;4023.0;36604.0;1797000.0;460000.0;186000.0;203000.0;-18000.0;446.68158090976885;114.342530449913;46.23415361670395;286.1048968431519;50.45985582898334;-0.4917495355698831;497.1414367387522;496.6496872031823;586000.0;145.6624409644544;1.0;0.7849829351535836;renhold_urimelig_lav;
5028;Melhus;2022;130;5860.0;102648.0;2062000.0;521000.0;434000.0;323000.0;11574000.0;351.87713310580205;88.90784982935153;74.06143344709898;188.90784982935153;55.11945392491467;112.75426700958616;406.99658703071674;519.7508540403029;1320000.0;225.25597269624572;1.0;0.3946969696969697;;implisitt_pris_utenfor
5029;Skaun;2022;130;6613.0;46711.0;3477000.0;395000.0;908000.0;666000.0;4607000.0;525.7825495236655;59.730833207318916;137.305307727204;328.7464085891426;100.71072130651747;98.62773222581404;626.493270830183;725.121003055997;940000.0;142.14426130349312;1.0;0.4202127659574468;;implisitt_pris_utenfor
5031;Malvik;2022;130;4945.0;61995.0;4719000.0;768000.0;1665000.0;845000.0;5527000.0;954.2972699696663;155.30839231547017;336.70374115267947;462.28513650151666;170.87967644084935;89.15235099604807;1125.1769464105157;1214.3292974065637;928000.0;187.6643073811931;1.0;0.8275862068965518;;
5032;Selbu;2022;130;4376.0;29532.0;2098000.0;312000.0;323000.0;148000.0;1509000.0;479.43327239488116;71.29798903107861;73.81170018281536;334.3235831809872;33.820840950639855;51.09711499390492;513.254113345521;564.3512283394259;347000.0;79.29616087751371;1.0;0.899135446685879;;
5033;Tydal;2022;130;1764.0;13494.0;1756000.0;283000.0;181000.0;273000.0;1357000.0;995.4648526077098;160.43083900226756;102.6077097505669;732.4263038548753;154.76190476190476;100.56321327997628;1150.2267573696145;1250.7899706495907;314000.0;178.0045351473923;1.0;0.9012738853503184;;
5034;Meråker;2022;130;1186.0;16105.0;875000.0;103000.0;330000.0;129000.0;1904000.0;737.7740303541316;86.84654300168634;278.24620573355816;372.681281618887;108.7689713322091;118.22415398944428;846.5430016863406;964.7671556757849;957000.0;806.9139966273187;1.0;0.10762800417972831;;kwh_urimelig_hoy|implisitt_pris_utenfor
5035;Stjørdal;2022;130;15609.0;145031.0;6882000.0;1906000.0;993000.0;985000.0;8831000.0;440.89948106861425;122.10903965660837;63.61714395541034;255.17329745659555;63.10461912998911;60.890430321793275;504.0041001986034;564.8945305203966;1983000.0;127.04209110128772;1.0;0.9611699445284922;;
5036;Frosta;2022;130;1380.0;14410.0;1370000.0;392000.0;480000.0;507000.0;625000.0;992.7536231884058;284.05797101449275;347.82608695652175;360.8695652173913;367.39130434782606;43.37265787647467;1360.144927536232;1403.5175854127067;245000.0;177.53623188405797;0.9755102040816327;1.6;;
5037;Levanger;2022;130;10727.0;81531.0;4255000.0;17000.0;1388000.0;419000.0;11886000.0;396.6626270159411;1.5847860538827259;129.39312016407197;265.6847207979864;39.060315092756596;145.78503881959008;435.7229421086977;581.5079809282878;1619000.0;150.92756595506665;0.9907350216182829;0.010500308832612723;energi_urimelig_lav;implisitt_pris_utenfor
5038;Verdal;2022;130;7800.0;80600.0;7161000.0;1211000.0;2446000.0;1038000.0;2228000.0;918.0769230769231;155.25641025641025;313.5897435897436;449.2307692307692;133.07692307692307;27.642679900744415;1051.1538461538462;1078.7965260545907;1285000.0;164.74358974358975;1.0;0.9424124513618676;;
5041;Snåase - Snåsa;2022;130;1995.0;18203.0;631000.0;227000.0;232000.0;15000.0;2027000.0;316.2907268170426;113.7844611528822;116.29072681704261;86.2155388471178;7.518796992481203;111.35527110915783;323.8095238095238;435.16479491868165;323000.0;161.9047619047619;1.0;0.7027863777089783;;
5042;Lierne;2022;130;2008.0;16510.0;1270000.0;199000.0;172000.0;60000.0;1230000.0;632.4701195219124;99.10358565737052;85.65737051792829;447.70916334661354;29.8804780876494;74.50030284675954;662.3505976095618;736.8509004563213;757000.0;376.99203187251;1.0;0.2628797886393659;;implisitt_pris_utenfor
5043;Raarvihke - Røyrvik;2022;130;1383.0;8151.0;659000.0;218000.0;195000.0;73000.0;1349000.0;476.5003615328995;157.62834417932032;140.99783080260303;177.87418655097613;52.78380332610268;165.5011655011655;529.2841648590022;694.7853303601677;277000.0;200.2892263195951;0.9927797833935018;0.7870036101083032;;
5044;Namsskogan;2022;130;1734.0;12883.0;680000.0;0.0;316000.0;191000.0;1040000.0;392.15686274509807;0.0;182.23760092272204;209.919261822376;110.14994232987313;80.72653884964681;502.3068050749712;583.033343924618;217000.0;125.1441753171857;1.0;0.0;energi_urimelig_lav;implisitt_pris_utenfor
5045;Grong;2022;130;4028.0;21961.0;879000.0;409000.0;46000.0;71000.0;2654000.0;218.2224428997021;101.53922542204567;11.420059582919563;105.26315789473684;17.6266137040715;120.8505987887619;235.8490566037736;356.6996553925355;439000.0;108.98709036742801;1.0;0.9316628701594531;renhold_urimelig_lav;
5046;Høylandet;2022;130;915.0;11776.0;447000.0;133000.0;124000.0;22000.0;2330000.0;488.5245901639344;145.3551912568306;135.5191256830601;207.65027322404373;24.043715846994534;197.8600543478261;512.568306010929;710.4283603587551;202000.0;220.76502732240436;1.0;0.6584158415841584;;
5047;Overhalla;2022;130;3284.0;29598.0;1278000.0;243000.0;395000.0;152000.0;785000.0;389.1595615103532;73.99512789281364;120.28014616321559;194.88428745432398;46.28501827040195;26.522062301506857;435.4445797807552;461.96664208226207;539000.0;164.1291108404385;1.0;0.45083487940630795;;implisitt_pris_utenfor
5049;Flatanger;2022;130;2230.0;12367.0;1693000.0;173000.0;22000.0;378000.0;104000.0;759.1928251121076;77.57847533632287;9.865470852017937;671.7488789237668;169.5067264573991;8.409476833508531;928.6995515695068;937.1090284030153;233000.0;104.48430493273543;1.0;0.7424892703862661;renhold_urimelig_lav;
5052;Leka;2022;130;1200.0;5220.0;1072000.0;176000.0;332000.0;63000.0;282000.0;893.3333333333334;146.66666666666666;276.6666666666667;470.0;52.5;54.02298850574713;945.8333333333334;999.8563218390805;180000.0;150.0;1.0;0.9777777777777777;;
5053;Inderøy;2022;130;2973.0;39345.0;1749000.0;518000.0;297000.0;487000.0;3202000.0;588.2946518668012;174.23477968382105;99.89909182643794;314.1607803565422;163.80760174907502;81.38264074215274;752.1022536158762;833.4848943580289;537000.0;180.62563067608477;1.0;0.9646182495344505;;
5054;Indre Fosen;2022;130;7109.0;60980.0;4796000.0;966000.0;1608000.0;974000.0;5292000.0;674.6377830918553;135.88409058939374;226.1921507947672;312.56154170769446;137.0094246729498;86.78255165628075;811.6472077648052;898.4297594210859;905000.0;127.3034182022788;1.0;1.0674033149171271;;
5055;Heim;2022;130;2844.0;38550.0;2091000.0;447000.0;360000.0;345000.0;2150000.0;735.2320675105485;157.17299578059072;126.58227848101266;451.47679324894517;121.30801687763713;55.77172503242542;856.5400843881856;912.3118094206111;564000.0;198.31223628691984;1.0;0.7925531914893617;;
5056;Hitra;2022;130;5708.0;30746.0;1226000.0;113000.0;433000.0;92000.0;3388000.0;214.7862648913805;19.796776454099508;75.85844428871759;119.13104414856342;16.117729502452697;110.19319586287646;230.90399439383322;341.09719025670967;260000.0;45.55010511562719;1.0;0.43461538461538457;energi_urimelig_lav;kwh_urimelig_lav|implisitt_pris_utenfor
5057;Ørland;2022;130;6111.0;117886.0;2956000.0;707000.0;1120000.0;379000.0;6336000.0;483.71788577974144;115.6930126002291;183.27605956471936;184.748813614793;62.019309441989854;53.74684016761957;545.7371952217313;599.4840353893509;1944000.0;318.11487481590575;1.0;0.36368312757201643;;implisitt_pris_utenfor
5058;Åfjord;2022;130;2560.0;27250.0;1624000.0;307000.0;499000.0;53000.0;1157000.0;634.375;119.921875;194.921875;319.53125;20.703125;42.45871559633027;655.078125;697.5368405963303;292000.0;114.0625;1.0;1.0513698630136987;;
5059;Orkland;2022;130;7392.0;96033.0;6439000.0;932000.0;1740000.0;448000.0;9387000.0;871.0768398268398;126.08225108225108;235.3896103896104;509.60497835497836;60.60606060606061;97.74764924557184;931.6829004329004;1029.4305496784723;1234000.0;166.93722943722943;1.0;0.7552674230145867;;
5060;Nærøysund;2022;130;6829.0;89766.0;6998000.0;667000.0;2304000.0;662000.0;7921000.0;1024.7474007907454;97.67169424513106;337.3846829696881;589.6910235759262;96.93952262410309;88.24053650602679;1121.6869234148485;1209.9274599208752;820000.0;120.0761458485869;1.0;0.8134146341463415;;
5061;Rindal;2022;130;1588.0;15914.0;1612000.0;235000.0;3831000.0;108000.0;0.0;1015.1133501259446;147.98488664987406;2412.4685138539044;-1545.3400503778337;68.01007556675063;0.0;1083.1234256926953;1083.1234256926953;276000.0;173.80352644836273;1.0;0.8514492753623187;drift_mindre_enn_delposter;
5401;Tromsø (2020-2023);2022;130;29170.0;330382.0;29054000.0;5146000.0;3108000.0;2096000.0;23163000.0;996.0233116215289;176.41412410010284;106.54782310593075;713.0613644154954;71.85464518340761;70.10975174192299;1067.8779568049365;1137.9877085468595;17558000.0;601.9197805965033;1.0;0.2930857728670691;;kwh_urimelig_hoy|implisitt_pris_utenfor
5402;Harstad (2020-2023);2022;130;7441.0;148707.0;9054000.0;1443000.0;3143000.0;1653000.0;12942000.0;1216.7719392554764;193.92554764144603;422.3894637817498;600.4569278322806;222.14756081171885;87.03020032681717;1438.9195000671953;1525.9497003940123;2296000.0;308.5606773283161;1.0;0.6284843205574913;;
5403;Alta (2020-2023);2022;130;25738.0;179115.0;6436000.0;1153000.0;1204000.0;373000.0;7884000.0;250.05827958660348;44.7975755691973;46.77908151371513;158.48162250369103;14.492190535395135;44.0164140356754;264.5504701219986;308.566884157674;2854000.0;110.8866267775274;1.0;0.40399439383321656;renhold_urimelig_lav;implisitt_pris_utenfor
5404;Vardø (2020-2023);2022;130;115.0;115.0;2135000.0;537000.0;481000.0;1026000.0;607000.0;18565.217391304348;4669.565217391304;4182.608695652174;9713.04347826087;8921.739130434782;5278.260869565217;27486.956521739132;32765.217391304348;0.0;0.0;;;areal_for_lite;areal_for_lite|kwh_null|kwh_urimelig_lav
5405;Vadsø (2020-2023);2022;130;6641.0;52843.0;2966000.0;903000.0;575000.0;297000.0;958000.0;446.61948501731666;135.9734979671736;86.58334588164433;224.06264116849871;44.7221803945189;18.129175103608805;491.34166541183555;509.47084051544437;1212000.0;182.50263514530945;1.0;0.7450495049504949;;
5406;Hammerfest (2020-2023);2022;130;9354.0;113507.0;12588000.0;1136000.0;3385000.0;1721000.0;5990000.0;1345.734445157152;121.44537096429335;361.87727175539874;862.4118024374599;183.98546076544793;52.77207573101219;1529.7199059226;1582.4919816536121;2479000.0;265.0203121659183;0.9770068576038725;0.4582492940701896;;implisitt_pris_utenfor
5411;Kvæfjord (2020-2023);2022;130;3197.0;29583.0;636000.0;204000.0;285000.0;73000.0;771000.0;198.93650297153582;63.80982170785111;89.14607444479199;45.98060681889271;22.833906787613387;26.062265490315383;221.7704097591492;247.8326752494646;384000.0;120.11260556771974;1.0;0.53125;drift_urimelig_lav;
5412;Tjeldsund (2020-2023);2022;130;1900.0;24100.0;1085000.0;423000.0;375000.0;118000.0;1136000.0;571.0526315789474;222.6315789473684;197.3684210526316;151.05263157894737;62.10526315789474;47.136929460580916;633.1578947368421;680.2948241974229;444000.0;233.68421052631578;1.0;0.9527027027027027;;
5413;Ibestad (2020-2023);2022;130;1393.0;10816.0;795000.0;208000.0;162000.0;14000.0;483000.0;570.710696338837;149.31801866475234;116.29576453697057;305.09691313711414;10.050251256281408;44.656065088757394;580.7609475951184;625.4170126838758;252000.0;180.90452261306532;1.0;0.8253968253968255;;
5414;Gratangen (2020-2023);2022;130;2034.0;11071.0;2731000.0;166000.0;1733000.0;37000.0;0.0;1342.6745329400196;81.61258603736479;852.015732546706;409.04621435594885;18.190757128810226;0.0;1360.8652900688298;1360.8652900688298;280000.0;137.65978367748278;1.0;0.5928571428571429;;
5415;Loabák - Lavangen (2020-2023);2022;130;939.0;9085.0;815000.0;320000.0;278000.0;12000.0;2123000.0;867.9446219382322;340.7880724174654;296.05963791267305;231.0969116080937;12.779552715654953;233.68189323059988;880.7241746538871;1114.406067884487;284000.0;302.44941427050054;1.0;1.1267605633802817;;
5416;Bardu (2020-2023);2022;130;2860.0;24858.0;1500000.0;494000.0;109000.0;101000.0;1757000.0;524.4755244755245;172.72727272727272;38.11188811188811;313.6363636363636;35.31468531468531;70.68147075388205;559.7902097902098;630.4716805440919;188000.0;65.73426573426573;1.0;2.627659574468085;renhold_urimelig_lav;
5417;Salangen (2020-2023);2022;130;1128.0;16897.0;604000.0;75000.0;188000.0;42000.0;606000.0;535.4609929078014;66.48936170212765;166.66666666666666;302.3049645390071;37.234042553191486;35.864354619163166;572.6950354609929;608.559390080156;231000.0;204.7872340425532;1.0;0.3246753246753246;;implisitt_pris_utenfor
5418;Målselv (2020-2023);2022;130;3530.0;44810.0;1822000.0;469000.0;209000.0;926000.0;1762000.0;516.1473087818697;132.8611898016997;59.20679886685552;324.07932011331445;262.3229461756374;39.32158000446329;778.4702549575071;817.7918349619704;701000.0;198.58356940509915;1.0;0.6690442225392296;;
5419;Sørreisa (2020-2023);2022;130;2590.0;24183.0;574000.0;276000.0;18000.0;69000.0;4186000.0;221.6216216216216;106.56370656370656;6.94980694980695;108.10810810810811;26.64092664092664;173.09680353967664;248.26254826254825;421.35935180222486;445000.0;171.8146718146718;1.0;0.6202247191011235;renhold_urimelig_lav;
5420;Dyrøy (2020-2023);2022;130;1500.0;9114.0;1119000.0;331000.0;398000.0;22000.0;2378000.0;746.0;220.66666666666666;265.3333333333333;260.0;14.666666666666666;260.91727013386;760.6666666666666;1021.5839368005265;838000.0;558.6666666666666;0.7983293556085919;0.39498806682577564;;kwh_urimelig_hoy|implisitt_pris_utenfor
5421;Senja (2020-2023);2022;130;11075.0;103565.0;4986000.0;1369000.0;1058000.0;1008000.0;14163000.0;450.20316027088035;123.6117381489842;95.53047404063206;231.06094808126412;91.0158013544018;136.75469511900738;541.2189616252822;677.9736567442895;1501000.0;135.53047404063204;1.0;0.9120586275816124;;
5422;Balsfjord (2020-2023);2022;130;7912.0;41015.0;1589000.0;414000.0;330000.0;51000.0;2955000.0;200.83417593528816;52.325581395348834;41.7087967644085;106.79979777553083;6.445904954499494;72.04681214189931;207.28008088978765;279.32689303168695;2311000.0;292.0879676440849;1.0;0.1791432280398096;renhold_urimelig_lav;implisitt_pris_utenfor
5423;Karlsøy (2020-2023);2022;130;1743.0;13746.0;1213000.0;77000.0;732000.0;235000.0;2229000.0;695.9265633964429;44.17670682730924;419.96557659208264;231.78427997705106;134.82501434308662;162.15626364033173;830.7515777395296;992.9078413798613;562000.0;322.4325874928285;1.0;0.13701067615658363;;implisitt_pris_utenfor
5424;Lyngen (2020-2023);2022;130;1695.0;26525.0;649000.0;146000.0;215000.0;16000.0;995000.0;382.89085545722713;86.13569321533923;126.84365781710915;169.91150442477877;9.43952802359882;37.51178133836004;392.33038348082596;429.842164819186;305000.0;179.9410029498525;1.0;0.4786885245901639;;implisitt_pris_utenfor
5425;Storfjord - Omasvuotna - Omasvuono (2020-2023);2022;130;1040.0;22486.0;1692000.0;238000.0;793000.0;12000.0;1272000.0;1626.923076923077;228.84615384615384;762.5;635.5769230769231;11.538461538461538;56.56853153073023;1638.4615384615386;1695.0300699922689;406000.0;390.38461538461536;1.0;0.5862068965517242;;kwh_uteligger
5426;Gáivuotna - Kåfjord - Kaivuono (2020-2023);2022;130;2160.0;16413.0;1233000.0;274000.0;514000.0;221000.0;1206000.0;570.8333333333334;126.85185185185185;237.96296296296296;206.0185185185185;102.31481481481481;73.47834033997441;673.1481481481482;746.6264884881225;469000.0;217.12962962962962;1.0;0.5842217484008528;;
5427;Skjervøy (2020-2023);2022;130;2135.0;28698.0;1688000.0;339000.0;406000.0;248000.0;1690000.0;790.632318501171;158.78220140515222;190.1639344262295;441.6861826697892;116.1592505854801;58.889121193114505;906.7915690866511;965.6806902797656;361000.0;169.08665105386416;1.0;0.9390581717451524;;
5428;Nordreisa (2020-2023);2022;130;5530.0;36884.0;3654000.0;285000.0;457000.0;70000.0;2975000.0;660.7594936708861;51.53707052441229;82.64014466546112;526.5822784810126;12.658227848101266;80.65828001301378;673.4177215189874;754.0760015320011;1072000.0;193.85171790235083;1.0;0.26585820895522383;;implisitt_pris_utenfor
5429;Kvænangen (2020-2023);2022;130;2476.0;12761.0;1680000.0;445000.0;805000.0;122000.0;345000.0;678.513731825525;179.7253634894992;325.1211631663974;173.66720516962843;49.27302100161551;27.03549878536165;727.7867528271405;754.8222516125021;580000.0;234.24878836833602;1.0;0.7672413793103449;;
5430;Guovdageaidnu-Kautokeino (2020-2023);2022;130;2829.0;21128.0;1577000.0;214000.0;428000.0;339000.0;2182000.0;557.4407917992223;75.64510427712973;151.29020855425946;330.50547896783314;119.83032873807;103.27527451722833;677.2711205372923;780.5463950545206;264000.0;93.31919406150583;1.0;0.8106060606060607;;
5432;Loppa (2020-2023);2022;130;1290.0;14705.0;632000.0;113000.0;2000.0;0.0;497000.0;489.92248062015506;87.59689922480621;1.550387596899225;400.7751937984496;0.0;33.7980278816729;489.92248062015506;523.7205085018279;245000.0;189.92248062015503;1.0;0.4612244897959184;renhold_urimelig_lav;implisitt_pris_utenfor
5433;Hasvik (2020-2023);2022;130;570.0;9880.0;299000.0;2000.0;217000.0;11000.0;902000.0;524.561403508772;3.508771929824561;380.70175438596493;140.35087719298247;19.29824561403509;91.29554655870446;543.859649122807;635.1551956815115;13000.0;22.80701754385965;1.0;0.15384615384615383;energi_urimelig_lav;kwh_urimelig_lav|implisitt_pris_utenfor
5434;Måsøy (2020-2023);2022;130;1498.0;13756.0;978000.0;214000.0;383000.0;244000.0;0.0;652.8704939919893;142.85714285714286;255.67423230974632;254.33911882510014;162.88384512683578;0.0;815.7543391188251;815.7543391188251;95000.0;63.41789052069426;1.0;2.2526315789473688;;
5435;Nordkapp (2020-2023);2022;130;2160.0;27126.0;1226000.0;337000.0;535000.0;189000.0;0.0;567.5925925925926;156.0185185185185;247.6851851851852;163.88888888888889;87.5;0.0;655.0925925925926;655.0925925925926;402000.0;186.11111111111111;1.0;0.8383084577114427;;
5436;Porsanger - Porsángu - Porsanki  (2020-2023);2022;130;3974.0;35246.0;2076000.0;213000.0;786000.0;30000.0;2567000.0;522.3955712128837;53.59838953195773;197.78560644187218;271.01157523905385;7.54906894816306;72.83095954150825;529.9446401610468;602.775599702555;596000.0;149.97483643683947;1.0;0.3573825503355705;;implisitt_pris_utenfor
5437;Kárásjohka-Karasjok (2020-2023);2022;130;3524.0;25430.0;596000.0;239000.0;6000.0;335000.0;988000.0;169.12599318955733;67.82065834279229;1.7026106696935301;99.60272417707151;95.06242905788876;38.851749901690916;264.18842224744606;303.040172149137;766000.0;217.36662883087402;1.0;0.31201044386422977;drift_urimelig_lav|renhold_urimelig_lav;implisitt_pris_utenfor
5438;Lebesby (2020-2023);2022;130;1150.0;12958.0;4519000.0;31000.0;767000.0;21000.0;631000.0;3929.5652173913045;26.956521739130434;666.9565217391304;3235.6521739130435;18.26086956521739;48.695786386788086;3947.8260869565215;3996.5218733433094;232000.0;201.7391304347826;1.0;0.13362068965517243;energi_urimelig_lav;implisitt_pris_utenfor
5439;Gamvik (2020-2023);2022;130;741.0;16288.0;733000.0;92000.0;220000.0;57000.0;1420000.0;989.2037786774629;124.15654520917678;296.89608636977056;568.1511470985155;76.92307692307692;87.18074656188605;1066.1268556005398;1153.3076021624258;120000.0;161.94331983805668;1.0;0.7666666666666666;;
5440;Berlevåg (2020-2023);2022;130;1720.0;10314.0;827000.0;336000.0;141000.0;92000.0;511000.0;480.8139534883721;195.34883720930233;81.97674418604652;203.48837209302326;53.48837209302326;49.54430870661237;534.3023255813954;583.8466342880077;575000.0;334.30232558139534;0.8243478260869566;0.5843478260869566;;
5441;Deatnu-Tana (2020-2023);2022;130;0.0;303.0;1673000.0;211000.0;7000.0;127000.0;2190000.0;;;;;;;;;0.0;;;;areal_mangler;areal_mangler|kwh_mangler
5442;Unjárga-Nesseby (2020-2023);2022;130;1688.0;8863.0;1737000.0;292000.0;301000.0;187000.0;483000.0;1029.0284360189573;172.98578199052133;178.3175355450237;677.7251184834123;110.78199052132702;54.49622024145323;1139.8104265402844;1194.3066467817378;368000.0;218.00947867298578;1.0;0.7934782608695653;;
5443;Båtsfjord (2020-2023);2022;130;1792.0;16687.0;704000.0;273000.0;211000.0;209000.0;657000.0;392.85714285714283;152.34375;117.74553571428571;122.76785714285714;116.62946428571429;39.37196620123449;509.48660714285717;548.8585733440916;371000.0;207.03125;1.0;0.7358490566037735;;
5444;Sør-Varanger (2020-2023);2022;130;5358.0;70516.0;3540000.0;911000.0;1209000.0;356000.0;1084000.0;660.6942889137738;170.02612915266891;225.64389697648377;265.0242627846211;66.44270250093318;15.372397753701287;727.1369914147069;742.5093891684082;1250000.0;233.29600597237774;1.0;0.7288000000000001;;
