kommune;kommunenavn;aargang;funksjon;eid_areal_m2;portefoljeareal_m2;drift_kr;energi_kr;renhold_kr;vedlikehold_kr;forvaltning_kr;drift_kr_m2;energi_kr_m2;renhold_kr_m2;ovrig_drift_kr_m2;vedlikehold_kr_m2;forvaltning_kr_m2;dv_kr_m2;fdv_kr_m2;energibruk_kwh;kwh_m2;fornybarandel;implisitt_energipris_kr_kwh;flagg_kostnad;flagg_energi
0301;Oslo - Oslove;2022;222;1117913.0;2333925.0;998172000.0;224736000.0;204262000.0;655107000.0;485961000.0;892.8888026170193;201.03174397292096;182.7172597509824;509.139798893116;586.0089291384929;208.21620232012597;1478.8977317555123;1687.1139340756383;147847000.0;132.2526887154904;1.0;1.5200578976915322;DV_uteligger_hoy;
1101;Eigersund;2022;222;31112.0;49539.0;21415000.0;6910000.0;7403000.0;819000.0;9466000.0;688.3196194394446;222.1007971200823;237.9467729493443;228.272049370018;26.32424787863204;191.08177395587316;714.6438673180767;905.7256412739498;2877000.0;92.4723579326305;1.0;2.4018074383037886;;
1103;Stavanger;2022;222;274738.0;681196.0;174374000.0;69081000.0;38857000.0;43542000.0;69252000.0;634.6919610683633;251.44319315129323;141.43292882673674;241.81583909033333;158.48553894983584;101.66237030164592;793.1775000181991;894.839870319845;34233000.0;124.60234841922122;1.0;2.0179651213741128;;
1106;Haugesund;2022;222;63164.0;135720.0;30221000.0;13225000.0;9143000.0;5612000.0;3028000.0;478.4529162180989;209.37559369260973;144.7501741498322;124.32714837565702;88.84807801912481;22.310639552018863;567.3009942372238;589.6116337892427;8822000.0;139.66816541067698;0.712650192700068;1.4990931761505328;;
1108;Sandnes;2022;222;170026.0;315523.0;109667000.0;30247000.0;31169000.0;5938000.0;29226000.0;645.0013527342877;177.89632173902814;183.3190217966664;283.78600919859315;34.924070436286215;92.62716188677211;679.9254231705739;772.552585057346;18152000.0;106.76014256643101;0.9204495372410754;1.6663177611282503;;
1111;Sokndal;2022;222;8856.0;22443.0;7212000.0;3484000.0;1985000.0;497000.0;877000.0;814.3631436314363;393.4056007226739;224.14182475158086;196.81571815718158;56.12014453477868;39.076772267522166;870.483288166215;909.5600604337371;1628000.0;183.83017163504968;1.0;2.14004914004914;;
1112;Lund;2022;222;8350.0;23592.0;7319000.0;3026000.0;1281000.0;43000.0;421000.0;876.5269461077844;362.3952095808383;153.4131736526946;360.7185628742515;5.149700598802395;17.845032214309935;881.6766467065868;899.5216789208968;1188000.0;142.2754491017964;1.0;2.547138047138047;;
1114;Bjerkreim;2022;222;9933.0;17774.0;6925000.0;2524000.0;1624000.0;30000.0;406000.0;697.1710460082553;254.1024866606262;163.4954193093728;279.5731400382563;3.020235578375113;22.842354000225047;700.1912815866305;723.0336355868556;984000.0;99.06372697070371;1.0;2.565040650406504;;
1119;Hå;2022;222;43822.0;88908.0;24216000.0;6169000.0;7855000.0;2168000.0;3283000.0;552.599151111314;140.77404043631054;179.24786636849072;232.5772443065127;49.47286750947013;36.92581095064561;602.0720186207841;638.9978295714297;5126000.0;116.97320980329515;0.8499804916113929;1.2034724931720642;;
1120;Klepp;2022;222;48483.0;89364.0;30130000.0;8171000.0;8129000.0;3552000.0;2338000.0;621.4549429697007;168.53330033207516;167.66701730503476;285.2546253325908;73.26279314398862;26.162660579204154;694.7177361136893;720.8803966928934;5124000.0;105.68652929892953;0.9408665105386417;1.5946526151444183;;
1121;Time;2022;222;49058.0;87088.0;28896000.0;7512000.0;11312000.0;2987000.0;8181000.0;589.0170818215174;153.12487259977985;230.58420644950874;205.3080027722288;60.88711321293163;93.93946353114092;649.904195034449;743.84365856559;4684000.0;95.47882098740267;0.9997865072587532;1.6037574722459436;;
1122;Gjesdal;2022;222;32551.0;57501.0;19164000.0;5991000.0;6756000.0;2141000.0;3284000.0;588.7376731897638;184.04964517219133;207.5512273048447;197.13680071272773;65.77370894903382;57.11205022521347;654.5113821387976;711.623432364011;3127000.0;96.0646370311204;1.0;1.9158938279501119;;
1124;Sola;2022;222;79392.0;185461.0;42267000.0;21243000.0;9626000.0;6257000.0;13526000.0;532.38361547763;267.5710399032648;121.24647319629182;143.56610237807337;78.81146715034261;72.93177541369883;611.1950826279726;684.1268580416714;8399000.0;105.79151551793632;0.9404691034646981;2.5292296701988333;;
1127;Randaberg;2022;222;30118.0;66126.0;24084000.0;10091000.0;7124000.0;2025000.0;98000.0;799.6546915465834;335.048808021781;236.53629059034463;228.0695929344578;67.23554020851319;1.4820191755134138;866.8902317550966;868.37225093061;6059000.0;201.17537685105253;1.0;1.6654563459316718;;
1130;Strand;2022;222;38567.0;62752.0;35850000.0;13970000.0;6995000.0;1050000.0;4288000.0;929.5511706899681;362.22677418518424;181.37267612207327;385.9517203827106;27.22534809552208;68.33248342682305;956.7765187854902;1025.1090022123133;5481000.0;142.11631705862524;1.0;2.548804962598066;;
1133;Hjelmeland;2022;222;11589.0;26169.0;7825000.0;1884000.0;3384000.0;2083000.0;1338000.0;675.2092501510052;162.5679523686254;292.00103546466477;220.64026231771507;179.73940805936664;51.12919867018228;854.948658210372;906.0778568805542;1483000.0;127.9661748209509;1.0;1.270397842211733;;
1134;Suldal;2022;222;11270.0;36909.0;11796000.0;5013000.0;3255000.0;1848000.0;1262000.0;1046.6725820763088;444.8092280390417;288.8198757763975;313.04347826086956;163.9751552795031;34.19220244384839;1210.6477373558118;1244.8399397996602;2043000.0;181.27772848269743;1.0;2.4537444933920707;;
1135;Sauda;2022;222;13153.0;26048.0;9466000.0;4071000.0;3253000.0;731000.0;114000.0;719.6837223447122;309.51113814338936;247.3200030411313;162.8525811601916;55.576674522922524;4.3765356265356266;775.2603968676348;779.6369324941704;1806000.0;137.30707823310271;1.0;2.2541528239202657;;
1144;Kvitsøy;2022;222;1770.0;6644.0;1670000.0;561000.0;445000.0;138000.0;203000.0;943.5028248587571;316.9491525423729;251.41242937853107;375.1412429378531;77.96610169491525;30.553883202889825;1021.4689265536723;1052.022809756562;220000.0;124.29378531073446;1.0;2.55;;
1145;Bokn;2022;222;2450.0;11283.0;2163000.0;1101000.0;679000.0;18000.0;439000.0;882.8571428571429;449.38775510204084;277.14285714285717;156.3265306122449;7.346938775510204;38.90809181955154;890.204081632653;929.1121734522045;295000.0;120.40816326530613;1.0;3.7322033898305085;;implisitt_pris_utenfor
1146;Tysvær;2022;222;28476.0;65010.0;22343000.0;6219000.0;8754000.0;1989000.0;5640000.0;784.6256496698975;218.3944374209861;307.4167720185419;258.8144402303694;69.84829329962074;86.75588371019843;854.4739429695181;941.2298266797166;3081000.0;108.19637589549095;0.9133398247322297;2.0185004868549172;;
1149;Karmøy;2022;222;108000.0;186330.0;65283000.0;17718000.0;21003000.0;8965000.0;6726000.0;604.4722222222222;164.05555555555554;194.47222222222223;245.94444444444446;83.00925925925925;36.097246820157785;687.4814814814815;723.5787283016393;10789000.0;99.89814814814815;0.8747798683844656;1.6422281953841873;;
1151;Utsira;2022;222;900.0;3280.0;701000.0;145000.0;149000.0;43000.0;94000.0;778.8888888888889;161.11111111111111;165.55555555555554;452.22222222222223;47.77777777777778;28.658536585365855;826.6666666666666;855.3252032520325;98000.0;108.88888888888889;1.0;1.4795918367346939;;
1160;Vindafjord;2022;222;24906.0;56584.0;13943000.0;4991000.0;5136000.0;1740000.0;2607000.0;559.8249417810969;200.39347948285553;206.21536979041196;153.21609250782944;69.86268369067695;46.07309486780716;629.6876254717739;675.7607203395811;2926000.0;117.48173130972457;1.0;1.7057416267942582;;
1505;Kristiansund;2022;222;54303.0;115530.0;32141000.0;6625000.0;12853000.0;3597000.0;8716000.0;591.8825847559067;122.00062611642082;236.6904222602803;233.19153637920556;66.2394342853986;75.44360772093829;658.1220190413053;733.5656267622436;6728000.0;123.89739056774027;1.0;0.9846908442330559;;
1506;Molde;2022;222;76732.0;164145.0;42524000.0;7775000.0;14030000.0;1740000.0;11704000.0;554.188604493562;101.32669551165094;182.84418495542928;270.0177240264818;22.676327998748892;71.3028115385787;576.8649324923109;648.1677440308896;7149000.0;93.16843038106657;1.0;1.0875646943628479;;
1507;Ålesund (2020-2023);2022;222;149600.0;252510.0;67848000.0;8564000.0;23368000.0;26978000.0;16571000.0;453.52941176470586;57.24598930481283;156.20320855614975;240.08021390374333;180.3342245989305;65.62512375747495;633.8636363636364;699.4887601211113;15634000.0;104.50534759358288;1.0;0.547780478444416;;
1511;Vanylven;2022;222;9203.0;23336.0;4713000.0;799000.0;1285000.0;297000.0;0.0;512.1156144735412;86.81951537542106;139.62838204933175;285.66771704878846;32.272085189612085;0.0;544.3876996631533;544.3876996631533;1196000.0;129.95762251439749;1.0;0.6680602006688963;;
1514;Sande;2022;222;9600.0;23289.0;3736000.0;722000.0;1357000.0;384000.0;1029000.0;389.1666666666667;75.20833333333333;141.35416666666666;172.60416666666666;40.0;44.18394950405771;429.1666666666667;473.3506161707244;1046000.0;108.95833333333333;1.0;0.6902485659655831;;
1515;Herøy (Møre og Romsdal);2022;222;25484.0;47224.0;12451000.0;2599000.0;4326000.0;3298000.0;2863000.0;488.5810704755925;101.985559566787;169.7535708679956;216.84194004080993;129.41453460995135;60.62595290530239;617.9956050855438;678.6215579908462;3634000.0;142.59927797833936;1.0;0.7151898734177214;;
1516;Ulstein;2022;222;19820.0;51946.0;9831000.0;1879000.0;4673000.0;2908000.0;5745000.0;496.0141271442987;94.80322906155399;235.77194752774975;165.43895055499496;146.7204843592331;110.59561852693182;642.7346115035318;753.3302300304637;2412000.0;121.69525731584258;1.0;0.7790215588723052;;
1517;Hareid;2022;222;12149.0;35472.0;5200000.0;832000.0;2084000.0;651000.0;5594000.0;428.0187669767059;68.48300271627295;171.53675199604905;187.9990122643839;53.58465717342991;157.701849345963;481.6034241501358;639.3052734960988;;;;;;kwh_mangler
1520;Ørsta;2022;222;27475.0;65716.0;15235000.0;1984000.0;6263000.0;1416000.0;3265000.0;554.5040946314832;72.21110100090992;227.95268425841675;254.3403093721565;51.53776160145587;49.68348651774301;606.041856232939;655.7253427506821;3105000.0;113.01182893539581;1.0;0.6389694041867955;;
1525;Stranda;2022;222;10906.0;32077.0;7265000.0;858000.0;2313000.0;411000.0;98000.0;666.1470750045846;78.67229048230332;212.08509077571978;375.38969374656153;37.68567760865579;3.055148548804439;703.8327526132405;706.887901162045;;;;;;kwh_mangler
1528;Sykkylven;2022;222;17882.0;29485.0;6893000.0;408000.0;2524000.0;572000.0;1337000.0;385.47142377810087;22.816239794206464;141.1475226484733;221.5076613354211;31.98747343697573;45.345090724097;417.4588972150766;462.8039879391736;1921000.0;107.42646236438877;1.0;0.21238938053097345;energi_urimelig_lav;implisitt_pris_utenfor
1531;Sula;2022;222;26659.0;57114.0;6608000.0;843000.0;2526000.0;429000.0;5167000.0;247.8712629881091;31.621591207472147;94.75224126936494;121.49743051127199;16.09212648636483;90.46818643414925;263.9633894744739;354.43157590862313;1994000.0;74.79650399489853;1.0;0.4227683049147442;energi_urimelig_lav;implisitt_pris_utenfor
1532;Giske;2022;222;22019.0;41930.0;13821000.0;1305000.0;5580000.0;796000.0;2426000.0;627.6851809800627;59.26699668468141;253.4175030655343;315.000681229847;36.15059721149916;57.85833532077272;663.8357781915619;721.6941135123346;1830000.0;83.11004132794405;1.0;0.7131147540983607;;
1535;Vestnes;2022;222;15667.0;43894.0;6466000.0;1686000.0;2561000.0;932000.0;6378000.0;412.7146230931257;107.61473160145529;163.46460713601837;141.635284355652;59.48809599795749;145.30459743928554;472.20271909108317;617.5073165303687;2036000.0;129.95468181528054;1.0;0.8280943025540275;;
1539;Rauma;2022;222;16943.0;52539.0;9016000.0;2372000.0;3737000.0;388000.0;2108000.0;532.1371657911822;139.99881957150447;220.56306439237443;171.57528182730331;22.90031281355132;40.12257561049887;555.0374786047336;595.1600542152324;1945000.0;114.79667119164256;0.9984575835475579;1.2195372750642675;;
1547;Aukra;2022;222;12100.0;26386.0;6355000.0;1771000.0;2316000.0;501000.0;577000.0;525.2066115702479;146.36363636363637;191.40495867768595;187.43801652892563;41.40495867768595;21.86765709088153;566.6115702479339;588.4792273388153;1458000.0;120.49586776859505;1.0;1.2146776406035666;;
1554;Averøy;2022;222;11852.0;21461.0;8464000.0;1649000.0;3032000.0;880000.0;1036000.0;714.1410732365846;139.13263584205197;255.82180222747215;319.1866351670604;74.24907188660141;48.273612599599275;788.390145123186;836.6637577227852;1535000.0;129.51400607492405;0.9908794788273616;1.0742671009771987;;
1557;Gjemnes;2022;222;5771.0;18282.0;3173000.0;572000.0;1240000.0;258000.0;542000.0;549.8180557962224;99.11627101022353;214.86744065153354;235.83434413446543;44.70629007104488;29.64664697516683;594.5243458672674;624.1709928424342;656000.0;113.67180731242419;1.0;0.8719512195121951;;
1560;Tingvoll;2022;222;10449.0;26517.0;5322000.0;1550000.0;1818000.0;476000.0;1662000.0;509.3310364628194;148.33955402430854;173.9879414298019;187.00354100870896;45.55459852617475;62.67677339065505;554.8856349889942;617.5624083796492;1228000.0;117.52320796248445;1.0;1.262214983713355;;
1563;Sunndal;2022;222;17047.0;48587.0;11689000.0;1667000.0;3177000.0;1049000.0;3003000.0;685.692497213586;97.78846717897578;186.3671027160204;401.5369273185898;61.53575409162902;61.806656101426306;747.2282513052149;809.0349074066412;2533000.0;148.58919457969145;1.0;0.6581129095933675;;
1566;Surnadal;2022;222;13750.0;33305.0;9261000.0;2085000.0;3381000.0;277000.0;1147000.0;673.5272727272727;151.63636363636363;245.8909090909091;276.0;20.145454545454545;34.43927338237502;693.6727272727272;728.1120006551023;2060000.0;149.8181818181818;1.0;1.012135922330097;;
1573;Smøla;2022;222;3996.0;15864.0;3537000.0;475000.0;1117000.0;147000.0;0.0;885.1351351351351;118.86886886886887;279.52952952952955;486.73673673673676;36.786786786786784;0.0;921.9219219219219;921.9219219219219;290000.0;72.57257257257257;1.0;1.6379310344827587;;
1576;Aure;2022;222;7565.0;24457.0;6045000.0;1306000.0;2779000.0;513000.0;0.0;799.074686054197;172.63714474553868;367.349636483807;259.0879048248513;67.81229345670853;0.0;866.8869795109055;866.8869795109055;1235000.0;163.25181758096497;0.8510121457489879;1.0574898785425102;;
1577;Volda;2022;222;25914.0;48341.0;12732000.0;1986000.0;5316000.0;1874000.0;12401000.0;491.3174345913406;76.63811067376707;205.14007872192636;209.53924519564714;72.31612255923439;256.53172255435345;563.633557150575;820.1652797049285;2638000.0;101.79825576908235;1.0;0.7528430629264594;;
1578;Fjord;2022;222;11888.0;31324.0;4846000.0;827000.0;1991000.0;266000.0;0.0;407.6379542395693;69.56594885598923;167.47981157469718;170.5921938088829;22.37550471063257;0.0;430.0134589502019;430.0134589502019;1339000.0;112.63458950201884;1.0;0.6176250933532487;;
1579;Hustadvika;2022;222;39140.0;68596.0;20733000.0;4547000.0;6509000.0;2202000.0;3336000.0;529.7138477261113;116.1727133367399;166.30045988758303;247.24067450178845;56.259580991313236;48.63257332789084;585.9734287174247;634.6060020453156;5248000.0;134.08277976494634;0.9616996951219512;0.8664253048780488;;
1804;Bodø;2022;222;132669.0;245978.0;61790000.0;10838000.0;25623000.0;17158000.0;44654000.0;465.74557733909205;81.6920305421764;193.13479411166136;190.91875268525428;129.32938365405633;181.53656018017872;595.0749609931484;776.6115211733271;15696000.0;118.30947696899803;1.0;0.6904943934760449;;
1806;Narvik;2022;222;48306.0;123762.0;31318000.0;6759000.0;21745000.0;1927000.0;8316000.0;648.3252598020949;139.92050676934542;450.1511199436923;58.25363308905726;39.89152486233594;67.19348426819218;688.216784664431;755.4102689326231;7248000.0;150.0434728605142;0.9619205298013245;0.9325331125827815;;
1811;Bindal;2022;222;3100.0;12312.0;2399000.0;390000.0;923000.0;360000.0;356000.0;773.8709677419355;125.80645161290323;297.741935483871;350.3225806451613;116.12903225806451;28.914879792072774;890.0;918.9148797920727;446000.0;143.8709677419355;1.0;0.874439461883408;;
1812;Sømna;2022;222;6497.0;16671.0;4444000.0;715000.0;1876000.0;231000.0;0.0;684.0080036940126;110.05079267354164;288.7486532245652;285.2085577959058;35.55487147914422;0.0;719.5628751731568;719.5628751731568;1034000.0;159.15037709712175;1.0;0.6914893617021277;;
1813;Brønnøy;2022;222;17427.0;48530.0;6403000.0;1758000.0;0.0;8543000.0;1756000.0;367.41837378780053;100.87794801170597;0.0;266.5404257760946;490.2163309806622;36.183803832680816;857.6347047684627;893.8185086011435;1757000.0;100.82056578871865;1.0;1.0005691519635742;renhold_urimelig_lav;
1815;Vega;2022;222;5400.0;12500.0;2207000.0;769000.0;28000.0;442000.0;0.0;408.7037037037037;142.40740740740742;5.185185185185185;261.1111111111111;81.85185185185185;0.0;490.55555555555554;490.55555555555554;;;;;renhold_urimelig_lav;kwh_mangler
1816;Vevelstad;2022;222;420.0;4662.0;709000.0;166000.0;0.0;387000.0;0.0;1688.095238095238;395.23809523809524;0.0;1292.857142857143;921.4285714285714;0.0;2609.5238095238096;2609.5238095238096;166000.0;395.23809523809524;1.0;1.0;areal_for_lite|renhold_urimelig_lav;areal_for_lite
1818;Herøy (Nordland);2022;222;3988.0;12680.0;2799000.0;627000.0;1381000.0;448000.0;476000.0;701.8555667001003;157.22166499498496;346.2888665997994;198.34503510531596;112.3370110330993;37.53943217665615;814.1925777331996;851.7320099098558;878000.0;220.160481444333;1.0;0.7141230068337131;;
1820;Alstahaug;2022;222;18300.0;50832.0;8152000.0;2198000.0;3025000.0;5010000.0;4956000.0;445.46448087431696;120.10928961748634;165.30054644808743;160.05464480874318;273.7704918032787;97.49763928234184;719.2349726775956;816.7326119599375;3341000.0;182.56830601092895;1.0;0.6578868602214906;;
1822;Leirfjord;2022;222;7269.0;18898.0;3856000.0;653000.0;794000.0;544000.0;230000.0;530.4718668317513;89.83353968909066;109.23098087769982;331.4073462649608;74.8383546567616;12.170600063498783;605.3102214885129;617.4808215520117;1572000.0;216.2608336772596;1.0;0.4153944020356234;;implisitt_pris_utenfor
1824;Vefsn;2022;222;35600.0;74993.0;20471000.0;3933000.0;4599000.0;2062000.0;5756000.0;575.0280898876405;110.47752808988764;129.18539325842696;335.36516853932585;57.92134831460674;76.75383035750004;632.9494382022472;709.7032685597472;5219000.0;146.6011235955056;1.0;0.7535926422686339;;
1825;Grane;2022;222;5550.0;13298.0;4987000.0;836000.0;2197000.0;415000.0;0.0;898.5585585585585;150.63063063063063;395.85585585585585;352.07207207207205;74.77477477477477;0.0;973.3333333333334;973.3333333333334;992000.0;178.73873873873873;1.0;0.842741935483871;;
1826;Hattfjelldal - Aarborte;2022;222;5946.0;18371.0;4522000.0;1515000.0;1647000.0;2394000.0;675000.0;760.5112680793811;254.7931382441978;276.9929364278507;228.72519340733265;402.62361251261353;36.7426922867563;1163.1348805919947;1199.877572878751;1678000.0;282.2065253952237;0.8176400476758046;0.902860548271752;;
1827;Dønna;2022;222;3210.0;13662.0;4445000.0;1493000.0;670000.0;412000.0;2387000.0;1384.7352024922118;465.10903426791276;208.7227414330218;710.9034267912773;128.34890965732086;174.71819645732688;1513.0841121495328;1687.8023086068597;1204000.0;375.07788161993767;1.0;1.2400332225913622;DV_uteligger_hoy;kwh_uteligger
1828;Nesna;2022;222;3477.0;9666.0;2779000.0;724000.0;1048000.0;8000.0;518000.0;799.2522289329883;208.2254817371297;301.4092608570607;289.6174863387978;2.3008340523439745;53.589902751913925;801.5530629853322;855.1429657372461;508000.0;146.1029623238424;1.0;1.4251968503937007;;
1832;Hemnes;2022;222;14452.0;37475.0;8143000.0;1946000.0;2591000.0;1519000.0;326000.0;563.451425408248;134.65264323277054;179.2831442014946;249.51563797398285;105.10655964572378;8.699132755170114;668.5579850539717;677.2571178091418;2931000.0;202.80929975089953;1.0;0.6639372227908563;;
1833;Rana;2022;222;52642.0;105893.0;31852000.0;6459000.0;11597000.0;9897000.0;10713000.0;605.0681964970936;122.69670605220166;220.29938072261692;262.072109722275;188.0057748565784;101.16816031276855;793.0739713536719;894.2421316664405;7171000.0;136.2220280384484;1.0;0.9007111978803514;;
1834;Lurøy;2022;222;10658.0;23500.0;6743000.0;1560000.0;74000.0;2195000.0;8000.0;632.6702946143741;146.36892475136048;6.943141302308125;479.3582285607056;205.9485832238694;0.3404255319148936;838.6188778382435;838.9593033701584;1513000.0;141.95909176205666;1.0;1.0310641110376737;renhold_urimelig_lav;
1835;Træna;2022;222;920.0;5050.0;1625000.0;463000.0;341000.0;318000.0;126000.0;1766.304347826087;503.2608695652174;370.6521739130435;892.3913043478261;345.6521739130435;24.95049504950495;2111.9565217391305;2136.9070167886352;273000.0;296.7391304347826;1.0;1.695970695970696;DV_uteligger_hoy;kwh_uteligger
1836;Rødøy;2022;222;7678.0;15719.0;3242000.0;801000.0;1287000.0;944000.0;0.0;422.2453764001042;104.32404271945819;167.621776504298;150.299557176348;122.94868455326908;0.0;545.1940609533733;545.1940609533733;787000.0;102.50065121125293;1.0;1.0177890724269378;;
1837;Meløy;2022;222;21985.0;42380.0;14274000.0;2306000.0;4558000.0;627000.0;5245000.0;649.2608596770525;104.88969752103706;207.3231748919718;337.0479872640437;28.519445076188312;123.76120811703633;677.7803047532409;801.5415128702772;3055000.0;138.95838071412328;1.0;0.7548281505728313;;
1838;Gildeskål;2022;222;6948.0;20252.0;5690000.0;954000.0;2103000.0;312000.0;594000.0;818.9407023603915;137.30569948186528;302.6770293609672;378.957973517559;44.90500863557858;29.330436500098756;863.8457109959701;893.1761474960688;1012000.0;145.65342544617155;1.0;0.9426877470355731;;
1839;Beiarn;2022;222;1900.0;11383.0;1726000.0;282000.0;562000.0;114000.0;416000.0;908.421052631579;148.42105263157896;295.7894736842105;464.2105263157895;60.0;36.54572608275499;968.421052631579;1004.9667787143339;394000.0;207.3684210526316;1.0;0.7157360406091371;;
1840;Saltdal;2022;222;13127.0;32861.0;8949000.0;815000.0;4258000.0;920000.0;1318000.0;681.724689571113;62.085777405347756;324.36961986744876;295.26929229831643;70.08455854346005;40.10833510848727;751.809248114573;791.9175832230603;2096000.0;159.67090729031767;1.0;0.3888358778625954;;implisitt_pris_utenfor
1841;Fauske - Fuossko;2022;222;16360.0;41495.0;9598000.0;1749000.0;4636000.0;986000.0;13448000.0;586.6748166259168;106.90709046454768;283.37408312958433;196.39364303178485;60.26894865525672;324.0872394264369;646.9437652811736;971.0310047076105;2760000.0;168.7041564792176;1.0;0.6336956521739131;;
1845;Sørfold;2022;222;9594.0;23702.0;5376000.0;606000.0;1921000.0;240000.0;185000.0;560.3502188868042;63.16447779862414;200.22930998540755;296.95643110277257;25.015634771732334;7.805248502236098;585.3658536585366;593.1711021607726;1798000.0;187.40879716489474;1.0;0.33704115684093433;;implisitt_pris_utenfor
1848;Steigen;2022;222;8506.0;21347.0;5503000.0;1479000.0;1972000.0;659000.0;13559000.0;646.9550905243358;173.87726310839406;231.8363508111921;241.24147660474958;77.47472372442981;635.171218438188;724.4298142487655;1359.6010326869537;2001000.0;235.2457089113567;1.0;0.7391304347826086;;
1851;Lødingen;2022;222;6519.0;16936.0;4598000.0;655000.0;1041000.0;274000.0;729000.0;705.3229022856266;100.47553305721736;159.6870685687989;445.16030065961036;42.030986347599324;43.044402456306095;747.353888633226;790.3982910895321;;;;;;kwh_mangler
1853;Evenes - Evenássi;2022;222;3561.0;14741.0;2474000.0;440000.0;826000.0;120000.0;419000.0;694.7486661050267;123.56079752878405;231.9573153608537;339.2305532153889;33.69839932603201;28.424123193813173;728.4470654310587;756.8711886248719;454000.0;127.49227745015445;1.0;0.9691629955947137;;
1856;Røst;2022;222;4500.0;11081.0;2449000.0;603000.0;674000.0;20000.0;406000.0;544.2222222222222;134.0;149.77777777777777;260.44444444444446;4.444444444444445;36.63929248262792;548.6666666666666;585.3059591492945;812000.0;180.44444444444446;1.0;0.7426108374384236;;
1857;Værøy;2022;222;3500.0;7950.0;1562000.0;262000.0;626000.0;35000.0;136000.0;446.2857142857143;74.85714285714286;178.85714285714286;192.57142857142858;10.0;17.10691823899371;456.2857142857143;473.392632524708;355000.0;101.42857142857143;1.0;0.7380281690140845;;
1859;Flakstad;2022;222;821.0;5913.0;1770000.0;266000.0;0.0;548000.0;196000.0;2155.907429963459;323.9951278928136;0.0;1831.9123020706456;667.4786845310597;33.14730255369525;2823.386114494519;2856.5334170482142;198000.0;241.16930572472594;1.0;1.3434343434343434;renhold_urimelig_lav;
1860;Vestvågøy;2022;222;26733.0;63217.0;15597000.0;5244000.0;5800000.0;2438000.0;1931000.0;583.4362024464145;196.16204690831557;216.96031122582576;170.31384431227323;91.19814461526951;30.54558109369315;674.634347061684;705.1799281553772;5592000.0;209.17966558186512;0.9445636623748211;0.9377682403433476;;
1865;Vågan;2022;222;29277.0;61002.0;12170000.0;3539000.0;0.0;9482000.0;3709000.0;415.6846671448577;120.8798715715408;0.0;294.80479557331694;323.8719814188612;60.80128520376381;739.5566485637189;800.3579337674827;4094000.0;139.83673190559142;1.0;0.8644357596482658;renhold_urimelig_lav;
1866;Hadsel;2022;222;19105.0;43529.0;11403000.0;2371000.0;4329000.0;1370000.0;3163000.0;596.8594608741167;124.10363779115414;226.5898979324784;246.16592515048416;71.70897670766816;72.66420087757587;668.5684375817849;741.2326384593607;3393000.0;177.5974875686993;1.0;0.6987916298261125;;
1867;Bø;2022;222;10175.0;23899.0;5755000.0;1133000.0;1974000.0;296000.0;0.0;565.6019656019656;111.35135135135135;194.004914004914;260.2457002457002;29.09090909090909;0.0;594.6928746928747;594.6928746928747;1465000.0;143.98034398034397;1.0;0.7733788395904437;;
1868;Øksnes;2022;222;8280.0;32064.0;3987000.0;935000.0;2009000.0;905000.0;2047000.0;481.5217391304348;112.92270531400966;242.6328502415459;125.96618357487922;109.29951690821257;63.84106786427146;590.8212560386473;654.6623239029188;1450000.0;175.12077294685992;1.0;0.6448275862068965;;
1870;Sortland - Suortá;2022;222;21611.0;64239.0;12934000.0;2484000.0;5479000.0;2637000.0;4433000.0;598.4915089537735;114.94146499467864;253.52829577529963;230.0217481837953;122.02119291101754;69.00792353554694;720.5127018647911;789.5206254003381;3212000.0;148.6280135116376;1.0;0.7733499377334994;;
1871;Andøy;2022;222;8370.0;25297.0;6114000.0;824000.0;1965000.0;396000.0;48000.0;730.4659498207885;98.4468339307049;234.76702508960574;397.2520908004779;47.31182795698925;1.8974581966241055;777.7777777777778;779.675235974402;1031000.0;123.17801672640383;1.0;0.7992240543161978;;
1874;Moskenes;2022;222;1539.0;5990.0;2015000.0;688000.0;0.0;464000.0;0.0;1309.2917478882391;447.043534762833;0.0;862.2482131254061;301.49447693307343;0.0;1610.7862248213125;1610.7862248213125;848000.0;551.0071474983756;1.0;0.8113207547169811;renhold_urimelig_lav;kwh_urimelig_hoy
1875;Hamarøy - Hábmer;2022;222;8048.0;22253.0;5625000.0;987000.0;1881000.0;242000.0;1503000.0;698.9314115308151;122.63916500994036;233.72266401590457;342.5695825049702;30.069582504970178;67.54145508470768;729.0009940357853;796.542449120493;1476000.0;183.39960238568588;1.0;0.6686991869918699;;
2111;Longyearbyen;2022;222;6799.0;16435.0;4671000.0;1201000.0;1630000.0;620000.0;2924000.0;687.0127959994117;176.6436240623621;239.74113840270627;270.6280335343433;91.18988086483306;177.91299056890782;778.2026768642447;956.1156674331526;497000.0;73.09898514487425;1.0;2.4164989939637826;;
3001;Halden (2020-2023);2022;222;58874.0;99574.0;23749000.0;9614000.0;7138000.0;4335000.0;9717000.0;403.38689404490947;163.2978904100282;121.24197438597683;118.84702924890443;73.63182389509801;97.5857151465242;477.0187179400075;574.6044330865317;7356000.0;124.94479736386181;0.9970092441544317;1.3069603045133225;;
3002;Moss (2020-2023);2022;222;97271.0;185054.0;50624000.0;15405000.0;18006000.0;9480000.0;21318000.0;520.4428863690102;158.37197109107544;185.11169824510904;176.95921703282582;97.45967451758489;115.19880683476174;617.9025608865952;733.101367721357;12255000.0;125.98821848238427;1.0;1.2570379436964503;;
3003;Sarpsborg (2020-2023);2022;222;104212.0;230887.0;84946000.0;25102000.0;22141000.0;14829000.0;20455000.0;815.1268567919242;240.87437147353472;212.46113691321537;361.79134840517406;142.2964725751353;88.59312131042458;957.4233293670594;1046.016450677484;11664000.0;111.92568993973822;1.0;2.1520919067215365;;
3004;Fredrikstad (2020-2023);2022;222;177501.0;384690.0;140712000.0;33224000.0;18494000.0;-10512000.0;32595000.0;792.7391958355164;187.17641027374495;104.19096230443772;501.37182325733374;-59.2222015650616;84.73056227091944;733.5169942704548;818.2475565413743;18793000.0;105.87545985656419;0.9976587027084552;1.767892300324589;vedlikehold_negativ;
3005;Drammen (2020-2023);2022;222;208812.0;387446.0;92591000.0;24418000.0;31571000.0;25044000.0;51720000.0;443.41800279677415;116.93772388560045;151.19341800279676;175.28686090837692;119.93563588299523;133.48957015945447;563.3536386797693;696.8432088392238;19968000.0;95.62668812137234;1.0;1.2228565705128205;;
3006;Kongsberg (2020-2023);2022;222;56038.0;94073.0;41644000.0;12559000.0;11715000.0;4654000.0;20205000.0;743.1385845319247;224.1157785788215;209.05457011313752;309.96823583996576;83.05078696598737;214.7800112678452;826.1893714979121;1040.9693827657572;4462000.0;79.62454049038152;1.0;2.814657104437472;;
3007;Ringerike (2020-2023);2022;222;66745.0;115003.0;50579000.0;13175000.0;11815000.0;3878000.0;6241000.0;757.7945913551576;197.39306315079781;177.01700501910256;383.3845231852573;58.101730466701625;54.26814952653409;815.8963218218593;870.1644713483934;6336000.0;94.92845906060379;1.0;2.0793876262626263;;
3011;Hvaler (2020-2023);2022;222;10434.0;24408.0;7630000.0;2333000.0;2541000.0;38000.0;3830000.0;731.2631780716887;223.59593636189382;243.53076480736055;264.13647690243437;3.641939812152578;156.91576532284498;734.9051178838413;891.8208832066863;790000.0;75.71401188422465;1.0;2.9531645569620255;;
3012;Aremark (2020-2023);2022;222;5427.0;15974.0;3065000.0;723000.0;1350000.0;168000.0;288000.0;564.7687488483508;133.22277501381978;248.75621890547265;182.7897549290584;30.95632946379215;18.029297608613998;595.725078312143;613.754375920757;516000.0;95.08015478164732;1.0;1.4011627906976742;;
3013;Marker (2020-2023);2022;222;7820.0;22820.0;4927000.0;1181000.0;1922000.0;259000.0;639000.0;630.0511508951406;151.0230179028133;245.78005115089513;233.24808184143222;33.12020460358056;28.001752848378615;663.1713554987213;691.1731083470999;673000.0;86.06138107416879;0.9301634472511144;1.7548291233283806;;
3014;Indre Østfold (2020-2023);2022;222;95718.0;175920.0;59634000.0;18941000.0;19527000.0;5918000.0;12498000.0;623.0176142418354;197.88336572013623;204.0055162038488;221.12873231785036;61.82745147203243;71.04365620736698;684.8450657138678;755.8887219212348;12905000.0;134.8231262667419;0.9571483920960868;1.4677256877179385;;
3015;Skiptvet (2020-2023);2022;222;13747.0;26884.0;9482000.0;3831000.0;2599000.0;1452000.0;686000.0;689.7504910162218;278.67898450571033;189.05943114861424;222.01207536189713;105.6230450280061;25.51703615533403;795.3735360442279;820.8905721995619;2293000.0;166.80002909725758;1.0;1.670737025730484;;
3016;Rakkestad (2020-2023);2022;222;18502.0;39467.0;11422000.0;4367000.0;3164000.0;290000.0;1421000.0;617.3386660901524;236.02853745541023;171.00853961733867;210.30158901740353;15.67398119122257;36.00476347328148;633.0126472813749;669.0174107546565;1516000.0;81.9370878823911;1.0;2.8806068601583115;;
3017;Råde (2020-2023);2022;222;16947.0;31433.0;10541000.0;3809000.0;3743000.0;1378000.0;2080000.0;621.9979937452057;224.7595444621467;220.86504986133238;176.37339942172656;81.31232666548652;66.17249387586294;703.3103204106922;769.4828142865551;2200000.0;129.8164866938101;1.0;1.7313636363636364;;
3018;Våler (Viken) (2020-2023);2022;222;12061.0;26701.0;13460000.0;3574000.0;3988000.0;1161000.0;1714000.0;1115.9936986982837;296.3270043943288;330.6525163750933;489.0141779288616;96.26067490257856;64.19235234635407;1212.2543736008622;1276.4467259472162;1076000.0;89.21316640411243;1.0;3.3215613382899627;;implisitt_pris_utenfor
3019;Vestby (2020-2023);2022;222;43879.0;88625.0;27328000.0;7800000.0;9279000.0;6078000.0;10944000.0;622.8036190432781;177.76157159461246;211.46790036236013;233.57414708630552;138.51728617334032;123.48660084626235;761.3209052166185;884.8075060628809;4097000.0;93.370404977324;1.0;1.9038320722479865;;
3020;Nordre Follo (2020-2023);2022;222;125234.0;253949.0;82237000.0;26715000.0;21374000.0;13325000.0;23668000.0;656.6667199003466;213.3206637175208;170.67250107798202;272.67355510484373;106.40081766932303;93.19981571102859;763.0675375696695;856.2673532806981;14346000.0;114.55355574364789;0.9982573539662624;1.8621915516520284;;
3021;Ås (2020-2023);2022;222;54934.0;118417.0;37623000.0;9055000.0;11121000.0;4296000.0;12055000.0;684.8763971311027;164.83416463392436;202.4429315178214;317.59930097935705;78.2029344304074;101.80126164317623;763.0793315615102;864.8805932046864;5053000.0;91.98310700112863;1.0;1.7920047496536713;;
3022;Frogn (2020-2023);2022;222;32750.0;76937.0;21058000.0;5427000.0;6308000.0;3209000.0;3964000.0;642.9923664122138;165.70992366412213;192.61068702290078;284.67175572519085;97.98473282442748;51.52267439593434;740.9770992366413;792.4997736325756;0.0;0.0;;;;kwh_null|kwh_urimelig_lav
3023;Nesodden (2020-2023);2022;222;37977.0;70808.0;37263000.0;10028000.0;11350000.0;5651000.0;7395000.0;981.1991468520421;264.054559338547;298.865102562077;418.27948495141794;148.800589830687;104.437351711671;1129.999736682729;1234.4370883944;5645000.0;148.64259946809912;1.0;1.7764393268379095;;
3024;Bærum (2020-2023);2022;222;305503.0;599285.0;180084000.0;52691000.0;43414000.0;40637000.0;101619000.0;589.4672065413433;172.47293807262122;142.1066241575369;274.88764431118517;133.01669705371143;169.56706742201123;722.4839035950547;892.0509710170659;37717000.0;123.45868944003823;1.0;1.3970093061484212;;
3025;Asker (2020-2023);2022;222;237853.0;448887.0;130925000.0;31830000.0;41215000.0;29148000.0;69554000.0;550.4450227661623;133.8221506560775;173.27929435407583;243.34357775600895;122.5462785838312;154.94768171054184;672.9913013499935;827.9389830605353;23157000.0;97.35845248956288;0.9927019907587339;1.3745303795828476;;
3026;Aurskog-Høland (2020-2023);2022;222;46134.0;88365.0;31869000.0;7897000.0;7784000.0;1399000.0;5960000.0;690.7920405774483;171.17527203364114;168.7258854640829;350.8908830797243;30.324706290371527;67.44751881401007;721.1167468678199;788.56426568183;5970000.0;129.40564442710365;1.0;1.3227805695142378;;
3027;Rælingen (2020-2023);2022;222;54189.0;100379.0;23361000.0;5500000.0;6245000.0;1741000.0;6902000.0;431.1022532248242;101.49661370388824;115.24479137832401;214.36084814261196;32.128291719721716;68.75940186692435;463.23054494454595;531.9899468114703;4122000.0;76.06709848862316;1.0;1.3343037360504608;;
3028;Enebakk (2020-2023);2022;222;26700.0;63320.0;22485000.0;7829000.0;7183000.0;1237000.0;2777000.0;842.1348314606741;293.2209737827715;269.0262172284644;279.8876404494382;46.329588014981276;43.85660138976627;888.4644194756554;932.3210208654217;3077000.0;115.2434456928839;1.0;2.544361390965226;;
3029;Lørenskog (2020-2023);2022;222;76529.0;181299.0;61358000.0;19918000.0;15734000.0;9491000.0;10527000.0;801.7614237739941;260.2673496321656;205.59526454023964;335.89880960158894;124.01834598648878;58.06430261612033;925.779769760483;983.8440723766033;8032000.0;104.95367769081003;1.0;2.4798306772908365;;
3030;Lillestrøm (2020-2023);2022;222;199682.0;393283.0;144378000.0;44348000.0;42144000.0;15879000.0;29120000.0;723.0396330164963;222.09312807363708;211.05557836960767;289.8909265732515;79.52143908815016;74.04337334692829;802.5610721046464;876.6044454515747;26789000.0;134.15831171562786;1.0;1.655455597446713;;
3031;Nittedal (2020-2023);2022;222;57909.0;109060.0;34758000.0;8409000.0;8731000.0;8664000.0;9035000.0;600.2175827591566;145.2105890276123;150.77103731717006;304.2359564143743;149.61404962959125;82.84430588666788;749.8316323887478;832.6759382754158;5012000.0;86.54958642007287;0.9862330407023144;1.6777733439744613;;
3032;Gjerdrum (2020-2023);2022;222;15868.0;33234.0;9228000.0;4031000.0;1753000.0;1040000.0;9671000.0;581.547769095034;254.03327451474667;110.47390975548274;217.04058482480463;65.54071086463323;290.9971715712824;647.0884799596672;938.0856515309497;2143000.0;135.05167632972018;0.6980867942137191;1.88100793280448;;
3033;Ullensaker (2020-2023);2022;222;90077.0;161828.0;66634000.0;25933000.0;19355000.0;7516000.0;14143000.0;739.7448849317806;287.8981315985213;214.8717208610411;236.9750324722182;83.43972379186695;87.39525916405071;823.1846087236476;910.5798678876982;13515000.0;150.0383005650721;1.0;1.9188309285978544;;
3034;Nes (2020-2023);2022;222;44760.0;81564.0;27290000.0;9945000.0;7204000.0;5407000.0;10848000.0;609.6961572832887;222.18498659517425;160.9472743521001;226.5638963360143;120.79982126899017;132.99985287626893;730.4959785522789;863.4958314285478;5522000.0;123.36907953529938;1.0;1.8009779065555958;;
3035;Eidsvoll (2020-2023);2022;222;51685.0;90364.0;36416000.0;12299000.0;10904000.0;5106000.0;10815000.0;704.575795685402;237.9607236142014;210.97030086098482;255.64477121021574;98.7907516687627;119.68261697136028;803.3665473541646;923.0491643255249;7360000.0;142.4010834865048;1.0;1.6710597826086955;;
3036;Nannestad (2020-2023);2022;222;27279.0;49728.0;23433000.0;9491000.0;5935000.0;1978000.0;3068000.0;859.0124271417574;347.9233109718098;217.56662634260786;293.5224898273397;72.50998936911176;61.6956241956242;931.5224165108692;993.2180407064934;5492000.0;201.32702811686644;0.9834304442825929;1.728150036416606;;
3037;Hurdal (2020-2023);2022;222;5766.0;15171.0;4211000.0;1276000.0;1347000.0;322000.0;1772000.0;730.3156434269857;221.29725979882068;233.6108220603538;275.4075615678113;55.84460631286854;116.80179289433788;786.1602497398543;902.9620426341921;1019000.0;176.72563302115853;1.0;1.2522080471050048;;
3038;Hole (2020-2023);2022;222;15663.0;29973.0;11780000.0;3435000.0;3394000.0;934000.0;2874000.0;752.0909148949754;219.3066462363532;216.68901232203282;316.0952563365894;59.63097746281044;95.8862976679011;811.7218923577859;907.608190025687;1403000.0;89.5741556534508;1.0;2.4483250178189597;;
3039;Flå (2020-2023);2022;222;4074.0;13494.0;3172000.0;1114000.0;649000.0;44000.0;839000.0;778.5959744722632;273.4413352970054;159.30289641629847;345.85174275895923;10.800196367206677;62.17578182896102;789.3961708394698;851.5719526684309;778000.0;190.9671084928817;1.0;1.4318766066838047;;
3040;Nesbyen (2020-2023);2022;222;9583.0;34093.0;3783000.0;546000.0;1859000.0;408000.0;4748000.0;394.76155692371907;56.97589481373265;193.9893561515183;143.7963059584681;42.57539392674528;139.26612501099933;437.33695085046435;576.6030758614637;874000.0;91.20317228425337;1.0;0.6247139588100686;;
3041;Gol (2020-2023);2022;222;11100.0;37004.0;4705000.0;443000.0;2082000.0;32000.0;2531000.0;423.8738738738739;39.909909909909906;187.56756756756758;196.3963963963964;2.8828828828828827;68.39801102583505;426.7567567567568;495.1547677825918;1097000.0;98.82882882882883;1.0;0.40382862351868726;energi_urimelig_lav;implisitt_pris_utenfor
3042;Hemsedal (2020-2023);2022;222;7308.0;21858.0;4838000.0;466000.0;2187000.0;1441000.0;2225000.0;662.0142309797483;63.765736179529284;299.2610837438424;298.9874110563766;197.18117131910236;101.79339372312197;859.1954022988506;960.9887960219726;710000.0;97.15380405035577;1.0;0.6563380281690141;;
3043;Ål (2020-2023);2022;222;12449.0;38656.0;6577000.0;1044000.0;1841000.0;1320000.0;3676000.0;528.3155273515945;83.86215760302032;147.88336412563257;296.5700056229416;106.03261306129006;95.09519867549669;634.3481404128846;729.4433390883813;487000.0;39.11960800064262;1.0;2.1437371663244353;;kwh_urimelig_lav
3044;Hol (2020-2023);2022;222;11742.0;34127.0;10429000.0;966000.0;3191000.0;611000.0;4518000.0;888.1791858286493;82.26877874297394;271.759495826946;534.1509112587294;52.03542837676716;132.38784540100215;940.2146142054164;1072.6024596064185;2080000.0;177.1418838358031;1.0;0.4644230769230769;;implisitt_pris_utenfor
3045;Sigdal (2020-2023);2022;222;9800.0;28782.0;8051000.0;2662000.0;2146000.0;647000.0;2821000.0;821.530612244898;271.6326530612245;218.9795918367347;330.9183673469388;66.0204081632653;98.01264679313459;887.5510204081633;985.5636672012979;1385000.0;141.3265306122449;1.0;1.9220216606498195;;
3046;Krødsherad (2020-2023);2022;222;3774.0;19464.0;4331000.0;1423000.0;886000.0;631000.0;1841000.0;1147.588765235824;377.05352411234765;234.76417594064654;535.77106518283;167.19660837307896;94.58487464036169;1314.785373608903;1409.3702482492647;810000.0;214.62639109697932;1.0;1.7567901234567902;;
3047;Modum (2020-2023);2022;222;31604.0;78910.0;26940000.0;3591000.0;9701000.0;2235000.0;5165000.0;852.423743829895;113.62485761296038;306.9548158460954;431.8440703708391;70.71889634223515;65.45431504245343;923.1426401721301;988.5969552145835;3796000.0;120.11137830654347;0.9646996838777661;0.945995785036881;;
3048;Øvre Eiker (2020-2023);2022;222;39144.0;88251.0;29495000.0;7530000.0;8104000.0;4288000.0;9236000.0;753.4998978132026;192.36664622930718;207.0304516656448;354.1027999182506;109.54424688330268;104.6560378919219;863.0441446965052;967.7001825884271;5017000.0;128.1677907214388;0.9818616703209089;1.5008969503687464;;
3049;Lier (2020-2023);2022;222;65925.0;120276.0;34411000.0;7838000.0;2050000.0;5865000.0;19443000.0;521.9719378081153;118.89268107698142;31.095942358740995;371.9833143723929;88.96473265073948;161.65319764541553;610.9366704588548;772.5898681042703;6548000.0;99.32499051952976;1.0;1.197006719609041;renhold_urimelig_lav;
3050;Flesberg (2020-2023);2022;222;17258.0;27158.0;5958000.0;785000.0;1465000.0;163000.0;1532000.0;345.23119712597054;45.4861513500985;84.88816780623479;214.85687796963728;9.444895121103256;56.410634067309815;354.6760922470738;411.08672631438367;2053000.0;118.95932321242323;1.0;0.3823672674135411;DV_uteligger_lav;implisitt_pris_utenfor
3051;Rollag (2020-2023);2022;222;4900.0;18541.0;2602000.0;1003000.0;509000.0;36000.0;2023000.0;531.0204081632653;204.69387755102042;103.87755102040816;222.44897959183675;7.346938775510204;109.10954101720512;538.3673469387755;647.4768879559806;92000.0;18.775510204081634;1.0;10.902173913043478;;kwh_urimelig_lav|implisitt_pris_utenfor
3052;Nore og Uvdal (2020-2023);2022;222;5274.0;27490.0;5809000.0;1284000.0;1605000.0;390000.0;3509000.0;1101.4410314751613;243.45847554038681;304.32309442548353;553.6594615092908;73.94766780432309;127.64641687886504;1175.3886992794842;1303.0351161583492;542000.0;102.76829730754645;1.0;2.3690036900369007;;
3053;Jevnaker (2020-2023);2022;222;14750.0;40743.0;11650000.0;3089000.0;4121000.0;682000.0;2927000.0;789.8305084745763;209.42372881355934;279.3898305084746;301.0169491525424;46.23728813559322;71.84056156885845;836.0677966101695;907.9083581790279;1792000.0;121.49152542372882;1.0;1.7237723214285714;;
3054;Lunner (2020-2023);2022;222;24785.0;45869.0;17367000.0;4704000.0;5174000.0;1666000.0;3121000.0;700.7060722211015;189.79221303207586;208.75529554165826;302.1585636473674;67.2180754488602;68.04159672109704;767.9241476699617;835.9657443910587;3588000.0;144.76497881783337;1.0;1.3110367892976589;;
3401;Kongsvinger;2022;222;34366.0;78000.0;20238000.0;5718000.0;5510000.0;2899000.0;11680000.0;588.8960018623058;166.38538089972647;160.3328871559099;262.1777338066694;84.35663155444334;149.74358974358975;673.2526334167491;822.9962231603388;3381000.0;98.38212186463365;1.0;1.6912156166814551;;
3403;Hamar;2022;222;81190.0;193404.0;58520000.0;14778000.0;15686000.0;3757000.0;14028000.0;720.7784209878064;182.01748983865008;193.20113314447593;345.5597980046804;46.274171696021675;72.53210895327915;767.052592683828;839.5847016371072;7650000.0;94.22342653036088;1.0;1.9317647058823528;;
3405;Lillehammer;2022;222;53250.0;120279.0;32726000.0;7178000.0;10976000.0;2227000.0;18147000.0;614.5727699530516;134.7981220657277;206.12206572769952;273.6525821596244;41.821596244131456;150.87421744444168;656.3943661971831;807.2685836416248;5459000.0;102.51643192488262;1.0;1.3148928375160287;;
3407;Gjøvik;2022;222;59000.0;144673.0;37003000.0;12761000.0;11883000.0;6207000.0;14467000.0;627.1694915254237;216.28813559322035;201.40677966101694;209.47457627118644;105.20338983050847;99.99792635806267;732.3728813559322;832.370807713995;7101000.0;120.35593220338983;0.9531051964512041;1.7970708350936488;;
3411;Ringsaker;2022;222;76228.0;157711.0;48225000.0;19381000.0;13228000.0;7097000.0;19828000.0;632.6415490370993;254.2504066747127;173.53203547252977;204.85910688985675;93.10227213097549;125.7236337351231;725.7438211680748;851.4674549031979;7773000.0;101.97040457574644;0.9615335134439728;2.4933745014794804;;
3412;Løten;2022;222;18779.0;38751.0;13421000.0;4831000.0;3752000.0;659000.0;1109000.0;714.6812929335961;257.25544491186963;199.7976463070451;257.62820171468127;35.09239043612546;28.618616293773062;749.7736833697215;778.3922996634946;2384000.0;126.9503168432824;1.0;2.026426174496644;;
3413;Stange;2022;222;55280.0;96524.0;37977000.0;16021000.0;9548000.0;5097000.0;10172000.0;686.993487698987;289.81548480463096;172.7206946454414;224.45730824891461;92.20332850940666;105.38311715221084;779.1968162083937;884.5799333606045;7128000.0;128.9435600578871;1.0;2.247615039281706;;
3414;Nord-Odal;2022;222;11794.0;28823.0;7530000.0;3117000.0;2340000.0;299000.0;3270000.0;638.4602340172969;264.28692555536713;198.40596913684925;175.76733932508054;25.351873834152958;113.45106338687853;663.8121078514499;777.2631712383285;1722000.0;146.00644395455316;1.0;1.8101045296167246;;
3415;Sør-Odal;2022;222;14700.0;34464.0;8267000.0;2497000.0;2697000.0;317000.0;4344000.0;562.3809523809524;169.8639455782313;183.46938775510205;209.04761904761904;21.564625850340136;126.04456824512535;583.9455782312925;709.9901464764179;2234000.0;151.97278911564626;1.0;1.1177260519247985;;
3416;Eidskog;2022;222;10120.0;30032.0;9345000.0;3478000.0;2097000.0;799000.0;3518000.0;923.4189723320158;343.67588932806325;207.21343873517787;372.5296442687747;78.95256916996047;117.14171550346298;1002.3715415019763;1119.5132570054393;1272000.0;125.69169960474308;1.0;2.7342767295597485;;
3417;Grue;2022;222;5599.0;20912.0;4134000.0;962000.0;1609000.0;543000.0;1274000.0;738.3461332380782;171.8163957849616;287.3727451330595;279.15699232005716;96.98160385783176;60.921958684009184;835.32773709591;896.2496957799192;857000.0;153.0630469726737;1.0;1.1225204200700116;;
3418;Åsnes;2022;222;22000.0;41800.0;13911000.0;5335000.0;3983000.0;768000.0;2156000.0;632.3181818181819;242.5;181.04545454545453;208.77272727272728;34.90909090909091;51.578947368421055;667.2272727272727;718.8062200956938;3089000.0;140.4090909090909;0.8886370993849142;1.7270961476205893;;
3419;Våler (Innlandet);2022;222;5171.0;26050.0;5461000.0;1176000.0;1977000.0;98000.0;2223000.0;1056.0819957455037;227.4221620576291;382.32450203055504;446.33533165731967;18.951846838135758;85.3358925143954;1075.0338425836396;1160.369735098035;816000.0;157.80313285631405;0.9607843137254902;1.4411764705882355;;
3420;Elverum;2022;222;46094.0;105943.0;34052000.0;10482000.0;11348000.0;2312000.0;7434000.0;738.7512474508612;227.40486831257866;246.19256302338698;265.1538161148957;50.15837202238903;70.16980829313876;788.9096194732504;859.0794277663891;5555000.0;120.51460059877641;1.0;1.8869486948694871;;
3421;Trysil;2022;222;13474.0;30860.0;9015000.0;3216000.0;1947000.0;1351000.0;1449000.0;669.0663500074216;238.68190589283063;144.50051951907378;285.88392459551727;100.26718123793974;46.95398574206092;769.3335312453614;816.2875169874224;1679000.0;124.61036069467121;1.0;1.915425848719476;;
3422;Åmot;2022;222;9815.0;26728.0;7713000.0;3959000.0;1447000.0;383000.0;4412000.0;785.8380030565461;403.3622007131941;147.42740703005603;235.04839531329597;39.02190524707081;165.0703382220892;824.8599083036169;989.930246525706;1187000.0;120.93734080489047;1.0;3.335299073294019;;implisitt_pris_utenfor
3423;Stor-Elvdal;2022;222;6811.0;16987.0;4642000.0;1451000.0;1113000.0;310000.0;1622000.0;681.5445602701512;213.03773307884305;163.4121274409044;305.0946997504038;45.51460872118631;95.48478248072055;727.0591689913375;822.5439514720581;902000.0;132.43282924680665;1.0;1.6086474501108645;;
3424;Rendalen;2022;222;5353.0;15320.0;2359000.0;1934000.0;0.0;124000.0;9633000.0;440.6874649729124;361.2927330468896;0.0;79.39473192602279;23.164580609004297;628.7859007832898;463.8520455819167;1092.6379463652065;840000.0;156.92135251260976;0.9702380952380952;2.3023809523809526;renhold_urimelig_lav;
3425;Engerdal;2022;222;5960.0;14750.0;4103000.0;1552000.0;1101000.0;103000.0;1850000.0;688.4228187919463;260.4026845637584;184.73154362416108;243.28859060402684;17.28187919463087;125.42372881355932;705.7046979865772;831.1284268001366;422000.0;70.80536912751678;1.0;3.677725118483412;;implisitt_pris_utenfor
3426;Tolga;2022;222;4932.0;15619.0;2993000.0;1055000.0;1000000.0;362000.0;1651000.0;606.8532035685321;213.90916463909164;202.75750202757501;190.18653690186537;73.39821573398216;105.7045905627761;680.2514193025141;785.9560098652903;678000.0;137.46958637469587;1.0;1.556047197640118;;
3427;Tynset;2022;222;19709.0;48773.0;10743000.0;3127000.0;3463000.0;663000.0;2803000.0;545.0809274950531;158.6584808970521;175.7065300116698;210.7159165863311;33.6394540565224;57.47032169438009;578.7203815515754;636.1907032459555;2693000.0;136.63808412400425;0.9483847010768659;1.1611585592276272;;
3428;Alvdal;2022;222;6386.0;23607.0;3762000.0;1381000.0;1080000.0;280000.0;0.0;589.1011587848418;216.25430629502037;169.11994989038521;203.72690259943627;43.845912934544316;0.0;632.9470717193861;632.9470717193861;772000.0;120.88944566238646;1.0;1.7888601036269431;;
3429;Folldal;2022;222;2830.0;10547.0;2866000.0;1052000.0;369000.0;195000.0;352000.0;1012.7208480565371;371.7314487632509;130.3886925795053;510.60070671378094;68.90459363957598;33.374419266142034;1081.625441696113;1114.999860962255;409000.0;144.52296819787986;0.9975550122249389;2.5721271393643033;;
3430;Os;2022;222;3453.0;14398.0;5251000.0;2264000.0;1476000.0;305000.0;501000.0;1520.7066319142775;655.6617434115262;427.4543874891399;437.59050101361134;88.32898928467999;34.79649951382137;1609.0356211989574;1643.8321207127788;1313000.0;380.24905878945845;1.0;1.7242955064737244;DV_uteligger_hoy;kwh_uteligger
3431;Dovre;2022;222;6275.0;20099.0;1973000.0;464000.0;647000.0;123000.0;1674000.0;314.42231075697214;73.94422310756973;103.10756972111554;137.37051792828686;19.60159362549801;83.28772575750037;334.0239043824701;417.3116301399705;651000.0;103.74501992031873;1.0;0.7127496159754225;DV_uteligger_lav;
3432;Lesja;2022;222;8221.0;21230.0;4607000.0;793000.0;1891000.0;458000.0;890000.0;560.3941126383652;96.46028463690548;230.02067874954386;233.91314925191583;55.71098406519888;41.921808761187;616.1050967035641;658.026905464751;1536000.0;186.83858411385475;1.0;0.5162760416666667;;
3433;Skjåk;2022;222;4770.0;19390.0;3373000.0;850000.0;1216000.0;372000.0;1840000.0;707.1278825995807;178.19706498951783;254.9266247379455;274.0041928721174;77.9874213836478;94.89427539969056;785.1153039832285;880.009579382919;765000.0;160.37735849056602;1.0;1.1111111111111112;;
3434;Lom;2022;222;0.0;0.0;2373000.0;407000.0;1166000.0;190000.0;1367000.0;;;;;;;;;1160000.0;;1.0;;areal_mangler;areal_mangler
3435;Vågå;2022;222;7200.0;23647.0;5036000.0;792000.0;1345000.0;393000.0;1678000.0;699.4444444444445;110.0;186.80555555555554;402.6388888888889;54.583333333333336;70.9603755233222;754.0277777777778;824.9881533011;1033000.0;143.47222222222223;1.0;0.7666989351403678;;
3436;Nord-Fron;2022;222;18892.0;55119.0;11357000.0;2611000.0;3772000.0;430000.0;3102000.0;601.1539275883972;138.20664831674782;199.6612322676265;263.28604700402286;22.760957018843953;56.27823436564524;623.9148846072411;680.1931189728864;1459000.0;77.22845648951937;1.0;1.7895819054146673;;
3437;Sel;2022;222;14500.0;40770.0;9881000.0;1905000.0;3718000.0;633000.0;1972000.0;681.448275862069;131.3793103448276;256.41379310344826;293.6551724137931;43.6551724137931;48.36889870002453;725.1034482758621;773.4723469758866;2442000.0;168.41379310344828;1.0;0.7800982800982801;;
3438;Sør-Fron;2022;222;7887.0;31943.0;8219000.0;2578000.0;2137000.0;253000.0;284000.0;1042.0945860276404;326.8669963230633;270.95219982249273;444.2753898820844;32.07810320781032;8.890836803055443;1074.1726892354507;1083.063526038506;1185000.0;150.2472422974515;1.0;2.175527426160338;;
3439;Ringebu;2022;222;10154.0;25646.0;8216000.0;2532000.0;2237000.0;1129000.0;1945000.0;809.1392554658263;249.3598581839669;220.3072680716959;339.4721292101635;111.18770927713217;75.84028698432505;920.3269647429585;996.1672517272835;1202000.0;118.37699428796533;1.0;2.1064891846921796;;
3440;Øyer;2022;222;12693.0;35522.0;9915000.0;3511000.0;2814000.0;169000.0;607000.0;781.1392105885134;276.6091546521705;221.69699834554478;282.8330575907981;13.314425273772946;17.088001801700354;794.4536358622863;811.5416376639866;1399000.0;110.21823052075948;1.0;2.509649749821301;;
3441;Gausdal;2022;222;12517.0;36197.0;12140000.0;3920000.0;3433000.0;315000.0;4639000.0;969.8809618918272;313.1740832467844;274.2669968842374;382.4398817608053;25.1657745466166;128.15979224797636;995.0467364384438;1123.2065286864201;1457000.0;116.40169369657266;1.0;2.6904598490048044;;
3442;Østre Toten;2022;222;28720.0;65313.0;21097000.0;5271000.0;5908000.0;3067000.0;9187000.0;734.575208913649;183.5306406685237;205.71030640668525;345.3342618384401;106.78969359331477;140.66112412536555;841.3649025069637;982.0260266323293;3826000.0;133.21727019498607;0.998170412963931;1.3776790381599582;;
3443;Vestre Toten;2022;222;28139.0;75284.0;18079000.0;4312000.0;6234000.0;595000.0;6660000.0;642.4890721063293;153.23927644905646;221.54305412416932;267.7067415331035;21.14503002949643;88.46501248605281;663.6341021358257;752.0991146218786;2677000.0;95.13486619993603;1.0;1.6107583115427717;;
3446;Gran;2022;222;31603.0;74189.0;24496000.0;6275000.0;7355000.0;1929000.0;4213000.0;775.1162864285036;198.5570990095877;232.73106983514222;343.8281175837737;61.03850900230991;56.7873943576541;836.1547954308136;892.9421897884677;4563000.0;144.3850267379679;0.9436774052158667;1.3751917598071444;;
3447;Søndre Land;2022;222;11846.0;28150.0;8680000.0;2190000.0;2827000.0;1071000.0;1005000.0;732.7367887894648;184.87253081208846;238.64595644099273;309.2183015363836;90.41026506837751;35.701598579040855;823.1470538578424;858.8486524368832;1560000.0;131.690021948337;0.985897435897436;1.4038461538461535;;
3448;Nordre Land;2022;222;19481.0;49357.0;9637000.0;4304000.0;3011000.0;409000.0;2591000.0;494.6871310507674;220.9332169806478;154.56085416559725;119.19305990452236;20.99481546121862;52.49508681645967;515.681946511986;568.1770333284456;3468000.0;178.01960884964836;1.0;1.2410611303344867;;
3449;Sør-Aurdal;2022;222;9745.0;26128.0;6969000.0;2439000.0;1785000.0;355000.0;1437000.0;715.1359671626475;250.28219599794767;183.1708568496665;281.6829143150334;36.42893791688045;54.998469075321495;751.564905079528;806.5633741548495;1028000.0;105.48999486916367;1.0;2.372568093385214;;
3450;Etnedal;2022;222;3650.0;12405.0;2450000.0;788000.0;634000.0;550000.0;1112000.0;671.2328767123288;215.8904109589041;173.6986301369863;281.64383561643837;150.68493150684932;89.64127367996775;821.917808219178;911.5590818991458;713000.0;195.34246575342465;1.0;1.1051893408134643;;
3451;Nord-Aurdal;2022;222;10200.0;26813.0;7825000.0;2970000.0;2305000.0;626000.0;2256000.0;767.156862745098;291.1764705882353;225.98039215686273;250.0;61.372549019607845;84.13829112743818;828.5294117647059;912.667702892144;1415000.0;138.72549019607843;1.0;2.098939929328622;;
3452;Vestre Slidre;2022;222;4914.0;11388.0;5745000.0;2241000.0;1334000.0;473000.0;0.0;1169.1086691086691;456.04395604395603;271.46927146927146;441.59544159544157;96.25559625559626;0.0;1265.3642653642653;1265.3642653642653;898000.0;182.74318274318276;1.0;2.49554565701559;;
3453;Øystre Slidre;2022;222;10170.0;26231.0;8659000.0;3351000.0;2340000.0;726000.0;480000.0;851.4257620452311;329.4985250737463;230.08849557522123;291.8387413962635;71.38643067846607;18.298959246692846;922.8121927236972;941.11115197039;1491000.0;146.60766961651916;1.0;2.2474849094567406;;
3454;Vang;2022;222;8300.0;18100.0;3826000.0;443000.0;1547000.0;560000.0;852000.0;460.96385542168673;53.373493975903614;186.3855421686747;221.20481927710844;67.46987951807229;47.07182320441989;528.433734939759;575.5055581441788;1125000.0;135.5421686746988;1.0;0.3937777777777778;;implisitt_pris_utenfor
3801;Horten (2020-2023);2022;222;63288.0;128901.0;32644000.0;6882000.0;9348000.0;2362000.0;7224000.0;515.8007837188725;108.74099355328025;147.70572620401973;259.3540639615725;37.32145114397674;56.043009751669885;553.1222348628492;609.165244614519;6502000.0;102.73669574010871;0.9926176561058137;1.0584435558289758;;
3802;Holmestrand (2020-2023);2022;222;55318.0;109877.0;33093000.0;9903000.0;6708000.0;2128000.0;10858000.0;598.2320402039119;179.01948732781372;121.26251852923099;297.9500343468672;38.46849126866481;98.81958917698881;636.7005314725767;735.5201206495656;1977000.0;35.73881919086012;0.8012139605462822;5.009104704097116;;kwh_urimelig_lav|implisitt_pris_utenfor
3803;Tønsberg (2020-2023);2022;222;93537.0;230238.0;62964000.0;14846000.0;18234000.0;6835000.0;15171000.0;673.1453863177138;158.717940494136;194.9389011834889;319.48854464008895;73.07268781337866;65.89268496077972;746.2180741310925;812.1107590918723;12555000.0;134.2249591070913;1.0;1.1824771007566706;;
3804;Sandefjord (2020-2023);2022;222;139090.0;269636.0;110476000.0;41489000.0;22166000.0;8786000.0;14397000.0;794.2770867783449;298.28887770508305;159.3644402904594;336.62376878280253;63.16773312243871;53.3942055215179;857.4448199007836;910.8390254223015;17485000.0;125.70997196060105;1.0;2.372833857592222;;
3805;Larvik (2020-2023);2022;222;85036.0;179907.0;51497000.0;10650000.0;16676000.0;10371000.0;6230000.0;605.5905734042053;125.24107436850275;196.10517898301896;284.2443200526836;121.96011101180676;34.62900276253842;727.550684416012;762.1796871785505;9787000.0;115.09243144080155;1.0;1.088178195565546;;
3806;Porsgrunn (2020-2023);2022;222;70565.0;194946.0;45150000.0;11008000.0;14589000.0;3627000.0;8978000.0;639.8356125557996;155.99801601360448;206.74555374477433;277.09204279742085;51.39941897541274;46.05377899520893;691.2350315312124;737.2888105264213;6966000.0;98.71749450860908;1.0;1.580246913580247;;
3807;Skien (2020-2023);2022;222;133230.0;238824.0;69365000.0;18250000.0;19950000.0;9214000.0;16557000.0;520.6409967724987;136.98116039930946;149.74104931321776;233.91878705997146;69.15859791338288;69.32720329615114;589.7995946858815;659.1267979820327;12017000.0;90.19740298731517;1.0;1.518681867354581;;
3808;Notodden (2020-2023);2022;222;27986.0;57199.0;19876000.0;7401000.0;6046000.0;1310000.0;1879000.0;710.2122489816337;264.45365539912814;216.03658972343314;229.7220038590724;46.80911884513685;32.85022465427717;757.0213678267705;789.8715924810477;3609000.0;128.95733581076252;1.0;2.0507065669160434;;
3811;Færder (2020-2023);2022;222;44874.0;84923.0;30892000.0;6832000.0;12812000.0;6294000.0;13585000.0;688.4164549627847;152.24851807282613;285.5105406248607;250.65739626509782;140.2593929669742;159.96844200040036;828.6758479297589;988.6442899301593;5706000.0;127.15603690332932;1.0;1.1973361373992288;;
3812;Siljan (2020-2023);2022;222;5390.0;10933.0;3928000.0;1113000.0;1712000.0;100000.0;294000.0;728.7569573283859;206.4935064935065;317.6252319109462;204.6382189239332;18.552875695732837;26.89106375194366;747.3098330241187;774.2008967760623;638000.0;118.36734693877551;1.0;1.744514106583072;;
3813;Bamble (2020-2023);2022;222;37164.0;71266.0;28021000.0;6700000.0;9636000.0;1866000.0;7068000.0;753.9823485093101;180.28199332687547;259.2831772683242;314.4171779141104;50.20988052954472;99.17772851008897;804.1922290388549;903.3699575489438;4109000.0;110.56398665375094;1.0;1.6305670479435386;;
3814;Kragerø (2020-2023);2022;222;23552.0;49934.0;14698000.0;3772000.0;4429000.0;1777000.0;3412000.0;624.0658967391304;160.15625;188.05197010869566;275.8576766304348;75.45006793478261;68.33019585853326;699.515964673913;767.8461605324462;2322000.0;98.59035326086956;1.0;1.6244616709732989;;
3815;Drangedal (2020-2023);2022;222;10454.0;21191.0;7455000.0;2509000.0;2005000.0;11384000.0;197000.0;713.1241629998087;240.00382628658886;191.7926152668835;281.32772144633634;1088.961163191123;9.296399414845926;1802.0853261909317;1811.3817256057775;1065000.0;101.8748804285441;1.0;2.3558685446009386;DV_uteligger_hoy;
3816;Nome (2020-2023);2022;222;13005.0;38384.0;7280000.0;1083000.0;2252000.0;853000.0;2126000.0;559.7846981930027;83.27566320645906;173.16416762783544;303.3448673587082;65.59015763168013;55.38766152563568;625.3748558246829;680.7625173503186;1360000.0;104.57516339869281;1.0;0.7963235294117648;;
3817;Midt-Telemark (2020-2023);2022;222;23257.0;40881.0;14431000.0;2549000.0;5507000.0;1116000.0;4360000.0;620.501354430924;109.60141032807327;236.78892376488798;274.11102033796277;47.985552736810426;106.65101147232211;668.4869071677344;775.1379186400566;2597000.0;111.66530506944146;1.0;0.9815171351559492;;
3818;Tinn (2020-2023);2022;222;14040.0;48157.0;11490000.0;4063000.0;3216000.0;2431000.0;3071000.0;818.3760683760684;289.3874643874644;229.05982905982907;299.92877492877494;173.14814814814815;63.770583715763024;991.5242165242165;1055.2948002399796;1778000.0;126.63817663817663;1.0;2.2851518560179978;;
3819;Hjartdal (2020-2023);2022;222;3670.0;10139.0;2505000.0;864000.0;749000.0;316000.0;229000.0;682.5613079019074;235.42234332425068;204.08719346049045;243.05177111716623;86.10354223433242;22.58605385146464;768.6648501362398;791.2509039877044;341000.0;92.91553133514986;1.0;2.533724340175953;;
3820;Seljord (2020-2023);2022;222;7054.0;13650.0;6386000.0;2672000.0;2084000.0;2009000.0;1788000.0;905.3019563368301;378.7921746526793;295.43521406294303;231.07456762120782;284.8029486815991;130.98901098901098;1190.1049050184292;1321.0939160074402;;;;;;kwh_mangler
3821;Kviteseid (2020-2023);2022;222;3221.0;16887.0;3858000.0;1160000.0;1292000.0;143000.0;432000.0;1197.7646693573424;360.1366035392735;401.1176653213288;436.51040049674015;44.3961502638932;25.581808491739206;1242.1608196212355;1267.7426281129747;452000.0;140.32909034461346;1.0;2.566371681415929;;
3822;Nissedal (2020-2023);2022;222;5407.0;11270.0;5627000.0;2714000.0;1149000.0;123000.0;457000.0;1040.687997040873;501.9419271314962;212.50231181801368;326.243758091363;22.74828925466987;40.55013309671695;1063.436286295543;1103.98641939226;;;;;;kwh_mangler
3823;Fyresdal (2020-2023);2022;222;4350.0;13421.0;4252000.0;918000.0;653000.0;222000.0;76000.0;977.471264367816;211.0344827586207;150.11494252873564;616.3218390804598;51.03448275862069;5.662767304969823;1028.5057471264367;1034.1685144314065;347000.0;79.77011494252874;1.0;2.645533141210375;;
3824;Tokke (2020-2023);2022;222;5850.0;25540.0;6480000.0;754000.0;2623000.0;378000.0;809000.0;1107.6923076923076;128.88888888888889;448.37606837606836;530.4273504273505;64.61538461538461;31.675802662490213;1172.3076923076924;1203.9834949701826;819000.0;140.0;1.0;0.9206349206349206;;
3825;Vinje (2020-2023);2022;222;11464.0;40097.0;10130000.0;3047000.0;4238000.0;338000.0;559000.0;883.6357292393579;265.78855547801817;369.67899511514304;248.1681786461968;29.483600837404047;13.94119260792578;913.119330076762;927.0605226846878;1361000.0;118.71946964410328;1.0;2.2387950036737694;;
4201;Risør;2022;222;11311.0;38927.0;10025000.0;3406000.0;2907000.0;815000.0;4000000.0;886.3053664574309;301.1228008133675;257.00645389443906;328.1761117496243;72.05375298382106;102.75644154442932;958.3591194412519;1061.1155609856812;1710000.0;151.18026699672885;1.0;1.9918128654970761;;
4202;Grimstad;2022;222;46332.0;88133.0;31278000.0;7481000.0;10292000.0;573000.0;10443000.0;675.0841750841751;161.4650781317448;222.13588880255546;291.4832081498748;12.367262367262366;118.49137099610816;687.4514374514374;805.9428084475455;4105000.0;88.59967193300527;1.0;1.8224116930572474;;
4203;Arendal;2022;222;96124.0;177642.0;54996000.0;23944000.0;14783000.0;11817000.0;15458000.0;572.13599101161;249.09491906287712;153.79093670675377;169.2501352419791;122.9349590112771;87.0177097758413;695.0709500228871;782.0886597987285;10040000.0;104.44842078981316;1.0;2.3848605577689246;;
4204;Kristiansand;2022;222;206785.0;489831.0;138362000.0;33684000.0;35077000.0;15878000.0;59101000.0;669.110428706144;162.89382692168195;169.630292332616;336.58630945184615;76.7850666150833;120.65589968785153;745.8954953212274;866.5513950090789;16501000.0;79.79785767826486;0.9938185564511242;2.0413308284346403;;
4205;Lindesnes;2022;222;54690.0;139546.0;36761000.0;9530000.0;9030000.0;9029000.0;6225000.0;672.1704150667398;174.2548912049735;165.11245200219417;332.8030718595721;165.09416712378862;44.6089461539564;837.2645821905285;881.8735283444848;5018000.0;91.75351983909307;1.0;1.8991630131526505;;
4206;Farsund;2022;222;24606.0;49219.0;14309000.0;4783000.0;5186000.0;459000.0;4532000.0;581.5248313419492;194.38348370316183;210.76160286109078;176.3797447776965;18.653986832479884;92.07826245961925;600.178818174429;692.2570806340483;2648000.0;107.6160286109079;1.0;1.8062688821752266;;
4207;Flekkefjord;2022;222;17569.0;51181.0;16613000.0;5682000.0;5477000.0;559000.0;1091000.0;945.5859752973988;323.41055267801244;311.7422733223291;310.4331492970573;31.817405657692525;21.31650417146988;977.4033809550914;998.7198851265613;2766000.0;157.43639364790255;1.0;2.0542299349240785;;
4211;Gjerstad;2022;222;4030.0;19789.0;3465000.0;584000.0;1411000.0;359000.0;46000.0;859.8014888337469;144.91315136476427;350.1240694789082;364.7642679900744;89.08188585607941;2.3245237253019355;948.8833746898263;951.2078984151282;976000.0;242.1836228287841;0.6926229508196722;0.5983606557377049;;
4212;Vegårshei;2022;222;5122.0;15651.0;4270000.0;1576000.0;1162000.0;155000.0;235000.0;833.6587270597423;307.6923076923077;226.86450605232332;299.1019133151113;30.2616165560328;15.015015015015015;863.9203436157751;878.9353586307901;814000.0;158.92229597813355;1.0;1.936117936117936;;
4213;Tvedestrand;2022;222;13987.0;33137.0;9465000.0;3347000.0;4094000.0;621000.0;2542000.0;676.6997926646171;239.29362979909916;292.70036462429397;144.705798241224;44.398369914921;76.71183269457103;721.0981625795381;797.8099952741092;1794000.0;128.261957531994;0.9537346711259754;1.8656633221850611;;
4214;Froland;2022;222;13851.0;36228.0;9686000.0;2309000.0;3236000.0;514000.0;3096000.0;699.2996895531008;166.70276514331096;233.6293408418165;298.9675835679734;37.109233990325606;85.4587611791984;736.4089235434265;821.8676847226249;1975000.0;142.58898274492816;0.9037974683544304;1.169113924050633;;
4215;Lillesand;2022;222;28640.0;65892.0;17270000.0;4186000.0;5938000.0;994000.0;2696000.0;603.0027932960894;146.15921787709496;207.33240223463687;249.51117318435755;34.70670391061452;40.915437382383296;637.7094972067039;678.6249345890872;2007000.0;70.0768156424581;1.0;2.08570004982561;;
4216;Birkenes;2022;222;25111.0;57422.0;6154000.0;1437000.0;2500000.0;976000.0;750000.0;245.0718808490303;57.22591692883597;99.55796264585241;88.28800127434192;38.867428616940785;13.061196057260284;283.93930946597106;297.00050552323137;904000.0;36.000159292740236;1.0;1.5896017699115044;DV_uteligger_lav;kwh_urimelig_lav
4217;Åmli;2022;222;4733.0;14216.0;5070000.0;1543000.0;1741000.0;438000.0;449000.0;1071.2021973378407;326.00887386435664;367.84280583139656;377.3505176420875;92.5417282907247;31.58413055711874;1163.7439256285654;1195.328056185684;771000.0;162.8987956898373;1.0;2.001297016861219;;
4218;Iveland;2022;222;2212.0;11494.0;2003000.0;418000.0;769000.0;292000.0;1619000.0;905.5153707052441;188.96925858951175;347.6491862567812;368.8969258589512;132.00723327305604;140.85609883417436;1037.5226039783001;1178.3787028124746;182000.0;82.27848101265823;1.0;2.2967032967032965;;
4219;Evje og Hornnes;2022;222;8836.0;27367.0;6675000.0;1668000.0;2301000.0;265000.0;725000.0;755.4323223177909;188.77320054323224;260.41195110909916;306.24717066545946;29.99094612947035;26.491760149084666;785.4232684472612;811.9150285963459;1228000.0;138.9769126301494;1.0;1.3583061889250814;;
4220;Bygland;2022;222;4649.0;14707.0;3504000.0;1700000.0;710000.0;159000.0;571000.0;753.7104753710476;365.67003656700365;152.72101527210154;235.31942353194236;34.20090342009034;38.82504929625348;787.9113787911378;826.7364280873913;887000.0;190.7937190793719;1.0;1.9165727170236755;;
4221;Valle;2022;222;3949.0;14237.0;3959000.0;1061000.0;1516000.0;51000.0;1033000.0;1002.5322866548494;268.6756140795138;383.89465687515826;349.96201570017723;12.914661939731578;72.55742080494487;1015.4469485945809;1088.0043693995258;489000.0;123.82881742213219;1.0;2.1697341513292434;;
4222;Bykle;2022;222;5032.0;20819.0;4856000.0;1251000.0;1233000.0;408000.0;90000.0;965.0238473767886;248.60890302066773;245.03179650238474;471.3831478537361;81.08108108108108;4.322974206253902;1046.1049284578696;1050.4279026641236;586000.0;116.45468998410175;1.0;2.13481228668942;;
4223;Vennesla;2022;222;38251.0;73166.0;22248000.0;5086000.0;6456000.0;2897000.0;4243000.0;581.6318527620193;132.96384408250765;168.77990117905415;279.8881075004575;75.73658205014247;57.99141677828499;657.3684348121618;715.3598515904469;3644000.0;95.26548325533973;1.0;1.3957189901207465;;
4224;Åseral;2022;222;1156.0;13596.0;3622000.0;1032000.0;1230000.0;1588000.0;377000.0;3133.2179930795846;892.7335640138408;1064.01384083045;1176.4705882352941;1373.7024221453287;27.728743748161225;4506.920415224913;4534.649158973074;406000.0;351.21107266435985;1.0;2.541871921182266;DV_uteligger_hoy;kwh_uteligger
4225;Lyngdal;2022;222;25096.0;60983.0;19033000.0;6865000.0;5390000.0;991000.0;31000.0;758.4077143767931;273.5495696525343;214.77526299011794;270.0828817341409;39.48836467963022;0.5083383893872063;797.8960790564233;798.4044174458105;2915000.0;116.15396875996174;1.0;2.3550600343053176;;
4226;Hægebostad;2022;222;6106.0;11693.0;5178000.0;1275000.0;1974000.0;915000.0;237000.0;848.0183426138225;208.8110055682935;323.2885686210285;315.9187684245005;149.85260399606943;20.268536731377747;997.8709466098919;1018.1394833412696;677000.0;110.87454962332133;1.0;1.8833087149187593;;
4227;Kvinesdal;2022;222;21339.0;50100.0;16729000.0;4898000.0;4371000.0;1025000.0;290000.0;783.9636346595436;229.53278035521814;204.83621538028962;349.5946389240358;48.03411593795398;5.788423153692615;831.9977505974975;837.7861737511902;3057000.0;143.25882187543934;1.0;1.6022244030094863;;
4228;Sirdal;2022;222;18212.0;51238.0;8303000.0;2841000.0;2257000.0;769000.0;3641000.0;455.908192400615;155.9960465627059;123.9292773995168;175.98286843839227;42.224906654952775;71.06054100472306;498.13309905556775;569.1936400602908;1202000.0;66.00043927081046;1.0;2.3635607321131444;;
4601;Bergen;2022;222;467917.0;919541.0;533391000.0;153799000.0;116255000.0;48218000.0;114749000.0;1139.9265254307923;328.68863495021554;248.4521827589081;562.7857077216686;103.04819017047895;124.78943298884987;1242.974715601271;1367.764148590121;59824000.0;127.85173438879117;0.9996824017116877;2.5708578496924313;;
4602;Kinn;2022;222;41704.0;85569.0;19942000.0;1165000.0;8149000.0;1725000.0;3041000.0;478.17955112219454;27.93497026664109;195.40092077498562;254.84366008056782;41.36293880682908;35.53857121153689;519.5424899290236;555.0810611405606;4296000.0;103.01170151544217;1.0;0.2711824953445065;energi_urimelig_lav;implisitt_pris_utenfor
4611;Etne;2022;222;9224.0;31432.0;7490000.0;1984000.0;2892000.0;462000.0;473000.0;812.0121422376409;215.09106678230702;313.529921942758;283.3911535125759;50.08673026886383;15.048358360906082;862.0988725065048;877.1472308674108;930000.0;100.82393755420642;1.0;2.1333333333333333;;
4612;Sveio;2022;222;16582.0;32418.0;10896000.0;4041000.0;3250000.0;741000.0;865000.0;657.0980581353275;243.69798576769992;195.99565794234712;217.40441442528044;44.68701001085515;26.682707138009746;701.7850681461827;728.4677752841924;1844000.0;111.20492099867326;1.0;2.191431670281996;;
4613;Bømlo;2022;222;36568.0;63996.0;16395000.0;5858000.0;4329000.0;4465000.0;2456000.0;448.3428133887552;160.1947057536644;118.38219208050755;169.76591555458324;122.10129074600744;38.37739858741171;570.4441041347626;608.8215027221743;3085000.0;84.36337781667031;1.0;1.8988654781199352;;
4614;Stord;2022;222;46311.0;87940.0;27744000.0;10408000.0;6544000.0;2066000.0;5007000.0;599.0801321500292;224.74142212433333;141.30552136641404;233.03318865928182;44.61143140938438;56.93654764612236;643.6915635594136;700.6281112055359;4717000.0;101.85485089935436;0.8314606741573034;2.206487174051304;;
4615;Fitjar;2022;222;7508.0;13477.0;7608000.0;2424000.0;2148000.0;610000.0;0.0;1013.319126265317;322.855620671284;286.0948321790091;404.368673415024;81.24667021843366;0.0;1094.5657964837508;1094.5657964837508;967000.0;128.79595098561535;1.0;2.506721820062048;;
4616;Tysnes;2022;222;7366.0;19479.0;3235000.0;1639000.0;15000.0;3875000.0;562000.0;439.1800162910671;222.5088243279935;2.036383383111594;214.634808579962;526.0657073038284;28.85158375686637;965.2457235948955;994.0973073517619;973000.0;132.0934021178387;1.0;1.6844809866392603;renhold_urimelig_lav;
4617;Kvinnherad;2022;222;34525.0;83242.0;25140000.0;5337000.0;7494000.0;2430000.0;1758000.0;728.1679942070963;154.58363504706733;217.06010137581464;356.52425778421434;70.38377986965966;21.119146584656782;798.5517740767559;819.6709206614127;5260000.0;152.35336712527155;1.0;1.014638783269962;;
4618;Ullensvang;2022;222;34133.0;78818.0;26948000.0;10873000.0;7669000.0;3099000.0;7561000.0;789.4998974599362;318.5480326956318;224.6799285149269;246.27193624937743;90.79190226467055;95.92986373670989;880.2917997246067;976.2216634613166;4404000.0;129.02469750681158;1.0;2.4688919164396004;;
4619;Eidfjord;2022;222;1912.0;14038.0;1599000.0;661000.0;4000.0;1187000.0;578000.0;836.2970711297071;345.7112970711297;2.092050209205021;488.4937238493724;620.81589958159;41.17395640404616;1457.112970711297;1498.2869271153431;366000.0;191.4225941422594;1.0;1.8060109289617485;renhold_urimelig_lav;
4620;Ulvik;2022;222;3550.0;12202.0;3243000.0;1625000.0;508000.0;378000.0;0.0;913.5211267605633;457.7464788732394;143.09859154929578;312.67605633802816;106.47887323943662;0.0;1020.0;1020.0;674000.0;189.85915492957747;1.0;2.4109792284866467;;
4621;Voss;2022;222;48591.0;103935.0;24927000.0;6912000.0;7796000.0;6744000.0;15048000.0;512.9962338704698;142.24856454899054;160.44123397336955;210.30643534810974;138.79113416064703;144.78279694039543;651.7873680311169;796.5701649715123;3216000.0;66.18509600543311;1.0;2.149253731343283;;
4622;Kvam;2022;222;22571.0;56446.0;15074000.0;6132000.0;3655000.0;630000.0;2829000.0;667.8481236985513;271.6760444818573;161.9334544326791;234.2386247840149;27.911922378273005;50.11869751621018;695.7600460768242;745.8787435930344;1797000.0;79.61543573612157;1.0;3.412353923205343;;implisitt_pris_utenfor
4623;Samnanger;2022;222;6152.0;13885.0;4935000.0;1291000.0;1387000.0;595000.0;409000.0;802.1781534460338;209.85045513654097;225.4551365409623;366.87256176853055;96.71651495448634;29.456247749369822;898.8946684005201;928.3509161498899;836000.0;135.89076723016905;1.0;1.5442583732057418;;
4624;Bjørnafjorden;2022;222;62473.0;112168.0;30024000.0;10269000.0;9384000.0;3345000.0;6736000.0;480.59161557792964;164.37501000432187;150.20889024058394;166.00771533302387;53.54313063243321;60.0527779758933;534.1347462103629;594.1875241862562;5310000.0;84.9967185824276;1.0;1.9338983050847458;;
4625;Austevoll;2022;222;14899.0;33930.0;12121000.0;3712000.0;4766000.0;959000.0;1743000.0;813.544533190147;249.1442378683133;319.887240754413;244.51305456742062;64.36673602255185;51.37046861184792;877.9112692126988;929.2817378245468;1007000.0;67.58842875360763;1.0;3.6861966236345576;;implisitt_pris_utenfor
4626;Øygarden;2022;222;74567.0;167932.0;68641000.0;17614000.0;22765000.0;4730000.0;8285000.0;920.5278474392157;236.2170933522872;305.2959083777006;379.0148457092279;63.432885861037725;49.335445299287805;983.9607333002534;1033.2961785995412;11657000.0;156.3292072900881;0.9534185467959166;1.5110234194046497;;
4627;Askøy;2022;222;75758.0;115981.0;43959000.0;12830000.0;17697000.0;4451000.0;13027000.0;580.2555505689168;169.35505161171096;233.59909184508567;177.30140711212016;58.75287098392249;112.32012139919469;639.0084215528393;751.328542952034;7213000.0;95.21106681802581;1.0;1.7787328434770553;;
4628;Vaksdal;2022;222;10714.0;29957.0;6071000.0;900000.0;1411000.0;346000.0;1640000.0;566.6417771140564;84.00224005973493;131.69684524920663;350.9426918051148;32.29419451185365;54.74513469306005;598.93597162591;653.6811063189701;1241000.0;115.8297554601456;1.0;0.7252215954875101;;
4629;Modalen;2022;222;1807.0;7749.0;2165000.0;256000.0;803000.0;12000.0;370000.0;1198.1184283342557;141.67127836192586;444.3829551743221;612.0641947980077;6.640841173215274;47.748096528584334;1204.759269507471;1252.5073660360551;395000.0;218.59435528500276;1.0;0.6481012658227849;;
4630;Osterøy;2022;222;0.0;0.0;11625000.0;2805000.0;5088000.0;1096000.0;119000.0;;;;;;;;;174000.0;;1.0;;areal_mangler;areal_mangler
4631;Alver;2022;222;77604.0;156397.0;54265000.0;15212000.0;16367000.0;5799000.0;14959000.0;699.255193031287;196.02082366888305;210.90407710942736;292.3302922529767;74.72552961187567;95.6476147240676;773.9807226431627;869.6283373672303;;;;;;kwh_mangler
4632;Austrheim;2022;222;6813.0;16568.0;4957000.0;1049000.0;2117000.0;231000.0;89000.0;727.579627183326;153.9703507999413;310.7294877440188;262.8797886393659;33.90576838397182;5.37180106228875;761.4853955672978;766.8571966295866;555000.0;81.46191105239983;1.0;1.8900900900900899;;
4633;Fedje;2022;222;2721.0;6067.0;1107000.0;691000.0;2000.0;366000.0;518000.0;406.83572216097025;253.95075339948548;0.735023888276369;152.14994487320837;134.50937155457552;85.37992417999011;541.3450937155458;626.7250178955359;;;;;renhold_urimelig_lav;kwh_mangler
4634;Masfjorden;2022;222;7550.0;22465.0;5944000.0;1949000.0;2714000.0;897000.0;14000.0;787.2847682119206;258.1456953642384;359.4701986754967;169.66887417218544;118.80794701986756;0.6231916314266637;906.0927152317881;906.7159068632147;1198000.0;158.67549668874173;1.0;1.6268781302170283;;
4635;Gulen;2022;222;10389.0;17310.0;7698000.0;1700000.0;2738000.0;2669000.0;2937000.0;740.9760323419001;163.6346135335451;263.54798344402735;313.79343536432765;256.9063432476658;169.67071057192373;997.8823755895659;1167.5530861614895;1043000.0;100.3946481855809;1.0;1.6299137104506232;;
4636;Solund;2022;222;2782.0;6913.0;1715000.0;35000.0;995000.0;303000.0;1069000.0;616.4629762760604;12.580877066858376;357.65636232925954;246.22573687994247;108.91445003594536;154.6361926804571;725.3774263120057;880.0136189924629;295000.0;106.03882099209201;1.0;0.11864406779661019;energi_urimelig_lav;implisitt_pris_utenfor
4637;Hyllestad;2022;222;2997.0;15556.0;1864000.0;77000.0;800000.0;69000.0;241000.0;621.9552886219553;25.692359025692358;266.9336002669336;329.3293293293293;23.023023023023022;15.492414502442788;644.9783116449784;660.4707261474211;360000.0;120.12012012012012;1.0;0.21388888888888888;energi_urimelig_lav;implisitt_pris_utenfor
4638;Høyanger;2022;222;9567.0;26619.0;10616000.0;921000.0;4058000.0;1538000.0;2480000.0;1109.6477474652452;96.26842270304171;424.1664053517299;589.2129194104735;160.76094909585032;93.16653518163717;1270.4086965610954;1363.5752317427325;1713000.0;179.0529946691753;1.0;0.5376532399299475;;
4639;Vik;2022;222;4288.0;16737.0;7480000.0;1703000.0;2836000.0;443000.0;394000.0;1744.402985074627;397.15485074626866;661.3805970149253;685.8675373134329;103.31156716417911;23.540658421461433;1847.714552238806;1871.2552106602673;1073000.0;250.2332089552239;1.0;1.587138863000932;DV_uteligger_hoy;
4641;Aurland;2022;222;5380.0;22592.0;3680000.0;707000.0;1780000.0;853000.0;1110000.0;684.0148698884758;131.41263940520446;330.8550185873606;221.7472118959108;158.55018587360595;49.13243626062323;842.5650557620818;891.697492022705;862000.0;160.22304832713755;1.0;0.820185614849188;;
4642;Lærdal;2022;222;5064.0;13358.0;10100000.0;4795000.0;2054000.0;120000.0;0.0;1994.4707740916272;946.8799368088468;405.608214849921;641.9826224328594;23.696682464454977;0.0;2018.1674565560822;2018.1674565560822;991000.0;195.69510268562402;1.0;4.838546922300706;DV_uteligger_hoy;implisitt_pris_utenfor
4643;Årdal;2022;222;16064.0;39566.0;9681000.0;2969000.0;3408000.0;395000.0;4062000.0;602.6518924302788;184.82320717131475;212.15139442231074;205.67729083665338;24.58914342629482;102.66390335136228;627.2410358565737;729.904939207936;3138000.0;195.34362549800798;0.9649458253664754;0.9461440407903123;;
4644;Luster;2022;222;16322.0;36149.0;6689000.0;1636000.0;375000.0;4159000.0;2657000.0;409.8149736551893;100.23281460605318;22.975125597353266;286.60703345178285;254.80945962504595;73.50134166920246;664.6244332802353;738.1257749494378;2564000.0;157.0885920843034;1.0;0.6380655226209049;renhold_urimelig_lav;
4645;Askvoll;2022;222;7604.0;16987.0;5951000.0;1221000.0;2073000.0;497000.0;1748000.0;782.6144134665965;160.57338243029983;272.61967385586536;349.42135718043136;65.3603366649132;102.9022193442044;847.9747501315097;950.8769694757141;1000000.0;131.5097317201473;1.0;1.2209999999999999;;
4646;Fjaler;2022;222;10519.0;28018.0;5119000.0;53000.0;2631000.0;328000.0;286000.0;486.6432170358399;5.038501758722312;250.1188325886491;231.48588268846848;31.181671261526763;10.207723606253124;517.8248882973667;528.0326119036198;928000.0;88.22131381310011;1.0;0.05711206896551724;energi_urimelig_lav;implisitt_pris_utenfor
4647;Sunnfjord;2022;222;60880.0;146618.0;34982000.0;2621000.0;15246000.0;4931000.0;6574000.0;574.6057818659658;43.051905387647835;250.4270696452037;281.1268068331143;80.99540078843627;44.837605205363595;655.6011826544021;700.4387878597657;8331000.0;136.84296977660972;1.0;0.3146080902652743;;implisitt_pris_utenfor
4649;Stad;2022;222;30353.0;57606.0;8717000.0;678000.0;2566000.0;1684000.0;4001000.0;287.18742793134123;22.33716601324416;84.5385958554344;180.31166606266268;55.48051263466544;69.45457070444051;342.6679405660067;412.1225112704472;2507000.0;82.59480117286594;1.0;0.27044276027124053;energi_urimelig_lav;implisitt_pris_utenfor
4650;Gloppen;2022;222;15325.0;33775.0;3588000.0;984000.0;52000.0;5537000.0;2759000.0;234.12724306688418;64.20880913539968;3.393148450244698;166.5252854812398;361.30505709624794;81.68763878608438;595.4323001631321;677.1199389492165;1861000.0;121.43556280587276;1.0;0.5287479849543256;renhold_urimelig_lav;
4651;Stryn;2022;222;16788.0;40985.0;12161000.0;2545000.0;4972000.0;768000.0;2455000.0;724.3864665237074;151.59637836549916;296.1639266142483;276.62616154396;45.746962115797;59.89996340124436;770.1334286395044;830.0333920407487;2545000.0;151.59637836549916;1.0;1.0;;
5001;Trondheim - Tråante;2022;222;414434.0;845696.0;187451000.0;26051000.0;67742000.0;43603000.0;74801000.0;452.3060366668758;62.859224870546335;163.45666620016698;225.99014559616248;105.21096242103688;88.44904079007114;557.5169990879127;645.9660398779838;40271000.0;97.1710815232341;1.0;0.6468923046360905;;
5006;Steinkjer - Stïentje;2022;222;47584.0;122451.0;29768000.0;6985000.0;2280000.0;2217000.0;19199000.0;625.5884330867518;146.79303967720242;47.91526563550774;430.8801277740417;46.59129119031607;156.78924631076922;672.179724277068;828.9689705878372;5748000.0;120.79690652320107;1.0;1.215205288796103;renhold_urimelig_lav;
5007;Namsos - Nåavmesjenjaelmie;2022;222;41533.0;83428.0;26555000.0;5017000.0;18299000.0;3771000.0;5726000.0;639.3711024968097;120.79551200250403;440.58941082994244;77.98617966436328;90.79527123010618;68.63403173994342;730.1663737269159;798.8004054668594;6225000.0;149.8808176630631;1.0;0.8059437751004015;;
5014;Frøya;2022;222;11450.0;29673.0;10334000.0;2465000.0;4408000.0;627000.0;796000.0;902.5327510917031;215.28384279475983;384.9781659388646;302.2707423580786;54.75982532751092;26.82573383210326;957.292576419214;984.1183102513173;2357000.0;205.85152838427948;1.0;1.0458209588459908;;
5020;Osen;2022;222;2625.0;7958.0;1640000.0;269000.0;911000.0;65000.0;287000.0;624.7619047619048;102.47619047619048;347.04761904761904;175.23809523809524;24.761904761904763;36.06433777330988;649.5238095238095;685.5881472971193;393000.0;149.71428571428572;1.0;0.6844783715012722;;
5021;Oppdal;2022;222;11654.0;34224.0;7606000.0;1382000.0;3012000.0;1010000.0;2840000.0;652.6514501458727;118.58589325553459;258.4520336365197;275.6135232538184;86.66552256735885;82.98270219728845;739.3169727132315;822.2996749105199;1634000.0;140.20937017333105;1.0;0.8457772337821298;;
5022;Rennebu;2022;222;5152.0;22891.0;3424000.0;1144000.0;1330000.0;142000.0;70000.0;664.5962732919255;222.0496894409938;258.1521739130435;184.3944099378882;27.562111801242235;3.057970381372592;692.1583850931677;695.2163554745403;1117000.0;216.80900621118013;1.0;1.0241718889883618;;
5025;Røros - Rosse;2022;222;14177.0;35704.0;9624000.0;3730000.0;3241000.0;279000.0;4305000.0;678.8460181984905;263.1022078013684;228.60971996896382;187.1340904281583;19.679762996402623;120.57472552095004;698.5257811948932;819.1005067158433;1667000.0;117.58482048388234;1.0;2.2375524895020997;;
5026;Holtålen;2022;222;5743.0;13179.0;4433000.0;692000.0;1503000.0;116000.0;742000.0;771.8962214870277;120.49451506181438;261.70990771373846;389.69179871147486;20.198502524812817;56.301692085894224;792.0947240118405;848.3964160977348;596000.0;103.77851297231412;1.0;1.1610738255033557;;
5027;Midtre Gauldal;2022;222;13890.0;36604.0;10628000.0;1767000.0;3370000.0;783000.0;-18000.0;765.1547876169907;127.21382289416847;242.62059035277179;395.3203743700504;56.371490280777536;-0.4917495355698831;821.5262778977682;821.0345283621983;2035000.0;146.508279337653;1.0;0.8683046683046683;;
5028;Melhus;2022;222;46043.0;102648.0;29102000.0;4500000.0;7857000.0;4639000.0;11574000.0;632.0613339704189;97.7347262341724;170.644832004865;363.68177573138155;100.75364333340573;112.75426700958616;732.8149773038247;845.5692443134108;5744000.0;124.75294833090807;0.9484679665738162;0.7834261838440111;;
5029;Skaun;2022;222;21377.0;46711.0;17751000.0;3002000.0;6731000.0;1499000.0;4607000.0;830.3784441221874;140.43130467324696;314.8711231697619;375.07601627917853;70.12209383917295;98.62773222581404;900.5005379613604;999.1282701871744;3179000.0;148.71123169761893;1.0;0.944322113872287;;
5031;Malvik;2022;222;31011.0;61995.0;21550000.0;4273000.0;5303000.0;3792000.0;5527000.0;694.9147076843701;137.78981651671987;171.0038373480378;386.12105381961237;122.27919125471607;89.15235099604807;817.1938989390861;906.3462499351342;4416000.0;142.4010834865048;1.0;0.9676177536231882;;
5032;Selbu;2022;222;9539.0;29532.0;7581000.0;1454000.0;2616000.0;451000.0;1509000.0;794.7373938567985;152.42687912779118;274.2425830799874;368.06793164901984;47.27958905545655;51.09711499390492;842.016982912255;893.1140979061599;1354000.0;141.94359995806687;1.0;1.0738552437223043;;
5033;Tydal;2022;222;3284.0;13494.0;2083000.0;365000.0;676000.0;218000.0;1357000.0;634.2874543239951;111.14494518879415;205.84652862362972;317.29598051157126;66.38246041412911;100.56321327997628;700.6699147381242;801.2331280181005;382000.0;116.32155907429963;1.0;0.955497382198953;;
5034;Meråker;2022;222;4205.0;16105.0;4221000.0;1139000.0;1836000.0;180000.0;1904000.0;1003.8049940546967;270.8680142687277;436.6230677764566;296.3139120095125;42.80618311533888;118.22415398944428;1046.6111771700357;1164.83533115948;427000.0;101.54577883472056;0.9859484777517564;2.667447306791569;;
5035;Stjørdal;2022;222;56197.0;145031.0;27458000.0;5284000.0;9939000.0;1672000.0;8831000.0;488.6025944445433;94.02637151449366;176.85997473174726;217.7162481983024;29.75247789027884;60.890430321793275;518.3550723348221;579.2455026566154;4729000.0;84.15039948751712;0.9997885388031297;1.117360964263058;;
5036;Frosta;2022;222;7370.0;14410.0;4025000.0;737000.0;1764000.0;1266000.0;625000.0;546.1329715061058;100.0;239.34871099050204;206.7842605156038;171.7774762550882;43.37265787647467;717.9104477611941;761.2831056376688;936000.0;127.00135685210311;1.0;0.7873931623931625;;
5037;Levanger;2022;222;42182.0;81531.0;29480000.0;6333000.0;8440000.0;768000.0;11886000.0;698.8762979469916;150.1351287278934;200.08534445972217;348.65582475937606;18.206818074060024;145.78503881959008;717.0831160210516;862.8681548406418;6173000.0;146.3420416291309;1.0;1.0259193260975215;;
5038;Verdal;2022;222;37000.0;80600.0;24209000.0;6717000.0;6692000.0;2149000.0;2228000.0;654.2972972972973;181.54054054054055;180.86486486486487;291.8918918918919;58.08108108108108;27.642679900744415;712.3783783783783;740.0210582791227;5517000.0;149.1081081081081;1.0;1.217509516041327;;
5041;Snåase - Snåsa;2022;222;6176.0;18203.0;4783000.0;1453000.0;1741000.0;133000.0;2027000.0;774.449481865285;235.26554404145077;281.8976683937824;257.2862694300518;21.53497409326425;111.35527110915783;795.9844559585492;907.339727067707;1528000.0;247.40932642487047;0.7846858638743456;0.9509162303664921;;
5042;Lierne;2022;222;3779.0;16510.0;4474000.0;414000.0;1516000.0;260000.0;1230000.0;1183.9110875893093;109.55279174384758;401.16432918761575;673.193966657846;68.80127017729558;74.50030284675954;1252.712357766605;1327.2126606133645;640000.0;169.3569727441122;1.0;0.646875;;
5043;Raarvihke - Røyrvik;2022;222;265.0;8151.0;1633000.0;133000.0;639000.0;92000.0;1349000.0;6162.264150943396;501.8867924528302;2411.3207547169814;3249.056603773585;347.1698113207547;165.5011655011655;6509.433962264151;6674.935127765317;309000.0;1166.0377358490566;1.0;0.43042071197411;areal_for_lite;areal_for_lite|kwh_urimelig_hoy|implisitt_pris_utenfor
5044;Namsskogan;2022;222;3746.0;12883.0;2493000.0;184000.0;618000.0;132000.0;1040000.0;665.5098772023491;49.11906033101975;164.97597437266418;451.4148424986652;35.237586759209826;80.72653884964681;700.747463961559;781.4740028112058;255000.0;68.07261078483715;1.0;0.7215686274509805;;
5045;Grong;2022;222;2371.0;21961.0;5413000.0;1373000.0;1681000.0;271000.0;2654000.0;2283.0029523407843;579.0805567271194;708.9835512442007;994.9388443694644;114.29776465626318;120.8505987887619;2397.300716997048;2518.15131578581;1729000.0;729.2281737663433;1.0;0.7941006362058994;DV_uteligger_hoy;kwh_urimelig_hoy
5046;Høylandet;2022;222;3572.0;11776.0;2797000.0;561000.0;1142000.0;564000.0;2330000.0;783.0347144456887;157.0548712206047;319.70884658454645;306.27099664053753;157.89473684210526;197.8600543478261;940.929451287794;1138.7895056356201;608000.0;170.2127659574468;1.0;0.9226973684210527;;
5047;Overhalla;2022;222;13966.0;29598.0;5472000.0;876000.0;2409000.0;867000.0;785000.0;391.8086782185307;62.72375769726479;172.49033366747815;156.59458685378777;62.079335529142206;26.522062301506857;453.8880137476729;480.4100760491798;1139000.0;81.55520549906917;1.0;0.7690956979806848;;
5049;Flatanger;2022;222;2312.0;12367.0;1893000.0;533000.0;116000.0;501000.0;104000.0;818.7716262975779;230.5363321799308;50.173010380622834;538.0622837370242;216.6955017301038;8.409476833508531;1035.4671280276816;1043.8766048611901;302000.0;130.62283737024222;0.9337748344370861;1.7649006622516556;;
5052;Leka;2022;222;2650.0;5220.0;2046000.0;447000.0;802000.0;93000.0;282000.0;772.0754716981132;168.67924528301887;302.64150943396226;300.75471698113205;35.094339622641506;54.02298850574713;807.1698113207547;861.1927998265018;400000.0;150.9433962264151;1.0;1.1175;;
5053;Inderøy;2022;222;16268.0;39345.0;10865000.0;2333000.0;2556000.0;497000.0;3202000.0;667.8755839685272;143.41037619867225;157.11826899434473;367.3469387755102;30.55077452667814;81.38264074215274;698.4263584952054;779.8089992373581;2029000.0;124.7233833292353;1.0;1.1498275012321342;;
5054;Indre Fosen;2022;222;24368.0;60980.0;14477000.0;2457000.0;5408000.0;2111000.0;5292000.0;594.0988181221273;100.82895600787919;221.93040052527905;271.33946158896913;86.63000656598818;86.78255165628075;680.7288246881155;767.5113763443962;2602000.0;106.77938279711097;1.0;0.9442736356648731;;
5055;Heim;2022;222;14483.0;38550.0;9030000.0;1497000.0;3643000.0;740000.0;2150000.0;623.4896085065249;103.3625630049023;251.53628391907753;268.59076158254504;51.09438652212939;55.77172503242542;674.5839950286543;730.3557200610796;1840000.0;127.045501622592;1.0;0.8135869565217392;;
5056;Hitra;2022;222;9759.0;30746.0;6927000.0;1344000.0;3082000.0;587000.0;3388000.0;709.8063326160467;137.71902858899477;315.8110462137514;256.27625781330056;60.14960549236602;110.19319586287646;769.9559381084127;880.1491339712892;2328000.0;238.54903166308023;1.0;0.577319587628866;;
5057;Ørland;2022;222;22987.0;117886.0;13696000.0;3912000.0;4813000.0;2730000.0;6336000.0;595.8150258841954;170.18314699612824;209.37921433853919;216.252664549528;118.76277896202201;53.74684016761957;714.5778048462174;768.324645013837;3732000.0;162.35263409753338;1.0;1.0482315112540193;;
5058;Åfjord;2022;222;5045.0;27250.0;5997000.0;1223000.0;2014000.0;455000.0;1157000.0;1188.7016848364717;242.41823587710604;399.207135777998;547.0763131813677;90.18830525272547;42.45871559633027;1278.8899900891972;1321.3487056855274;715000.0;141.7244796828543;1.0;1.7104895104895106;;
5059;Orkland;2022;222;36903.0;96033.0;32064000.0;4880000.0;13551000.0;4211000.0;9387000.0;868.8724493943582;132.2385713898599;367.20591821803106;369.4279597864672;114.10996395956968;97.74764924557184;982.9824133539279;1080.7300625994997;5131000.0;139.0401864347072;1.0;0.9510816604950303;;
5060;Nærøysund;2022;222;28056.0;89766.0;15062000.0;1894000.0;6189000.0;1949000.0;7921000.0;536.854861705161;67.50784145993727;220.5945252352438;248.75249500998004;69.46820644425435;88.24053650602679;606.3230681494155;694.5636046554423;3200000.0;114.0575990875392;1.0;0.591875;;
5061;Rindal;2022;222;3253.0;15914.0;2386000.0;294000.0;1000.0;234000.0;0.0;733.4767906547802;90.37811251152782;0.3074085459575776;642.7912695972948;71.93359975407316;0.0;805.4103904088533;805.4103904088533;289000.0;88.84106978173993;1.0;1.0173010380622838;renhold_urimelig_lav;
5401;Tromsø (2020-2023);2022;222;154095.0;330382.0;103919000.0;15351000.0;30443000.0;17276000.0;23163000.0;674.3826860053863;99.62036406113113;197.55994678607354;377.20237515818167;112.11265777604724;70.10975174192299;786.4953437814336;856.6050955233566;47181000.0;306.1812518251728;1.0;0.32536402365358935;;implisitt_pris_utenfor|kwh_uteligger
5402;Harstad (2020-2023);2022;222;59311.0;148707.0;30700000.0;7952000.0;11995000.0;6448000.0;12942000.0;517.6105612786836;134.07293756638734;202.23904503380487;181.29857867849134;108.71507814739256;87.03020032681717;626.3256394260761;713.3558397528933;11705000.0;197.34956416179125;0.9943613840239214;0.6793677915420759;;
5403;Alta (2020-2023);2022;222;88876.0;179115.0;27829000.0;2913000.0;11379000.0;3705000.0;7884000.0;313.12165263963277;32.77600252036545;128.03231468562942;152.3133354336379;41.68729465772537;44.0164140356754;354.80894729735815;398.8253613330335;9977000.0;112.25752734146451;1.0;0.29197153452941765;energi_urimelig_lav;implisitt_pris_utenfor
5404;Vardø (2020-2023);2022;222;0.0;115.0;1894000.0;163000.0;1044000.0;126000.0;607000.0;;;;;;;;;0.0;;;;areal_mangler;areal_mangler|kwh_mangler
5405;Vadsø (2020-2023);2022;222;17385.0;52843.0;7720000.0;1230000.0;3102000.0;483000.0;958000.0;444.0609721023871;70.75064710957722;178.42968075927524;194.88064423353467;27.782571182053495;18.129175103608805;471.8435432844406;489.97271838804943;2389000.0;137.4173137762439;1.0;0.5148597739640016;;
5406;Hammerfest (2020-2023);2022;222;43174.0;113507.0;21106000.0;3497000.0;10493000.0;775000.0;5990000.0;488.85903553064344;80.99782276370037;243.0397924676889;164.82142029925419;17.950618427757448;52.77207573101219;506.8096539584009;559.581729689413;7101000.0;164.47398897484598;1.0;0.4924658498802985;;implisitt_pris_utenfor
5411;Kvæfjord (2020-2023);2022;222;7907.0;29583.0;4990000.0;1006000.0;1936000.0;421000.0;771000.0;631.0863791577084;127.22903756165422;244.84633868723915;259.011002908815;53.24396104717339;26.062265490315383;684.3303402048817;710.3926056951971;1504000.0;190.21120526116098;1.0;0.6688829787234043;;
5412;Tjeldsund (2020-2023);2022;222;8700.0;24100.0;9083000.0;2077000.0;3931000.0;748000.0;1136000.0;1044.0229885057472;238.73563218390805;451.8390804597701;353.44827586206895;85.97701149425288;47.136929460580916;1130.0;1177.1369294605809;2050000.0;235.632183908046;1.0;1.013170731707317;;
5413;Ibestad (2020-2023);2022;222;2762.0;10816.0;1805000.0;167000.0;992000.0;73000.0;483000.0;653.5119478638668;60.46343229543809;359.16002896451846;233.88848660391022;26.430123099203477;44.656065088757394;679.9420709630703;724.5981360518276;232000.0;83.99710354815352;1.0;0.7198275862068965;;
5414;Gratangen (2020-2023);2022;222;1723.0;11071.0;744000.0;387000.0;0.0;344000.0;0.0;431.8049912942542;224.60824143934997;0.0;207.19674985490423;199.6517701683111;0.0;631.4567614625653;631.4567614625653;407000.0;236.21590249564713;0.9066339066339066;0.9508599508599508;renhold_urimelig_lav;
5415;Loabák - Lavangen (2020-2023);2022;222;3832.0;9085.0;2757000.0;407000.0;1568000.0;130000.0;2123000.0;719.4676409185804;106.21085594989562;409.1858037578288;204.07098121085596;33.92484342379958;233.68189323059988;753.3924843423799;987.0743775729798;588000.0;153.4446764091858;1.0;0.6921768707482994;;
5416;Bardu (2020-2023);2022;222;9382.0;24858.0;7799000.0;1213000.0;3730000.0;685000.0;1757000.0;831.2726497548497;129.29013003623962;397.56981453847794;304.41270518013215;73.01215092730762;70.68147075388205;904.2848006821573;974.9662714360394;1712000.0;182.47708377744618;1.0;0.7085280373831776;;
5417;Salangen (2020-2023);2022;222;5087.0;16897.0;2162000.0;606000.0;588000.0;159000.0;606000.0;425.00491448791036;119.12718694712011;115.5887556516611;190.28897188912916;31.25614310988795;35.864354619163166;456.2610575977983;492.1254122169615;872000.0;171.41733831334776;1.0;0.694954128440367;;
5418;Målselv (2020-2023);2022;222;18046.0;44810.0;10889000.0;2461000.0;5148000.0;5590000.0;1762000.0;603.4024160478776;136.37371162584506;285.27097417710297;181.75773024492963;309.76393660645016;39.32158000446329;913.1663526543279;952.4879326587911;3649000.0;202.2054748974842;1.0;0.6744313510550836;;
5419;Sørreisa (2020-2023);2022;222;7716.0;24183.0;4221000.0;1082000.0;2235000.0;133000.0;4186000.0;547.045101088647;140.22809745982374;289.6578538102644;117.15914981855884;17.236910316226023;173.09680353967664;564.282011404873;737.3788149445496;1623000.0;210.34214618973562;1.0;0.6666666666666666;;
5420;Dyrøy (2020-2023);2022;222;4100.0;9114.0;1718000.0;684000.0;413000.0;285000.0;2378000.0;419.0243902439024;166.82926829268294;100.73170731707317;151.46341463414635;69.51219512195122;260.91727013386;488.5365853658537;749.4538554997137;1297000.0;316.3414634146341;0.630686198920586;0.5273708558211258;;kwh_uteligger
5421;Senja (2020-2023);2022;222;43401.0;103565.0;29054000.0;7999000.0;9832000.0;5208000.0;14163000.0;669.4315799175134;184.30450911269327;226.53855901937743;258.58851178544273;119.99723508674916;136.75469511900738;789.4288150042626;926.1835101232699;10456000.0;240.91610792378054;1.0;0.7650153022188219;;
5422;Balsfjord (2020-2023);2022;222;13481.0;41015.0;9027000.0;1752000.0;3977000.0;1203000.0;2955000.0;669.609079445145;129.96068540909428;295.00778873970773;244.640605296343;89.2367035086418;72.04681214189931;758.8457829537869;830.8925950956861;1818000.0;134.85646465395743;1.0;0.9636963696369636;;
5423;Karlsøy (2020-2023);2022;222;4728.0;13746.0;2756000.0;664000.0;1287000.0;330000.0;2229000.0;582.9103214890017;140.4399323181049;272.20812182741116;170.2622673434856;69.79695431472081;162.15626364033173;652.7072758037225;814.8635394440543;1249000.0;264.17089678510996;1.0;0.5316253002401922;;
5424;Lyngen (2020-2023);2022;222;7410.0;26525.0;6418000.0;1034000.0;2223000.0;817000.0;995000.0;866.1268556005398;139.54116059379217;300.0;426.58569500674764;110.25641025641026;37.51178133836004;976.3832658569501;1013.8950471953101;2424000.0;327.1255060728745;1.0;0.4265676567656766;;implisitt_pris_utenfor|kwh_uteligger
5425;Storfjord - Omasvuotna - Omasvuono (2020-2023);2022;222;4270.0;22486.0;3760000.0;488000.0;1735000.0;43000.0;1272000.0;880.5620608899297;114.28571428571429;406.3231850117096;359.95316159250586;10.070257611241217;56.56853153073023;890.632318501171;947.2008500319012;955000.0;223.65339578454333;1.0;0.5109947643979058;;
5426;Gáivuotna - Kåfjord - Kaivuono (2020-2023);2022;222;5348.0;16413.0;4836000.0;621000.0;2353000.0;1098000.0;1206000.0;904.2632759910247;116.11817501869858;439.9775617053104;348.1675392670157;205.31039640987285;73.47834033997441;1109.5736724008975;1183.052012740872;944000.0;176.51458489154825;1.0;0.6578389830508474;;
5427;Skjervøy (2020-2023);2022;222;12207.0;28698.0;6557000.0;1284000.0;2214000.0;701000.0;1690000.0;537.1508151060867;105.18554927500614;181.37134431064143;250.5939215204391;57.42606701073155;58.889121193114505;594.5768821168182;653.4660033099327;1534000.0;125.66560170394037;1.0;0.8370273794002607;;
5428;Nordreisa (2020-2023);2022;222;9473.0;36884.0;6558000.0;1466000.0;3021000.0;422000.0;2975000.0;692.283331573947;154.75562123931172;318.9063654597276;218.62134487490763;44.54766177557268;80.65828001301378;736.8309933495196;817.4892733625334;1727000.0;182.30761110524648;1.0;0.8488708743485813;;
5429;Kvænangen (2020-2023);2022;222;4300.0;12761.0;3441000.0;286000.0;2561000.0;957000.0;345000.0;800.2325581395348;66.51162790697674;595.5813953488372;138.13953488372093;222.5581395348837;27.03549878536165;1022.7906976744187;1049.8261964597802;707000.0;164.41860465116278;1.0;0.40452616690240456;;implisitt_pris_utenfor
5430;Guovdageaidnu-Kautokeino (2020-2023);2022;222;5860.0;21128.0;7926000.0;990000.0;3457000.0;708000.0;2182000.0;1352.5597269624573;168.9419795221843;589.9317406143344;593.6860068259385;120.81911262798634;103.27527451722833;1473.3788395904437;1576.654114107672;1717000.0;293.00341296928326;1.0;0.5765870704717532;DV_uteligger_hoy;kwh_uteligger
5432;Loppa (2020-2023);2022;222;6465.0;14705.0;2946000.0;405000.0;0.0;79000.0;497000.0;455.6844547563805;62.64501160092807;0.0;393.03944315545243;12.219644238205722;33.7980278816729;467.9040989945862;501.7021268762591;749000.0;115.85460170146945;1.0;0.540720961281709;renhold_urimelig_lav;
5433;Hasvik (2020-2023);2022;222;6000.0;9880.0;3985000.0;777000.0;1420000.0;1959000.0;902000.0;664.1666666666666;129.5;236.66666666666666;298.0;326.5;91.29554655870446;990.6666666666666;1081.962213225371;1450000.0;241.66666666666666;1.0;0.5358620689655172;;
5434;Måsøy (2020-2023);2022;222;6786.0;13756.0;3715000.0;829000.0;1239000.0;548000.0;0.0;547.4506336575303;122.16327733569113;182.5817860300619;242.70557029177718;80.754494547598;0.0;628.2051282051282;628.2051282051282;476000.0;70.14441497200117;1.0;1.7415966386554624;;
5435;Nordkapp (2020-2023);2022;222;9025.0;27126.0;4728000.0;788000.0;1634000.0;582000.0;0.0;523.8781163434903;87.31301939058172;181.05263157894737;255.51246537396122;64.48753462603878;0.0;588.365650969529;588.365650969529;1517000.0;168.08864265927977;1.0;0.5194462755438365;;
5436;Porsanger - Porsángu - Porsanki  (2020-2023);2022;222;18165.0;35246.0;7098000.0;1340000.0;3332000.0;508000.0;2567000.0;390.7514450867052;73.7682356179466;183.42967244701347;133.55353702174511;27.965868428296172;72.83095954150825;418.71731351500136;491.54827305650963;3567000.0;196.3666391412056;1.0;0.3756658256237735;;implisitt_pris_utenfor
5437;Kárásjohka-Karasjok (2020-2023);2022;222;10394.0;25430.0;1759000.0;759000.0;0.0;1796000.0;988000.0;169.23224937463922;73.02289782566865;0.0;96.20935154897056;172.79199538195112;38.851749901690916;342.02424475659035;380.8759946582813;1738000.0;167.21185299211083;1.0;0.4367088607594936;drift_urimelig_lav|renhold_urimelig_lav;implisitt_pris_utenfor
5438;Lebesby (2020-2023);2022;222;3891.0;12958.0;1702000.0;103000.0;1121000.0;198000.0;631000.0;437.4196864559239;26.471344127473657;288.10074530968905;122.84759701876125;50.886661526599845;48.695786386788086;488.3063479825238;537.0021343693119;211000.0;54.22770496016448;1.0;0.4881516587677725;energi_urimelig_lav;implisitt_pris_utenfor|kwh_uteligger
5439;Gamvik (2020-2023);2022;222;5906.0;16288.0;2531000.0;322000.0;808000.0;218000.0;1420000.0;428.54724009481885;54.520826278360985;136.81002370470708;237.21639011175077;36.911615306468;87.18074656188605;465.4588554012868;552.6396019631729;949000.0;160.68405011852354;1.0;0.33930453108535297;;implisitt_pris_utenfor
5440;Berlevåg (2020-2023);2022;222;2464.0;10314.0;1948000.0;245000.0;750000.0;198000.0;511000.0;790.5844155844156;99.43181818181819;304.3831168831169;386.7694805194805;80.35714285714286;49.54430870661237;870.9415584415584;920.4858671481708;396000.0;160.71428571428572;1.0;0.6186868686868687;;
5441;Deatnu-Tana (2020-2023);2022;222;0.0;303.0;4721000.0;870000.0;0.0;150000.0;2190000.0;;;;;;;;;0.0;;;;areal_mangler;areal_mangler|kwh_mangler
5442;Unjárga-Nesseby (2020-2023);2022;222;3000.0;8863.0;2477000.0;246000.0;899000.0;301000.0;483000.0;825.6666666666666;82.0;299.6666666666667;444.0;100.33333333333333;54.49622024145323;926.0;980.4962202414532;618000.0;206.0;1.0;0.39805825242718446;;implisitt_pris_utenfor
5443;Båtsfjord (2020-2023);2022;222;7902.0;16687.0;4557000.0;1502000.0;1221000.0;698000.0;657000.0;576.6894457099469;190.0784611490762;154.51784358390282;232.09314097696785;88.33206783092888;39.37196620123449;665.0215135408757;704.3934797421102;2029000.0;256.77043786383194;0.6988664366683095;0.7402661409561361;;
5444;Sør-Varanger (2020-2023);2022;222;35113.0;70516.0;18117000.0;2716000.0;7545000.0;1923000.0;1084000.0;515.9627488394611;77.35026913109105;214.87768063110528;223.73479907726482;54.76604106741093;15.372397753701287;570.7287899068721;586.1011876605734;4954000.0;141.08734656679863;1.0;0.5482438433589019;;
