kommune;kommunenavn;aargang;funksjon;eid_areal_m2;portefoljeareal_m2;drift_kr;energi_kr;renhold_kr;vedlikehold_kr;forvaltning_kr;drift_kr_m2;energi_kr_m2;renhold_kr_m2;ovrig_drift_kr_m2;vedlikehold_kr_m2;forvaltning_kr_m2;dv_kr_m2;fdv_kr_m2;energibruk_kwh;kwh_m2;fornybarandel;implisitt_energipris_kr_kwh;flagg_kostnad;flagg_energi
0301;Oslo - Oslove;2022;261;507670.0;2333925.0;229084000.0;81731000.0;28943000.0;194897000.0;485961000.0;451.24588807690037;160.99237693777454;57.011444442255794;233.24206669687;383.9048988516162;208.21620232012597;835.1507869285166;1043.3669892486425;87425000.0;172.20832430515887;1.0;0.9348698884758364;;
1101;Eigersund;2022;261;2862.0;49539.0;429000.0;88000.0;0.0;37000.0;9466000.0;149.89517819706498;30.74772886093641;0.0;119.14744933612859;12.928022361984626;191.08177395587316;162.8232005590496;353.90497451492274;728000.0;254.3675751222921;1.0;0.12087912087912088;drift_urimelig_lav|energi_urimelig_lav|renhold_urimelig_lav;implisitt_pris_utenfor
1103;Stavanger;2022;261;104155.0;681196.0;64206000.0;27857000.0;10160000.0;22584000.0;69252000.0;616.4466420239066;267.45715520138253;97.54692525562864;251.4425615668955;216.8306850367241;101.66237030164592;833.2773270606308;934.9396973622768;18262000.0;175.3348375018002;1.0;1.5254079509363705;;
1106;Haugesund;2022;261;22292.0;135720.0;21582000.0;10796000.0;5828000.0;3712000.0;3028000.0;968.1500089718285;484.2993001973802;261.43908128476585;222.4116274896824;166.517136192356;22.310639552018863;1134.6671451641844;1156.9777847162031;6901000.0;309.57294096536873;0.7087378640776699;1.5644109549340675;;
1108;Sandnes;2022;261;54714.0;315523.0;63290000.0;17639000.0;11974000.0;1286000.0;29226000.0;1156.7423328581351;322.3854954856161;218.8470958072888;615.5097415652301;23.504039185583213;92.62716188677211;1180.2463720437183;1272.8735339304903;11410000.0;208.5389479840626;0.999649430324277;1.5459246275197194;;
1111;Sokndal;2022;261;8765.0;22443.0;5592000.0;2654000.0;1487000.0;155000.0;877000.0;637.9920136908157;302.79520821448943;169.65202509982888;165.54478037649744;17.68397033656589;39.076772267522166;655.6759840273817;694.7527562949039;1360000.0;155.1625784369652;1.0;1.9514705882352943;;
1112;Lund;2022;261;6980.0;23592.0;4069000.0;2642000.0;392000.0;13000.0;421000.0;582.9512893982808;378.51002865329514;56.16045845272206;148.28080229226362;1.8624641833810889;17.845032214309935;584.8137535816619;602.6587857959719;1303000.0;186.676217765043;1.0;2.0276285495011512;;
1114;Bjerkreim;2022;261;3503.0;17774.0;4081000.0;1608000.0;848000.0;16000.0;406000.0;1165.0014273479874;459.035112760491;242.07821866971167;463.88809591778477;4.567513559805881;22.842354000225047;1169.5689409077934;1192.4112949080184;611000.0;174.42192406508707;1.0;2.6317512274959083;;
1119;Hå;2022;261;20530.0;88908.0;14635000.0;6005000.0;4003000.0;1925000.0;3283000.0;712.8592303945446;292.498782269849;194.98295177788603;225.37749634680955;93.76522162688748;36.92581095064561;806.624452021432;843.5502629720777;2869000.0;139.7467121285923;1.0;2.0930637852910423;;
1120;Klepp;2022;261;10915.0;89364.0;8756000.0;2950000.0;1954000.0;493000.0;2338000.0;802.19880897847;270.27027027027026;179.01969766376547;352.90884104443427;45.16720109940449;26.162660579204154;847.3660100778745;873.5286706570787;2153000.0;197.2514887769125;1.0;1.3701811425917323;;
1121;Time;2022;261;8654.0;87088.0;7173000.0;2062000.0;2544000.0;723000.0;8181000.0;828.8652646175179;238.2713196209845;293.96810723364916;296.6258377628842;83.54518141899699;93.93946353114092;912.4104460365149;1006.3499095676559;1438000.0;166.16593482782528;0.9638386648122392;1.4339360222531294;;
1122;Gjesdal;2022;261;5450.0;57501.0;4205000.0;1564000.0;792000.0;748000.0;3284000.0;771.559633027523;286.9724770642202;145.32110091743118;339.26605504587155;137.24770642201835;57.11205022521347;908.8073394495412;965.9193896747547;970000.0;177.9816513761468;1.0;1.6123711340206184;;
1124;Sola;2022;261;27870.0;185461.0;21303000.0;10547000.0;5268000.0;1329000.0;13526000.0;764.3702906350915;378.4355938284894;189.02045209903122;196.91424470757087;47.68568353067815;72.93177541369883;812.0559741657696;884.9877495794684;5064000.0;181.70075349838535;1.0;2.082740916271722;;
1127;Randaberg;2022;261;12030.0;66126.0;10051000.0;5285000.0;2553000.0;1396000.0;98000.0;835.4945968412303;439.3183707398171;212.21945137157107;183.95677472984207;116.04322527015793;1.4820191755134138;951.5378221113882;953.0198412869016;2905000.0;241.47963424771405;1.0;1.819277108433735;;
1130;Strand;2022;261;4429.0;62752.0;7840000.0;4588000.0;996000.0;2360000.0;4288000.0;1770.1512756829984;1035.8997516369384;224.88146308421764;509.3700609618424;532.851659516821;68.33248342682305;2303.002935199819;2371.3354186266424;1031000.0;232.7839241363739;1.0;4.450048496605238;DV_uteligger_hoy;implisitt_pris_utenfor
1133;Hjelmeland;2022;261;6425.0;26169.0;5372000.0;2020000.0;1712000.0;958000.0;1338000.0;836.1089494163424;314.3968871595331;266.4591439688716;255.25291828793775;149.10505836575877;51.12919867018228;985.2140077821011;1036.3432064522833;822000.0;127.93774319066148;1.0;2.4574209245742096;;
1134;Suldal;2022;261;8953.0;36909.0;5027000.0;2031000.0;1402000.0;523000.0;1262000.0;561.48776946275;226.85133474812912;156.59555456271642;178.0408801519044;58.41617334971518;34.19220244384839;619.9039428124651;654.0961452563134;1859000.0;207.63989724114822;1.0;1.092522861753631;;
1135;Sauda;2022;261;2678.0;26048.0;7253000.0;3048000.0;2022000.0;60000.0;114000.0;2708.3644510828976;1138.1628080657206;755.041075429425;815.1605675877521;22.404779686333086;4.3765356265356266;2730.769230769231;2735.1457663957667;695000.0;259.5220313666916;1.0;4.3856115107913665;DV_uteligger_hoy;implisitt_pris_utenfor
1144;Kvitsøy;2022;261;1540.0;6644.0;1520000.0;746000.0;236000.0;374000.0;203000.0;987.012987012987;484.4155844155844;153.24675324675326;349.35064935064935;242.85714285714286;30.553883202889825;1229.8701298701299;1260.4240130730198;311000.0;201.94805194805195;1.0;2.3987138263665595;;
1145;Bokn;2022;261;2200.0;11283.0;1591000.0;890000.0;337000.0;103000.0;439000.0;723.1818181818181;404.54545454545456;153.1818181818182;165.45454545454547;46.81818181818182;38.90809181955154;770.0;808.9080918195515;540000.0;245.45454545454547;1.0;1.6481481481481481;;
1146;Tysvær;2022;261;11637.0;65010.0;13861000.0;5822000.0;2405000.0;1553000.0;5640000.0;1191.114548423133;500.3007648019249;206.66838532267766;484.14539829853055;133.45363925410328;86.75588371019843;1324.5681876772364;1411.324071387435;3371000.0;289.6794706539486;0.6128745179471967;1.727083951349748;;
1149;Karmøy;2022;261;35498.0;186330.0;36784000.0;13999000.0;11075000.0;5522000.0;6726000.0;1036.2273930925685;394.3602456476421;311.9894078539636;329.87773959096285;155.55805960899207;36.097246820157785;1191.7854527015606;1227.8826995217185;7326000.0;206.37782410276634;0.7189462189462189;1.9108654108654108;;
1151;Utsira;2022;261;450.0;3280.0;568000.0;123000.0;86000.0;69000.0;94000.0;1262.2222222222222;273.3333333333333;191.11111111111111;797.7777777777778;153.33333333333334;28.658536585365855;1415.5555555555557;1444.2140921409216;76000.0;168.88888888888889;1.0;1.6184210526315788;areal_for_lite;areal_for_lite
1160;Vindafjord;2022;261;10538.0;56584.0;9562000.0;3305000.0;2746000.0;1033000.0;2607000.0;907.3828050863541;313.6268741696717;260.58075536154865;333.1751755551338;98.02619092806984;46.07309486780716;1005.408996014424;1051.4820908822312;2653000.0;251.7555513380148;1.0;1.2457595175273275;;
1505;Kristiansund;2022;261;28693.0;115530.0;17416000.0;4200000.0;5300000.0;781000.0;8716000.0;606.9773115393998;146.3771651622347;184.71404175234377;275.88610462482137;27.21918237897745;75.44360772093829;634.1964939183773;709.6401016393156;5170000.0;180.1833199735127;1.0;0.8123791102514506;;
1506;Molde;2022;261;43000.0;164145.0;23407000.0;7520000.0;1955000.0;4702000.0;11704000.0;544.3488372093024;174.88372093023256;45.46511627906977;324.0;109.34883720930233;71.3028115385787;653.6976744186046;725.0004859571833;8704000.0;202.41860465116278;1.0;0.8639705882352942;renhold_urimelig_lav;
1507;Ålesund (2020-2023);2022;261;48134.0;252510.0;32660000.0;4019000.0;7325000.0;9607000.0;16571000.0;678.5224581376989;83.4960734615864;152.17933269622304;442.8470519798895;199.58864835667097;65.62512375747495;878.1111064943699;943.7362302518449;13618000.0;282.918519134084;1.0;0.29512410045527976;;implisitt_pris_utenfor
1511;Vanylven;2022;261;8047.0;23336.0;1972000.0;762000.0;3000.0;531000.0;0.0;245.06027090841306;94.69367466136448;0.3728097427612775;149.9937865042873;65.98732446874611;0.0;311.0475953771592;311.0475953771592;798000.0;99.16739157449982;1.0;0.9548872180451128;renhold_urimelig_lav;
1514;Sande;2022;261;11507.0;23289.0;3551000.0;546000.0;1231000.0;277000.0;1029000.0;308.5947684018424;47.44937863908925;106.9783609976536;154.1670287650995;24.072303815069088;44.18394950405771;332.66707221691144;376.85102172096913;863000.0;74.99782740940297;1.0;0.6326767091541136;;kwh_uteligger
1515;Herøy (Møre og Romsdal);2022;261;7212.0;47224.0;10280000.0;1222000.0;2414000.0;893000.0;2863000.0;1425.402107598447;169.43982251802552;334.71991125901275;921.2423738214088;123.82140876317249;60.62595290530239;1549.2235163616194;1609.849469266922;1945000.0;269.6894065446478;1.0;0.6282776349614396;;
1516;Ulstein;2022;261;5416.0;51946.0;3821000.0;938000.0;1130000.0;1517000.0;5745000.0;705.5022156573117;173.19054652880354;208.64106351550961;323.67060561299854;280.096011816839;110.59561852693182;985.5982274741507;1096.1938460010824;1720000.0;317.5775480059084;1.0;0.5453488372093024;;
1517;Hareid;2022;261;12839.0;35472.0;6500000.0;1066000.0;1981000.0;721000.0;5594000.0;506.26995871952647;83.02827323000234;154.2955058805203;268.9461796090038;56.15702157488901;157.701849345963;562.4269802944154;720.1288296403784;;;;;;kwh_mangler
1520;Ørsta;2022;261;11065.0;65716.0;7492000.0;1148000.0;2180000.0;484000.0;3265000.0;677.089923181202;103.75056484410302;197.01762313601446;376.3217352010845;43.74152733845459;49.68348651774301;720.8314505196565;770.5149370373996;1763000.0;159.33122458201535;1.0;0.6511627906976745;;
1525;Stranda;2022;261;13437.0;32077.0;4424000.0;874000.0;0.0;113000.0;98000.0;329.2401577733125;65.04428071742204;0.0;264.19587705589043;8.409615241497358;3.055148548804439;337.64977301480985;340.7049215636143;;;;;renhold_urimelig_lav;kwh_mangler
1528;Sykkylven;2022;261;2443.0;29485.0;1162000.0;124000.0;228000.0;355000.0;1337000.0;475.64469914040114;50.75726565697912;93.32787556283259;331.55955792058944;145.31313958248055;45.345090724097;620.9578387228817;666.3029294469786;344000.0;140.81047891936143;1.0;0.3604651162790698;;implisitt_pris_utenfor
1531;Sula;2022;261;19415.0;57114.0;522000.0;0.0;0.0;0.0;5167000.0;26.886428019572495;0.0;0.0;26.886428019572495;0.0;90.46818643414925;26.886428019572495;117.35461445372174;2510000.0;129.28148338913212;1.0;0.0;drift_urimelig_lav|energi_urimelig_lav|renhold_urimelig_lav;implisitt_pris_utenfor
1532;Giske;2022;261;4370.0;41930.0;305000.0;56000.0;0.0;68000.0;2426000.0;69.79405034324942;12.814645308924485;0.0;56.97940503432494;15.560640732265446;57.85833532077272;85.35469107551488;143.2130263962876;133000.0;30.434782608695652;1.0;0.42105263157894735;drift_urimelig_lav|energi_urimelig_lav|renhold_urimelig_lav;kwh_urimelig_lav|implisitt_pris_utenfor
1535;Vestnes;2022;261;12133.0;43894.0;3429000.0;398000.0;996000.0;216000.0;6378000.0;282.61765433116295;32.80309898623589;82.0901673122888;167.72438803263825;17.80268688700239;145.30459743928554;300.42034121816533;445.7249386574509;1162000.0;95.77186186433693;1.0;0.3425129087779691;energi_urimelig_lav;implisitt_pris_utenfor
1539;Rauma;2022;261;14945.0;52539.0;7817000.0;1382000.0;2047000.0;253000.0;2108000.0;523.05118768819;92.47239879558381;136.96888591502176;293.60990297758445;16.928738708598193;40.12257561049887;539.9799263967882;580.1025020072871;1978000.0;132.35195717631314;1.0;0.6986855409504551;;
1547;Aukra;2022;261;5200.0;26386.0;3202000.0;521000.0;1322000.0;310000.0;577000.0;615.7692307692307;100.1923076923077;254.23076923076923;261.34615384615387;59.61538461538461;21.86765709088153;675.3846153846154;697.2522724754969;587000.0;112.88461538461539;1.0;0.8875638841567292;;
1554;Averøy;2022;261;4680.0;21461.0;3429000.0;845000.0;820000.0;821000.0;1036000.0;732.6923076923077;180.55555555555554;175.2136752136752;376.9230769230769;175.42735042735043;48.273612599599275;908.1196581196581;956.3932707192573;696000.0;148.71794871794873;1.0;1.2140804597701147;;
1557;Gjemnes;2022;261;4973.0;18282.0;3097000.0;1219000.0;741000.0;303000.0;542000.0;622.7629197667404;245.12366780615324;149.00462497486427;228.63462698572292;60.92901669012669;29.64664697516683;683.6919364568671;713.3385834320339;1277000.0;256.78664789865275;1.0;0.9545810493343774;;
1560;Tingvoll;2022;261;5482.0;26517.0;4067000.0;1472000.0;1109000.0;360000.0;1662000.0;741.8825246260488;268.5151404596862;202.2984312294783;271.06895293688433;65.66946369937979;62.67677339065505;807.5519883254286;870.2287617160837;1203000.0;219.44545786209412;1.0;1.223607647547797;;
1563;Sunndal;2022;261;12100.0;48587.0;4971000.0;1318000.0;2350000.0;2135000.0;3003000.0;410.8264462809917;108.92561983471074;194.21487603305786;107.68595041322314;176.44628099173553;61.806656101426306;587.2727272727273;649.0793833741535;2260000.0;186.77685950413223;1.0;0.5831858407079646;;
1566;Surnadal;2022;261;7480.0;33305.0;5429000.0;1373000.0;1422000.0;89000.0;1147000.0;725.8021390374331;183.55614973262033;190.10695187165774;352.13903743315507;11.898395721925134;34.43927338237502;737.7005347593583;772.1398081417334;1659000.0;221.79144385026737;1.0;0.8276069921639543;;
1573;Smøla;2022;261;6348.0;15864.0;1770000.0;370000.0;422000.0;155000.0;0.0;278.82797731568996;58.28607435412729;66.47763074984248;154.06427221172024;24.41713925645873;0.0;303.24511657214873;303.24511657214873;1127000.0;177.53623188405797;1.0;0.3283052351375333;DV_uteligger_lav;implisitt_pris_utenfor
1576;Aure;2022;261;6602.0;24457.0;4525000.0;1396000.0;1427000.0;1713000.0;0.0;685.3983641320812;211.45107543168737;216.14662223568615;257.80066646470766;259.4668282338685;0.0;944.8651923659497;944.8651923659497;1518000.0;229.93032414419872;0.9183135704874835;0.9196310935441371;;
1577;Volda;2022;261;9647.0;48341.0;6231000.0;1463000.0;1992000.0;1222000.0;12401000.0;645.9002798797553;151.6533637400228;206.48906395770706;287.7578521820255;126.67150409453716;256.53172255435345;772.5717839742925;1029.103506528646;2354000.0;244.01368301026227;1.0;0.6214953271028036;;
1578;Fjord;2022;261;8201.0;31324.0;6612000.0;618000.0;1890000.0;590000.0;0.0;806.243141080356;75.35666382148518;230.4597000365809;500.42677722228996;71.94244604316546;0.0;878.1855871235215;878.1855871235215;1703000.0;207.65760273137423;1.0;0.362889019377569;;implisitt_pris_utenfor
1579;Hustadvika;2022;261;11681.0;68596.0;4447000.0;1742000.0;1000.0;738000.0;3336000.0;380.7037068744114;149.13106754558686;0.0856091088091773;231.4870302200154;63.179522301172845;48.63257332789084;443.8832291755843;492.51580250347513;2279000.0;195.10315897611505;1.0;0.7643703378674858;renhold_urimelig_lav;
1804;Bodø;2022;261;36182.0;245978.0;22415000.0;4835000.0;3969000.0;4257000.0;44654000.0;619.5069371510696;133.62998175888563;109.69542866618761;376.1815267259964;117.65518766237355;181.53656018017872;737.1621248134431;918.6986849936219;6684000.0;184.73274003648223;1.0;0.7233692399760623;;
1806;Narvik;2022;261;30894.0;123762.0;23006000.0;4817000.0;809000.0;1694000.0;8316000.0;744.675341490257;155.92024341296045;26.186314494723895;562.5687835825727;54.83265358969379;67.19348426819218;799.5079950799508;866.7014793481429;7660000.0;247.94458470900497;1.0;0.6288511749347259;renhold_urimelig_lav;
1811;Bindal;2022;261;3026.0;12312.0;2599000.0;605000.0;709000.0;191000.0;356000.0;858.8896232650363;199.93390614672836;234.30270984798415;424.6530072703239;63.119629874421676;28.914879792072774;922.009253139458;950.9241329315307;975000.0;322.20753469927297;1.0;0.6205128205128205;;
1812;Sømna;2022;261;4800.0;16671.0;4714000.0;641000.0;1774000.0;348000.0;0.0;982.0833333333334;133.54166666666666;369.5833333333333;478.9583333333333;72.5;0.0;1054.5833333333333;1054.5833333333333;1305000.0;271.875;1.0;0.4911877394636015;;implisitt_pris_utenfor
1813;Brønnøy;2022;261;15528.0;48530.0;6005000.0;1213000.0;0.0;1956000.0;1756000.0;386.72076249356;78.11695002575992;0.0;308.6038124678001;125.96599690880988;36.183803832680816;512.68675940237;548.8705632350508;2052000.0;132.1483771251932;1.0;0.5911306042884991;renhold_urimelig_lav;
1815;Vega;2022;261;3300.0;12500.0;1971000.0;758000.0;2000.0;181000.0;0.0;597.2727272727273;229.6969696969697;0.6060606060606061;366.969696969697;54.84848484848485;0.0;652.1212121212121;652.1212121212121;;;;;renhold_urimelig_lav;kwh_mangler
1816;Vevelstad;2022;261;1400.0;4662.0;711000.0;233000.0;0.0;448000.0;0.0;507.85714285714283;166.42857142857142;0.0;341.42857142857144;320.0;0.0;827.8571428571429;827.8571428571429;233000.0;166.42857142857142;1.0;1.0;renhold_urimelig_lav;
1818;Herøy (Nordland);2022;261;3877.0;12680.0;1654000.0;548000.0;98000.0;877000.0;476000.0;426.61851947381996;141.346401857106;25.27727624451896;259.99484137219497;226.20582924941965;37.53943217665615;652.8243487232396;690.3637808998958;848000.0;218.72581893216403;0.964622641509434;0.6462264150943396;renhold_urimelig_lav;
1820;Alstahaug;2022;261;4802.0;50832.0;3507000.0;708000.0;113000.0;869000.0;4956000.0;730.3206997084548;147.43856726364015;23.531861724281548;559.3502707205331;180.96626405664307;97.49763928234184;911.2869637650979;1008.7846030474398;1104000.0;229.90420658059142;1.0;0.6413043478260869;renhold_urimelig_lav;
1822;Leirfjord;2022;261;4019.0;18898.0;1287000.0;1000.0;613000.0;91000.0;230000.0;320.228912664842;0.24881811395869619;152.52550385668076;167.45459069420255;22.642448370241354;12.170600063498783;342.87136103508334;355.04196109858214;1056000.0;262.7519283403832;1.0;0.0009469696969696969;energi_urimelig_lav;implisitt_pris_utenfor
1824;Vefsn;2022;261;14700.0;74993.0;11770000.0;2546000.0;2281000.0;1579000.0;5756000.0;800.6802721088435;173.19727891156464;155.17006802721087;472.312925170068;107.41496598639456;76.75383035750004;908.0952380952381;984.8490684527382;4039000.0;274.76190476190476;1.0;0.630354048031691;;
1825;Grane;2022;261;4000.0;13298.0;4328000.0;794000.0;1876000.0;352000.0;0.0;1082.0;198.5;469.0;414.5;88.0;0.0;1170.0;1170.0;608000.0;152.0;1.0;1.305921052631579;;
1826;Hattfjelldal - Aarborte;2022;261;2839.0;18371.0;2325000.0;599000.0;640000.0;101000.0;675000.0;818.9503346248679;210.98978513561113;225.43148996125396;382.5290595280028;35.57590700951039;36.7426922867563;854.5262416343783;891.2689339211346;1499000.0;528.0028178936245;0.9733155436957972;0.39959973315543695;;kwh_urimelig_hoy|implisitt_pris_utenfor
1827;Dønna;2022;261;2502.0;13662.0;1999000.0;711000.0;516000.0;203000.0;2387000.0;798.9608313349321;284.1726618705036;206.23501199040768;308.5531574740208;81.13509192645883;174.71819645732688;880.0959232613909;1054.8141197187178;250000.0;99.92006394884093;1.0;2.844;;
1828;Nesna;2022;261;2904.0;9666.0;1586000.0;285000.0;750000.0;48000.0;518000.0;546.1432506887053;98.14049586776859;258.26446280991735;189.7382920110193;16.52892561983471;53.589902751913925;562.67217630854;616.2620790604539;116000.0;39.94490358126722;1.0;2.456896551724138;;kwh_urimelig_lav
1832;Hemnes;2022;261;10588.0;37475.0;5525000.0;987000.0;1150000.0;1259000.0;326000.0;521.8171514922553;93.2187381941821;108.61352474499434;319.984888553079;118.90819795995466;8.699132755170114;640.72534945221;649.4244822073802;2875000.0;271.53381186248583;1.0;0.343304347826087;;implisitt_pris_utenfor
1833;Rana;2022;261;24086.0;105893.0;13925000.0;3272000.0;4141000.0;1727000.0;10713000.0;578.1366769077472;135.84654986299094;171.92559993357136;270.36452711118494;71.70140330482438;101.16816031276855;649.8380802125716;751.0062405253402;5166000.0;214.48144150128707;1.0;0.6333720480061943;;
1834;Lurøy;2022;261;7040.0;23500.0;11000.0;0.0;0.0;519000.0;8000.0;1.5625;0.0;0.0;1.5625;73.7215909090909;0.3404255319148936;75.2840909090909;75.6245164410058;1277000.0;181.39204545454547;1.0;0.0;drift_urimelig_lav|energi_urimelig_lav|renhold_urimelig_lav;implisitt_pris_utenfor
1835;Træna;2022;261;1310.0;5050.0;902000.0;195000.0;307000.0;155000.0;126000.0;688.5496183206106;148.85496183206106;234.35114503816794;305.3435114503817;118.3206106870229;24.95049504950495;806.8702290076336;831.8207240571386;353000.0;269.46564885496184;1.0;0.5524079320113314;;
1836;Rødøy;2022;261;4389.0;15719.0;1045000.0;461000.0;0.0;256000.0;0.0;238.0952380952381;105.03531556163135;0.0;133.05992253360674;58.3276372750057;0.0;296.4228753702438;296.4228753702438;682000.0;155.38847117794487;1.0;0.6759530791788856;renhold_urimelig_lav;
1837;Meløy;2022;261;8044.0;42380.0;6144000.0;1614000.0;1089000.0;278000.0;5245000.0;763.7991049229239;200.64644455494778;135.38040775733467;427.7722526106415;34.559920437593235;123.76120811703633;798.3590253605172;922.1202334775535;1723000.0;214.19691695673794;1.0;0.9367382472431804;;
1838;Gildeskål;2022;261;6981.0;20252.0;5691000.0;867000.0;0.0;581000.0;594000.0;815.2127202406532;124.19424151267727;0.0;691.0184787279759;83.22589886835696;29.330436500098756;898.4386191090101;927.7690556091088;1302000.0;186.50623119896863;1.0;0.6658986175115207;renhold_urimelig_lav;
1839;Beiarn;2022;261;3155.0;11383.0;2639000.0;508000.0;652000.0;23000.0;416000.0;836.4500792393027;161.01426307448494;206.65610142630746;468.7797147385103;7.290015847860539;36.54572608275499;843.7400950871632;880.2858211699182;789000.0;250.07923930269413;1.0;0.6438529784537389;;
1840;Saltdal;2022;261;7884.0;32861.0;3234000.0;128000.0;1048000.0;729000.0;1318000.0;410.1978691019787;16.235413495687467;132.92744799594115;261.0350076103501;92.46575342465754;40.10833510848727;502.66362252663623;542.7719576351235;1081000.0;137.11314053779807;1.0;0.11840888066604995;energi_urimelig_lav;implisitt_pris_utenfor
1841;Fauske - Fuossko;2022;261;7993.0;41495.0;5338000.0;1183000.0;1715000.0;853000.0;13448000.0;667.8343550606781;148.00450394094833;214.56274239959964;305.2671087201301;106.7183785812586;324.0872394264369;774.5527336419367;1098.6399730683736;2144000.0;268.2347053671963;1.0;0.5517723880597015;;
1845;Sørfold;2022;261;4718.0;23702.0;3844000.0;426000.0;1102000.0;384000.0;185000.0;814.75201356507;90.29249682068674;233.57354811360747;490.8859686307758;81.39041966935142;7.805248502236098;896.1424332344213;903.9476817366574;1033000.0;218.9487070792709;1.0;0.41239109390125844;;implisitt_pris_utenfor
1848;Steigen;2022;261;6000.0;21347.0;4354000.0;1143000.0;1150000.0;906000.0;13559000.0;725.6666666666666;190.5;191.66666666666666;343.5;151.0;635.171218438188;876.6666666666666;1511.8378851048546;1661000.0;276.8333333333333;1.0;0.6881396748946418;;
1851;Lødingen;2022;261;2867.0;16936.0;1305000.0;972000.0;0.0;158000.0;729000.0;455.17963027554936;339.030345308685;0.0;116.14928496686431;55.109870945238924;43.044402456306095;510.2895012207883;553.3339036770943;;;;;renhold_urimelig_lav;kwh_mangler
1853;Evenes - Evenássi;2022;261;5540.0;14741.0;2169000.0;502000.0;544000.0;240000.0;419000.0;391.51624548736464;90.61371841155234;98.19494584837545;202.70758122743683;43.32129963898917;28.424123193813173;434.8375451263538;463.26166832016696;755000.0;136.28158844765343;1.0;0.6649006622516556;;
1856;Røst;2022;261;1100.0;11081.0;981000.0;230000.0;268000.0;60000.0;406000.0;891.8181818181819;209.0909090909091;243.63636363636363;439.09090909090907;54.54545454545455;36.63929248262792;946.3636363636364;983.0029288462642;300000.0;272.72727272727275;1.0;0.7666666666666666;;
1857;Værøy;2022;261;950.0;7950.0;594000.0;225000.0;216000.0;30000.0;136000.0;625.2631578947369;236.8421052631579;227.3684210526316;161.05263157894737;31.57894736842105;17.10691823899371;656.8421052631579;673.9490235021516;216000.0;227.3684210526316;1.0;1.0416666666666665;;
1859;Flakstad;2022;261;2100.0;5913.0;1598000.0;412000.0;0.0;200000.0;196000.0;760.952380952381;196.1904761904762;0.0;564.7619047619048;95.23809523809524;33.14730255369525;856.1904761904761;889.3377787441714;628000.0;299.04761904761904;1.0;0.6560509554140128;renhold_urimelig_lav;
1860;Vestvågøy;2022;261;11291.0;63217.0;6576000.0;2414000.0;1605000.0;868000.0;1931000.0;582.4107696395359;213.79860065538924;142.14861394030643;226.46355504384022;76.8753874767514;30.54558109369315;659.2861571162873;689.8317382099805;2973000.0;263.307058719334;1.0;0.8119744365960309;;
1865;Vågan;2022;261;11652.0;61002.0;7720000.0;1927000.0;30000.0;4016000.0;3709000.0;662.5472021970477;165.37933401991074;2.5746652935118433;494.5932028836251;344.66186062478545;60.80128520376381;1007.2090628218332;1068.010348025597;3069000.0;263.3882595262616;1.0;0.6278918214402085;renhold_urimelig_lav;
1866;Hadsel;2022;261;3492.0;43529.0;2809000.0;512000.0;838000.0;712000.0;3163000.0;804.410080183276;146.62084765177548;239.9770904925544;417.81214203894615;203.89461626575027;72.66420087757587;1008.3046964490263;1080.9688973266022;757000.0;216.78121420389462;1.0;0.6763540290620871;;
1867;Bø;2022;261;10531.0;23899.0;2711000.0;1142000.0;0.0;603000.0;0.0;257.43044345266355;108.44174342417624;0.0;148.98870002848733;57.25951951381635;0.0;314.6899629664799;314.6899629664799;1648000.0;156.49036178900388;1.0;0.6929611650485437;renhold_urimelig_lav;
1868;Øksnes;2022;261;11530.0;32064.0;3755000.0;1033000.0;1612000.0;704000.0;2047000.0;325.67215958369474;89.59236773633998;139.80919340849957;96.27059843885516;61.058109280138765;63.84106786427146;386.7302688638335;450.57133672810494;1910000.0;165.65481352992194;1.0;0.5408376963350785;;
1870;Sortland - Suortá;2022;261;11106.0;64239.0;6395000.0;1285000.0;2108000.0;693000.0;4433000.0;575.8148748424276;115.70322348280209;189.8073113632271;270.30433999639837;62.39870340356564;69.00792353554694;638.2135782459932;707.2215017815402;1741000.0;156.7621105708626;1.0;0.7380815623205054;;
1871;Andøy;2022;261;7157.0;25297.0;3658000.0;1022000.0;914000.0;194000.0;48000.0;511.1080061478273;142.79726142238368;127.70713986307112;240.6036048623725;27.106329467654046;1.8974581966241055;538.2143356154813;540.1117938121055;1465000.0;204.69470448511947;1.0;0.6976109215017064;;
1874;Moskenes;2022;261;2197.0;5990.0;875000.0;603000.0;0.0;27000.0;0.0;398.27036868456986;274.46517979062355;0.0;123.8051888939463;12.289485662266728;0.0;410.5598543468366;410.5598543468366;745000.0;339.0987710514338;1.0;0.8093959731543623;renhold_urimelig_lav;
1875;Hamarøy - Hábmer;2022;261;5682.0;22253.0;2577000.0;654000.0;660000.0;805000.0;1503000.0;453.5374868004224;115.10031678986273;116.15628299894404;222.28088701161562;141.67546638507568;67.54145508470768;595.212953185498;662.7544082702057;72000.0;12.671594508975712;1.0;9.083333333333334;;kwh_urimelig_lav|implisitt_pris_utenfor
2111;Longyearbyen;2022;261;0.0;16435.0;0.0;0.0;0.0;0.0;2924000.0;;;;;;;;;0.0;;;;areal_mangler|drift_null;areal_mangler|kwh_mangler
3001;Halden (2020-2023);2022;261;23438.0;99574.0;14361000.0;4423000.0;5244000.0;372000.0;9717000.0;612.7229285775237;188.7106408396621;223.73922689649288;200.2730608413687;15.871661404556702;97.5857151465242;628.5945899820804;726.1803051286046;3498000.0;149.24481611058965;1.0;1.2644368210405945;;
3002;Moss (2020-2023);2022;261;29182.0;185054.0;22733000.0;6360000.0;7066000.0;4141000.0;21318000.0;779.0076074292372;217.94256733602907;242.13556301829894;318.9294770749092;141.9025426632856;115.19880683476174;920.9101500925228;1036.1089569272845;2561000.0;87.75957782194503;1.0;2.4834049199531436;;
3003;Sarpsborg (2020-2023);2022;261;57294.0;230887.0;51708000.0;22608000.0;10272000.0;6581000.0;20455000.0;902.5028798827102;394.5962928055294;179.2857890878626;328.62079798931825;114.86368555171572;88.59312131042458;1017.366565434426;1105.9596867448506;10450000.0;182.39257164799108;1.0;2.163444976076555;;
3004;Fredrikstad (2020-2023);2022;261;73930.0;384690.0;51957000.0;22078000.0;18007000.0;10674000.0;32595000.0;702.786419586095;298.63384282429325;243.56824022724197;160.58433653455972;144.37981874746382;84.73056227091944;847.1662383335588;931.8968006044782;12001000.0;162.32923035303665;0.9951670694108824;1.8396800266644446;;
3005;Drammen (2020-2023);2022;261;58923.0;387446.0;30686000.0;6407000.0;11825000.0;8622000.0;51720000.0;520.7813587224005;108.73512889703511;200.68564058177623;211.3605892435891;146.32656178402323;133.48957015945447;667.1079205064236;800.5974906658781;10152000.0;172.29265312356804;1.0;0.6311071710007881;;
3006;Kongsberg (2020-2023);2022;261;19918.0;94073.0;21564000.0;8832000.0;5119000.0;1783000.0;20205000.0;1082.63881915855;443.41801385681293;257.00371523245303;382.21709006928404;89.51701978110252;214.7800112678452;1172.1558389396525;1386.9358502074977;4212000.0;211.4670147605181;1.0;2.096866096866097;;
3007;Ringerike (2020-2023);2022;261;17142.0;115003.0;33706000.0;11114000.0;6834000.0;1446000.0;6241000.0;1966.2816474157041;648.3490841208727;398.66993349667484;919.2626297981566;84.35421771088555;54.26814952653409;2050.6358651265896;2104.904014653124;3251000.0;189.65114922412786;1.0;3.4186404183328207;;implisitt_pris_utenfor
3011;Hvaler (2020-2023);2022;261;1921.0;24408.0;4574000.0;2328000.0;858000.0;18000.0;3830000.0;2381.051535658511;1211.8688183237896;446.64237376366475;722.5403435710567;9.370119729307651;156.91576532284498;2390.4216553878186;2547.3374207106635;942000.0;490.3695991671005;1.0;2.471337579617834;DV_uteligger_hoy;kwh_uteligger
3012;Aremark (2020-2023);2022;261;5172.0;15974.0;2999000.0;1141000.0;846000.0;348000.0;288000.0;579.8530549110595;220.61098221191028;163.57308584686774;195.6689868522815;67.28538283062645;18.029297608613998;647.138437741686;665.1677353503;662000.0;127.9969064191802;1.0;1.7235649546827794;;
3013;Marker (2020-2023);2022;261;6400.0;22820.0;5454000.0;1731000.0;1324000.0;351000.0;639000.0;852.1875;270.46875;206.875;374.84375;54.84375;28.001752848378615;907.03125;935.0330028483786;915000.0;142.96875;0.9825136612021858;1.8918032786885246;;
3014;Indre Østfold (2020-2023);2022;261;43226.0;175920.0;36468000.0;14264000.0;9188000.0;3268000.0;12498000.0;843.6589089899597;329.98658214963217;212.55725720631102;301.11506963401655;75.60264655531392;71.04365620736698;919.2615555452737;990.3052117526407;8429000.0;194.99838060426595;0.9824415707675881;1.692252936291375;;
3015;Skiptvet (2020-2023);2022;261;8634.0;26884.0;5362000.0;2978000.0;106000.0;1128000.0;686000.0;621.0331248552235;344.9154505443595;12.277044243687746;263.8406300671763;130.64628214037526;25.51703615533403;751.6794069955988;777.1964431509329;1723000.0;199.559879545981;0.7800348229831688;1.7283807312826465;renhold_urimelig_lav;
3016;Rakkestad (2020-2023);2022;261;6954.0;39467.0;5964000.0;2284000.0;1298000.0;246000.0;1421000.0;857.6358930112166;328.44406097210236;186.65516249640496;342.5366695427092;35.37532355478861;36.00476347328148;893.0112165660051;929.0159800392867;1051000.0;151.13603681334484;1.0;2.1731684110371075;;
3017;Råde (2020-2023);2022;261;5300.0;31433.0;6175000.0;2451000.0;2161000.0;1410000.0;2080000.0;1165.0943396226414;462.45283018867923;407.7358490566038;294.9056603773585;266.0377358490566;66.17249387586294;1431.132075471698;1497.304569347561;1423000.0;268.49056603773585;1.0;1.7224174279690794;;
3018;Våler (Viken) (2020-2023);2022;261;6410.0;26701.0;4139000.0;1900000.0;0.0;515000.0;1714000.0;645.7098283931357;296.41185647425897;0.0;349.2979719188768;80.34321372854915;64.19235234635407;726.0530421216848;790.2453944680389;1254000.0;195.63182527301092;1.0;1.5151515151515151;renhold_urimelig_lav;
3019;Vestby (2020-2023);2022;261;9718.0;88625.0;7572000.0;4897000.0;1000.0;1200000.0;10944000.0;779.1726692735131;503.9102696027989;0.10290183165260341;275.15949783906154;123.4821979831241;123.48660084626235;902.6548672566372;1026.1414681028996;2718000.0;279.6871784317761;0.9996320824135394;1.8016924208977187;renhold_urimelig_lav;
3020;Nordre Follo (2020-2023);2022;261;50593.0;253949.0;68722000.0;21475000.0;13722000.0;6276000.0;23668000.0;1358.330203783132;424.46583519459216;271.2232917597296;662.6410768288104;124.04878145197952;93.19981571102859;1482.3789852351115;1575.57880094614;13830000.0;273.3579744233392;1.0;1.5527838033261026;;
3021;Ås (2020-2023);2022;261;27597.0;118417.0;17317000.0;5980000.0;4079000.0;1653000.0;12055000.0;627.4957422908287;216.690219951444;147.8059209334348;262.99960140594993;59.89781497988912;101.80126164317623;687.3935572707178;789.194818913894;3464000.0;125.52088995180635;1.0;1.7263279445727482;;
3022;Frogn (2020-2023);2022;261;19989.0;76937.0;13253000.0;4493000.0;3827000.0;2873000.0;3964000.0;663.014658061934;224.7736254940217;191.45530041522838;246.78573215268398;143.72905097803792;51.52267439593434;806.743709039972;858.2663834359064;0.0;0.0;;;;kwh_null|kwh_urimelig_lav
3023;Nesodden (2020-2023);2022;261;11194.0;70808.0;11636000.0;3402000.0;4093000.0;1478000.0;7395000.0;1039.4854386278364;303.91281043416114;365.642308379489;369.9303198141862;132.03501876005004;104.437351711671;1171.5204573878864;1275.9578090995574;2846000.0;254.24334464891908;1.0;1.1953619114546732;;
3024;Bærum (2020-2023);2022;261;105861.0;599285.0;95181000.0;28384000.0;14599000.0;12343000.0;101619000.0;899.1129877858701;268.1251830230208;137.90725574101887;493.0805490218305;116.5962913632027;169.56706742201123;1015.7092791490728;1185.276346571084;13797000.0;130.3312834755009;1.0;2.0572588243821124;;
3025;Asker (2020-2023);2022;261;58658.0;448887.0;46916000.0;13251000.0;9194000.0;7207000.0;69554000.0;799.8227010808415;225.90269017013878;156.73906372532306;417.18094718537964;122.86474138224965;154.94768171054184;922.6874424630911;1077.635124173633;9571000.0;163.16614954481912;1.0;1.3844948281266327;;
3026;Aurskog-Høland (2020-2023);2022;261;26096.0;88365.0;17983000.0;2710000.0;4190000.0;2616000.0;5960000.0;689.1094420600858;103.84733292458614;160.56100551808706;424.7011036174126;100.24524831391784;67.44751881401007;789.3546903740037;856.8022091880138;5433000.0;208.1928264868179;1.0;0.49880360758328735;;implisitt_pris_utenfor
3027;Rælingen (2020-2023);2022;261;15854.0;100379.0;9042000.0;2714000.0;2432000.0;3110000.0;6902000.0;570.3292544468273;171.187082124385;153.39977292796772;245.74239939447457;196.1650056768008;68.75940186692435;766.4942601236281;835.2536619905525;3088000.0;194.77734325722216;1.0;0.8788860103626942;;
3028;Enebakk (2020-2023);2022;261;11600.0;63320.0;9021000.0;3407000.0;1138000.0;320000.0;2777000.0;777.6724137931035;293.7068965517241;98.10344827586206;385.86206896551727;27.586206896551722;43.85660138976627;805.2586206896551;849.1152220794214;1363000.0;117.5;1.0;2.499633162142333;;
3029;Lørenskog (2020-2023);2022;261;23875.0;181299.0;24185000.0;11147000.0;3892000.0;1424000.0;10527000.0;1012.9842931937172;466.89005235602093;163.01570680628274;383.0785340314136;59.64397905759162;58.06430261612033;1072.628272251309;1130.6925748674294;4539000.0;190.1151832460733;1.0;2.455827274730117;;
3030;Lillestrøm (2020-2023);2022;261;64213.0;393283.0;57105000.0;19778000.0;13645000.0;7364000.0;29120000.0;889.3059037889524;308.00616697553454;212.49591204273278;368.8038247706851;114.680827869746;74.04337334692829;1003.9867316586984;1078.0301050056266;14094000.0;219.48826561599677;1.0;1.4032921810699588;;
3031;Nittedal (2020-2023);2022;261;15334.0;109060.0;10797000.0;3920000.0;2431000.0;6304000.0;9035000.0;704.1215599321769;255.64105908438765;158.53658536585365;289.94391548193556;411.1125603234642;82.84430588666788;1115.234120255641;1198.078426142309;2791000.0;182.01382548584843;1.0;1.404514510927983;;
3032;Gjerdrum (2020-2023);2022;261;10262.0;33234.0;5300000.0;2231000.0;1653000.0;1057000.0;9671000.0;516.4685246540636;217.4040148119275;161.07971155720134;137.9847982849347;103.00136425648022;290.9971715712824;619.4698889105438;910.4670604818261;1319000.0;128.5324498148509;1.0;1.6914329037149356;;
3033;Ullensaker (2020-2023);2022;261;13045.0;161828.0;34290000.0;14149000.0;9846000.0;1732000.0;14143000.0;2628.593330778076;1084.6301264852434;754.7719432732848;789.1912610195477;132.77117669605212;87.39525916405071;2761.364507474128;2848.759766638179;7490000.0;574.1663472594864;0.997196261682243;1.8890520694259012;DV_uteligger_hoy;kwh_urimelig_hoy
3034;Nes (2020-2023);2022;261;13469.0;81564.0;11307000.0;4278000.0;2605000.0;1704000.0;10848000.0;839.4832578513624;317.6182344643255;193.4070829311753;328.4579404558616;126.51273294231197;132.99985287626893;965.9959907936743;1098.9958436699433;2499000.0;185.53715940307373;1.0;1.7118847539015607;;
3035;Eidsvoll (2020-2023);2022;261;10588.0;90364.0;14119000.0;3625000.0;3995000.0;4013000.0;10815000.0;1333.490744238761;342.3687193048734;377.31394030978464;613.8080846241028;379.013978088402;119.68261697136028;1712.5047223271629;1832.187339298523;2159000.0;203.9100868908198;1.0;1.6790180639184806;;
3036;Nannestad (2020-2023);2022;261;8115.0;49728.0;10815000.0;5386000.0;1832000.0;1377000.0;3068000.0;1332.7171903881701;663.7091805298829;225.75477510782503;443.2532347504621;169.68576709796673;61.6956241956242;1502.4029574861368;1564.098581681761;3418000.0;421.1953173136168;1.0;1.5757753071971912;;
3037;Hurdal (2020-2023);2022;261;3826.0;15171.0;4150000.0;2245000.0;482000.0;1048000.0;1772000.0;1084.6837428123367;586.7746994249869;125.98013591217982;371.92890747516986;273.91531625718767;116.80179289433788;1358.5990590695244;1475.4008519638624;1374000.0;359.1217982226869;1.0;1.6339155749636098;;
3038;Hole (2020-2023);2022;261;5074.0;29973.0;5634000.0;2333000.0;1602000.0;682000.0;2874000.0;1110.366574694521;459.79503350413876;315.72723689396923;334.8443042964131;134.4107213243989;95.8862976679011;1244.77729601892;1340.663593686821;912000.0;179.7398502167915;1.0;2.558114035087719;;
3039;Flå (2020-2023);2022;261;4110.0;13494.0;2722000.0;855000.0;863000.0;8000.0;839000.0;662.2871046228711;208.02919708029196;209.9756690997567;244.28223844282238;1.9464720194647203;62.17578182896102;664.2335766423357;726.4093584712967;964000.0;234.5498783454988;1.0;0.8869294605809128;;
3040;Nesbyen (2020-2023);2022;261;8974.0;34093.0;3343000.0;562000.0;1528000.0;225000.0;4748000.0;372.5206151103187;62.62536215734344;170.26966792957433;139.62558502340093;25.07243146868732;139.26612501099933;397.593046579006;536.8591715900053;1751000.0;195.1192333407622;1.0;0.3209594517418618;;implisitt_pris_utenfor
3041;Gol (2020-2023);2022;261;5656.0;37004.0;4199000.0;488000.0;1681000.0;70000.0;2531000.0;742.3974540311174;86.28005657708628;297.20650636492223;358.91089108910893;12.376237623762377;68.39801102583505;754.7736916548798;823.1717026807148;1304000.0;230.55162659123056;1.0;0.37423312883435583;;implisitt_pris_utenfor
3042;Hemsedal (2020-2023);2022;261;4965.0;21858.0;2276000.0;259000.0;532000.0;610000.0;2225000.0;458.4088620342397;52.16515609264854;107.15005035246728;299.09365558912384;122.8600201409869;101.79339372312197;581.2688821752266;683.0622758983486;585000.0;117.82477341389728;1.0;0.4427350427350427;;implisitt_pris_utenfor
3043;Ål (2020-2023);2022;261;13049.0;38656.0;9131000.0;1038000.0;3089000.0;816000.0;3676000.0;699.7471070580121;79.54632538891869;236.72312054563568;383.4776611234577;62.53352747336961;95.09519867549669;762.2806345313817;857.3758332068784;2992000.0;229.28960073568857;1.0;0.34692513368983957;;implisitt_pris_utenfor
3044;Hol (2020-2023);2022;261;8274.0;34127.0;5498000.0;228000.0;2530000.0;865000.0;4518000.0;664.4911771815325;27.556200145032633;305.7771331883007;331.15784384819915;104.54435581339135;132.38784540100215;769.0355329949239;901.423378395926;2109000.0;254.89485134155186;1.0;0.10810810810810811;energi_urimelig_lav;implisitt_pris_utenfor
3045;Sigdal (2020-2023);2022;261;7960.0;28782.0;6172000.0;2891000.0;992000.0;434000.0;2821000.0;775.3768844221106;363.19095477386935;124.62311557788945;287.56281407035175;54.52261306532663;98.01264679313459;829.8994974874372;927.9121442805717;1853000.0;232.7889447236181;1.0;1.5601726929303832;;
3046;Krødsherad (2020-2023);2022;261;7979.0;19464.0;5675000.0;2739000.0;0.0;268000.0;1841000.0;711.2420102769771;343.27609976187495;0.0;367.96591051510217;33.588168943476624;94.58487464036169;744.8301792204537;839.4150538608154;1346000.0;168.6928186489535;1.0;2.034918276374443;renhold_urimelig_lav;
3047;Modum (2020-2023);2022;261;25464.0;78910.0;8761000.0;1601000.0;3002000.0;922000.0;5165000.0;344.05435124096766;62.873075714734526;117.89192585611059;163.28934967012253;36.20797989318253;65.45431504245343;380.26233113415014;445.7166461766036;2333000.0;91.61954131322652;0.8568366909558508;0.6862408915559365;;
3048;Øvre Eiker (2020-2023);2022;261;21790.0;88251.0;10075000.0;4025000.0;2762000.0;2194000.0;9236000.0;462.3680587425425;184.71776044056907;126.75539238182652;150.89490592014687;100.68838916934374;104.6560378919219;563.0564479118862;667.712485803808;3221000.0;147.82010096374484;1.0;1.2496119217634276;;
3049;Lier (2020-2023);2022;261;25024.0;120276.0;14454000.0;4530000.0;0.0;3009000.0;19443000.0;577.6054987212276;181.02621483375958;0.0;396.579283887468;120.2445652173913;161.65319764541553;697.850063938619;859.5032615840345;3696000.0;147.69820971867009;1.0;1.2256493506493504;renhold_urimelig_lav;
3050;Flesberg (2020-2023);2022;261;3500.0;27158.0;1516000.0;595000.0;137000.0;95000.0;1532000.0;433.14285714285717;170.0;39.142857142857146;224.0;27.142857142857142;56.410634067309815;460.2857142857143;516.6963483530241;1071000.0;306.0;1.0;0.5555555555555556;renhold_urimelig_lav;
3051;Rollag (2020-2023);2022;261;6068.0;18541.0;2266000.0;1439000.0;31000.0;123000.0;2023000.0;373.4344100197759;237.14568226763348;5.108767303889255;131.17996044825313;20.27027027027027;109.10954101720512;393.70468029004616;502.8142213072513;730000.0;120.30323005932762;1.0;1.9712328767123286;renhold_urimelig_lav;
3052;Nore og Uvdal (2020-2023);2022;261;10811.0;27490.0;5608000.0;401000.0;2082000.0;636000.0;3509000.0;518.7309222088613;37.09185089260938;192.58162982147812;289.05744149477385;58.82897049301637;127.64641687886504;577.5598927018777;705.2063095807428;1622000.0;150.03237443344742;0.9882860665844636;0.24722564734895192;energi_urimelig_lav;implisitt_pris_utenfor
3053;Jevnaker (2020-2023);2022;261;13603.0;40743.0;6582000.0;2503000.0;1327000.0;356000.0;2927000.0;483.86385356171434;184.0035286333897;97.55201058590016;202.30831434242447;26.17069764022642;71.84056156885845;510.03455120194076;581.8751127707992;1470000.0;108.06439755936191;1.0;1.702721088435374;;
3054;Lunner (2020-2023);2022;261;10158.0;45869.0;8162000.0;3127000.0;1746000.0;353000.0;3121000.0;803.5046268950581;307.83618822602875;171.88422917897225;323.7842094900571;34.750935223469185;68.04159672109704;838.2555621185272;906.2971588396242;1871000.0;184.18980114195708;1.0;1.6712987707108498;;
3401;Kongsvinger;2022;261;18831.0;78000.0;10402000.0;3609000.0;1977000.0;1348000.0;11680000.0;552.3870214008815;191.65206308746215;104.9864584992831;255.74849981413627;71.58409006425575;149.74358974358975;623.9711114651373;773.714701208727;2656000.0;141.04402315331103;1.0;1.3588102409638554;;
3403;Hamar;2022;261;48046.0;193404.0;46419000.0;20245000.0;13295000.0;2824000.0;14028000.0;966.136619073388;421.3670232693669;276.7139824335012;268.0556133705199;58.77700536985389;72.53210895327915;1024.9136244432418;1097.445733396521;9795000.0;203.8671273363027;1.0;2.0668708524757533;;
3405;Lillehammer;2022;261;25060.0;120279.0;16704000.0;3209000.0;3677000.0;418000.0;18147000.0;666.560255387071;128.05267358339984;146.72785315243416;391.779728651237;16.67996807661612;150.87421744444168;683.2402234636871;834.1144409081288;3919000.0;156.38467677573823;1.0;0.8188313345241133;;
3407;Gjøvik;2022;261;34690.0;144673.0;25247000.0;8517000.0;7245000.0;1669000.0;14467000.0;727.788988181032;245.51744018449122;208.84981262611703;273.42173537042373;48.11184779475353;99.99792635806267;775.9008359757855;875.8987623338483;5687000.0;163.9377342173537;1.0;1.497626164937577;;
3411;Ringsaker;2022;261;41098.0;157711.0;50515000.0;18920000.0;16759000.0;3800000.0;19828000.0;1229.1352377244634;460.36303469755217;407.7814005547715;360.99080247213976;92.46192028809187;125.7236337351231;1321.5971580125554;1447.3207917476784;8239000.0;200.472042435155;1.0;2.296395193591455;;
3412;Løten;2022;261;9571.0;38751.0;8093000.0;2604000.0;2170000.0;842000.0;1109000.0;845.5751750078362;272.07188381569324;226.72656984641102;346.7767213457319;87.97408839201755;28.618616293773062;933.5492633998538;962.1678796936268;2108000.0;220.24866785079928;1.0;1.2352941176470589;;
3413;Stange;2022;261;14470.0;96524.0;13044000.0;5672000.0;2680000.0;2343000.0;10172000.0;901.4512785072563;391.9834139599171;185.2107809260539;324.2570836212854;161.92121630960608;105.38311715221084;1063.3724948168624;1168.7556119690732;2528000.0;174.70628887353143;1.0;2.2436708860759493;;
3414;Nord-Odal;2022;261;6365.0;28823.0;5217000.0;1789000.0;1635000.0;649000.0;3270000.0;819.6386488609584;281.06834249803615;256.8735271013354;281.6967792615868;101.96386488609583;113.45106338687853;921.6025137470542;1035.0535771339328;1240000.0;194.815396700707;1.0;1.4427419354838709;;
3415;Sør-Odal;2022;261;7759.0;34464.0;3903000.0;2044000.0;470000.0;1081000.0;4344000.0;503.0287408171156;263.4360097950767;60.574816342312154;179.01791467972677;139.32207758731795;126.04456824512535;642.3508184044335;768.3953866495589;2205000.0;284.1861064570177;1.0;0.926984126984127;;
3416;Eidskog;2022;261;7274.0;30032.0;6677000.0;3075000.0;1245000.0;367000.0;3518000.0;917.9268627990102;422.7385207588672;171.1575474291999;324.0307946109431;50.453670607643666;117.14171550346298;968.3805334066539;1085.5222489101168;1824000.0;250.75611767940612;0.9917763157894737;1.6858552631578947;;
3417;Grue;2022;261;5474.0;20912.0;6217000.0;1800000.0;1434000.0;578000.0;1274000.0;1135.7325538911216;328.8271830471319;261.9656558275484;544.9397150164414;105.59006211180125;60.921958684009184;1241.3226160029228;1302.244574686932;2455000.0;448.483741322616;1.0;0.7331975560081466;;
3418;Åsnes;2022;261;6250.0;41800.0;10357000.0;3744000.0;2341000.0;604000.0;2156000.0;1657.12;599.04;374.56;683.52;96.64;51.578947368421055;1753.76;1805.338947368421;2555000.0;408.8;1.0;1.4653620352250487;;
3419;Våler (Innlandet);2022;261;11218.0;26050.0;6070000.0;2493000.0;1148000.0;350000.0;2223000.0;541.0946692815119;222.23212693884827;102.33553218042432;216.52701016223926;31.199857372080587;85.3358925143954;572.2945266535925;657.6304191679878;1872000.0;166.87466571581388;0.561965811965812;1.3317307692307692;;
3420;Elverum;2022;261;26906.0;105943.0;21313000.0;8727000.0;4950000.0;3339000.0;7434000.0;792.1281498550509;324.35144577417674;183.9738348323794;283.80286924849474;124.09871404147773;70.16980829313876;916.2268638965287;986.3966721896675;6021000.0;223.77908273247604;1.0;1.449427005480817;;
3421;Trysil;2022;261;9325.0;30860.0;10344000.0;3262000.0;3730000.0;230000.0;1449000.0;1109.2761394101876;349.8123324396783;400.0;359.4638069705094;24.664879356568363;46.95398574206092;1133.941018766756;1180.895004508817;2665000.0;285.79088471849866;1.0;1.224015009380863;;
3422;Åmot;2022;261;3856.0;26728.0;3585000.0;1479000.0;1033000.0;189000.0;4412000.0;929.7199170124481;383.55809128630705;267.8941908713693;278.26763485477176;49.01452282157676;165.0703382220892;978.7344398340249;1143.8047780561142;1014000.0;262.9668049792531;1.0;1.458579881656805;;
3423;Stor-Elvdal;2022;261;4640.0;16987.0;4330000.0;1980000.0;1137000.0;154000.0;1622000.0;933.1896551724138;426.7241379310345;245.04310344827587;261.42241379310343;33.189655172413794;95.48478248072055;966.3793103448276;1061.8640928255481;1166000.0;251.29310344827587;0.9982847341337907;1.6981132075471697;;
3424;Rendalen;2022;261;4017.0;15320.0;2858000.0;2416000.0;63000.0;230000.0;9633000.0;711.4762260393328;601.4438635797859;15.683345780433159;94.34901667911376;57.25665919840677;628.7859007832898;768.7328852377397;1397.5187860210294;691000.0;172.0189195917351;1.0;3.496382054992764;renhold_urimelig_lav;implisitt_pris_utenfor
3425;Engerdal;2022;261;3700.0;14750.0;4669000.0;2544000.0;719000.0;235000.0;1850000.0;1261.8918918918919;687.5675675675676;194.32432432432432;380.0;63.513513513513516;125.42372881355932;1325.4054054054054;1450.8291342189648;1042000.0;281.6216216216216;1.0;2.4414587332053745;;
3426;Tolga;2022;261;4030.0;15619.0;2367000.0;821000.0;696000.0;206000.0;1651000.0;587.3449131513647;203.72208436724566;172.70471464019852;210.9181141439206;51.116625310173696;105.7045905627761;638.4615384615385;744.1661290243146;1125000.0;279.1563275434243;1.0;0.7297777777777777;;
3427;Tynset;2022;261;15918.0;48773.0;3943000.0;1590000.0;987000.0;291000.0;2803000.0;247.70699836662897;99.8869204673954;62.00527704485488;85.81480085437869;18.2811911044101;57.47032169438009;265.98818947103905;323.45851116541917;2833000.0;177.97461992712653;1.0;0.5612424991175432;DV_uteligger_lav;
3428;Alvdal;2022;261;6560.0;23607.0;3071000.0;944000.0;1049000.0;166000.0;0.0;468.140243902439;143.90243902439025;159.90853658536585;164.32926829268294;25.304878048780488;0.0;493.4451219512195;493.4451219512195;1634000.0;249.08536585365854;1.0;0.5777233782129743;;
3429;Folldal;2022;261;2480.0;10547.0;5644000.0;2212000.0;938000.0;118000.0;352000.0;2275.8064516129034;891.9354838709677;378.2258064516129;1005.6451612903226;47.58064516129032;33.374419266142034;2323.3870967741937;2356.7615160403357;853000.0;343.9516129032258;1.0;2.593200468933177;DV_uteligger_hoy;
3430;Os;2022;261;5140.0;14398.0;4013000.0;1384000.0;1160000.0;306000.0;501000.0;780.7392996108949;269.26070038910507;225.68093385214007;285.7976653696498;59.53307392996109;34.79649951382137;840.272373540856;875.0688730546774;1023000.0;199.0272373540856;1.0;1.3528836754643208;;
3431;Dovre;2022;261;6740.0;20099.0;4368000.0;1663000.0;1212000.0;518000.0;1674000.0;648.0712166172107;246.7359050445104;179.8219584569733;221.513353115727;76.8545994065282;83.28772575750037;724.9258160237389;808.2135417812392;2176000.0;322.8486646884273;1.0;0.7642463235294118;;
3432;Lesja;2022;261;5679.0;21230.0;3807000.0;314000.0;1473000.0;369000.0;890000.0;670.3645007923931;55.2914245465751;259.3766508188061;355.6964254270118;64.97622820919176;41.921808761187;735.3407290015848;777.2625377627718;836000.0;147.2090156717732;1.0;0.37559808612440193;;implisitt_pris_utenfor
3433;Skjåk;2022;261;6894.0;19390.0;4182000.0;1246000.0;1270000.0;575000.0;1840000.0;606.6144473455179;180.73687264287787;184.2181607194662;241.65941398317378;83.40586016826225;94.89427539969056;690.0203075137802;784.9145829134707;1299000.0;188.42471714534378;1.0;0.9591993841416474;;
3434;Lom;2022;261;0.0;0.0;4482000.0;1123000.0;1289000.0;576000.0;1367000.0;;;;;;;;;1649000.0;;1.0;;areal_mangler;areal_mangler
3435;Vågå;2022;261;7028.0;23647.0;7688000.0;1502000.0;2399000.0;742000.0;1678000.0;1093.9100739897553;213.71656232214002;341.34889015367105;538.8446215139443;105.57768924302789;70.9603755233222;1199.4877632327832;1270.4481387561054;1843000.0;262.2367672168469;0.9978296256104178;0.8149755832881173;;
3436;Nord-Fron;2022;261;17098.0;55119.0;6558000.0;3664000.0;149000.0;596000.0;3102000.0;383.55363200374313;214.29406948181074;8.714469528599837;160.54509299333256;34.85787811439935;56.27823436564524;418.4115101181425;474.6897444837877;0.0;0.0;;;renhold_urimelig_lav;kwh_null|kwh_urimelig_lav
3437;Sel;2022;261;13300.0;40770.0;9796000.0;1930000.0;2240000.0;1365000.0;1972000.0;736.5413533834586;145.11278195488723;168.42105263157896;423.0075187969925;102.63157894736842;48.36889870002453;839.172932330827;887.5418310308515;2917000.0;219.3233082706767;1.0;0.6616386698663009;;
3438;Sør-Fron;2022;261;9635.0;31943.0;6316000.0;1936000.0;1737000.0;315000.0;284000.0;655.5267254800208;200.93409444732745;180.28022833419823;274.3124026984951;32.69330565646082;8.890836803055443;688.2200311364816;697.110867939537;1785000.0;185.2620653866113;1.0;1.084593837535014;;
3439;Ringebu;2022;261;3587.0;25646.0;5082000.0;2108000.0;1414000.0;287000.0;1945000.0;1416.7828268748258;587.6777251184834;394.2012824086981;434.9038193476443;80.01115137998327;75.84028698432505;1496.793978254809;1572.634265239134;498000.0;138.83468079174799;1.0;4.23293172690763;;implisitt_pris_utenfor
3440;Øyer;2022;261;8576.0;35522.0;7055000.0;2699000.0;2566000.0;110000.0;607000.0;822.6445895522388;314.7154850746269;299.2070895522388;208.72201492537314;12.826492537313433;17.088001801700354;835.4710820895523;852.5590838912526;1161000.0;135.3777985074627;1.0;2.324720068906115;;
3441;Gausdal;2022;261;12995.0;36197.0;9492000.0;3890000.0;1598000.0;493000.0;4639000.0;730.4347826086956;299.34590227010386;122.97037322046941;308.11850711812235;37.93766833397461;128.15979224797636;768.3724509426703;896.5322431906467;2126000.0;163.6013851481339;0.9943555973659455;1.8297271872060208;;
3442;Østre Toten;2022;261;16558.0;65313.0;16422000.0;4580000.0;2243000.0;884000.0;9187000.0;991.7864476386037;276.60345452349316;135.4632201956758;579.7197729194347;53.38809034907597;140.66112412536555;1045.1745379876797;1185.8356621130454;2706000.0;163.42553448484117;1.0;1.6925351071692534;;
3443;Vestre Toten;2022;261;14800.0;75284.0;8015000.0;4363000.0;1116000.0;118000.0;6660000.0;541.5540540540541;294.7972972972973;75.4054054054054;171.35135135135135;7.972972972972973;88.46501248605281;549.527027027027;637.9920395130798;3527000.0;238.3108108108108;1.0;1.2370286362347604;;
3446;Gran;2022;261;20532.0;74189.0;10910000.0;3143000.0;2714000.0;2267000.0;4213000.0;531.3656730956556;153.07812195597117;132.183908045977;246.10364309370738;110.41301383206702;56.7873943576541;641.7786869277226;698.5660812853766;3153000.0;153.56516656925774;0.9911195686647637;0.9968284173802728;;
3447;Søndre Land;2022;261;5129.0;28150.0;4343000.0;1564000.0;274000.0;319000.0;1005000.0;846.7537531682589;304.93273542600895;53.42171963345682;488.3992981087931;62.19535971924352;35.701598579040855;908.9491128875025;944.6507114665433;704000.0;137.25872489764086;1.0;2.221590909090909;;
3448;Nordre Land;2022;261;13992.0;49357.0;10873000.0;4014000.0;3696000.0;343000.0;2591000.0;777.0869068038879;286.87821612349916;264.1509433962264;226.0577472841624;24.51400800457404;52.49508681645967;801.600914808462;854.0960016249217;2436000.0;174.09948542024014;1.0;1.6477832512315271;;
3449;Sør-Aurdal;2022;261;5479.0;26128.0;5993000.0;2957000.0;1147000.0;310000.0;1437000.0;1093.812739551013;539.6970250045629;209.34477094360284;344.77094360284724;56.57966782259536;54.998469075321495;1150.3924073736084;1205.39087644893;847000.0;154.5902536959299;0.9846517119244392;3.491145218417946;;implisitt_pris_utenfor
3450;Etnedal;2022;261;2305.0;12405.0;4049000.0;2432000.0;611000.0;454000.0;1112000.0;1756.6160520607375;1055.0976138828632;265.0759219088937;436.44251626898046;196.96312364425162;89.64127367996775;1953.5791757049892;2043.220449384957;934000.0;405.2060737527115;1.0;2.603854389721627;;
3451;Nord-Aurdal;2022;261;1234.0;26813.0;9061000.0;3761000.0;1859000.0;446000.0;2256000.0;7342.787682333874;3047.811993517018;1506.482982171799;2788.492706645057;361.4262560777958;84.13829112743818;7704.213938411669;7788.352229539108;410000.0;332.25283630470017;1.0;9.173170731707318;DV_uteligger_hoy;implisitt_pris_utenfor
3452;Vestre Slidre;2022;261;1840.0;11388.0;1736000.0;975000.0;4000.0;215000.0;0.0;943.4782608695652;529.8913043478261;2.1739130434782608;411.4130434782609;116.84782608695652;0.0;1060.3260869565217;1060.3260869565217;383000.0;208.15217391304347;1.0;2.545691906005222;renhold_urimelig_lav;
3453;Øystre Slidre;2022;261;10490.0;26231.0;7073000.0;2657000.0;1772000.0;440000.0;480000.0;674.2612011439467;253.28884652049572;168.92278360343184;252.04957102001907;41.94470924690181;18.298959246692846;716.2059103908484;734.5048696375413;1494000.0;142.42135367016206;1.0;1.778447121820616;;
3454;Vang;2022;261;5400.0;18100.0;5059000.0;799000.0;1310000.0;157000.0;852000.0;936.8518518518518;147.96296296296296;242.59259259259258;546.2962962962963;29.074074074074073;47.07182320441989;965.925925925926;1012.9977491303458;1165000.0;215.74074074074073;1.0;0.6858369098712447;;
3801;Horten (2020-2023);2022;261;21642.0;128901.0;13792000.0;3549000.0;4235000.0;1369000.0;7224000.0;637.2793641992422;163.9866925422789;195.6843175307273;277.608354126236;63.25663062563534;56.043009751669885;700.5359948248775;756.5790045765474;4004000.0;185.01062748359672;0.9955044955044955;0.8863636363636362;;
3802;Holmestrand (2020-2023);2022;261;22069.0;109877.0;12851000.0;3870000.0;2591000.0;1370000.0;10858000.0;582.3100276405818;175.3591010014047;117.40450405546241;289.54642258371473;62.07802800308124;98.81958917698881;644.388055643663;743.2076448206519;337000.0;15.270288640174;0.857566765578635;11.483679525222552;;kwh_urimelig_lav|implisitt_pris_utenfor
3803;Tønsberg (2020-2023);2022;261;43991.0;230238.0;27140000.0;7320000.0;6937000.0;1322000.0;15171000.0;616.9443749857926;166.39767225114227;157.6913459571276;292.8553567775227;30.051601463935803;65.89268496077972;646.9959764497283;712.8886614105081;6553000.0;148.96228774067424;0.9903860827102091;1.117045627956661;;
3804;Sandefjord (2020-2023);2022;261;46001.0;269636.0;47267000.0;20727000.0;7966000.0;5339000.0;14397000.0;1027.5211408447642;450.5771613660573;173.17014847503316;403.7738310036738;116.06269428925458;53.3942055215179;1143.5838351340187;1196.9780406555367;7910000.0;171.95278363513836;1.0;2.6203539823008852;;
3805;Larvik (2020-2023);2022;261;49940.0;179907.0;38451000.0;9893000.0;7462000.0;6343000.0;6230000.0;769.9439327192631;198.09771726071287;149.41930316379654;422.4269122947537;127.01241489787745;34.62900276253842;896.9563476171405;931.585350379679;8416000.0;168.5222266720064;1.0;1.1754990494296578;;
3806;Porsgrunn (2020-2023);2022;261;41671.0;194946.0;27563000.0;9251000.0;5869000.0;2207000.0;8978000.0;661.4432099061697;222.00091190516187;140.84135249934008;298.6009455016678;52.96249190084231;46.05377899520893;714.4057018070121;760.459480802221;6198000.0;148.73653140073432;1.0;1.4925782510487255;;
3807;Skien (2020-2023);2022;261;42682.0;238824.0;31213000.0;12969000.0;8399000.0;4094000.0;16557000.0;731.2918794808115;303.85174078065694;196.7808443840495;230.65929431610516;95.91865423363478;69.32720329615114;827.2105337144463;896.5377370105975;8681000.0;203.38784499320556;1.0;1.4939523096417464;;
3808;Notodden (2020-2023);2022;261;10016.0;57199.0;9501000.0;4846000.0;1932000.0;425000.0;1879000.0;948.582268370607;483.8258785942492;192.89137380191693;271.8650159744409;42.43210862619808;32.85022465427717;991.0143769968051;1023.8646016510824;2087000.0;208.36661341853036;1.0;2.321993291806421;;
3811;Færder (2020-2023);2022;261;20921.0;84923.0;12882000.0;2862000.0;4635000.0;2467000.0;13585000.0;615.7449452703025;136.80034415180918;221.5477271640935;257.3968739543999;117.9197935089145;159.96844200040036;733.664738779217;893.6331807796174;3530000.0;168.72998422637542;1.0;0.8107648725212464;;
3812;Siljan (2020-2023);2022;261;2320.0;10933.0;2580000.0;736000.0;645000.0;100000.0;294000.0;1112.0689655172414;317.2413793103448;278.01724137931035;516.8103448275862;43.10344827586207;26.89106375194366;1155.1724137931035;1182.0634775450471;487000.0;209.91379310344828;1.0;1.51129363449692;;
3813;Bamble (2020-2023);2022;261;8125.0;71266.0;8203000.0;2790000.0;2272000.0;625000.0;7068000.0;1009.6;343.38461538461536;279.6307692307692;386.5846153846154;76.92307692307692;99.17772851008897;1086.5230769230768;1185.700805433166;1898000.0;233.6;1.0;1.469968387776607;;
3814;Kragerø (2020-2023);2022;261;13861.0;49934.0;5960000.0;725000.0;3039000.0;422000.0;3412000.0;429.9834066806147;52.30502849722242;219.24825048697784;158.4301276964144;30.445133828728085;68.33019585853326;460.4285405093428;528.758736367876;2037000.0;146.95909386047182;0.9705449189985272;0.3559155621011291;;implisitt_pris_utenfor
3815;Drangedal (2020-2023);2022;261;3600.0;21191.0;3094000.0;267000.0;966000.0;6543000.0;197000.0;859.4444444444445;74.16666666666667;268.3333333333333;516.9444444444445;1817.5;9.296399414845926;2676.9444444444443;2686.24084385929;742000.0;206.11111111111111;1.0;0.35983827493261455;DV_uteligger_hoy;implisitt_pris_utenfor
3816;Nome (2020-2023);2022;261;6770.0;38384.0;5247000.0;937000.0;53000.0;292000.0;2126000.0;775.0369276218612;138.40472673559822;7.828655834564254;628.8035450516986;43.1314623338257;55.38766152563568;818.1683899556868;873.5560514813226;1198000.0;176.95716395864108;1.0;0.7821368948247077;renhold_urimelig_lav;
3817;Midt-Telemark (2020-2023);2022;261;12581.0;40881.0;6322000.0;1718000.0;1589000.0;920000.0;4360000.0;502.5037755345362;136.5551228042286;126.3015658532708;239.6470868770368;73.12614259597807;106.65101147232211;575.6299181305143;682.2809296028364;1945000.0;154.59820364041013;1.0;0.8832904884318766;;
3818;Tinn (2020-2023);2022;261;12541.0;48157.0;9790000.0;3512000.0;2572000.0;433000.0;3071000.0;780.6395024320229;280.0414639980863;205.08731361135474;295.51072482258195;34.52675225261144;63.770583715763024;815.1662546846344;878.9368384003974;2047000.0;163.22462323578662;1.0;1.7156814851001465;;
3819;Hjartdal (2020-2023);2022;261;3466.0;10139.0;3630000.0;1290000.0;996000.0;74000.0;229000.0;1047.3167916907098;372.1869590305828;287.3629544143104;387.7668782458165;21.350259665320255;22.58605385146464;1068.66705135603;1091.2531052074946;527000.0;152.04847085978074;1.0;2.447817836812144;;
3820;Seljord (2020-2023);2022;261;2868.0;13650.0;3973000.0;2307000.0;783000.0;863000.0;1788000.0;1385.2859135285914;804.3933054393306;273.01255230125525;307.88005578800556;300.9065550906555;130.98901098901098;1686.192468619247;1817.1814796082579;;;;;;kwh_mangler
3821;Kviteseid (2020-2023);2022;261;6744.0;16887.0;3412000.0;1603000.0;666000.0;102000.0;432000.0;505.9311981020166;237.69276393831555;98.75444839857651;169.48398576512454;15.124555160142348;25.581808491739206;521.055753262159;546.6375617538982;732000.0;108.54092526690391;1.0;2.189890710382514;;
3822;Nissedal (2020-2023);2022;261;2310.0;11270.0;4214000.0;1618000.0;1099000.0;224000.0;457000.0;1824.2424242424242;700.4329004329004;475.75757575757575;648.0519480519481;96.96969696969697;40.55013309671695;1921.2121212121212;1961.7622543088382;;;;;;kwh_mangler
3823;Fyresdal (2020-2023);2022;261;4279.0;13421.0;3544000.0;1904000.0;693000.0;37000.0;76000.0;828.2308950689413;444.96377658331386;161.95372750642673;221.31339097920076;8.646880112175742;5.662767304969823;836.877775181117;842.5405424860869;771000.0;180.18228558074316;1.0;2.469520103761349;;
3824;Tokke (2020-2023);2022;261;5650.0;25540.0;5385000.0;1150000.0;2029000.0;381000.0;809000.0;953.0973451327434;203.53982300884957;359.11504424778764;390.4424778761062;67.43362831858407;31.675802662490213;1020.5309734513274;1052.2067761138176;1318000.0;233.27433628318585;1.0;0.8725341426403642;;
3825;Vinje (2020-2023);2022;261;9310.0;40097.0;16334000.0;6999000.0;5524000.0;1489000.0;559000.0;1754.4575725026853;751.7722878625134;593.3404940923738;409.3447905477981;159.93555316863586;13.94119260792578;1914.393125671321;1928.3343182792469;2410000.0;258.86143931256714;1.0;2.904149377593361;;
4201;Risør;2022;261;13080.0;38927.0;8478000.0;3107000.0;2119000.0;912000.0;4000000.0;648.1651376146789;237.5382262996942;162.00305810397555;248.62385321100916;69.72477064220183;102.75644154442932;717.8899082568807;820.6463498013101;1909000.0;145.9480122324159;0.9947616553169198;1.6275536930330017;;
4202;Grimstad;2022;261;11943.0;88133.0;13595000.0;4696000.0;3488000.0;446000.0;10443000.0;1138.3237042619107;393.2010382650925;292.05392279996653;453.0687431968517;37.344050908481954;118.49137099610816;1175.6677551703926;1294.1591261665008;2774000.0;232.26994892405594;1.0;1.6928622927180965;;
4203;Arendal;2022;261;21275.0;177642.0;39288000.0;20103000.0;5284000.0;11208000.0;15458000.0;1846.6745005875441;944.9118683901293;248.36662749706227;653.3960047003525;526.8155111633373;87.0177097758413;2373.4900117508814;2460.507721526723;4888000.0;229.75323149236192;1.0;4.112725040916531;DV_uteligger_hoy;implisitt_pris_utenfor
4204;Kristiansand;2022;261;85223.0;489831.0;59873000.0;21420000.0;9866000.0;9253000.0;59101000.0;702.5450875937247;251.34060054210718;115.76687044577169;335.43761660584585;108.57397650868897;120.65589968785153;811.1190641024136;931.7749637902651;14168000.0;166.24620114288396;1.0;1.5118577075098816;;
4205;Lindesnes;2022;261;24139.0;139546.0;24387000.0;7602000.0;6263000.0;4082000.0;6225000.0;1010.2738307303533;314.92605327478356;259.45565267823855;435.8921247773313;169.10393968267118;44.6089461539564;1179.3777704130246;1223.986716566981;5380000.0;222.87584406976262;0.9812267657992565;1.4130111524163569;;
4206;Farsund;2022;261;5008.0;49219.0;8069000.0;3133000.0;2693000.0;264000.0;4532000.0;1611.2220447284344;625.5990415335464;537.7396166134185;447.88338658146967;52.715654952076676;92.07826245961925;1663.9376996805113;1756.0159621401306;828000.0;165.33546325878595;1.0;3.783816425120773;;implisitt_pris_utenfor
4207;Flekkefjord;2022;261;14700.0;51181.0;5664000.0;3427000.0;0.0;469000.0;1091000.0;385.3061224489796;233.12925170068027;0.0;152.1768707482993;31.904761904761905;21.31650417146988;417.2108843537415;438.5273885252114;2507000.0;170.54421768707482;1.0;1.3669724770642202;renhold_urimelig_lav;
4211;Gjerstad;2022;261;6654.0;19789.0;3385000.0;1705000.0;465000.0;272000.0;46000.0;508.7165614667869;256.23685001502855;69.88277727682598;182.59693417493236;40.87766756837992;2.3245237253019355;549.5942290351668;551.9187527604687;319000.0;47.941088067327925;1.0;5.344827586206896;;kwh_urimelig_lav|implisitt_pris_utenfor
4212;Vegårshei;2022;261;4450.0;15651.0;3321000.0;1135000.0;976000.0;306000.0;235000.0;746.2921348314607;255.0561797752809;219.32584269662922;271.91011235955057;68.76404494382022;15.015015015015015;815.056179775281;830.071194790296;710000.0;159.5505617977528;1.0;1.5985915492957747;;
4213;Tvedestrand;2022;261;3900.0;33137.0;3330000.0;1133000.0;1457000.0;758000.0;2542000.0;853.8461538461538;290.5128205128205;373.5897435897436;189.74358974358975;194.35897435897436;76.71183269457103;1048.2051282051282;1124.9169608996992;609000.0;156.15384615384616;1.0;1.8604269293924465;;
4214;Froland;2022;261;3207.0;36228.0;5250000.0;1625000.0;1108000.0;235000.0;3096000.0;1637.043966323667;506.70408481446833;345.49423136888055;784.8456501403181;73.2772061116308;85.4587611791984;1710.3211724352977;1795.7799336144963;791000.0;246.64795759276583;1.0;2.0543615676359037;;
4215;Lillesand;2022;261;18414.0;65892.0;8105000.0;2855000.0;1956000.0;1106000.0;2696000.0;440.1542304768111;155.04507439991312;106.22352557836429;178.88563049853371;60.06299554686652;40.915437382383296;500.21722602367765;541.1326634060609;1817000.0;98.67492125556642;1.0;1.5712713263621354;;
4216;Birkenes;2022;261;20130.0;57422.0;2897000.0;925000.0;720000.0;480000.0;750000.0;143.91455538996522;45.95131644311972;35.767511177347245;62.19572776949826;23.84500745156483;13.061196057260284;167.75956284153006;180.82075889879033;1081000.0;53.70094386487829;0.9833487511563367;0.8556891766882516;drift_urimelig_lav|renhold_urimelig_lav;kwh_uteligger
4217;Åmli;2022;261;3699.0;14216.0;2134000.0;1270000.0;0.0;291000.0;449000.0;576.9126791024602;343.3360367666937;0.0;233.57664233576642;78.6699107866991;31.58413055711874;655.5825898891592;687.166720446278;763000.0;206.271965396053;1.0;1.6644823066841417;renhold_urimelig_lav;
4218;Iveland;2022;261;2988.0;11494.0;1979000.0;704000.0;32000.0;334000.0;1619000.0;662.3159303882195;235.6091030789826;10.7095046854083;415.99732262382867;111.78045515394913;140.85609883417436;774.0963855421687;914.9524843763431;360000.0;120.48192771084338;1.0;1.9555555555555555;renhold_urimelig_lav;
4219;Evje og Hornnes;2022;261;11196.0;27367.0;6908000.0;2926000.0;1765000.0;570000.0;725000.0;617.0060735977135;261.34333690603785;157.6455877098964;198.0171489817792;50.91103965702037;26.491760149084666;667.9171132547339;694.4088734038186;1673000.0;149.42836727402644;1.0;1.7489539748953973;;
4220;Bygland;2022;261;4652.0;14707.0;3359000.0;771000.0;724000.0;323000.0;571000.0;722.055030094583;165.73516766981945;155.63198624247636;400.6878761822872;69.43250214961307;38.82504929625348;791.487532244196;830.3125815404495;868000.0;186.58641444539984;1.0;0.8882488479262673;;
4221;Valle;2022;261;3300.0;14237.0;3556000.0;1428000.0;820000.0;181000.0;1033000.0;1077.5757575757575;432.72727272727275;248.4848484848485;396.3636363636364;54.84848484848485;72.55742080494487;1132.4242424242425;1204.9816632291875;768000.0;232.72727272727272;1.0;1.8593750000000002;;
4222;Bykle;2022;261;6253.0;20819.0;3744000.0;1913000.0;36000.0;267000.0;90000.0;598.7525987525987;305.93315208699823;5.757236526467295;287.06221013913324;42.699504237965776;4.322974206253902;641.4521029905645;645.7750771968184;1095000.0;175.11594434671358;1.0;1.7470319634703195;renhold_urimelig_lav;
4223;Vennesla;2022;261;12028.0;73166.0;8936000.0;2977000.0;1562000.0;1805000.0;4243000.0;742.9331559694048;247.50581975390756;129.86365147988028;365.5636847356169;150.06651147322913;57.99141677828499;892.9996674426338;950.9910842209189;2492000.0;207.18323910874625;0.9799357945425361;1.1946227929373998;;
4224;Åseral;2022;261;3153.0;13596.0;2535000.0;394000.0;1030000.0;171000.0;377000.0;803.9961941008563;124.96035521725341;326.67300983190614;352.3628290516968;54.23406279733587;27.728743748161225;858.2302568981922;885.9590006463535;500000.0;158.5791309863622;1.0;0.7879999999999999;;
4225;Lyngdal;2022;261;17895.0;60983.0;10450000.0;1429000.0;2484000.0;243000.0;31000.0;583.9620005588154;79.85470801899972;138.80972338642079;365.2975691533948;13.57921207041073;0.5083383893872063;597.541212629226;598.0495510186132;3334000.0;186.30902486728135;1.0;0.42861427714457107;;implisitt_pris_utenfor
4226;Hægebostad;2022;261;2700.0;11693.0;3645000.0;1263000.0;1041000.0;530000.0;237000.0;1350.0;467.77777777777777;385.55555555555554;496.6666666666667;196.2962962962963;20.268536731377747;1546.2962962962963;1566.564833027674;694000.0;257.037037037037;1.0;1.819884726224784;;
4227;Kvinesdal;2022;261;11239.0;50100.0;10160000.0;4435000.0;1773000.0;2092000.0;290000.0;903.9950173502981;394.6080612154106;157.75424859862977;351.63270753625767;186.1375567221283;5.788423153692615;1090.1325740724265;1095.920997226119;2486000.0;221.1940564107127;1.0;1.7839903459372484;;
4228;Sirdal;2022;261;8520.0;51238.0;3043000.0;2366000.0;16000.0;672000.0;3641000.0;357.15962441314554;277.69953051643193;1.8779342723004695;77.58215962441315;78.87323943661971;71.06054100472306;436.03286384976525;507.0934048544883;1348000.0;158.21596244131456;0.9629080118694362;1.7551928783382789;renhold_urimelig_lav;
4601;Bergen;2022;261;180492.0;919541.0;165502000.0;66149000.0;16873000.0;20935000.0;114749000.0;916.9492276666002;366.4926977372958;93.48336768388627;456.97316224541805;115.98852026682623;124.78943298884987;1032.9377479334264;1157.7271809222764;32121000.0;177.96356625224388;0.8064194763550325;2.059369259985679;;
4602;Kinn;2022;261;14743.0;85569.0;7815000.0;31000.0;3216000.0;314000.0;3041000.0;530.0820728481314;2.1026928033643086;218.13742114901987;309.84195889574715;21.29824323407719;35.53857121153689;551.3803160822085;586.9188872937455;1861000.0;126.22939700196703;1.0;0.01665771090811392;energi_urimelig_lav;implisitt_pris_utenfor
4611;Etne;2022;261;15769.0;31432.0;5712000.0;2237000.0;1341000.0;324000.0;473000.0;362.2296911662122;141.86061259433066;85.04026888198364;135.3288096898979;20.546642145982624;15.048358360906082;382.7763333121948;397.8246916731009;1400000.0;88.7817870505422;1.0;1.5978571428571429;;
4612;Sveio;2022;261;7000.0;32418.0;4766000.0;2227000.0;923000.0;420000.0;865000.0;680.8571428571429;318.14285714285717;131.85714285714286;230.85714285714286;60.0;26.682707138009746;740.8571428571429;767.5398499951526;1647000.0;235.28571428571428;1.0;1.3521554341226474;;
4613;Bømlo;2022;261;15445.0;63996.0;4762000.0;3683000.0;46000.0;1424000.0;2456000.0;308.3198446099061;238.45904823567497;2.9783101327290384;66.88248624150211;92.19812236969894;38.37739858741171;400.51796697960503;438.89536556701677;3036000.0;196.56846876011653;1.0;1.2131093544137024;renhold_urimelig_lav;
4614;Stord;2022;261;15648.0;87940.0;10051000.0;3002000.0;2395000.0;954000.0;5007000.0;642.3185071574642;191.84560327198363;153.05470347648262;297.41820040899796;60.966257668711656;56.93654764612236;703.2847648261759;760.2213124722982;2883000.0;184.24079754601226;0.7637877211238293;1.0412764481442942;;
4615;Fitjar;2022;261;3235.0;13477.0;2400000.0;1632000.0;0.0;146000.0;0.0;741.885625965997;504.4822256568779;0.0;237.403400309119;45.13137557959814;0.0;787.017001545595;787.017001545595;643000.0;198.76352395672333;1.0;2.538102643856921;renhold_urimelig_lav;
4616;Tysnes;2022;261;5300.0;19479.0;3342000.0;2082000.0;10000.0;1223000.0;562000.0;630.566037735849;392.8301886792453;1.8867924528301887;235.8490566037736;230.75471698113208;28.85158375686637;861.3207547169811;890.1723384738475;818000.0;154.33962264150944;1.0;2.545232273838631;renhold_urimelig_lav;
4617;Kvinnherad;2022;261;26035.0;83242.0;9743000.0;2800000.0;3023000.0;1644000.0;1758000.0;374.2270021125408;107.54753216823507;116.11292490877665;150.5665450355291;63.145765315920876;21.119146584656782;437.3727674284617;458.4919140131185;5415000.0;207.98924524678318;1.0;0.5170821791320406;;
4618;Ullensvang;2022;261;12930.0;78818.0;15480000.0;6966000.0;1842000.0;854000.0;7561000.0;1197.215777262181;538.7470997679815;142.45939675174014;516.0092807424594;66.04795050270688;95.92986373670989;1263.2637277648878;1359.1935915015977;3233000.0;250.03866976024747;1.0;2.154655119084442;;
4619;Eidfjord;2022;261;3349.0;14038.0;1769000.0;711000.0;0.0;1063000.0;578000.0;528.2173783218872;212.3021797551508;0.0;315.91519856673636;317.40818154673036;41.17395640404616;845.6255598686175;886.7995162726637;608000.0;181.54673036727382;1.0;1.169407894736842;renhold_urimelig_lav;
4620;Ulvik;2022;261;2600.0;12202.0;1802000.0;990000.0;97000.0;16000.0;0.0;693.0769230769231;380.7692307692308;37.30769230769231;275.0;6.153846153846154;0.0;699.2307692307693;699.2307692307693;407000.0;156.53846153846155;1.0;2.4324324324324325;renhold_urimelig_lav;
4621;Voss;2022;261;23185.0;103935.0;21345000.0;7004000.0;6320000.0;1818000.0;15048000.0;920.6383437567392;302.09186974336853;272.59003666163466;345.95643735173604;78.41276687513478;144.78279694039543;999.051110631874;1143.8339075722695;2122000.0;91.52469268923873;1.0;3.3006597549481618;;implisitt_pris_utenfor
4622;Kvam;2022;261;9170.0;56446.0;10011000.0;3106000.0;2877000.0;363000.0;2829000.0;1091.712104689204;338.71319520174484;313.74045801526717;439.25845147219195;39.585605234460196;50.11869751621018;1131.2977099236641;1181.4164074398743;3181000.0;346.89203925845146;1.0;0.9764225086450803;;
4623;Samnanger;2022;261;2779.0;13885.0;3901000.0;1028000.0;997000.0;155000.0;409000.0;1403.7423533645197;369.91723641597696;358.7621446563512;675.0629722921915;55.775458798128824;29.456247749369822;1459.5178121626484;1488.9740599120182;821000.0;295.4300107952501;1.0;1.2521315468940315;;
4624;Bjørnafjorden;2022;261;9272.0;112168.0;15368000.0;5441000.0;2113000.0;1429000.0;6736000.0;1657.4633304572908;586.8205349439172;227.89042277825712;842.7523727351165;154.11993097497842;60.0527779758933;1811.5832614322692;1871.6360394081626;1515000.0;163.39516824849008;1.0;3.5914191419141916;;implisitt_pris_utenfor
4625;Austevoll;2022;261;6150.0;33930.0;2323000.0;750000.0;0.0;705000.0;1743000.0;377.7235772357724;121.95121951219512;0.0;255.77235772357724;114.63414634146342;51.37046861184792;492.3577235772358;543.7281921890838;1420000.0;230.89430894308944;1.0;0.528169014084507;renhold_urimelig_lav;
4626;Øygarden;2022;261;38822.0;167932.0;39311000.0;14294000.0;11930000.0;4170000.0;8285000.0;1012.595950749575;368.1932924630364;307.2999845448457;337.10267374169285;107.4133223430014;49.335445299287805;1120.0092730925764;1169.3447183918643;8526000.0;219.61774251712947;1.0;1.676518883415435;;
4627;Askøy;2022;261;13530.0;115981.0;12560000.0;5341000.0;2077000.0;825000.0;13027000.0;928.3074648928307;394.75240206947524;153.51071692535106;380.04434589800445;60.97560975609756;112.32012139919469;989.2830746489283;1101.603196048123;2888000.0;213.45158906134515;1.0;1.8493767313019391;;
4628;Vaksdal;2022;261;6216.0;29957.0;6306000.0;1146000.0;1580000.0;289000.0;1640000.0;1014.4787644787644;184.36293436293437;254.1827541827542;575.9330759330759;46.4929214929215;54.74513469306005;1060.971685971686;1115.716820664746;1510000.0;242.92149292149293;1.0;0.7589403973509934;;
4629;Modalen;2022;261;1422.0;7749.0;2077000.0;184000.0;460000.0;96000.0;370000.0;1460.618846694796;129.39521800281295;323.4880450070323;1007.7355836849508;67.51054852320675;47.748096528584334;1528.1293952180029;1575.877491746587;265000.0;186.35724331926863;1.0;0.6943396226415095;;
4630;Osterøy;2022;261;0.0;0.0;4712000.0;1737000.0;1511000.0;478000.0;119000.0;;;;;;;;;1186000.0;;1.0;;areal_mangler;areal_mangler
4631;Alver;2022;261;25093.0;156397.0;21960000.0;7320000.0;4698000.0;1155000.0;14959000.0;875.1444625991312;291.71482086637707;187.22352847407643;396.2061132586777;46.02877296457179;95.6476147240676;921.173235563703;1016.8208502877706;;;;;;kwh_mangler
4632;Austrheim;2022;261;3625.0;16568.0;4649000.0;1123000.0;1346000.0;132000.0;89000.0;1282.4827586206898;309.7931034482759;371.3103448275862;601.3793103448276;36.41379310344828;5.37180106228875;1318.896551724138;1324.2683527864267;476000.0;131.31034482758622;1.0;2.359243697478991;;
4633;Fedje;2022;261;1273.0;6067.0;722000.0;446000.0;0.0;477000.0;518000.0;567.1641791044776;350.35349567949726;0.0;216.81068342498037;374.70542026708563;85.37992417999011;941.8695993715633;1027.2495235515535;;;;;renhold_urimelig_lav;kwh_mangler
4634;Masfjorden;2022;261;3475.0;22465.0;6443000.0;1382000.0;1492000.0;456000.0;14000.0;1854.1007194244605;397.6978417266187;429.3525179856115;1027.0503597122301;131.22302158273382;0.6231916314266637;1985.3237410071943;1985.9469326386209;542000.0;155.97122302158274;1.0;2.5498154981549814;;
4635;Gulen;2022;261;3316.0;17310.0;4371000.0;738000.0;1278000.0;179000.0;2937000.0;1318.1544028950543;222.55729794933654;385.4041013268999;710.1930036188179;53.98069963811822;169.67071057192373;1372.1351025331726;1541.8058131050964;512000.0;154.40289505428225;0.98046875;1.44140625;;
4636;Solund;2022;261;1290.0;6913.0;1575000.0;97000.0;673000.0;490000.0;1069000.0;1220.9302325581396;75.1937984496124;521.7054263565891;624.031007751938;379.84496124031006;154.6361926804571;1600.7751937984497;1755.4113864789067;295000.0;228.68217054263565;1.0;0.32881355932203393;;implisitt_pris_utenfor
4637;Hyllestad;2022;261;5747.0;15556.0;2944000.0;31000.0;795000.0;422000.0;241000.0;512.2672698799373;5.394118670610753;138.3330433269532;368.54010788237343;73.42961545153993;15.492414502442788;585.6968853314773;601.1892998339201;507000.0;88.21994083869845;1.0;0.0611439842209073;energi_urimelig_lav;implisitt_pris_utenfor
4638;Høyanger;2022;261;3445.0;26619.0;3017000.0;1912000.0;501000.0;101000.0;2480000.0;875.7619738751814;555.0072568940493;145.42815674891148;175.3265602322206;29.317851959361395;93.16653518163717;905.0798258345428;998.24636101618;3658000.0;1061.8287373004355;1.0;0.5226899945325314;;kwh_urimelig_hoy
4639;Vik;2022;261;7162.0;16737.0;6846000.0;1760000.0;2093000.0;229000.0;394000.0;955.8782462999162;245.74141301312483;292.23680536163084;417.90002792516054;31.9743088522759;23.540658421461433;987.8525551521922;1011.3932135736536;1244000.0;173.69449874336777;1.0;1.414790996784566;;
4641;Aurland;2022;261;4346.0;22592.0;3180000.0;647000.0;1483000.0;596000.0;1110000.0;731.7073170731708;148.87252646111367;341.2333179935573;241.60147261849977;137.13759779107224;49.13243626062323;868.844914864243;917.9773511248662;1160000.0;266.912103083295;1.0;0.5577586206896551;;
4642;Lærdal;2022;261;3098.0;13358.0;4001000.0;2164000.0;597000.0;21000.0;0.0;1291.4783731439638;698.5151710781149;192.70497094899935;400.2582311168496;6.778566817301485;0.0;1298.2569399612653;1298.2569399612653;910000.0;293.7378954163977;1.0;2.378021978021978;;
4643;Årdal;2022;261;7189.0;39566.0;5160000.0;1608000.0;1376000.0;485000.0;4062000.0;717.763249408819;223.6750591180971;191.40353317568508;302.6846571150369;67.46418138823202;102.66390335136228;785.227430797051;887.8913341484133;1786000.0;248.43510919460286;0.9613661814109743;0.9003359462486002;;
4644;Luster;2022;261;8046.0;36149.0;3662000.0;1061000.0;0.0;337000.0;2657000.0;455.1329853343276;131.86676609495402;0.0;323.2662192393736;41.88416604523987;73.50134166920246;497.0171513795675;570.51849304877;1785000.0;221.84936614466815;1.0;0.5943977591036415;renhold_urimelig_lav;
4645;Askvoll;2022;261;4141.0;16987.0;4073000.0;1183000.0;829000.0;301000.0;1748000.0;983.578845689447;285.6797874909442;200.1931900507124;497.7058681477904;72.6877565805361;102.9022193442044;1056.2666022699832;1159.1688216141877;926000.0;223.61748369958949;1.0;1.2775377969762418;;
4646;Fjaler;2022;261;3800.0;28018.0;2355000.0;36000.0;658000.0;292000.0;286000.0;619.7368421052631;9.473684210526315;173.1578947368421;437.10526315789474;76.84210526315789;10.207723606253124;696.578947368421;706.7866709746742;1111000.0;292.36842105263156;1.0;0.032403240324032405;energi_urimelig_lav;implisitt_pris_utenfor
4647;Sunnfjord;2022;261;21558.0;146618.0;16768000.0;1079000.0;6681000.0;1162000.0;6574000.0;777.8087021059467;50.0510251414788;309.90815474533815;417.84952221912977;53.90110399851563;44.837605205363595;831.7098061044624;876.547411309826;5563000.0;258.0480564059746;1.0;0.19396009347474383;;implisitt_pris_utenfor
4649;Stad;2022;261;9542.0;57606.0;6624000.0;144000.0;2785000.0;557000.0;4001000.0;694.1940892894571;15.091175854118633;291.86753301194716;387.23538042339135;58.37350660238943;69.45457070444051;752.5675958918466;822.0221665962871;1729000.0;181.19891008174386;1.0;0.08328513591671487;energi_urimelig_lav;implisitt_pris_utenfor
4650;Gloppen;2022;261;6134.0;33775.0;2464000.0;581000.0;15000.0;2004000.0;2759000.0;401.6954678839257;94.7179654385393;2.4453863710466255;304.53211607433974;326.70361917182913;81.68763878608438;728.3990870557548;810.0867258418391;1718000.0;280.0782523638735;0.9976717112922002;0.3381839348079162;renhold_urimelig_lav;implisitt_pris_utenfor
4651;Stryn;2022;261;8906.0;40985.0;4275000.0;1005000.0;1324000.0;647000.0;2455000.0;480.01347406242985;112.8452728497642;148.66382214237592;218.5043790702897;72.64765326746014;59.89996340124436;552.66112732989;612.5610907311343;1067000.0;119.80687177183921;1.0;0.9418931583880037;;
5001;Trondheim - Tråante;2022;261;201064.0;845696.0;98240000.0;17327000.0;37116000.0;21643000.0;74801000.0;488.6006445708829;86.17654080292841;184.59793896470777;217.82616480324674;107.64234273664107;88.44904079007114;596.242987307524;684.6920280975951;28961000.0;144.0387140413003;1.0;0.5982873519560787;;
5006;Steinkjer - Stïentje;2022;261;43044.0;122451.0;10947000.0;2984000.0;1221000.0;668000.0;19199000.0;254.32115974351825;69.32441222934672;28.366322832450514;156.63042468172102;15.519003810054828;156.78924631076922;269.84016355357306;426.6294098643423;1093000.0;25.392621503577736;1.0;2.7301006404391583;renhold_urimelig_lav;kwh_urimelig_lav
5007;Namsos - Nåavmesjenjaelmie;2022;261;12862.0;83428.0;12914000.0;2659000.0;7691000.0;2096000.0;5726000.0;1004.042917120199;206.73301197325455;597.962991758669;199.34691338827554;162.96065930648422;68.63403173994342;1167.0035764266834;1235.6376081666267;3447000.0;267.99875602550145;1.0;0.7713954163040325;;
5014;Frøya;2022;261;8950.0;29673.0;6061000.0;1108000.0;2266000.0;133000.0;796000.0;677.2067039106146;123.79888268156425;253.18435754189943;300.22346368715085;14.860335195530727;26.82573383210326;692.0670391061452;718.8927729382485;853000.0;95.3072625698324;1.0;1.2989449003517;;
5020;Osen;2022;261;2089.0;7958.0;1679000.0;213000.0;813000.0;19000.0;287000.0;803.733843944471;101.96266156055529;389.18142651986597;312.5897558640498;9.09526089037817;36.06433777330988;812.8291048348492;848.893442608159;333000.0;159.40641455241743;1.0;0.6396396396396397;;
5021;Oppdal;2022;261;7044.0;34224.0;7838000.0;1250000.0;3033000.0;552000.0;2840000.0;1112.7200454287338;177.45599091425328;430.5792163543441;504.6848381601363;78.36456558773425;82.98270219728845;1191.084611016468;1274.0673132137565;1790000.0;254.11697898921068;1.0;0.6983240223463687;;
5022;Rennebu;2022;261;8172.0;22891.0;7822000.0;1715000.0;1567000.0;325000.0;70000.0;957.1708272148801;209.86294664708763;191.7523250122369;555.5555555555555;39.76994615761136;3.057970381372592;996.9407733724914;999.998743753864;2026000.0;247.91972589329418;1.0;0.8464955577492597;;
5025;Røros - Rosse;2022;261;16667.0;35704.0;7461000.0;3961000.0;750000.0;422000.0;4305000.0;447.6510469790604;237.6552468950621;44.99910001799964;164.99670006599868;25.319493610127797;120.57472552095004;472.9705405891882;593.5452661101383;2048000.0;122.87754244915102;1.0;1.93408203125;renhold_urimelig_lav;
5026;Holtålen;2022;261;1550.0;13179.0;1709000.0;241000.0;351000.0;53000.0;742000.0;1102.5806451612902;155.48387096774192;226.4516129032258;720.6451612903226;34.193548387096776;56.301692085894224;1136.774193548387;1193.0758856342813;333000.0;214.83870967741936;1.0;0.7237237237237236;;
5027;Midtre Gauldal;2022;261;7905.0;36604.0;6111000.0;1252000.0;1839000.0;222000.0;-18000.0;773.055028462998;158.3807716635041;232.63757115749524;382.03668564199876;28.083491461100568;-0.4917495355698831;801.1385199240987;800.6467703885288;1541000.0;194.93991144845035;1.0;0.8124594419208306;;
5028;Melhus;2022;261;22790.0;102648.0;13995000.0;3621000.0;2590000.0;898000.0;11574000.0;614.0851250548486;158.88547608600263;113.64633611232998;341.553312856516;39.40324703817464;112.75426700958616;653.4883720930233;766.2426391026095;3573000.0;156.7792891619131;0.9720123145815841;1.0134340890008395;;
5029;Skaun;2022;261;9720.0;46711.0;5222000.0;909000.0;1563000.0;692000.0;4607000.0;537.2427983539095;93.51851851851852;160.80246913580248;282.9218106995885;71.19341563786008;98.62773222581404;608.4362139917696;707.0639462175836;1581000.0;162.65432098765433;1.0;0.5749525616698292;;
5031;Malvik;2022;261;9868.0;61995.0;5092000.0;567000.0;1898000.0;716000.0;5527000.0;516.0113498175922;57.45845156059992;192.33887312525334;266.21402513173894;72.55776246453182;89.15235099604807;588.569112282124;677.7214632781721;915000.0;92.72395622213214;1.0;0.6196721311475409;;
5032;Selbu;2022;261;6124.0;29532.0;7042000.0;1226000.0;2694000.0;539000.0;1509000.0;1149.9020248203788;200.19595035924232;439.9085564990202;509.7975179621163;88.0143696930111;51.09711499390492;1237.9163945133898;1289.0135095072947;1369000.0;223.54670150228608;1.0;0.8955441928414901;;
5033;Tydal;2022;261;3244.0;13494.0;2791000.0;532000.0;683000.0;223000.0;1357000.0;860.3575832305795;163.99506781750924;210.54254007398274;485.81997533908753;68.7422934648582;100.56321327997628;929.0998766954377;1029.663089975414;677000.0;208.69297163995068;1.0;0.7858197932053175;;
5034;Meråker;2022;261;7084.0;16105.0;2636000.0;643000.0;379000.0;380000.0;1904000.0;372.1061547148504;90.76792772444946;53.50084697910785;227.83738001129305;53.6420101637493;118.22415398944428;425.74816487859965;543.9723188680439;911000.0;128.59966120835685;0.9495060373216246;0.7058177826564216;;
5035;Stjørdal;2022;261;30330.0;145031.0;14513000.0;2379000.0;4772000.0;670000.0;8831000.0;478.503132212331;78.43719090009891;157.33597098582263;242.7299703264095;22.090339597757996;60.890430321793275;500.593471810089;561.4839021318822;6854000.0;225.9808770194527;0.9992704989786986;0.3470965859352203;;implisitt_pris_utenfor
5036;Frosta;2022;261;2940.0;14410.0;2082000.0;614000.0;574000.0;837000.0;625000.0;708.1632653061224;208.843537414966;195.23809523809524;304.0816326530612;284.6938775510204;43.37265787647467;992.8571428571429;1036.2298007336176;533000.0;181.2925170068027;0.9793621013133208;1.151969981238274;;
5037;Levanger;2022;261;10740.0;81531.0;7107000.0;1948000.0;1647000.0;168000.0;11886000.0;661.731843575419;181.3780260707635;153.35195530726256;327.00186219739294;15.64245810055866;145.78503881959008;677.3743016759777;823.1593404955678;1523000.0;141.80633147113593;1.0;1.2790544977019043;;
5038;Verdal;2022;261;21850.0;80600.0;11653000.0;3695000.0;1621000.0;1016000.0;2228000.0;533.3180778032037;169.10755148741418;74.18764302059496;290.0228832951945;46.49885583524028;27.642679900744415;579.816933638444;607.4596135391884;3516000.0;160.91533180778032;1.0;1.050910125142207;;
5041;Snåase - Snåsa;2022;261;6014.0;18203.0;1887000.0;753000.0;35000.0;174000.0;2027000.0;313.76787495843035;125.20784835384104;5.819753907549052;182.74027269704024;28.93249085467243;111.35527110915783;342.70036581310274;454.05563692226053;1085000.0;180.41237113402062;1.0;0.6940092165898618;renhold_urimelig_lav;
5042;Lierne;2022;261;5202.0;16510.0;3196000.0;323000.0;1128000.0;139000.0;1230000.0;614.3790849673203;62.091503267973856;216.8396770472895;335.4479046520569;26.720492118415994;74.50030284675954;641.0995770857362;715.5998799324957;1209000.0;232.41061130334487;1.0;0.26716294458229944;;implisitt_pris_utenfor
5043;Raarvihke - Røyrvik;2022;261;3241.0;8151.0;1592000.0;298000.0;255000.0;192000.0;1349000.0;491.2064177722925;91.94692995988892;78.67941993211971;320.5800678802839;59.24097500771367;165.5011655011655;550.4473927800062;715.9485582811717;590000.0;182.0425794507868;0.923728813559322;0.5050847457627118;;
5044;Namsskogan;2022;261;3771.0;12883.0;2054000.0;378000.0;706000.0;101000.0;1040000.0;544.6831079289313;100.23866348448688;187.21824449748078;257.2261999469637;26.783346592415803;80.72653884964681;571.4664545213471;652.1929933709939;754000.0;199.94696367011403;1.0;0.5013262599469496;;
5045;Grong;2022;261;7661.0;21961.0;3165000.0;665000.0;940000.0;235000.0;2654000.0;413.13144498107295;86.80328938780838;122.69938650306749;203.6287690901971;30.67484662576687;120.8505987887619;443.80629160683986;564.6568903956017;1675000.0;218.63986424748728;1.0;0.3970149253731343;;implisitt_pris_utenfor
5046;Høylandet;2022;261;2671.0;11776.0;2376000.0;393000.0;535000.0;142000.0;2330000.0;889.5544739797829;147.1359041557469;200.2995132909023;542.1190565331336;53.163609135155376;197.8600543478261;942.7180831149383;1140.5781374627643;470000.0;175.96405840509172;1.0;0.8361702127659575;;
5047;Overhalla;2022;261;7016.0;29598.0;1779000.0;292000.0;363000.0;319000.0;785000.0;253.56328392246294;41.61915621436716;51.73888255416192;160.20524515393387;45.467502850627135;26.522062301506857;299.0307867730901;325.55284907459696;1538000.0;219.2132269099202;1.0;0.18985695708712613;DV_uteligger_lav;implisitt_pris_utenfor
5049;Flatanger;2022;261;4262.0;12367.0;1843000.0;343000.0;370000.0;480000.0;104000.0;432.4260910370718;80.47864852182074;86.81370248709526;265.1337400281558;112.62318160488034;8.409476833508531;545.0492726419521;553.4587494754606;612000.0;143.59455654622244;1.0;0.5604575163398693;;
5052;Leka;2022;261;1070.0;5220.0;1576000.0;447000.0;431000.0;71000.0;282000.0;1472.8971962616822;417.7570093457944;402.803738317757;652.3364485981308;66.35514018691589;54.02298850574713;1539.252336448598;1593.2753249543453;300000.0;280.3738317757009;1.0;1.4900000000000002;;
5053;Inderøy;2022;261;11351.0;39345.0;3426000.0;770000.0;869000.0;75000.0;3202000.0;301.8236278741961;67.83543300149766;76.55713153026166;157.4310633424368;6.607347370275747;81.38264074215274;308.4309752444719;389.81361598662465;1216000.0;107.1271253634041;1.0;0.6332236842105263;DV_uteligger_lav;
5054;Indre Fosen;2022;261;17782.0;60980.0;11954000.0;2243000.0;3808000.0;2144000.0;5292000.0;672.2528399505118;126.13879203689123;214.1491395793499;331.9649083342706;120.57136430097852;86.78255165628075;792.8242042514903;879.606755907771;2428000.0;136.5425711393544;1.0;0.9238056013179571;;
5055;Heim;2022;261;9469.0;38550.0;6071000.0;1383000.0;1297000.0;803000.0;2150000.0;641.1447882564157;146.05554968845706;136.9732812334988;358.11595733445984;84.80304150385469;55.77172503242542;725.9478297602703;781.7195547926958;2453000.0;259.05586651177526;1.0;0.5637994292702813;;
5056;Hitra;2022;261;11386.0;30746.0;7405000.0;438000.0;2998000.0;1786000.0;3388000.0;650.3600913402424;38.468294396627435;263.3058141577376;348.5859827858774;156.85930089583698;110.19319586287646;807.2193922360794;917.4125880989559;2609000.0;229.14105041278762;1.0;0.16788041395170564;energi_urimelig_lav;implisitt_pris_utenfor
5057;Ørland;2022;261;58383.0;117886.0;12852000.0;4234000.0;4476000.0;1430000.0;6336000.0;220.13257283798367;72.5211105972629;76.66615281845743;70.94530942226334;24.49343130705856;53.74684016761957;244.62600414504223;298.3728443126618;4917000.0;84.21972149427059;0.9644091925971121;0.861094163107586;DV_uteligger_lav;
5058;Åfjord;2022;261;11032.0;27250.0;8290000.0;1119000.0;2683000.0;861000.0;1157000.0;751.4503263234228;101.43219724437999;243.20159535895576;406.816533720087;78.04568527918782;42.45871559633027;829.4960116026106;871.9547271989409;2164000.0;196.15663524292967;1.0;0.517097966728281;;
5059;Orkland;2022;261;17010.0;96033.0;13757000.0;2801000.0;5070000.0;493000.0;9387000.0;808.7595532039976;164.6678424456202;298.0599647266314;346.031746031746;28.98295120517343;97.74764924557184;837.742504409171;935.4901536547429;3825000.0;224.86772486772486;0.9641830065359477;0.7322875816993464;;
5060;Nærøysund;2022;261;22000.0;89766.0;9204000.0;2242000.0;2345000.0;542000.0;7921000.0;418.3636363636364;101.9090909090909;106.5909090909091;209.86363636363637;24.636363636363637;88.24053650602679;443.0;531.2405365060267;5200000.0;236.36363636363637;1.0;0.4311538461538461;;implisitt_pris_utenfor
5061;Rindal;2022;261;5356.0;15914.0;3969000.0;1067000.0;2000.0;661000.0;0.0;741.0380881254667;199.21583271097833;0.37341299477221807;541.4488424197162;123.41299477221807;0.0;864.4510828976848;864.4510828976848;1252000.0;233.7565347274085;1.0;0.8522364217252396;renhold_urimelig_lav;
5401;Tromsø (2020-2023);2022;261;59920.0;330382.0;47197000.0;5674000.0;14509000.0;4465000.0;23163000.0;787.6668891855808;94.69292389853138;242.13951935914554;450.83444592790386;74.51602136181576;70.10975174192299;862.1829105473965;932.2926622893195;15911000.0;265.5373831775701;1.0;0.3566086355351643;;implisitt_pris_utenfor
5402;Harstad (2020-2023);2022;261;44651.0;148707.0;25307000.0;3413000.0;5140000.0;3202000.0;12942000.0;566.7734205280957;76.43725784416922;115.11500302344852;375.22115966047795;71.7117197823117;87.03020032681717;638.4851403104074;725.5153406372245;9679000.0;216.7700611408479;1.0;0.3526190722182044;;implisitt_pris_utenfor
5403;Alta (2020-2023);2022;261;36992.0;179115.0;15688000.0;2370000.0;5757000.0;1477000.0;7884000.0;424.0916955017301;64.06790657439447;155.62824394463667;204.39554498269896;39.927551903114185;44.0164140356754;464.0192474048443;508.0356614405197;5599000.0;151.35705017301038;1.0;0.4232898731916414;;implisitt_pris_utenfor
5404;Vardø (2020-2023);2022;261;0.0;115.0;1996000.0;548000.0;4000.0;271000.0;607000.0;;;;;;;;;0.0;;;;areal_mangler;areal_mangler|kwh_mangler
5405;Vadsø (2020-2023);2022;261;10748.0;52843.0;4874000.0;1524000.0;1742000.0;286000.0;958000.0;453.4797171566803;141.7938221064384;162.0766654261258;149.60922962411613;26.60960178637886;18.129175103608805;480.0893189430592;498.218494046668;3054000.0;284.14588760699667;1.0;0.4990176817288801;;implisitt_pris_utenfor
5406;Hammerfest (2020-2023);2022;261;21067.0;113507.0;17714000.0;2700000.0;8258000.0;3381000.0;5990000.0;840.8411259315517;128.16252907390705;391.98746855271276;320.6911283049319;160.48796696254806;52.77207573101219;1001.3290928940997;1054.101168625112;5754000.0;273.12858973750417;0.997393117831074;0.46923879040667354;;implisitt_pris_utenfor
5411;Kvæfjord (2020-2023);2022;261;9375.0;29583.0;3977000.0;632000.0;1169000.0;428000.0;771000.0;424.2133333333333;67.41333333333333;124.69333333333333;232.10666666666665;45.653333333333336;26.062265490315383;469.8666666666667;495.92893215698206;828000.0;88.32;1.0;0.7632850241545893;;
5412;Tjeldsund (2020-2023);2022;261;9300.0;24100.0;4653000.0;1231000.0;1817000.0;488000.0;1136000.0;500.3225806451613;132.36559139784947;195.3763440860215;172.58064516129033;52.473118279569896;47.136929460580916;552.7956989247311;599.932628385312;2340000.0;251.61290322580646;1.0;0.5260683760683761;;
5413;Ibestad (2020-2023);2022;261;3161.0;10816.0;2659000.0;465000.0;856000.0;36000.0;483000.0;841.189496994622;147.10534640936413;270.8003796267004;423.2837709585574;11.388801012337868;44.656065088757394;852.5782980069598;897.2343630957172;650000.0;205.6311293894337;1.0;0.7153846153846155;;
5414;Gratangen (2020-2023);2022;261;4931.0;11071.0;1103000.0;362000.0;0.0;555000.0;0.0;223.68687892922327;73.41310079091463;0.0;150.27377813830867;112.55323463800447;0.0;336.24011356722775;336.24011356722775;580000.0;117.6232001622389;0.9741379310344828;0.6241379310344828;renhold_urimelig_lav;
5415;Loabák - Lavangen (2020-2023);2022;261;1735.0;9085.0;970000.0;384000.0;279000.0;228000.0;2123000.0;559.0778097982709;221.32564841498558;160.80691642651297;176.94524495677234;131.4121037463977;233.68189323059988;690.4899135446686;924.1718067752686;585000.0;337.1757925072046;1.0;0.6564102564102564;;
5416;Bardu (2020-2023);2022;261;4613.0;24858.0;2783000.0;660000.0;1038000.0;1068000.0;1757000.0;603.2950357684804;143.07392152612184;225.01625840017343;235.20485584218514;231.5196184695426;70.68147075388205;834.814654238023;905.496124991905;1287000.0;278.99414697593755;1.0;0.5128205128205129;;
5417;Salangen (2020-2023);2022;261;4100.0;16897.0;3771000.0;765000.0;1190000.0;347000.0;606000.0;919.7560975609756;186.58536585365854;290.2439024390244;442.9268292682927;84.63414634146342;35.864354619163166;1004.390243902439;1040.2545985216022;711000.0;173.41463414634146;1.0;1.0759493670886078;;
5418;Målselv (2020-2023);2022;261;10636.0;44810.0;9344000.0;2103000.0;2669000.0;3159000.0;1762000.0;878.5257615644979;197.724708537044;250.94020308386612;429.8608499435878;297.01015419330577;39.32158000446329;1175.5359157578037;1214.857495762267;2280000.0;214.36630312147423;1.0;0.9223684210526316;;
5419;Sørreisa (2020-2023);2022;261;6863.0;24183.0;3024000.0;597000.0;1242000.0;258000.0;4186000.0;440.6236339793093;86.9881975812327;180.97042109864492;172.66501529943173;37.592889406964886;173.09680353967664;478.2165233862742;651.3133269259508;1020000.0;148.62305114381465;1.0;0.5852941176470589;;
5420;Dyrøy (2020-2023);2022;261;2300.0;9114.0;1079000.0;339000.0;0.0;216000.0;2378000.0;469.1304347826087;147.3913043478261;0.0;321.7391304347826;93.91304347826087;260.91727013386;563.0434782608696;823.9607483947295;998000.0;433.9130434782609;0.7775551102204409;0.3396793587174349;renhold_urimelig_lav;implisitt_pris_utenfor
5421;Senja (2020-2023);2022;261;28994.0;103565.0;12116000.0;3818000.0;3125000.0;2912000.0;14163000.0;417.87956128854245;131.6824170518038;107.78092019038422;178.41622404635442;100.43457267020763;136.75469511900738;518.3141339587501;655.0688290777574;5975000.0;206.0771194040146;1.0;0.6389958158995815;;
5422;Balsfjord (2020-2023);2022;261;14343.0;41015.0;6276000.0;878000.0;2003000.0;585000.0;2955000.0;437.56536289479186;61.214529735759605;139.65000348602106;236.7008296730112;40.786446350135954;72.04681214189931;478.35180924492784;550.3986213868271;2952000.0;205.81468312068606;1.0;0.29742547425474253;;implisitt_pris_utenfor
5423;Karlsøy (2020-2023);2022;261;3726.0;13746.0;3975000.0;844000.0;1294000.0;1165000.0;2229000.0;1066.82769726248;226.51637144390767;347.28931830381106;493.0220075147611;312.6677402039721;162.15626364033173;1379.495437466452;1541.6517011067835;2225000.0;597.1551261406333;1.0;0.3793258426966292;;kwh_urimelig_hoy|implisitt_pris_utenfor
5424;Lyngen (2020-2023);2022;261;13190.0;26525.0;2054000.0;470000.0;288000.0;608000.0;995000.0;155.724033358605;35.6330553449583;21.834723275208493;98.25625473843822;46.095526914329035;37.51178133836004;201.81956027293404;239.33134161129408;1604000.0;121.60727824109173;1.0;0.29301745635910226;drift_urimelig_lav|energi_urimelig_lav|renhold_urimelig_lav;implisitt_pris_utenfor
5425;Storfjord - Omasvuotna - Omasvuono (2020-2023);2022;261;1850.0;22486.0;1700000.0;173000.0;688000.0;60000.0;1272000.0;918.918918918919;93.51351351351352;371.8918918918919;453.5135135135135;32.432432432432435;56.56853153073023;951.3513513513514;1007.9198828820815;342000.0;184.86486486486487;1.0;0.5058479532163742;;
5426;Gáivuotna - Kåfjord - Kaivuono (2020-2023);2022;261;5500.0;16413.0;3519000.0;724000.0;997000.0;483000.0;1206000.0;639.8181818181819;131.63636363636363;181.27272727272728;326.90909090909093;87.81818181818181;73.47834033997441;727.6363636363636;801.114703976338;981000.0;178.36363636363637;1.0;0.7380224260958205;;
5427;Skjervøy (2020-2023);2022;261;8312.0;28698.0;5936000.0;1174000.0;2112000.0;856000.0;1690000.0;714.148219441771;141.24157844080847;254.09047160731473;318.8161693936477;102.98363811357073;58.889121193114505;817.1318575553416;876.0209787484562;1878000.0;225.93840230991339;1.0;0.625133120340788;;
5428;Nordreisa (2020-2023);2022;261;11378.0;36884.0;7924000.0;2215000.0;3459000.0;878000.0;2975000.0;696.4317103181578;194.6739321497627;304.00773422394093;197.7500439444542;77.16646159254702;80.65828001301378;773.5981719107049;854.2564519237187;3191000.0;280.45350676744596;1.0;0.6941397680977749;;
5429;Kvænangen (2020-2023);2022;261;3770.0;12761.0;2928000.0;728000.0;1045000.0;874000.0;345000.0;776.657824933687;193.10344827586206;277.18832891246683;306.3660477453581;231.83023872679044;27.03549878536165;1008.4880636604775;1035.5235624458392;940000.0;249.3368700265252;1.0;0.774468085106383;;
5430;Guovdageaidnu-Kautokeino (2020-2023);2022;261;2769.0;21128.0;2780000.0;918000.0;352000.0;987000.0;2182000.0;1003.9725532683279;331.52762730227516;127.12170458649332;545.3232213795594;356.4463705308776;103.27527451722833;1360.4189237992055;1463.6941983164338;694000.0;250.63199711087034;0.9351585014409222;1.3227665706051872;;
5432;Loppa (2020-2023);2022;261;3570.0;14705.0;2338000.0;285000.0;0.0;374000.0;497000.0;654.9019607843137;79.83193277310924;0.0;575.0700280112045;104.76190476190476;33.7980278816729;759.6638655462185;793.4618934278914;1524000.0;426.890756302521;1.0;0.18700787401574803;renhold_urimelig_lav;implisitt_pris_utenfor
5433;Hasvik (2020-2023);2022;261;2180.0;9880.0;2212000.0;508000.0;881000.0;1619000.0;902000.0;1014.6788990825688;233.0275229357798;404.1284403669725;377.5229357798165;742.6605504587156;91.29554655870446;1757.3394495412845;1848.634996099989;1099000.0;504.1284403669725;1.0;0.462238398544131;;kwh_urimelig_hoy|implisitt_pris_utenfor
5434;Måsøy (2020-2023);2022;261;3263.0;13756.0;1993000.0;236000.0;773000.0;283000.0;0.0;610.7876187557463;72.32608029420778;236.89855960772294;301.5629788538155;86.73000306466442;0.0;697.5176218204107;697.5176218204107;341000.0;104.50505669629176;1.0;0.6920821114369501;;
5435;Nordkapp (2020-2023);2022;261;4006.0;27126.0;3885000.0;654000.0;1256000.0;794000.0;0.0;969.7953070394408;163.25511732401398;313.5297054418372;493.0104842735896;198.2026959560659;0.0;1167.9980029955068;1167.9980029955068;1788000.0;446.33050424363455;1.0;0.36577181208053694;;implisitt_pris_utenfor
5436;Porsanger - Porsángu - Porsanki  (2020-2023);2022;261;7647.0;35246.0;4017000.0;636000.0;1272000.0;216000.0;2567000.0;525.3040408003138;83.16987053746567;166.33974107493134;275.7944291879168;28.246371125931738;72.83095954150825;553.5504119262456;626.3813714677539;2220000.0;290.3099254609651;1.0;0.2864864864864865;;implisitt_pris_utenfor
5437;Kárásjohka-Karasjok (2020-2023);2022;261;5344.0;25430.0;2838000.0;850000.0;7000.0;1788000.0;988000.0;531.062874251497;159.0568862275449;1.3098802395209581;370.69610778443115;334.5808383233533;38.851749901690916;865.6437125748503;904.4954624765412;1770000.0;331.2125748502994;1.0;0.480225988700565;renhold_urimelig_lav;implisitt_pris_utenfor
5438;Lebesby (2020-2023);2022;261;1429.0;12958.0;1663000.0;110000.0;1132000.0;26000.0;631000.0;1163.7508747375787;76.97690692792162;792.1623512946117;294.6116165150455;18.19454163750875;48.695786386788086;1181.9454163750875;1230.6412027618755;581000.0;406.5780265920224;1.0;0.189328743545611;;implisitt_pris_utenfor
5439;Gamvik (2020-2023);2022;261;3850.0;16288.0;2090000.0;256000.0;696000.0;257000.0;1420000.0;542.8571428571429;66.49350649350649;180.7792207792208;295.5844155844156;66.75324675324676;87.18074656188605;609.6103896103896;696.7911361722756;810000.0;210.3896103896104;1.0;0.3160493827160493;;implisitt_pris_utenfor
5440;Berlevåg (2020-2023);2022;261;2300.0;10314.0;2269000.0;488000.0;632000.0;176000.0;511000.0;986.5217391304348;212.17391304347825;274.7826086956522;499.5652173913044;76.52173913043478;49.54430870661237;1063.0434782608695;1112.5877869674819;854000.0;371.30434782608694;1.0;0.5714285714285714;;
5441;Deatnu-Tana (2020-2023);2022;261;303.0;303.0;396000.0;108000.0;0.0;120000.0;2190000.0;1306.930693069307;356.43564356435644;0.0;950.4950495049505;396.03960396039605;7227.722772277228;1702.970297029703;8930.69306930693;100000.0;330.03300330033005;1.0;1.0799999999999998;areal_for_lite|renhold_urimelig_lav;areal_for_lite
5442;Unjárga-Nesseby (2020-2023);2022;261;3175.0;8863.0;1099000.0;343000.0;340000.0;453000.0;483000.0;346.1417322834646;108.03149606299213;107.08661417322834;131.0236220472441;142.6771653543307;54.49622024145323;488.81889763779526;543.3151178792485;625000.0;196.8503937007874;1.0;0.5488000000000001;;
5443;Båtsfjord (2020-2023);2022;261;1568.0;16687.0;1471000.0;382000.0;418000.0;199000.0;657000.0;938.1377551020408;243.62244897959184;266.5816326530612;427.93367346938777;126.91326530612245;39.37196620123449;1065.0510204081634;1104.4229866093979;624000.0;397.9591836734694;1.0;0.6121794871794871;;
5444;Sør-Varanger (2020-2023);2022;261;12609.0;70516.0;12174000.0;3084000.0;4729000.0;921000.0;1084000.0;965.5008327385201;244.58719961931953;375.04956776905385;345.86406535014675;73.04306447775399;15.372397753701287;1038.543897216274;1053.9162949699753;2756000.0;218.57403441985883;1.0;1.1190130624092889;;
