kommune;kommunenavn;aargang;funksjon;eid_areal_m2;portefoljeareal_m2;drift_kr;energi_kr;renhold_kr;vedlikehold_kr;forvaltning_kr;drift_kr_m2;energi_kr_m2;renhold_kr_m2;ovrig_drift_kr_m2;vedlikehold_kr_m2;forvaltning_kr_m2;dv_kr_m2;fdv_kr_m2;energibruk_kwh;kwh_m2;fornybarandel;implisitt_energipris_kr_kwh;flagg_kostnad;flagg_energi
0301;Oslo - Oslove;2022;221;294916.0;2333925.0;358832000.0;102079000.0;75813000.0;192278000.0;485961000.0;1216.726118623608;346.1290672598299;257.0664189125039;613.5306324512743;651.9754777631597;208.21620232012597;1868.7015963867677;2076.917798706894;42372000.0;143.67480909818389;1.0;2.4091145095817996;;
1101;Eigersund;2022;221;4063.0;49539.0;3717000.0;1283000.0;1346000.0;262000.0;9466000.0;914.8412503076545;315.7765198129461;331.28230371646566;267.78242677824267;64.48437115431946;191.08177395587316;979.3256214619739;1170.407395417847;436000.0;107.30986955451637;1.0;2.9426605504587156;;
1103;Stavanger;2022;221;74986.0;681196.0;66986000.0;17513000.0;17113000.0;15599000.0;69252000.0;893.3134185047876;233.55026271570694;228.2159336409463;431.5472221481343;208.02549809297736;101.66237030164592;1101.3389165977649;1203.0012868994108;9300000.0;124.02315098818445;1.0;1.8831182795698926;;
1106;Haugesund;2022;221;4138.0;135720.0;2032000.0;1080000.0;473000.0;435000.0;3028000.0;491.0584823586274;260.9956500724988;114.30642822619623;115.75640405993234;105.12324794586758;22.310639552018863;596.181730304495;618.4923698565138;608000.0;146.9308844852586;1.0;1.776315789473684;;
1108;Sandnes;2022;221;29348.0;315523.0;26864000.0;3171000.0;8165000.0;1507000.0;29226000.0;915.3605015673982;108.04824860297124;278.2131661442006;529.0990868202263;51.34932533733134;92.62716188677211;966.7098269047294;1059.3369887915014;3926000.0;133.77402207986916;0.9701986754966887;0.8076923076923077;;
1111;Sokndal;2022;221;140.0;22443.0;0.0;0.0;0.0;15000.0;877000.0;0.0;0.0;0.0;0.0;107.14285714285714;39.076772267522166;107.14285714285714;146.2196294103793;0.0;0.0;;;areal_for_lite|drift_null|drift_urimelig_lav|energi_urimelig_lav|renhold_urimelig_lav;areal_for_lite|kwh_null|kwh_urimelig_lav
1112;Lund;2022;221;1071.0;23592.0;789000.0;322000.0;132000.0;23000.0;421000.0;736.6946778711484;300.65359477124184;123.24929971988796;312.79178338001867;21.475256769374415;17.845032214309935;758.1699346405229;776.0149668548329;128000.0;119.51447245564893;1.0;2.515625;;
1114;Bjerkreim;2022;221;2088.0;17774.0;1368000.0;327000.0;318000.0;78000.0;406000.0;655.1724137931035;156.60919540229884;152.29885057471265;346.264367816092;37.35632183908046;22.842354000225047;692.528735632184;715.371089632409;127000.0;60.82375478927203;1.0;2.574803149606299;;kwh_uteligger
1119;Hå;2022;221;11742.0;88908.0;10283000.0;2895000.0;2932000.0;1019000.0;3283000.0;875.7451882132516;246.55084312723557;249.70192471469937;379.49242037131665;86.78249020609776;36.92581095064561;962.5276784193494;999.453489369995;1514000.0;128.93885198432974;1.0;1.9121532364597096;;
1120;Klepp;2022;221;9763.0;89364.0;6712000.0;2213000.0;2010000.0;839000.0;2338000.0;687.4935982792175;226.6721294684011;205.87934036669057;254.94212844412579;85.93669978490219;26.162660579204154;773.4302980641196;799.5929586433238;1472000.0;150.7733278705316;0.9748641304347826;1.5033967391304346;;
1121;Time;2022;221;8458.0;87088.0;6118000.0;1840000.0;2331000.0;481000.0;8181000.0;723.3388507921494;217.54551903523293;275.59706786474345;230.19626389217308;56.86923622605817;93.93946353114092;780.2080870182076;874.1475505493486;1081000.0;127.80799243319933;1.0;1.7021276595744683;;
1122;Gjesdal;2022;221;8583.0;57501.0;7367000.0;1534000.0;2380000.0;773000.0;3284000.0;858.324595129908;178.7253873936852;277.29232203192356;402.3068857042992;90.06174997087265;57.11205022521347;948.3863451007807;1005.4983953259941;950000.0;110.68391005475941;1.0;1.6147368421052632;;
1124;Sola;2022;221;9291.0;185461.0;12980000.0;4733000.0;5460000.0;539000.0;13526000.0;1397.0509094822946;509.4177160693144;587.665482725218;299.96771068776235;58.01313098697664;72.93177541369883;1455.0640404692713;1527.9958158829702;2976000.0;320.3099773974814;0.9596774193548387;1.5903897849462367;;
1127;Randaberg;2022;221;6020.0;66126.0;6492000.0;1303000.0;2695000.0;633000.0;98000.0;1078.4053156146178;216.4451827242525;447.6744186046512;414.2857142857143;105.14950166112956;1.4820191755134138;1183.5548172757476;1185.036836451261;1300000.0;215.9468438538206;1.0;1.0023076923076923;;
1130;Strand;2022;221;2978.0;62752.0;3742000.0;1087000.0;1192000.0;718000.0;4288000.0;1256.548018804567;365.01007387508395;400.2686366689053;491.2693082605776;241.10141034251174;68.33248342682305;1497.6494291470785;1565.9819125739016;425000.0;142.71323035594358;1.0;2.5576470588235294;;
1133;Hjelmeland;2022;221;2807.0;26169.0;2796000.0;425000.0;1269000.0;411000.0;1338000.0;996.0812255076594;151.40719629497684;452.08407552547203;392.58995368721054;146.41966512290702;51.12919867018228;1142.5008906305663;1193.6300893007485;290000.0;103.31314570716067;1.0;1.4655172413793103;;
1134;Suldal;2022;221;4666.0;36909.0;4339000.0;1613000.0;1259000.0;1228000.0;1262000.0;929.9185597942563;345.69224174882123;269.8242606086584;314.40205743677666;263.1804543506215;34.19220244384839;1193.0990141448779;1227.2912165887262;462000.0;99.0141448778397;1.0;3.491341991341991;;implisitt_pris_utenfor
1135;Sauda;2022;221;1865.0;26048.0;2299000.0;837000.0;637000.0;62000.0;114000.0;1232.7077747989276;448.79356568364614;341.5549597855228;442.3592493297587;33.24396782841823;4.3765356265356266;1265.9517426273458;1270.3282782538813;306000.0;164.07506702412869;1.0;2.735294117647059;;
1144;Kvitsøy;2022;221;340.0;6644.0;620000.0;123000.0;124000.0;57000.0;203000.0;1823.5294117647059;361.7647058823529;364.70588235294116;1097.0588235294117;167.64705882352942;30.553883202889825;1991.1764705882354;2021.7303537911253;46000.0;135.2941176470588;1.0;2.673913043478261;areal_for_lite;areal_for_lite
1145;Bokn;2022;221;573.0;11283.0;423000.0;131000.0;152000.0;15000.0;439000.0;738.2198952879581;228.6212914485166;265.2705061082024;244.3280977312391;26.17801047120419;38.90809181955154;764.3979057591623;803.3059975787138;90000.0;157.06806282722513;1.0;1.4555555555555555;;
1146;Tysvær;2022;221;5557.0;65010.0;7292000.0;1635000.0;2971000.0;484000.0;5640000.0;1312.2188231059924;294.2235018895087;534.6409933417311;483.3543278747526;87.09735468778118;86.75588371019843;1399.3161777937737;1486.0720615039722;825000.0;148.46140003599064;0.9527272727272728;1.981818181818182;;
1149;Karmøy;2022;221;5108.0;186330.0;4784000.0;1579000.0;1583000.0;758000.0;6726000.0;936.5700861393892;309.12294440093973;309.9060297572435;317.541111981206;148.39467501957714;36.097246820157785;1084.9647611589664;1121.0620079791242;924000.0;180.89271730618637;0.935064935064935;1.708874458874459;;
1151;Utsira;2022;221;150.0;3280.0;198000.0;35000.0;36000.0;7000.0;94000.0;1320.0;233.33333333333334;240.0;846.6666666666666;46.666666666666664;28.658536585365855;1366.6666666666667;1395.3252032520327;20000.0;133.33333333333334;1.0;1.75;areal_for_lite;areal_for_lite
1160;Vindafjord;2022;221;5454.0;56584.0;4314000.0;1221000.0;1800000.0;421000.0;2607000.0;790.979097909791;223.87238723872386;330.03300330033005;237.07370737073708;77.19105243857719;46.07309486780716;868.1701503483682;914.2432452161754;547000.0;100.2933626696003;1.0;2.2321755027422303;;
1505;Kristiansund;2022;221;7549.0;115530.0;7287000.0;800000.0;3030000.0;780000.0;8716000.0;965.293416346536;105.97430123195126;401.37766591601536;457.94144919856933;103.32494370115248;75.44360772093829;1068.6183600476884;1144.0619677686266;746000.0;98.82103589879455;1.0;1.0723860589812333;;
1506;Molde;2022;221;12787.0;164145.0;11001000.0;1813000.0;3097000.0;591000.0;11704000.0;860.3268945022288;141.78462500977557;242.19910846953937;476.3431610229139;46.21881598498475;71.3028115385787;906.5457104872136;977.8485220257922;1650000.0;129.03730351137875;1.0;1.0987878787878789;;
1507;Ålesund (2020-2023);2022;221;13366.0;252510.0;11503000.0;1179000.0;5020000.0;5327000.0;16571000.0;860.6164896004789;88.20888822385156;375.5798294179261;396.8277719587012;398.5485560377076;65.62512375747495;1259.1650456381865;1324.7901693956615;1826000.0;136.61529253329343;1.0;0.6456736035049288;;
1511;Vanylven;2022;221;990.0;23336.0;642000.0;53000.0;236000.0;48000.0;0.0;648.4848484848485;53.535353535353536;238.3838383838384;356.5656565656566;48.484848484848484;0.0;696.969696969697;696.969696969697;94000.0;94.94949494949495;1.0;0.5638297872340425;;
1514;Sande;2022;221;575.0;23289.0;1558000.0;438000.0;677000.0;213000.0;1029000.0;2709.5652173913045;761.7391304347826;1177.391304347826;770.4347826086956;370.4347826086956;44.18394950405771;3080.0;3124.1839495040576;74000.0;128.69565217391303;1.0;5.918918918918919;DV_uteligger_hoy;implisitt_pris_utenfor
1515;Herøy (Møre og Romsdal);2022;221;1101.0;47224.0;339000.0;136000.0;0.0;152000.0;2863000.0;307.90190735694824;123.52406902815622;0.0;184.377838328792;138.05631244323342;60.62595290530239;445.95821980018167;506.58417270548404;195000.0;177.1117166212534;1.0;0.6974358974358974;renhold_urimelig_lav;
1516;Ulstein;2022;221;873.0;51946.0;1466000.0;124000.0;792000.0;684000.0;5745000.0;1679.2668957617411;142.0389461626575;907.2164948453608;630.0114547537228;783.5051546391752;110.59561852693182;2462.772050400916;2573.367668927848;157000.0;179.83963344788086;1.0;0.7898089171974523;DV_uteligger_hoy;
1517;Hareid;2022;221;1686.0;35472.0;1940000.0;171000.0;478000.0;326000.0;5594000.0;1150.6524317912217;101.42348754448399;283.5112692763938;765.717674970344;193.3570581257414;157.701849345963;1344.0094899169633;1501.7113392629262;;;;;;kwh_mangler
1520;Ørsta;2022;221;4153.0;65716.0;3669000.0;419000.0;1421000.0;208000.0;3265000.0;883.457741391765;100.89092222489766;342.16229231880567;440.40452684806166;50.08427642667951;49.68348651774301;933.5420178184445;983.2255043361876;661000.0;159.16205152901517;1.0;0.6338880484114977;;
1525;Stranda;2022;221;1892.0;32077.0;2292000.0;308000.0;509000.0;198000.0;98000.0;1211.416490486258;162.7906976744186;269.0274841437632;779.5983086680761;104.65116279069767;3.055148548804439;1316.0676532769555;1319.12280182576;;;;;;kwh_mangler
1528;Sykkylven;2022;221;2470.0;29485.0;897000.0;72000.0;393000.0;190000.0;1337000.0;363.1578947368421;29.149797570850204;159.1093117408907;174.8987854251012;76.92307692307692;45.345090724097;440.08097165991904;485.42606238401606;294000.0;119.02834008097166;1.0;0.2448979591836735;energi_urimelig_lav;implisitt_pris_utenfor
1531;Sula;2022;221;3187.0;57114.0;1819000.0;175000.0;705000.0;141000.0;5167000.0;570.7561970505177;54.91057420771886;221.2111703796674;294.6344524631315;44.24223407593348;90.46818643414925;614.9984311264512;705.4666175606005;349000.0;109.50737370567933;1.0;0.501432664756447;;
1532;Giske;2022;221;2150.0;41930.0;942000.0;67000.0;330000.0;87000.0;2426000.0;438.13953488372096;31.162790697674417;153.48837209302326;253.48837209302326;40.46511627906977;57.85833532077272;478.6046511627907;536.4629864835634;168000.0;78.13953488372093;1.0;0.3988095238095238;energi_urimelig_lav;implisitt_pris_utenfor
1535;Vestnes;2022;221;2551.0;43894.0;1948000.0;809000.0;522000.0;246000.0;6378000.0;763.6221089768718;317.1305370442964;204.62563700509605;241.86593492747943;96.4327714621717;145.30459743928554;860.0548804390435;1005.359477878329;640000.0;250.88200705605644;1.0;1.2640625;;
1539;Rauma;2022;221;3767.0;52539.0;1904000.0;415000.0;643000.0;121000.0;2108000.0;505.44199628351475;110.16724183700558;170.6928590390231;224.58189540748606;32.121051234404035;40.12257561049887;537.5630475179188;577.6856231284177;379000.0;100.61056543668703;1.0;1.0949868073878628;;
1547;Aukra;2022;221;3120.0;26386.0;2839000.0;479000.0;1095000.0;195000.0;577000.0;909.9358974358975;153.52564102564102;350.96153846153845;405.44871794871796;62.5;21.86765709088153;972.4358974358975;994.303554526779;456000.0;146.15384615384616;1.0;1.050438596491228;;
1554;Averøy;2022;221;1152.0;21461.0;1171000.0;177000.0;438000.0;184000.0;1036000.0;1016.4930555555555;153.64583333333334;380.2083333333333;482.6388888888889;159.72222222222223;48.273612599599275;1176.2152777777778;1224.4888903773772;180000.0;156.25;1.0;0.9833333333333334;;
1557;Gjemnes;2022;221;1597.0;18282.0;1477000.0;203000.0;494000.0;280000.0;542000.0;924.8591108328116;127.11333750782718;309.32999373825925;488.41577958672514;175.32874139010644;29.64664697516683;1100.187852222918;1129.8344991980848;191000.0;119.59924859110833;1.0;1.0628272251308901;;
1560;Tingvoll;2022;221;1635.0;26517.0;1818000.0;150000.0;776000.0;129000.0;1662000.0;1111.926605504587;91.74311926605505;474.6177370030581;545.565749235474;78.89908256880734;62.67677339065505;1190.8256880733945;1253.5024614640495;239000.0;146.17737003058105;1.0;0.6276150627615062;;
1563;Sunndal;2022;221;4973.0;48587.0;3687000.0;742000.0;1880000.0;895000.0;3003000.0;741.4035793283732;149.20571083852806;378.04142368791474;214.15644480193043;179.97184797908707;61.806656101426306;921.3754273074603;983.1820834088866;845000.0;169.91755479589784;1.0;0.8781065088757397;;
1566;Surnadal;2022;221;2715.0;33305.0;3052000.0;381000.0;1477000.0;251000.0;1147000.0;1124.1252302025782;140.3314917127072;544.0147329650092;439.7790055248619;92.44935543278085;34.43927338237502;1216.5745856353592;1251.0138590177341;636000.0;234.25414364640883;1.0;0.5990566037735849;;
1573;Smøla;2022;221;1090.0;15864.0;2198000.0;397000.0;487000.0;54000.0;0.0;2016.51376146789;364.2201834862385;446.7889908256881;1205.5045871559632;49.54128440366973;0.0;2066.0550458715597;2066.0550458715597;240000.0;220.1834862385321;1.0;1.6541666666666666;;
1576;Aure;2022;221;2389.0;24457.0;1604000.0;240000.0;858000.0;112000.0;0.0;671.4106320636249;100.46044370029301;359.1460862285475;211.80410213478442;46.88154039347007;0.0;718.292172457095;718.292172457095;286000.0;119.7153620761825;1.0;0.8391608391608392;;
1577;Volda;2022;221;3650.0;48341.0;3934000.0;637000.0;1756000.0;686000.0;12401000.0;1077.8082191780823;174.5205479452055;481.09589041095893;422.1917808219178;187.94520547945206;256.53172255435345;1265.7534246575342;1522.2851472118878;628000.0;172.05479452054794;1.0;1.0143312101910829;;
1578;Fjord;2022;221;2455.0;31324.0;2227000.0;196000.0;734000.0;125000.0;0.0;907.1283095723014;79.83706720977597;298.9816700610998;528.3095723014256;50.91649694501018;0.0;958.0448065173116;958.0448065173116;383000.0;156.0081466395112;1.0;0.5117493472584856;;
1579;Hustadvika;2022;221;4717.0;68596.0;5899000.0;698000.0;1892000.0;691000.0;3336000.0;1250.5829976680093;147.9754080983676;401.10239559041764;701.505193979224;146.49141403434388;48.63257332789084;1397.0744117023532;1445.7069850302441;724000.0;153.4873860504558;1.0;0.9640883977900553;;
1804;Bodø;2022;221;13604.0;245978.0;13053000.0;1514000.0;3966000.0;3395000.0;44654000.0;959.4972067039106;111.2907968244634;291.53190238165246;556.6745074977948;249.5589532490444;181.53656018017872;1209.056159952955;1390.5927201331338;2298000.0;168.9209056159953;1.0;0.6588337684943429;;
1806;Narvik;2022;221;5708.0;123762.0;7943000.0;958000.0;0.0;293000.0;8316000.0;1391.5557112824106;167.8346180798879;0.0;1223.7210932025228;51.33146461107218;67.19348426819218;1442.887175893483;1510.080660161675;1221000.0;213.9103013314646;1.0;0.7846027846027847;renhold_urimelig_lav;
1811;Bindal;2022;221;1080.0;12312.0;1478000.0;174000.0;637000.0;278000.0;356000.0;1368.5185185185185;161.11111111111111;589.8148148148148;617.5925925925926;257.4074074074074;28.914879792072774;1625.9259259259259;1654.8408057179986;293000.0;271.2962962962963;1.0;0.5938566552901023;;
1812;Sømna;2022;221;614.0;16671.0;727000.0;82000.0;448000.0;7000.0;0.0;1184.0390879478828;133.55048859934854;729.6416938110749;320.8469055374593;11.400651465798045;0.0;1195.4397394136809;1195.4397394136809;115000.0;187.29641693811075;1.0;0.7130434782608696;;
1813;Brønnøy;2022;221;2265.0;48530.0;1542000.0;238000.0;0.0;941000.0;1756000.0;680.794701986755;105.07726269315673;0.0;575.7174392935982;415.45253863134656;36.183803832680816;1096.2472406181016;1132.4310444507823;250000.0;110.37527593818984;1.0;0.952;renhold_urimelig_lav;
1815;Vega;2022;221;1100.0;12500.0;528000.0;80000.0;2000.0;272000.0;0.0;480.0;72.72727272727273;1.8181818181818181;405.45454545454544;247.27272727272728;0.0;727.2727272727273;727.2727272727273;;;;;renhold_urimelig_lav;kwh_mangler
1816;Vevelstad;2022;221;282.0;4662.0;230000.0;47000.0;0.0;321000.0;0.0;815.6028368794326;166.66666666666666;0.0;648.936170212766;1138.2978723404256;0.0;1953.900709219858;1953.900709219858;47000.0;166.66666666666666;1.0;1.0;areal_for_lite|renhold_urimelig_lav;areal_for_lite
1818;Herøy (Nordland);2022;221;773.0;12680.0;829000.0;127000.0;381000.0;320000.0;476000.0;1072.445019404916;164.29495472186287;492.8848641655886;415.26520051746445;413.97153945666236;37.53943217665615;1486.4165588615783;1523.9559910382345;152000.0;196.63648124191462;1.0;0.8355263157894737;;
1820;Alstahaug;2022;221;1936.0;50832.0;2346000.0;268000.0;857000.0;387000.0;4956000.0;1211.7768595041323;138.4297520661157;442.6652892561983;630.6818181818181;199.89669421487602;97.49763928234184;1411.6735537190082;1509.17119300135;361000.0;186.46694214876032;1.0;0.7423822714681441;;
1822;Leirfjord;2022;221;2574.0;18898.0;2363000.0;374000.0;871000.0;80000.0;230000.0;918.026418026418;145.2991452991453;338.3838383838384;434.34343434343435;31.08003108003108;12.170600063498783;949.1064491064491;961.2770491699479;446000.0;173.27117327117327;1.0;0.8385650224215246;;
1824;Vefsn;2022;221;4400.0;74993.0;4413000.0;464000.0;917000.0;607000.0;5756000.0;1002.9545454545455;105.45454545454545;208.4090909090909;689.0909090909091;137.95454545454547;76.75383035750004;1140.909090909091;1217.662921266591;706000.0;160.45454545454547;1.0;0.6572237960339943;;
1825;Grane;2022;221;630.0;13298.0;628000.0;148000.0;52000.0;109000.0;0.0;996.8253968253969;234.9206349206349;82.53968253968254;679.3650793650794;173.015873015873;0.0;1169.8412698412699;1169.8412698412699;0.0;0.0;;;;kwh_null|kwh_urimelig_lav
1826;Hattfjelldal - Aarborte;2022;221;562.0;18371.0;719000.0;130000.0;244000.0;24000.0;675000.0;1279.3594306049822;231.3167259786477;434.16370106761565;613.8790035587189;42.704626334519574;36.7426922867563;1322.0640569395018;1358.806749226258;101000.0;179.71530249110322;1.0;1.2871287128712872;;
1827;Dønna;2022;221;805.0;13662.0;388000.0;184000.0;62000.0;50000.0;2387000.0;481.9875776397516;228.57142857142858;77.01863354037268;176.3975155279503;62.11180124223603;174.71819645732688;544.0993788819876;718.8175753393145;203000.0;252.17391304347825;1.0;0.9064039408866996;;
1828;Nesna;2022;221;429.0;9666.0;376000.0;61000.0;185000.0;2000.0;518000.0;876.4568764568764;142.1911421911422;431.23543123543124;303.030303030303;4.662004662004662;53.589902751913925;881.1188811188811;934.708783870795;83000.0;193.47319347319348;1.0;0.7349397590361446;areal_for_lite;areal_for_lite
1832;Hemnes;2022;221;2640.0;37475.0;2761000.0;471000.0;912000.0;412000.0;326000.0;1045.8333333333333;178.4090909090909;345.45454545454544;521.969696969697;156.06060606060606;8.699132755170114;1201.8939393939395;1210.5930721491095;519000.0;196.5909090909091;1.0;0.907514450867052;;
1833;Rana;2022;221;6517.0;105893.0;6510000.0;1108000.0;2754000.0;686000.0;10713000.0;998.9258861439313;170.01687893202393;422.58707994475986;406.3219272671475;105.26315789473684;101.16816031276855;1104.189044038668;1205.3572043514366;1387000.0;212.82798833819243;1.0;0.798846431146359;;
1834;Lurøy;2022;221;1552.0;23500.0;1044000.0;168000.0;7000.0;225000.0;8000.0;672.680412371134;108.24742268041237;4.510309278350515;559.9226804123712;144.9742268041237;0.3404255319148936;817.6546391752578;817.9950647071727;208000.0;134.02061855670104;1.0;0.8076923076923076;renhold_urimelig_lav;
1835;Træna;2022;221;265.0;5050.0;216000.0;0.0;93000.0;122000.0;126000.0;815.0943396226415;0.0;350.9433962264151;464.1509433962264;460.37735849056605;24.95049504950495;1275.4716981132076;1300.4221931627126;200000.0;754.7169811320755;1.0;0.0;areal_for_lite|energi_urimelig_lav;areal_for_lite|kwh_urimelig_hoy|implisitt_pris_utenfor
1836;Rødøy;2022;221;842.0;15719.0;633000.0;103000.0;327000.0;203000.0;0.0;751.7814726840855;122.32779097387173;388.36104513064134;241.09263657957246;241.09263657957246;0.0;992.8741092636579;992.8741092636579;153000.0;181.7102137767221;1.0;0.6732026143790849;;
1837;Meløy;2022;221;4027.0;42380.0;4417000.0;666000.0;2223000.0;681000.0;5245000.0;1096.8462875589769;165.3836602930221;552.0238390861683;379.43878817978646;169.10851750682892;123.76120811703633;1265.9548050658059;1389.7160131828423;826000.0;205.11547057362802;1.0;0.8062953995157385;;
1838;Gildeskål;2022;221;1044.0;20252.0;1440000.0;159000.0;575000.0;10000.0;594000.0;1379.3103448275863;152.29885057471265;550.7662835249042;676.2452107279694;9.578544061302683;29.330436500098756;1388.888888888889;1418.2193253889877;454000.0;434.86590038314176;1.0;0.3502202643171806;;implisitt_pris_utenfor|kwh_uteligger
1839;Beiarn;2022;221;848.0;11383.0;620000.0;150000.0;226000.0;13000.0;416000.0;731.1320754716982;176.88679245283018;266.50943396226415;287.7358490566038;15.330188679245284;36.54572608275499;746.4622641509434;783.0079902336984;172000.0;202.83018867924528;1.0;0.872093023255814;;
1840;Saltdal;2022;221;3032.0;32861.0;2993000.0;453000.0;1253000.0;216000.0;1318000.0;987.1372031662269;149.40633245382585;413.2585751978892;424.47229551451187;71.2401055408971;40.10833510848727;1058.377308707124;1098.4856438156112;845000.0;278.6939313984169;1.0;0.536094674556213;;
1841;Fauske - Fuossko;2022;221;3646.0;41495.0;1766000.0;496000.0;592000.0;292000.0;13448000.0;484.3664289632474;136.03949533735602;162.3697202413604;185.957213384531;80.08776741634668;324.0872394264369;564.4541963795941;888.541435806031;758000.0;207.8990674712013;1.0;0.6543535620052772;;
1845;Sørfold;2022;221;1066.0;23702.0;300000.0;53000.0;19000.0;102000.0;185000.0;281.42589118198873;49.71857410881801;17.823639774859288;213.88367729831145;95.68480300187618;7.805248502236098;377.1106941838649;384.915942686101;157000.0;147.27954971857412;1.0;0.3375796178343949;renhold_urimelig_lav;implisitt_pris_utenfor
1848;Steigen;2022;221;1356.0;21347.0;1616000.0;258000.0;740000.0;125000.0;13559000.0;1191.740412979351;190.26548672566372;545.7227138643068;455.75221238938053;92.18289085545723;635.171218438188;1283.9233038348082;1919.094522272996;270000.0;199.1150442477876;1.0;0.9555555555555556;;
1851;Lødingen;2022;221;436.0;16936.0;0.0;0.0;0.0;0.0;729000.0;0.0;0.0;0.0;0.0;0.0;43.044402456306095;0.0;43.044402456306095;;;;;areal_for_lite|drift_null|drift_urimelig_lav|energi_urimelig_lav|renhold_urimelig_lav;areal_for_lite|kwh_mangler
1853;Evenes - Evenássi;2022;221;1228.0;14741.0;1192000.0;119000.0;213000.0;49000.0;419000.0;970.6840390879479;96.9055374592834;173.4527687296417;700.3257328990228;39.90228013029316;28.424123193813173;1010.586319218241;1039.010442412054;132000.0;107.49185667752442;1.0;0.9015151515151516;;
1856;Røst;2022;221;462.0;11081.0;326000.0;44000.0;145000.0;1000.0;406000.0;705.6277056277056;95.23809523809524;313.8528138528139;296.53679653679654;2.1645021645021645;36.63929248262792;707.7922077922078;744.4315002748358;53000.0;114.71861471861472;1.0;0.8301886792452831;areal_for_lite;areal_for_lite
1857;Værøy;2022;221;1200.0;7950.0;565000.0;43000.0;264000.0;25000.0;136000.0;470.8333333333333;35.833333333333336;220.0;215.0;20.833333333333332;17.10691823899371;491.6666666666667;508.7735849056604;175000.0;145.83333333333334;1.0;0.24571428571428572;energi_urimelig_lav;implisitt_pris_utenfor
1859;Flakstad;2022;221;612.0;5913.0;11000.0;1000.0;0.0;0.0;196000.0;17.973856209150327;1.6339869281045751;0.0;16.33986928104575;0.0;33.14730255369525;17.973856209150327;51.121158762845575;90000.0;147.05882352941177;1.0;0.01111111111111111;drift_urimelig_lav|energi_urimelig_lav|renhold_urimelig_lav;implisitt_pris_utenfor
1860;Vestvågøy;2022;221;1094.0;63217.0;797000.0;112000.0;381000.0;130000.0;1931000.0;728.5191956124314;102.37659963436928;348.2632541133455;277.87934186471665;118.82998171846435;30.54558109369315;847.3491773308958;877.894758424589;123000.0;112.43144424131627;1.0;0.9105691056910569;;
1865;Vågan;2022;221;1411.0;61002.0;675000.0;142000.0;0.0;74000.0;3709000.0;478.384124734231;100.63784549964564;0.0;377.7462792345854;52.44507441530829;60.80128520376381;530.8291991495394;591.6304843533031;152000.0;107.72501771793054;1.0;0.9342105263157895;renhold_urimelig_lav;
1866;Hadsel;2022;221;1120.0;43529.0;1405000.0;184000.0;655000.0;174000.0;3163000.0;1254.4642857142858;164.28571428571428;584.8214285714286;505.35714285714283;155.35714285714286;72.66420087757587;1409.8214285714287;1482.4856294490046;241000.0;215.17857142857142;1.0;0.7634854771784232;;
1867;Bø;2022;221;1281.0;23899.0;1156000.0;173000.0;499000.0;64000.0;0.0;902.4199843871975;135.05074160811867;389.53942232630754;377.8298204527713;49.96096799375488;0.0;952.3809523809524;952.3809523809524;265000.0;206.86963309914128;1.0;0.6528301886792454;;
1868;Øksnes;2022;221;1465.0;32064.0;1154000.0;219000.0;676000.0;239000.0;2047000.0;787.7133105802047;149.48805460750853;461.4334470989761;176.79180887372013;163.13993174061434;63.84106786427146;950.8532423208192;1014.6943101850907;283000.0;193.1740614334471;1.0;0.7738515901060071;;
1870;Sortland - Suortá;2022;221;2715.0;64239.0;3901000.0;495000.0;1772000.0;424000.0;4433000.0;1436.8324125230204;182.32044198895028;652.670349907919;601.841620626151;156.1694290976059;69.00792353554694;1593.0018416206262;1662.0097651561732;702000.0;258.56353591160223;1.0;0.7051282051282051;;
1871;Andøy;2022;221;1832.0;25297.0;1438000.0;360000.0;518000.0;90000.0;48000.0;784.9344978165939;196.5065502183406;282.7510917030568;305.6768558951965;49.12663755458515;1.8974581966241055;834.061135371179;835.9585935678032;437000.0;238.53711790393012;1.0;0.8237986270022883;;
1874;Moskenes;2022;221;270.0;5990.0;232000.0;40000.0;0.0;45000.0;0.0;859.2592592592592;148.14814814814815;0.0;711.1111111111111;166.66666666666666;0.0;1025.9259259259259;1025.9259259259259;37000.0;137.03703703703704;1.0;1.0810810810810811;areal_for_lite|renhold_urimelig_lav;areal_for_lite
1875;Hamarøy - Hábmer;2022;221;1988.0;22253.0;1295000.0;448000.0;311000.0;68000.0;1503000.0;651.4084507042254;225.35211267605635;156.43863179074447;269.61770623742456;34.20523138832998;67.54145508470768;685.6136820925553;753.155137177263;518000.0;260.5633802816901;1.0;0.864864864864865;;
2111;Longyearbyen;2022;221;1312.0;16435.0;3620000.0;604000.0;1313000.0;897000.0;2924000.0;2759.1463414634145;460.3658536585366;1000.7621951219512;1298.0182926829268;683.689024390244;177.91299056890782;3442.8353658536585;3620.7483564225663;433000.0;330.030487804878;1.0;1.3949191685912241;DV_uteligger_hoy;
3001;Halden (2020-2023);2022;221;3478.0;99574.0;1950000.0;827000.0;764000.0;48000.0;9717000.0;560.6670500287521;237.78033352501438;219.66647498562392;103.22024151811385;13.801035077630821;97.5857151465242;574.468085106383;672.0538002529072;530000.0;152.38642898217367;1.0;1.560377358490566;;
3002;Moss (2020-2023);2022;221;9346.0;185054.0;10560000.0;1821000.0;1746000.0;2151000.0;21318000.0;1129.8951423068693;194.84271346030388;186.81789000641987;748.2345388401455;230.15193665739355;115.19880683476174;1360.0470789642627;1475.2458857990246;1363000.0;145.8377915685855;1.0;1.3360234776228908;;
3003;Sarpsborg (2020-2023);2022;221;9930.0;230887.0;10676000.0;3065000.0;3530000.0;612000.0;20455000.0;1075.1258811681773;308.6606243705942;355.4884189325277;410.9768378650554;61.631419939577036;88.59312131042458;1136.7573011077543;1225.3504224181788;1352000.0;136.15307150050353;1.0;2.267011834319527;;
3004;Fredrikstad (2020-2023);2022;221;15168.0;384690.0;13118000.0;3822000.0;6576000.0;4344000.0;32595000.0;864.8470464135021;251.97784810126583;433.54430379746833;179.32489451476792;286.39240506329116;84.73056227091944;1151.2394514767932;1235.9700137477125;1934000.0;127.50527426160338;1.0;1.9762150982419857;;
3005;Drammen (2020-2023);2022;221;30333.0;387446.0;20602000.0;4757000.0;6795000.0;10000000.0;51720000.0;679.1942768601853;156.82589918570534;224.0134506972604;298.3549269772195;329.67395246101603;133.48957015945447;1008.8682293212013;1142.3577994806558;4639000.0;152.93574654666534;1.0;1.025436516490623;;
3006;Kongsberg (2020-2023);2022;221;5261.0;94073.0;6731000.0;1679000.0;1674000.0;261000.0;20205000.0;1279.4145599695876;319.1408477475765;318.190458087816;642.083254134195;49.61034023949819;214.7800112678452;1329.0249002090857;1543.8049114769308;652000.0;123.93081163276943;1.0;2.5751533742331287;;
3007;Ringerike (2020-2023);2022;221;7805.0;115003.0;12146000.0;2302000.0;3365000.0;2210000.0;6241000.0;1556.181934657271;294.93914157591286;431.13388853299165;830.1089045483665;283.15182575272263;54.26814952653409;1839.3337604099936;1893.6019099365276;1206000.0;154.51633568225498;1.0;1.9087893864013263;;
3011;Hvaler (2020-2023);2022;221;1608.0;24408.0;1850000.0;606000.0;668000.0;8000.0;3830000.0;1150.4975124378109;376.86567164179104;415.4228855721393;358.2089552238806;4.975124378109452;156.91576532284498;1155.4726368159204;1312.3884021387653;234000.0;145.52238805970148;1.0;2.58974358974359;;
3012;Aremark (2020-2023);2022;221;934.0;15974.0;561000.0;68000.0;211000.0;4000.0;288000.0;600.6423982869379;72.8051391862955;225.9100642398287;301.9271948608137;4.282655246252677;18.029297608613998;604.9250535331906;622.9543511418046;102000.0;109.20770877944325;1.0;0.6666666666666667;;
3013;Marker (2020-2023);2022;221;1300.0;22820.0;1178000.0;192000.0;366000.0;61000.0;639000.0;906.1538461538462;147.69230769230768;281.53846153846155;476.9230769230769;46.92307692307692;28.001752848378615;953.0769230769231;981.0786759253017;89000.0;68.46153846153847;1.0;2.1573033707865163;;
3014;Indre Østfold (2020-2023);2022;221;12685.0;175920.0;13044000.0;2662000.0;4215000.0;1262000.0;12498000.0;1028.3011430823808;209.85415845486796;332.2822230981474;486.16476152936536;99.48758376034687;71.04365620736698;1127.7887268427276;1198.8323830500944;1917000.0;151.12337406385495;0.9728742827334377;1.3886280646844027;;
3015;Skiptvet (2020-2023);2022;221;1809.0;26884.0;2993000.0;613000.0;862000.0;435000.0;686000.0;1654.505251520177;338.8612493090105;476.506357103372;839.1376451077944;240.46434494195688;25.51703615533403;1894.9695964621337;1920.4866326174676;334000.0;184.63239358761746;1.0;1.8353293413173652;;
3016;Rakkestad (2020-2023);2022;221;3596.0;39467.0;3155000.0;1100000.0;1037000.0;234000.0;1421000.0;877.3637374860957;305.89543937708567;288.3759733036707;283.0923248053393;65.07230255839822;36.00476347328148;942.4360400444939;978.4408035177754;503000.0;139.87764182424917;1.0;2.1868787276341948;;
3017;Råde (2020-2023);2022;221;1265.0;31433.0;1563000.0;345000.0;541000.0;506000.0;2080000.0;1235.5731225296443;272.72727272727275;427.6679841897233;535.1778656126482;400.0;66.17249387586294;1635.5731225296443;1701.7456164055072;214000.0;169.1699604743083;1.0;1.6121495327102804;;
3018;Våler (Viken) (2020-2023);2022;221;2154.0;26701.0;3189000.0;349000.0;1120000.0;117000.0;1714000.0;1480.5013927576601;162.02414113277624;519.9628597957288;798.5143918291551;54.317548746518106;64.19235234635407;1534.8189415041784;1599.0112938505324;272000.0;126.27669452181988;1.0;1.2830882352941175;;
3019;Vestby (2020-2023);2022;221;7719.0;88625.0;5265000.0;1692000.0;867000.0;2146000.0;10944000.0;682.0831713952584;219.19937815779247;112.32024873688302;350.56354450058296;278.0152869542687;123.48660084626235;960.0984583495272;1083.5850591957894;910000.0;117.89091851276072;1.0;1.8593406593406594;;
3020;Nordre Follo (2020-2023);2022;221;31866.0;253949.0;41046000.0;7698000.0;11358000.0;8660000.0;23668000.0;1288.0813406138204;241.57409150819055;356.43005083788364;690.0771982677462;271.76300759430114;93.19981571102859;1559.8443482081216;1653.0441639191502;4654000.0;146.04908052469716;1.0;1.6540610227761068;;
3021;Ås (2020-2023);2022;221;11073.0;118417.0;8648000.0;1871000.0;2684000.0;1011000.0;12055000.0;780.9988259730877;168.96956561004245;242.39140251061139;369.63785785243385;91.30316987266323;101.80126164317623;872.301995845751;974.1032574889272;1002000.0;90.4903820102953;1.0;1.8672654690618764;;
3022;Frogn (2020-2023);2022;221;3836.0;76937.0;4510000.0;1230000.0;1512000.0;693000.0;3964000.0;1175.70385818561;320.64650677789365;394.16058394160586;460.89676746611053;180.65693430656935;51.52267439593434;1356.3607924921794;1407.8834668881136;0.0;0.0;;;;kwh_null|kwh_urimelig_lav
3023;Nesodden (2020-2023);2022;221;7595.0;70808.0;7206000.0;1904000.0;2183000.0;1592000.0;7395000.0;948.7820934825543;250.69124423963135;287.42593811718234;410.6649111257406;209.6115865701119;104.437351711671;1158.3936800526662;1262.8310317643372;1130000.0;148.7820934825543;1.0;1.6849557522123895;;
3024;Bærum (2020-2023);2022;221;46651.0;599285.0;48130000.0;9837000.0;15202000.0;13440000.0;101619000.0;1031.703500460869;210.8636470815202;325.8665409101627;494.9733124691861;288.09671818396174;169.56706742201123;1319.8002186448307;1489.3672860668419;5629000.0;120.661936507256;1.0;1.7475572925919347;;
3025;Asker (2020-2023);2022;221;27054.0;448887.0;21533000.0;4637000.0;6659000.0;8096000.0;69554000.0;795.9266651881422;171.39794485103866;246.13735491979006;378.3913654173135;299.2533451615288;154.94768171054184;1095.180010349671;1250.127692060213;3360000.0;124.19605233976492;1.0;1.3800595238095237;;
3026;Aurskog-Høland (2020-2023);2022;221;4265.0;88365.0;4999000.0;1007000.0;1627000.0;367000.0;5960000.0;1172.0984759671746;236.1078546307151;381.47713950762017;554.5134818288394;86.04923798358733;67.44751881401007;1258.147713950762;1325.595232764772;702000.0;164.59554513481828;1.0;1.4344729344729346;;
3027;Rælingen (2020-2023);2022;221;11017.0;100379.0;6679000.0;1510000.0;2220000.0;1983000.0;6902000.0;606.2448942543342;137.06090587274213;201.5067622764818;267.67722610511026;179.99455387128984;68.75940186692435;786.239448125624;854.9988499925483;1031000.0;93.5826450031769;1.0;1.4645974781765276;;
3028;Enebakk (2020-2023);2022;221;2570.0;63320.0;2384000.0;1022000.0;816000.0;148000.0;2777000.0;927.6264591439689;397.6653696498054;317.50972762645915;212.4513618677043;57.5875486381323;43.85660138976627;985.2140077821011;1029.0706091718673;409000.0;159.14396887159532;1.0;2.4987775061124693;;
3029;Lørenskog (2020-2023);2022;221;24676.0;181299.0;18913000.0;4851000.0;5006000.0;7653000.0;10527000.0;766.4532339114929;196.58777759766573;202.86918463284164;366.99627168098556;310.13940671097424;58.06430261612033;1076.5926406224671;1134.6569432385875;2278000.0;92.31642081374615;1.0;2.129499561018437;;
3030;Lillestrøm (2020-2023);2022;221;33864.0;393283.0;32672000.0;8374000.0;9725000.0;5749000.0;29120000.0;964.8003779825183;247.28325064965745;287.1781242617529;430.339003071108;169.7673045121663;74.04337334692829;1134.5676824946847;1208.611055841613;4210000.0;124.32081266241437;1.0;1.9890736342042754;;
3031;Nittedal (2020-2023);2022;221;2425.0;109060.0;3067000.0;763000.0;1007000.0;712000.0;9035000.0;1264.7422680412371;314.63917525773195;415.25773195876286;534.8453608247422;293.6082474226804;82.84430588666788;1558.3505154639174;1641.1948213505852;487000.0;200.82474226804123;1.0;1.566735112936345;;
3032;Gjerdrum (2020-2023);2022;221;973.0;33234.0;3405000.0;571000.0;903000.0;5263000.0;9671000.0;3499.486125385406;586.8448098663926;928.0575539568346;1984.5837615621788;5409.044193216855;290.9971715712824;8908.530318602261;9199.527490173543;212000.0;217.88283658787256;1.0;2.693396226415094;DV_uteligger_hoy;
3033;Ullensaker (2020-2023);2022;221;6382.0;161828.0;4237000.0;1445000.0;868000.0;465000.0;14143000.0;663.8984644312128;226.4180507677844;136.0075211532435;301.4728925101849;72.86117204638045;87.39525916405071;736.7596364775932;824.1548956416439;797000.0;124.88248198057036;1.0;1.8130489335006272;;
3034;Nes (2020-2023);2022;221;2701.0;81564.0;1379000.0;468000.0;364000.0;690000.0;10848000.0;510.5516475379489;173.26915957052944;134.76490188818957;202.51758607922991;255.46094039244724;132.99985287626893;766.0125879303962;899.0124408066652;300000.0;111.06997408367272;1.0;1.56;;
3035;Eidsvoll (2020-2023);2022;221;5622.0;90364.0;6425000.0;1520000.0;1685000.0;133000.0;10815000.0;1142.8317324795446;270.3664176449662;299.7154037709;572.7499110636784;23.657061543934542;119.68261697136028;1166.4887940234792;1286.1714109948393;319000.0;56.74137317680541;1.0;4.7648902821316605;;implisitt_pris_utenfor|kwh_uteligger
3036;Nannestad (2020-2023);2022;221;3776.0;49728.0;4550000.0;1231000.0;1131000.0;764000.0;3068000.0;1204.9788135593221;326.0063559322034;299.52330508474574;579.4491525423729;202.33050847457628;61.6956241956242;1407.3093220338983;1469.0049462295226;676000.0;179.02542372881356;1.0;1.8210059171597635;;
3037;Hurdal (2020-2023);2022;221;290.0;15171.0;232000.0;11000.0;95000.0;152000.0;1772000.0;800.0;37.93103448275862;327.58620689655174;434.48275862068965;524.1379310344828;116.80179289433788;1324.1379310344828;1440.9397239288207;5000.0;17.24137931034483;1.0;2.1999999999999997;areal_for_lite|energi_urimelig_lav;areal_for_lite|kwh_urimelig_lav
3038;Hole (2020-2023);2022;221;2582.0;29973.0;3910000.0;1123000.0;1136000.0;505000.0;2874000.0;1514.3299767621997;434.9341595662277;439.96901626646013;639.426800929512;195.58481797056547;95.8862976679011;1709.9147947327654;1805.8010924006664;366000.0;141.75058094500386;1.0;3.068306010928962;;implisitt_pris_utenfor
3039;Flå (2020-2023);2022;221;880.0;13494.0;872000.0;64000.0;177000.0;60000.0;839000.0;990.9090909090909;72.72727272727273;201.13636363636363;717.0454545454545;68.18181818181819;62.17578182896102;1059.090909090909;1121.2666909198701;141000.0;160.22727272727272;1.0;0.4539007092198582;;implisitt_pris_utenfor
3040;Nesbyen (2020-2023);2022;221;1938.0;34093.0;1536000.0;177000.0;629000.0;116000.0;4748000.0;792.5696594427245;91.3312693498452;324.56140350877195;376.67698658410734;59.85552115583075;139.26612501099933;852.4251805985552;991.6913056095545;231000.0;119.19504643962848;1.0;0.7662337662337663;;
3041;Gol (2020-2023);2022;221;2388.0;37004.0;2579000.0;195000.0;918000.0;51000.0;2531000.0;1079.9832495812395;81.65829145728644;384.4221105527638;613.9028475711892;21.35678391959799;68.39801102583505;1101.3400335008375;1169.7380445266726;406000.0;170.01675041876047;1.0;0.4802955665024631;;implisitt_pris_utenfor
3042;Hemsedal (2020-2023);2022;221;1192.0;21858.0;2663000.0;126000.0;1417000.0;116000.0;2225000.0;2234.0604026845635;105.70469798657719;1188.758389261745;939.5973154362416;97.31543624161074;101.79339372312197;2331.3758389261743;2433.169232649296;272000.0;228.18791946308724;1.0;0.4632352941176471;;implisitt_pris_utenfor
3043;Ål (2020-2023);2022;221;2618.0;38656.0;2568000.0;441000.0;623000.0;236000.0;3676000.0;980.9014514896868;168.44919786096256;237.96791443850267;574.4843391902216;90.14514896867838;95.09519867549669;1071.0466004583652;1166.141799133862;2056000.0;785.3323147440794;1.0;0.2144941634241245;;kwh_urimelig_hoy|implisitt_pris_utenfor
3044;Hol (2020-2023);2022;221;2588.0;34127.0;1577000.0;244000.0;613000.0;312000.0;4518000.0;609.3508500772798;94.28129829984545;236.86244204018547;278.20710973724886;120.5564142194745;132.38784540100215;729.9072642967543;862.2951096977565;440000.0;170.01545595054097;1.0;0.5545454545454546;;
3045;Sigdal (2020-2023);2022;221;1970.0;28782.0;329000.0;128000.0;0.0;191000.0;2821000.0;167.00507614213197;64.9746192893401;0.0;102.03045685279187;96.95431472081218;98.01264679313459;263.9593908629442;361.9720376560788;300000.0;152.28426395939087;1.0;0.42666666666666664;drift_urimelig_lav|renhold_urimelig_lav;implisitt_pris_utenfor
3046;Krødsherad (2020-2023);2022;221;2403.0;19464.0;1624000.0;582000.0;571000.0;91000.0;1841000.0;675.8218893050354;242.1972534332085;237.61964211402415;196.00499375780274;37.86933000416146;94.58487464036169;713.6912193091969;808.2760939495586;340000.0;141.48980441115273;1.0;1.7117647058823529;;
3047;Modum (2020-2023);2022;221;4776.0;78910.0;5232000.0;694000.0;1643000.0;812000.0;5165000.0;1095.4773869346734;145.30988274706868;344.0117252931323;606.1557788944724;170.01675041876047;65.45431504245343;1265.4941373534339;1330.9484523958872;511000.0;106.99329983249581;1.0;1.3581213307240705;;
3048;Øvre Eiker (2020-2023);2022;221;5390.0;88251.0;4756000.0;858000.0;1283000.0;727000.0;9236000.0;882.3747680890538;159.18367346938774;238.03339517625233;485.1576994434137;134.87940630797775;104.6560378919219;1017.2541743970315;1121.9102122889535;666000.0;123.56215213358071;1.0;1.2882882882882882;;
3049;Lier (2020-2023);2022;221;1920.0;120276.0;2135000.0;388000.0;126000.0;144000.0;19443000.0;1111.9791666666667;202.08333333333334;65.625;844.2708333333334;75.0;161.65319764541553;1186.9791666666667;1348.6323643120822;287000.0;149.47916666666666;1.0;1.3519163763066204;;
3050;Flesberg (2020-2023);2022;221;1650.0;27158.0;1524000.0;168000.0;225000.0;177000.0;1532000.0;923.6363636363636;101.81818181818181;136.36363636363637;685.4545454545455;107.27272727272727;56.410634067309815;1030.909090909091;1087.3197249764007;214000.0;129.6969696969697;1.0;0.7850467289719626;;
3051;Rollag (2020-2023);2022;221;685.0;18541.0;1297000.0;443000.0;416000.0;57000.0;2023000.0;1893.4306569343066;646.7153284671533;607.2992700729927;639.4160583941606;83.21167883211679;109.10954101720512;1976.6423357664235;2085.7518767836286;537000.0;783.9416058394161;1.0;0.824953445065177;;kwh_urimelig_hoy
3052;Nore og Uvdal (2020-2023);2022;221;2026.0;27490.0;3062000.0;404000.0;567000.0;599000.0;3509000.0;1511.3524185587364;199.4076999012833;279.8617966436328;1032.0829220138203;295.6564659427443;127.64641687886504;1807.0088845014807;1934.6553013803457;275000.0;135.73543928923988;1.0;1.469090909090909;;
3053;Jevnaker (2020-2023);2022;221;3497.0;40743.0;2945000.0;829000.0;922000.0;454000.0;2927000.0;842.150414641121;237.06033743208465;263.65456105233056;341.4355161567058;129.8255647698027;71.84056156885845;971.9759794109236;1043.816540979782;387000.0;110.66628538747497;1.0;2.1421188630490957;;
3054;Lunner (2020-2023);2022;221;4897.0;45869.0;4463000.0;1008000.0;1460000.0;287000.0;3121000.0;911.3743108025321;205.84031039411886;298.1417194200531;407.3922809883602;58.607310598325505;68.04159672109704;969.9816214008576;1038.0232181219546;703000.0;143.55727996732693;1.0;1.433854907539118;;
3401;Kongsvinger;2022;221;2897.0;78000.0;4407000.0;759000.0;1459000.0;483000.0;11680000.0;1521.2288574387296;261.99516741456677;503.62443907490507;755.6092509492579;166.72419744563342;149.74358974358975;1687.9530548843632;1837.696644627953;550000.0;189.8515705902658;1.0;1.38;;
3403;Hamar;2022;221;10873.0;193404.0;12367000.0;3587000.0;4378000.0;2245000.0;14028000.0;1137.4045801526718;329.8997516784696;402.64876299089485;404.85606548330725;206.47475397774303;72.53210895327915;1343.8793341304147;1416.411443083694;1669000.0;153.49949415984548;0.9718394248052726;2.14919113241462;;
3405;Lillehammer;2022;221;7457.0;120279.0;6948000.0;1287000.0;2401000.0;517000.0;18147000.0;931.7419873943945;172.5895132090653;321.9793482633767;437.17312592195253;69.3308300925305;150.87421744444168;1001.072817486925;1151.9470349313667;1248000.0;167.35952796030574;1.0;1.03125;;
3407;Gjøvik;2022;221;6783.0;144673.0;5064000.0;1754000.0;1918000.0;763000.0;14467000.0;746.5723131357806;258.5876455845496;282.765737874097;205.218929677134;112.48710010319917;99.99792635806267;859.0594132389798;959.0573395970425;911000.0;134.3063541205956;1.0;1.925356750823271;;
3411;Ringsaker;2022;221;10212.0;157711.0;11735000.0;3525000.0;3305000.0;1516000.0;19828000.0;1149.1382687034861;345.1821386603995;323.6388562475519;480.3172737955347;148.45280062671367;125.7236337351231;1297.5910693301998;1423.3147030653229;1411000.0;138.1707794751273;1.0;2.498228206945429;;
3412;Løten;2022;221;2783.0;38751.0;3087000.0;1003000.0;840000.0;144000.0;1109000.0;1109.2346388789076;360.402443406396;301.8325547969817;446.99964067553003;51.74272367948257;28.618616293773062;1160.9773625583903;1189.5959788521634;359000.0;128.99748472871002;1.0;2.793871866295265;;
3413;Stange;2022;221;7707.0;96524.0;7603000.0;2133000.0;2704000.0;1097000.0;10172000.0;986.505773971714;276.76138575321136;350.8498767354353;358.89451148306733;142.33813416374724;105.38311715221084;1128.8439081354613;1234.2270252876722;933000.0;121.05877773452706;1.0;2.2861736334405145;;
3414;Nord-Odal;2022;221;1769.0;28823.0;2190000.0;606000.0;811000.0;687000.0;3270000.0;1237.9875635952515;342.5664217071792;458.4511023176936;436.97003957037873;388.35500282645563;113.45106338687853;1626.3425664217073;1739.7936298085858;294000.0;166.19559072922556;1.0;2.061224489795918;;
3415;Sør-Odal;2022;221;2961.0;34464.0;2802000.0;839000.0;1150000.0;501000.0;4344000.0;946.3019250253293;283.3502195204323;388.3823032759203;274.5694022289767;169.19959473150962;126.04456824512535;1115.501519756839;1241.5460880019643;578000.0;195.20432286389735;1.0;1.4515570934256055;;
3416;Eidskog;2022;221;1643.0;30032.0;2143000.0;1042000.0;377000.0;39000.0;3518000.0;1304.321363359708;634.2057212416312;229.45830797321972;440.657334144857;23.73706634205721;117.14171550346298;1328.0584297017651;1445.2001452052282;230000.0;139.98782714546562;1.0;4.530434782608696;;implisitt_pris_utenfor
3417;Grue;2022;221;2837.0;20912.0;1734000.0;470000.0;324000.0;158000.0;1274000.0;611.2090236164963;165.66795911173776;114.20514628128305;331.3359182234755;55.69263306309482;60.921958684009184;666.9016566795912;727.8236153636003;134000.0;47.232992597814594;1.0;3.5074626865671643;;kwh_urimelig_lav|implisitt_pris_utenfor
3418;Åsnes;2022;221;2100.0;41800.0;2083000.0;534000.0;755000.0;214000.0;2156000.0;991.9047619047619;254.28571428571428;359.5238095238095;378.0952380952381;101.9047619047619;51.578947368421055;1093.8095238095239;1145.388471177945;459000.0;218.57142857142858;0.9433551198257081;1.1633986928104574;;
3419;Våler (Innlandet);2022;221;444.0;26050.0;689000.0;175000.0;277000.0;17000.0;2223000.0;1551.8018018018017;394.14414414414415;623.8738738738739;533.7837837837837;38.288288288288285;85.3358925143954;1590.0900900900901;1675.4259826044856;120000.0;270.27027027027026;1.0;1.4583333333333335;areal_for_lite;areal_for_lite
3420;Elverum;2022;221;7040.0;105943.0;7168000.0;1925000.0;2044000.0;502000.0;7434000.0;1018.1818181818181;273.4375;290.34090909090907;454.40340909090907;71.30681818181819;70.16980829313876;1089.4886363636363;1159.658444656775;1051000.0;149.28977272727272;1.0;1.8315889628924835;;
3421;Trysil;2022;221;2124.0;30860.0;1854000.0;835000.0;112000.0;129000.0;1449000.0;872.8813559322034;393.1261770244821;52.73069679849341;427.02448210922785;60.73446327683616;46.95398574206092;933.6158192090395;980.5698049511004;340000.0;160.075329566855;1.0;2.455882352941176;;
3422;Åmot;2022;221;2010.0;26728.0;2167000.0;779000.0;874000.0;146000.0;4412000.0;1078.1094527363184;387.5621890547264;434.8258706467662;255.72139303482587;72.636815920398;165.0703382220892;1150.7462686567164;1315.8166068788057;306000.0;152.23880597014926;1.0;2.5457516339869284;;
3423;Stor-Elvdal;2022;221;572.0;16987.0;671000.0;195000.0;231000.0;11000.0;1622000.0;1173.076923076923;340.90909090909093;403.84615384615387;428.32167832167835;19.23076923076923;95.48478248072055;1192.3076923076924;1287.7924747884128;108000.0;188.8111888111888;1.0;1.8055555555555558;;
3424;Rendalen;2022;221;668.0;15320.0;419000.0;317000.0;26000.0;25000.0;9633000.0;627.245508982036;474.5508982035928;38.92215568862275;113.77245508982035;37.4251497005988;628.7859007832898;664.6706586826348;1293.4565594659246;127000.0;190.11976047904193;1.0;2.496062992125984;renhold_urimelig_lav;
3425;Engerdal;2022;221;540.0;14750.0;1714000.0;288000.0;210000.0;177000.0;1850000.0;3174.074074074074;533.3333333333334;388.8888888888889;2251.8518518518517;327.77777777777777;125.42372881355932;3501.8518518518517;3627.275580665411;133000.0;246.2962962962963;1.0;2.1654135338345863;DV_uteligger_hoy;
3426;Tolga;2022;221;870.0;15619.0;1351000.0;288000.0;570000.0;53000.0;1651000.0;1552.8735632183907;331.0344827586207;655.1724137931035;566.6666666666666;60.91954022988506;105.7045905627761;1613.7931034482758;1719.4976940110519;255000.0;293.1034482758621;1.0;1.1294117647058823;;
3427;Tynset;2022;221;3296.0;48773.0;2897000.0;807000.0;926000.0;203000.0;2803000.0;878.9441747572815;244.84223300970874;280.9466019417476;353.15533980582524;61.58980582524272;57.47032169438009;940.5339805825242;998.0043022769044;408000.0;123.7864077669903;1.0;1.977941176470588;;
3428;Alvdal;2022;221;2567.0;23607.0;2636000.0;1311000.0;669000.0;146000.0;0.0;1026.8796260225945;510.7128944292949;260.61550447993767;255.5512271133619;56.87573042462018;0.0;1083.7553564472146;1083.7553564472146;520000.0;202.57109466303078;1.0;2.521153846153846;;
3429;Folldal;2022;221;1567.0;10547.0;1349000.0;411000.0;426000.0;27000.0;352000.0;860.8806636885769;262.28462029355455;271.8570516911295;326.7389917038928;17.230376515634973;33.374419266142034;878.1110402042119;911.4854594703539;158000.0;100.82961072112316;1.0;2.6012658227848102;;
3430;Os;2022;221;820.0;14398.0;1758000.0;608000.0;426000.0;70000.0;501000.0;2143.9024390243903;741.4634146341464;519.5121951219512;882.9268292682926;85.36585365853658;34.79649951382137;2229.268292682927;2264.0647921967484;345000.0;420.7317073170732;1.0;1.76231884057971;;kwh_uteligger
3431;Dovre;2022;221;1510.0;20099.0;1539000.0;193000.0;775000.0;144000.0;1674000.0;1019.205298013245;127.81456953642385;513.2450331125827;378.1456953642384;95.36423841059603;83.28772575750037;1114.569536423841;1197.8572621813414;312000.0;206.6225165562914;1.0;0.6185897435897436;;
3432;Lesja;2022;221;1379.0;21230.0;1717000.0;122000.0;777000.0;193000.0;890000.0;1245.1051486584481;88.46990572878897;563.4517766497462;593.183466279913;139.95649021029732;41.921808761187;1385.0616388687454;1426.9834476299325;172000.0;124.72806381435824;1.0;0.7093023255813953;;
3433;Skjåk;2022;221;1469.0;19390.0;1850000.0;324000.0;758000.0;228000.0;1840000.0;1259.3601089176311;220.55820285908783;515.997277059224;522.8046289993192;155.2076242341729;94.89427539969056;1414.5677331518038;1509.4620085514944;331000.0;225.32334921715452;1.0;0.9788519637462236;;
3434;Lom;2022;221;0.0;0.0;1503000.0;256000.0;533000.0;216000.0;1367000.0;;;;;;;;;383000.0;;1.0;;areal_mangler;areal_mangler
3435;Vågå;2022;221;1314.0;23647.0;1067000.0;182000.0;393000.0;156000.0;1678000.0;812.0243531202435;138.5083713850837;299.08675799086757;374.42922374429224;118.72146118721462;70.9603755233222;930.7458143074581;1001.7061898307803;223000.0;169.71080669710807;1.0;0.8161434977578474;;
3436;Nord-Fron;2022;221;1881.0;55119.0;3631000.0;673000.0;1244000.0;203000.0;3102000.0;1930.3561935140883;357.78841041998936;661.3503455608719;911.217437533227;107.92131844763423;56.27823436564524;2038.2775119617224;2094.5557463273676;0.0;0.0;;;;kwh_null|kwh_urimelig_lav
3437;Sel;2022;221;2470.0;40770.0;3191000.0;405000.0;1143000.0;149000.0;1972000.0;1291.9028340080972;163.96761133603238;462.753036437247;665.1821862348178;60.32388663967611;48.36889870002453;1352.2267206477734;1400.595619347798;608000.0;246.15384615384616;1.0;0.6661184210526315;;
3438;Sør-Fron;2022;221;2989.0;31943.0;2550000.0;911000.0;605000.0;108000.0;284000.0;853.1281365005018;304.7842087654734;202.40883238541318;345.93509534961527;36.13248578119772;8.890836803055443;889.2606222816995;898.151459084755;406000.0;135.8313817330211;1.0;2.2438423645320196;;
3439;Ringebu;2022;221;1385.0;25646.0;1753000.0;483000.0;470000.0;25000.0;1945000.0;1265.7039711191335;348.7364620938628;339.35018050541515;577.6173285198556;18.050541516245488;75.84028698432505;1283.7545126353791;1359.5947996197042;198000.0;142.96028880866427;1.0;2.4393939393939394;;
3440;Øyer;2022;221;2315.0;35522.0;2447000.0;904000.0;720000.0;67000.0;607000.0;1057.0194384449244;390.49676025917927;311.0151187904968;355.5075593952484;28.94168466522678;17.088001801700354;1085.9611231101512;1103.0491249118515;383000.0;165.4427645788337;1.0;2.3603133159268928;;
3441;Gausdal;2022;221;2360.0;36197.0;2285000.0;532000.0;778000.0;59000.0;4639000.0;968.2203389830509;225.42372881355934;329.66101694915255;413.135593220339;25.0;128.15979224797636;993.2203389830509;1121.3801312310272;247000.0;104.66101694915254;1.0;2.153846153846154;;
3442;Østre Toten;2022;221;3320.0;65313.0;3351000.0;447000.0;889000.0;248000.0;9187000.0;1009.3373493975904;134.63855421686748;267.7710843373494;606.9277108433735;74.6987951807229;140.66112412536555;1084.0361445783133;1224.697268703679;331000.0;99.6987951807229;1.0;1.350453172205438;;
3443;Vestre Toten;2022;221;2500.0;75284.0;2716000.0;626000.0;700000.0;135000.0;6660000.0;1086.4;250.4;280.0;556.0;54.0;88.46501248605281;1140.4;1228.8650124860528;414000.0;165.6;1.0;1.5120772946859904;;
3446;Gran;2022;221;4007.0;74189.0;3497000.0;591000.0;592000.0;617000.0;4213000.0;872.7227352133766;147.49188919391065;147.74145245819815;577.4893935612678;153.98053406538557;56.7873943576541;1026.7032692787623;1083.4906636364165;660000.0;164.71175442974794;1.0;0.8954545454545454;;
3447;Søndre Land;2022;221;2890.0;28150.0;2983000.0;577000.0;1100000.0;519000.0;1005000.0;1032.1799307958477;199.65397923875432;380.6228373702422;451.9031141868512;179.5847750865052;35.701598579040855;1211.764705882353;1247.4663044613937;397000.0;137.37024221453288;1.0;1.4534005037783373;;
3448;Nordre Land;2022;221;2749.0;49357.0;4394000.0;1302000.0;1441000.0;212000.0;2591000.0;1598.399417970171;473.62677337213535;524.1906147690069;600.5820298290288;77.11895234630775;52.49508681645967;1675.5183703164787;1728.0134571329384;666000.0;242.26991633321208;1.0;1.954954954954955;;
3449;Sør-Aurdal;2022;221;2291.0;26128.0;1761000.0;359000.0;354000.0;162000.0;1437000.0;768.6599738105631;156.70013094718465;154.5176778699258;457.44216499345265;70.71147970318638;54.998469075321495;839.3714535137494;894.3699225890709;223000.0;97.33740724574422;1.0;1.6098654708520181;;
3450;Etnedal;2022;221;740.0;12405.0;775000.0;303000.0;186000.0;135000.0;1112000.0;1047.2972972972973;409.4594594594595;251.35135135135135;386.4864864864865;182.43243243243242;89.64127367996775;1229.7297297297298;1319.3710034096976;128000.0;172.97297297297297;1.0;2.3671875;;
3451;Nord-Aurdal;2022;221;4209.0;26813.0;4569000.0;1724000.0;1254000.0;853000.0;2256000.0;1085.5310049893087;409.59847944880016;297.93300071275837;377.99952482775007;202.66096459966738;84.13829112743818;1288.191969588976;1372.3302607164142;763000.0;181.27821335234023;1.0;2.259501965923984;;
3452;Vestre Slidre;2022;221;1202.0;11388.0;1042000.0;379000.0;255000.0;110000.0;0.0;866.8885191347754;315.3078202995008;212.14642262895174;339.4342762063228;91.51414309484193;0.0;958.4026622296172;958.4026622296172;194000.0;161.39767054908486;1.0;1.9536082474226801;;
3453;Øystre Slidre;2022;221;1937.0;26231.0;1858000.0;641000.0;429000.0;118000.0;480000.0;959.2152813629324;330.9241094475994;221.4765100671141;406.8146618482189;60.918946824987096;18.298959246692846;1020.1342281879195;1038.4331874346124;285000.0;147.1347444501807;1.0;2.2491228070175437;;
3454;Vang;2022;221;1200.0;18100.0;1426000.0;112000.0;367000.0;160000.0;852000.0;1188.3333333333333;93.33333333333333;305.8333333333333;789.1666666666666;133.33333333333334;47.07182320441989;1321.6666666666667;1368.7384898710866;161000.0;134.16666666666666;1.0;0.6956521739130435;;
3801;Horten (2020-2023);2022;221;8843.0;128901.0;7861000.0;1399000.0;2822000.0;1017000.0;7224000.0;888.9517132194957;158.20422933393644;319.1224697500848;411.6250141354744;115.00621960873006;56.043009751669885;1003.9579328282257;1060.0009425798955;1210000.0;136.8313920615176;1.0;1.156198347107438;;
3802;Holmestrand (2020-2023);2022;221;6438.0;109877.0;7873000.0;1648000.0;1745000.0;323000.0;10858000.0;1222.8953091022056;255.98011804908356;271.0469089779435;695.8682820751786;50.170860515688105;98.81958917698881;1273.0661696178938;1371.8857587948826;1283000.0;199.28549238894067;1.0;1.284489477786438;;
3803;Tønsberg (2020-2023);2022;221;23776.0;230238.0;18642000.0;4072000.0;6752000.0;6181000.0;15171000.0;784.0679676985195;171.26514131897713;283.98384925975773;328.8189771197847;259.9680349932705;65.89268496077972;1044.0360026917901;1109.9286876525698;3564000.0;149.89905787348587;1.0;1.1425364758698093;;
3804;Sandefjord (2020-2023);2022;221;16171.0;269636.0;19711000.0;6099000.0;4194000.0;2052000.0;14397000.0;1218.910395151815;377.15663842681346;259.35316306969264;582.4005936553089;126.8938222744419;53.3942055215179;1345.8042174262569;1399.1984229477748;2387000.0;147.60991899078599;1.0;2.5550900712191034;;
3805;Larvik (2020-2023);2022;221;14928.0;179907.0;13103000.0;2503000.0;5461000.0;125000.0;6230000.0;877.7465166130761;167.67148981779206;365.82261521972134;344.2524115755627;8.37352625937835;34.62900276253842;886.1200428724544;920.7490456349929;2045000.0;136.9908896034298;1.0;1.223960880195599;;
3806;Porsgrunn (2020-2023);2022;221;8869.0;194946.0;7165000.0;1725000.0;1797000.0;793000.0;8978000.0;807.8701093697148;194.4976885781937;202.61585297102266;410.7565678204984;89.41256060435224;46.05377899520893;897.282669974067;943.3364489692759;1158000.0;130.56714398466568;1.0;1.489637305699482;;
3807;Skien (2020-2023);2022;221;11415.0;238824.0;10306000.0;2723000.0;4446000.0;1804000.0;16557000.0;902.8471309680245;238.54577310556286;389.4875164257556;274.81384143670607;158.0376697328077;69.32720329615114;1060.8848007008323;1130.2120039969834;1887000.0;165.30880420499344;1.0;1.4430312665606784;;
3808;Notodden (2020-2023);2022;221;2631.0;57199.0;3280000.0;865000.0;908000.0;520000.0;1879000.0;1246.6742683390346;328.77232991258074;345.1159255036108;572.786012922843;197.6434815659445;32.85022465427717;1444.317749904979;1477.1679745592562;423000.0;160.77537058152794;1.0;2.044917257683215;;
3811;Færder (2020-2023);2022;221;6820.0;84923.0;6510000.0;1174000.0;2456000.0;1752000.0;13585000.0;954.5454545454545;172.14076246334312;360.11730205278593;422.28739002932554;256.891495601173;159.96844200040036;1211.4369501466276;1371.405392147028;1029000.0;150.87976539589442;1.0;1.1409135082604471;;
3812;Siljan (2020-2023);2022;221;1444.0;10933.0;1196000.0;346000.0;286000.0;74000.0;294000.0;828.2548476454293;239.61218836565098;198.06094182825484;390.58171745152356;51.24653739612188;26.89106375194366;879.5013850415512;906.3924487934949;217000.0;150.2770083102493;1.0;1.5944700460829495;;
3813;Bamble (2020-2023);2022;221;4718.0;71266.0;3973000.0;1089000.0;1155000.0;686000.0;7068000.0;842.0941076727427;230.8181432810513;244.80712166172106;366.46884272997033;145.40059347181008;99.17772851008897;987.4947011445528;1086.6724296546417;787000.0;166.8079694785926;1.0;1.383735705209657;;
3814;Kragerø (2020-2023);2022;221;3576.0;49934.0;4820000.0;1003000.0;1582000.0;886000.0;3412000.0;1347.874720357942;280.48098434004476;442.3937360178971;625.0;247.7628635346756;68.33019585853326;1595.6375838926174;1663.9677797511506;471000.0;131.71140939597316;1.0;2.1295116772823777;;
3815;Drangedal (2020-2023);2022;221;1667.0;21191.0;3336000.0;420000.0;625000.0;1528000.0;197000.0;2001.1997600479904;251.9496100779844;374.9250149970006;1374.3251349730053;916.616676664667;9.296399414845926;2917.8164367126574;2927.112836127503;488000.0;292.74145170965807;1.0;0.860655737704918;DV_uteligger_hoy;
3816;Nome (2020-2023);2022;221;4483.0;38384.0;5209000.0;638000.0;1773000.0;529000.0;2126000.0;1161.9451260316753;142.31541378541155;395.49408877983495;624.1356234664287;118.00133838947134;55.38766152563568;1279.9464644211466;1335.3341259467823;710000.0;158.37608744144546;1.0;0.8985915492957746;;
3817;Midt-Telemark (2020-2023);2022;221;2940.0;40881.0;1852000.0;283000.0;692000.0;106000.0;4360000.0;629.9319727891157;96.25850340136054;235.37414965986395;298.29931972789115;36.054421768707485;106.65101147232211;665.9863945578231;772.6374060301453;280000.0;95.23809523809524;1.0;1.0107142857142857;;
3818;Tinn (2020-2023);2022;221;2135.0;48157.0;3094000.0;669000.0;1164000.0;101000.0;3071000.0;1449.1803278688524;313.3489461358314;545.1990632318501;590.632318501171;47.30679156908665;63.770583715763024;1496.487119437939;1560.257703153702;333000.0;155.97189695550352;1.0;2.009009009009009;;
3819;Hjartdal (2020-2023);2022;221;1020.0;10139.0;1562000.0;520000.0;406000.0;25000.0;229000.0;1531.3725490196077;509.80392156862746;398.03921568627453;623.5294117647059;24.50980392156863;22.58605385146464;1555.8823529411766;1578.4684067926412;220000.0;215.68627450980392;1.0;2.3636363636363638;;
3820;Seljord (2020-2023);2022;221;1556.0;13650.0;2519000.0;909000.0;755000.0;340000.0;1788000.0;1618.8946015424165;584.1902313624679;485.2185089974293;549.4858611825193;218.5089974293059;130.98901098901098;1837.4035989717224;1968.3926099607334;;;;;;kwh_mangler
3821;Kviteseid (2020-2023);2022;221;1244.0;16887.0;1980000.0;696000.0;566000.0;91000.0;432000.0;1591.6398713826366;559.4855305466237;454.983922829582;577.1704180064309;73.15112540192926;25.581808491739206;1664.790996784566;1690.3728052763051;293000.0;235.5305466237942;1.0;2.3754266211604094;;
3822;Nissedal (2020-2023);2022;221;1421.0;11270.0;2681000.0;988000.0;554000.0;167000.0;457000.0;1886.6995073891626;695.2850105559465;389.86629134412385;801.5482054890922;117.5228712174525;40.55013309671695;2004.2223786066152;2044.7725117033322;;;;;;kwh_mangler
3823;Fyresdal (2020-2023);2022;221;924.0;13421.0;1235000.0;264000.0;264000.0;12000.0;76000.0;1336.5800865800866;285.7142857142857;285.7142857142857;765.1515151515151;12.987012987012987;5.662767304969823;1349.5670995670996;1355.2298668720694;105000.0;113.63636363636364;1.0;2.5142857142857142;;
3824;Tokke (2020-2023);2022;221;2255.0;25540.0;1372000.0;362000.0;248000.0;88000.0;809000.0;608.4257206208425;160.53215077605321;109.97782705099779;337.9157427937916;39.02439024390244;31.675802662490213;647.450110864745;679.1259135272353;283000.0;125.49889135254989;1.0;1.2791519434628975;;
3825;Vinje (2020-2023);2022;221;2048.0;40097.0;4836000.0;1306000.0;1798000.0;95000.0;559000.0;2361.328125;637.6953125;877.9296875;845.703125;46.38671875;13.94119260792578;2407.71484375;2421.6560363579256;390000.0;190.4296875;1.0;3.348717948717949;;implisitt_pris_utenfor
4201;Risør;2022;221;1052.0;38927.0;1341000.0;365000.0;449000.0;173000.0;4000000.0;1274.7148288973383;346.95817490494295;426.8060836501901;500.9505703422053;164.44866920152091;102.75644154442932;1439.1634980988592;1541.9199396432887;189000.0;179.65779467680608;1.0;1.9312169312169312;;
4202;Grimstad;2022;221;4296.0;88133.0;2475000.0;552000.0;728000.0;91000.0;10443000.0;576.1173184357542;128.49162011173183;169.45996275605214;278.1657355679702;21.182495344506517;118.49137099610816;597.2998137802607;715.7911847763688;371000.0;86.35940409683427;1.0;1.4878706199460914;;
4203;Arendal;2022;221;6705.0;177642.0;7276000.0;2033000.0;2040000.0;1172000.0;15458000.0;1085.1603281133482;303.20656226696497;304.2505592841163;477.703206562267;174.79492915734525;87.0177097758413;1259.9552572706934;1346.9729670465347;942000.0;140.49217002237137;1.0;2.1581740976645434;;
4204;Kristiansand;2022;221;31436.0;489831.0;31132000.0;6360000.0;11855000.0;5235000.0;59101000.0;990.3295584679985;202.3158162616109;377.11540908512535;410.8983331212622;166.5288204606184;120.65589968785153;1156.858378928617;1277.5142786164686;3183000.0;101.2533401196081;1.0;1.998114985862394;;
4205;Lindesnes;2022;221;5485.0;139546.0;4609000.0;1307000.0;1569000.0;886000.0;6225000.0;840.2917046490428;238.28623518687328;286.052871467639;315.95259799453055;161.53144940747492;44.6089461539564;1001.8231540565178;1046.4321002104741;517000.0;94.257064721969;1.0;2.528046421663443;;
4206;Farsund;2022;221;1872.0;49219.0;1826000.0;451000.0;833000.0;30000.0;4532000.0;975.4273504273505;240.9188034188034;444.9786324786325;289.52991452991455;16.025641025641026;92.07826245961925;991.4529914529915;1083.5312539126107;281000.0;150.10683760683762;1.0;1.6049822064056938;;
4207;Flekkefjord;2022;221;3868.0;51181.0;3655000.0;847000.0;768000.0;293000.0;1091000.0;944.9327817993795;218.976215098242;198.5522233712513;527.4043433298863;75.74974146845915;21.31650417146988;1020.6825232678386;1041.9990274393085;436000.0;112.71975180972079;1.0;1.9426605504587156;;
4211;Gjerstad;2022;221;787.0;19789.0;544000.0;28000.0;251000.0;69000.0;46000.0;691.2325285895807;35.57814485387548;318.9326556543837;336.7217280813215;87.67471410419314;2.3245237253019355;778.9072426937738;781.2317664190757;42000.0;53.367217280813215;1.0;0.6666666666666667;energi_urimelig_lav;kwh_uteligger
4212;Vegårshei;2022;221;770.0;15651.0;588000.0;0.0;316000.0;29000.0;235000.0;763.6363636363636;0.0;410.38961038961037;353.24675324675326;37.66233766233766;15.015015015015015;801.2987012987013;816.3137163137163;142000.0;184.41558441558442;1.0;0.0;energi_urimelig_lav;implisitt_pris_utenfor
4213;Tvedestrand;2022;221;2041.0;33137.0;2319000.0;587000.0;1105000.0;472000.0;2542000.0;1136.2077413032828;287.6041156295933;541.4012738853503;307.20235178833906;231.25918667319942;76.71183269457103;1367.466927976482;1444.1787606710532;315000.0;154.3361097501225;1.0;1.8634920634920633;;
4214;Froland;2022;221;1926.0;36228.0;2443000.0;985000.0;702000.0;232000.0;3096000.0;1268.4319833852544;511.4226375908619;364.4859813084112;392.5233644859813;120.45690550363447;85.4587611791984;1388.888888888889;1474.3476500680872;187000.0;97.09241952232607;0.946524064171123;5.267379679144384;;implisitt_pris_utenfor
4215;Lillesand;2022;221;2793.0;65892.0;2994000.0;582000.0;967000.0;188000.0;2696000.0;1071.9656283566057;208.3780880773362;346.22269960615824;517.3648406731113;67.31113498030791;40.915437382383296;1139.2767633369137;1180.192200719297;317000.0;113.49803079126387;1.0;1.8359621451104102;;
4216;Birkenes;2022;221;3793.0;57422.0;1263000.0;207000.0;590000.0;124000.0;750000.0;332.98180859477986;54.5742156604271;155.549696809913;122.85789612443976;32.69180068547324;13.061196057260284;365.6736092802531;378.7348053375134;232000.0;61.16530450830477;1.0;0.8922413793103448;DV_uteligger_lav;kwh_uteligger
4217;Åmli;2022;221;481.0;14216.0;751000.0;345000.0;49000.0;70000.0;449000.0;1561.3305613305613;717.2557172557173;101.87110187110187;742.2037422037422;145.53014553014552;31.58413055711874;1706.8607068607068;1738.4448374178255;116000.0;241.16424116424116;1.0;2.974137931034483;areal_for_lite;areal_for_lite
4218;Iveland;2022;221;1972.0;11494.0;1551000.0;413000.0;528000.0;203000.0;1619000.0;786.5111561866125;209.43204868154157;267.74847870182555;309.3306288032454;102.94117647058823;140.85609883417436;889.4523326572008;1030.3084314913751;199000.0;100.91277890466532;1.0;2.0753768844221105;;
4219;Evje og Hornnes;2022;221;2035.0;27367.0;2048000.0;417000.0;689000.0;99000.0;725000.0;1006.3882063882064;204.91400491400492;338.5749385749386;462.8992628992629;48.648648648648646;26.491760149084666;1055.036855036855;1081.5286151859398;390000.0;191.64619164619165;1.0;1.0692307692307692;;
4220;Bygland;2022;221;772.0;14707.0;1163000.0;449000.0;243000.0;18000.0;571000.0;1506.4766839378237;581.6062176165804;314.76683937823833;610.1036269430052;23.316062176165804;38.82504929625348;1529.7927461139896;1568.617795410243;188000.0;243.52331606217618;1.0;2.388297872340426;;
4221;Valle;2022;221;1098.0;14237.0;1759000.0;424000.0;653000.0;698000.0;1033000.0;1602.0036429872496;386.1566484517304;594.7176684881603;621.1293260473589;635.7012750455374;72.55742080494487;2237.7049180327867;2310.2623388377315;235000.0;214.0255009107468;1.0;1.804255319148936;;
4222;Bykle;2022;221;1242.0;20819.0;2086000.0;423000.0;470000.0;486000.0;90000.0;1679.549114331723;340.57971014492756;378.4219001610306;960.5475040257649;391.30434782608694;4.322974206253902;2070.85346215781;2075.176436364064;194000.0;156.19967793880838;1.0;2.180412371134021;;
4223;Vennesla;2022;221;4890.0;73166.0;4114000.0;992000.0;1270000.0;551000.0;4243000.0;841.3087934560327;202.86298568507158;259.71370143149284;378.7321063394683;112.67893660531698;57.99141677828499;953.9877300613497;1011.9791468396347;628000.0;128.42535787321063;1.0;1.5796178343949046;;
4224;Åseral;2022;221;668.0;13596.0;831000.0;194000.0;240000.0;93000.0;377000.0;1244.0119760479042;290.4191616766467;359.2814371257485;594.311377245509;139.22155688622755;27.728743748161225;1383.2335329341317;1410.962276682293;96000.0;143.7125748502994;1.0;2.020833333333333;;
4225;Lyngdal;2022;221;3604.0;60983.0;4943000.0;1306000.0;1697000.0;75000.0;31000.0;1371.5316315205328;362.37513873473915;470.86570477247506;538.2907880133185;20.810210876803552;0.5083383893872063;1392.3418423973362;1392.8501807867235;607000.0;168.42397336293007;1.0;2.1515650741350907;;
4226;Hægebostad;2022;221;1687.0;11693.0;1330000.0;359000.0;463000.0;248000.0;237000.0;788.3817427385892;212.8037937166568;274.45168938944875;301.1262596324837;147.00652045050384;20.268536731377747;935.3882631890931;955.6567999204708;219000.0;129.81624184943686;1.0;1.6392694063926943;;
4227;Kvinesdal;2022;221;4341.0;50100.0;5513000.0;1228000.0;1178000.0;330000.0;290000.0;1269.9838746832527;282.8841280810873;271.36604469016356;715.7337019120018;76.01935038009675;5.788423153692615;1346.0032250633494;1351.791648217042;699000.0;161.02280580511402;1.0;1.7567954220314734;;
4228;Sirdal;2022;221;2330.0;51238.0;1670000.0;372000.0;715000.0;189000.0;3641000.0;716.7381974248927;159.656652360515;306.86695278969955;250.21459227467813;81.11587982832619;71.06054100472306;797.8540772532189;868.9146182579419;172000.0;73.81974248927038;1.0;2.1627906976744184;;
4601;Bergen;2022;221;60958.0;919541.0;99561000.0;23443000.0;25352000.0;12874000.0;114749000.0;1633.2720889792972;384.57626562551263;415.89290987237115;832.8029134814134;211.19459299845795;124.78943298884987;1844.4666819777551;1969.256114966605;6786000.0;111.32254995242626;1.0;3.454612437371058;;implisitt_pris_utenfor
4602;Kinn;2022;221;8056.0;85569.0;5535000.0;313000.0;2206000.0;454000.0;3041000.0;687.0655412115194;38.853028798411124;273.8331678252234;374.3793445878848;56.355511420059585;35.53857121153689;743.421052631579;778.9596238431159;1178000.0;146.22641509433961;1.0;0.26570458404074704;energi_urimelig_lav;implisitt_pris_utenfor
4611;Etne;2022;221;2599.0;31432.0;1989000.0;555000.0;736000.0;62000.0;473000.0;765.2943439784533;213.54367064255482;283.1858407079646;268.5648326279338;23.8553289726818;15.048358360906082;789.149672951135;804.198031312041;338000.0;130.05001923816852;1.0;1.6420118343195267;;
4612;Sveio;2022;221;1200.0;32418.0;1314000.0;304000.0;624000.0;66000.0;865000.0;1095.0;253.33333333333334;520.0;321.6666666666667;55.0;26.682707138009746;1150.0;1176.6827071380098;122000.0;101.66666666666667;1.0;2.4918032786885247;;
4613;Bømlo;2022;221;0.0;63996.0;0.0;0.0;0.0;0.0;2456000.0;;;;;;;;;0.0;;;;areal_mangler|drift_null;areal_mangler|kwh_mangler
4614;Stord;2022;221;2663.0;87940.0;3076000.0;866000.0;504000.0;512000.0;5007000.0;1155.0882463387156;325.1971460758543;189.26023282012767;640.6308674427338;192.26436349981225;56.93654764612236;1347.352609838528;1404.2891574846503;409000.0;153.58618099887346;1.0;2.1173594132029336;;
4615;Fitjar;2022;221;421.0;13477.0;464000.0;144000.0;170000.0;13000.0;0.0;1102.1377672209026;342.042755344418;403.80047505938245;356.29453681710214;30.878859857482187;0.0;1133.0166270783848;1133.0166270783848;58000.0;137.76722090261282;1.0;2.4827586206896552;areal_for_lite;areal_for_lite
4616;Tysnes;2022;221;2407.0;19479.0;1033000.0;542000.0;5000.0;1709000.0;562000.0;429.1649356044869;225.17656834233486;2.077274615704196;201.91109264644786;710.0124636476942;28.85158375686637;1139.1773992521812;1168.0289830090476;312000.0;129.62193601994184;1.0;1.7371794871794872;renhold_urimelig_lav;
4617;Kvinnherad;2022;221;4350.0;83242.0;3141000.0;609000.0;351000.0;451000.0;1758000.0;722.0689655172414;140.0;80.6896551724138;501.37931034482756;103.67816091954023;21.119146584656782;825.7471264367816;846.8662730214384;702000.0;161.3793103448276;1.0;0.8675213675213675;;
4618;Ullensvang;2022;221;7406.0;78818.0;8926000.0;2839000.0;2673000.0;-9000.0;7561000.0;1205.2389954091277;383.33783418849583;360.9235754793411;460.97758574129085;-1.2152308938698353;95.92986373670989;1204.0237645152579;1299.9536282519678;1139000.0;153.79422090197139;1.0;2.4925373134328357;vedlikehold_negativ;
4619;Eidfjord;2022;221;1202.0;14038.0;776000.0;142000.0;115000.0;879000.0;578000.0;645.5906821963395;118.13643926788686;95.6738768718802;431.7803660565724;731.2811980033277;41.17395640404616;1376.8718801996672;1418.0458366037133;0.0;0.0;;;;kwh_null|kwh_urimelig_lav
4620;Ulvik;2022;221;756.0;12202.0;1147000.0;521000.0;347000.0;33000.0;0.0;1517.1957671957673;689.1534391534392;458.994708994709;369.04761904761904;43.65079365079365;0.0;1560.8465608465608;1560.8465608465608;210000.0;277.77777777777777;1.0;2.480952380952381;;
4621;Voss;2022;221;4716.0;103935.0;5809000.0;927000.0;1851000.0;738000.0;15048000.0;1231.7642069550466;196.5648854961832;392.4936386768448;642.7056827820187;156.4885496183206;144.78279694039543;1388.2527565733672;1533.0355535137626;475000.0;100.72094995759117;1.0;1.951578947368421;;
4622;Kvam;2022;221;5237.0;56446.0;7637000.0;2018000.0;2740000.0;192000.0;2829000.0;1458.2776398701546;385.33511552415507;523.2003055184266;549.7422188275731;36.66221118961237;50.11869751621018;1494.939851059767;1545.0585485759773;33000.0;6.301317548214627;1.0;61.151515151515156;;kwh_urimelig_lav|implisitt_pris_utenfor
4623;Samnanger;2022;221;2264.0;13885.0;1755000.0;376000.0;688000.0;151000.0;409000.0;775.1766784452296;166.07773851590105;303.886925795053;305.2120141342756;66.69611307420494;29.456247749369822;841.8727915194346;871.3290392688044;249000.0;109.98233215547704;1.0;1.51004016064257;;
4624;Bjørnafjorden;2022;221;4244.0;112168.0;3145000.0;724000.0;1238000.0;152000.0;6736000.0;741.0461828463714;170.5937794533459;291.70593779453344;278.74646559849197;35.81526861451461;60.0527779758933;776.861451460886;836.9142294367792;617000.0;145.3817153628652;1.0;1.173419773095624;;
4625;Austevoll;2022;221;0.0;33930.0;0.0;0.0;0.0;0.0;1743000.0;;;;;;;;;0.0;;;;areal_mangler|drift_null;areal_mangler|kwh_mangler
4626;Øygarden;2022;221;12545.0;167932.0;16394000.0;4522000.0;6551000.0;794000.0;8285000.0;1306.8154643284176;360.46233559186925;522.2000797130331;424.15304902351534;63.29214826624153;49.335445299287805;1370.1076125946593;1419.443057893947;2043000.0;162.85372658429654;1.0;2.213411649534997;;
4627;Askøy;2022;221;6007.0;115981.0;6145000.0;1691000.0;2742000.0;419000.0;13027000.0;1022.9731979357416;281.5049109372399;456.4674546362577;285.00083236224407;69.75195605127351;112.32012139919469;1092.7251539870151;1205.0452753862098;971000.0;161.64474779424006;1.0;1.741503604531411;;
4628;Vaksdal;2022;221;2204.0;29957.0;2235000.0;198000.0;623000.0;1200000.0;1640000.0;1014.0653357531761;89.83666061705989;282.6678765880218;641.5607985480943;544.464609800363;54.74513469306005;1558.529945553539;1613.275080246599;274000.0;124.31941923774954;1.0;0.7226277372262774;;
4629;Modalen;2022;221;605.0;7749.0;563000.0;79000.0;212000.0;40000.0;370000.0;930.5785123966942;130.5785123966942;350.41322314049586;449.58677685950414;66.11570247933884;47.748096528584334;996.694214876033;1044.4423114046174;114000.0;188.4297520661157;1.0;0.6929824561403508;;
4630;Osterøy;2022;221;0.0;0.0;4500000.0;802000.0;1777000.0;590000.0;119000.0;;;;;;;;;511000.0;;1.0;;areal_mangler;areal_mangler
4631;Alver;2022;221;10094.0;156397.0;8438000.0;1979000.0;2908000.0;590000.0;14959000.0;835.9421438478304;196.0570636021399;288.0919358034476;351.7931444422429;58.450564691896176;95.6476147240676;894.3927085397265;990.0403232637941;;;;;;kwh_mangler
4632;Austrheim;2022;221;1047.0;16568.0;1987000.0;418000.0;760000.0;161000.0;89000.0;1897.803247373448;399.2359121298949;725.883476599809;772.683858643744;153.77268385864375;5.37180106228875;2051.5759312320915;2056.9477322943803;318000.0;303.7249283667622;1.0;1.3144654088050314;;
4633;Fedje;2022;221;332.0;6067.0;212000.0;87000.0;0.0;16000.0;518000.0;638.5542168674699;262.04819277108436;0.0;376.50602409638554;48.19277108433735;85.37992417999011;686.7469879518072;772.1269121317973;;;;;areal_for_lite|renhold_urimelig_lav;areal_for_lite|kwh_mangler
4634;Masfjorden;2022;221;2000.0;22465.0;1881000.0;478000.0;941000.0;250000.0;14000.0;940.5;239.0;470.5;231.0;125.0;0.6231916314266637;1065.5;1066.1231916314266;206000.0;103.0;1.0;2.320388349514563;;
4635;Gulen;2022;221;1937.0;17310.0;2348000.0;289000.0;1058000.0;194000.0;2937000.0;1212.1837893649974;149.19979349509552;546.205472379969;516.7785234899329;100.15487867836862;169.67071057192373;1312.338668043366;1482.0093786152897;195000.0;100.67114093959732;1.0;1.4820512820512821;;
4636;Solund;2022;221;636.0;6913.0;429000.0;28000.0;221000.0;27000.0;1069000.0;674.5283018867924;44.0251572327044;347.4842767295597;283.0188679245283;42.45283018867924;154.6361926804571;716.9811320754717;871.6173247559288;86000.0;135.22012578616352;1.0;0.3255813953488372;;implisitt_pris_utenfor
4637;Hyllestad;2022;221;573.0;15556.0;1119000.0;10000.0;526000.0;47000.0;241000.0;1952.8795811518326;17.452006980802793;917.9755671902269;1017.4520069808028;82.02443280977312;15.492414502442788;2034.9040139616056;2050.3964284640483;80000.0;139.61605584642234;1.0;0.125;energi_urimelig_lav;implisitt_pris_utenfor
4638;Høyanger;2022;221;2552.0;26619.0;3477000.0;481000.0;1604000.0;266000.0;2480000.0;1362.460815047022;188.4796238244514;628.5266457680251;545.4545454545455;104.2319749216301;93.16653518163717;1466.692789968652;1559.8593251502891;558000.0;218.65203761755487;1.0;0.8620071684587813;;
4639;Vik;2022;221;1373.0;16737.0;1809000.0;820000.0;515000.0;84000.0;394000.0;1317.5528040786598;597.2323379461034;375.0910415149308;345.2294246176256;61.17989803350328;23.540658421461433;1378.7327021121632;1402.2733605336246;168000.0;122.35979606700656;1.0;4.8809523809523805;;implisitt_pris_utenfor
4641;Aurland;2022;221;1080.0;22592.0;1389000.0;213000.0;704000.0;115000.0;1110000.0;1286.111111111111;197.22222222222223;651.8518518518518;437.037037037037;106.48148148148148;49.13243626062323;1392.5925925925926;1441.725028853216;222000.0;205.55555555555554;1.0;0.9594594594594595;;
4642;Lærdal;2022;221;1671.0;13358.0;1633000.0;390000.0;730000.0;90000.0;0.0;977.2591262716936;233.3931777378815;436.86415320167566;307.00179533213645;53.85996409335727;0.0;1031.1190903650509;1031.1190903650509;327000.0;195.69120287253142;1.0;1.1926605504587156;;
4643;Årdal;2022;221;2762.0;39566.0;3225000.0;614000.0;899000.0;206000.0;4062000.0;1167.6321506154961;222.302679217958;325.4887762490949;619.8406951484432;74.58363504706735;102.66390335136228;1242.2157856625633;1344.8796890139256;582000.0;210.71687183200578;1.0;1.0549828178694158;;
4644;Luster;2022;221;5042.0;36149.0;2630000.0;504000.0;178000.0;1494000.0;2657000.0;521.6184053946846;99.96033320111067;35.30345101150337;386.3546211820706;296.31098770329237;73.50134166920246;817.929393097977;891.4307347671795;586000.0;116.22372074573582;1.0;0.8600682593856656;renhold_urimelig_lav;
4645;Askvoll;2022;221;1839.0;16987.0;1621000.0;374000.0;859000.0;531000.0;1748000.0;881.4573137574769;203.37139749864056;467.1016856987493;210.984230560087;288.7438825448613;102.9022193442044;1170.2011963023383;1273.1034156465428;391000.0;212.61555193039695;1.0;0.9565217391304348;;
4646;Fjaler;2022;221;1555.0;28018.0;1390000.0;58000.0;616000.0;172000.0;286000.0;893.8906752411575;37.29903536977492;396.14147909967846;460.4501607717042;110.61093247588424;10.207723606253124;1004.5016077170418;1014.7093313232949;233000.0;149.83922829581994;1.0;0.24892703862660945;energi_urimelig_lav;implisitt_pris_utenfor
4647;Sunnfjord;2022;221;12091.0;146618.0;10961000.0;452000.0;4633000.0;709000.0;6574000.0;906.5420560747664;37.38317757009346;383.1775700934579;485.98130841121497;58.63865685220412;44.837605205363595;965.1807129269705;1010.0183181323341;1792000.0;148.20941195930857;1.0;0.25223214285714285;energi_urimelig_lav;implisitt_pris_utenfor
4649;Stad;2022;221;4691.0;57606.0;3906000.0;173000.0;1284000.0;492000.0;4001000.0;832.6582818162439;36.87913024941377;273.7156256661693;522.0635259006608;104.88168833937327;69.45457070444051;937.5399701556171;1006.9945408600576;485000.0;103.38946919633341;1.0;0.356701030927835;energi_urimelig_lav;implisitt_pris_utenfor
4650;Gloppen;2022;221;2142.0;33775.0;887000.0;78000.0;41000.0;1601000.0;2759000.0;414.09897292250236;36.41456582633053;19.140989729225023;358.54341736694676;747.4323062558357;81.68763878608438;1161.531279178338;1243.2189179644224;362000.0;169.00093370681606;1.0;0.2154696132596685;energi_urimelig_lav|renhold_urimelig_lav;implisitt_pris_utenfor
4651;Stryn;2022;221;3994.0;40985.0;2978000.0;521000.0;990000.0;174000.0;2455000.0;745.6184276414622;130.44566850275413;247.87180771156736;367.3009514271407;43.56534802203305;59.89996340124436;789.1837756634952;849.0837390647396;512000.0;128.19228843264898;1.0;1.017578125;;
5001;Trondheim - Tråante;2022;221;97025.0;845696.0;75208000.0;4925000.0;27439000.0;23806000.0;74801000.0;775.1404277248132;50.76011337284205;282.8034011852615;441.57691316670963;245.35944344241176;88.44904079007114;1020.4998711672249;1108.948911957296;10888000.0;112.21850038649832;1.0;0.45233284349742836;;implisitt_pris_utenfor
5006;Steinkjer - Stïentje;2022;221;5588.0;122451.0;5740000.0;1071000.0;851000.0;493000.0;19199000.0;1027.2011453113814;191.6607015032212;152.2906227630637;683.2498210450966;88.22476735862563;156.78924631076922;1115.4259126700072;1272.2151589807763;848000.0;151.75375805297065;1.0;1.2629716981132075;;
5007;Namsos - Nåavmesjenjaelmie;2022;221;3871.0;83428.0;3912000.0;483000.0;2824000.0;1121000.0;5726000.0;1010.5915784035133;124.77396021699819;729.5272539395505;156.2903642469646;289.58925342288813;68.63403173994342;1300.1808318264013;1368.8148635663447;660000.0;170.49857917850684;1.0;0.7318181818181818;;
5014;Frøya;2022;221;787.0;29673.0;1867000.0;121000.0;849000.0;92000.0;796000.0;2372.299872935197;153.74841168996187;1078.7801778907242;1139.7712833545108;116.89961880559085;26.82573383210326;2489.199491740788;2516.025225572891;107000.0;135.95933926302413;1.0;1.1308411214953271;DV_uteligger_hoy;
5020;Osen;2022;221;542.0;7958.0;470000.0;36000.0;241000.0;0.0;287000.0;867.1586715867159;66.42066420664207;444.64944649446494;356.08856088560884;0.0;36.06433777330988;867.1586715867159;903.2230093600257;218000.0;402.2140221402214;1.0;0.1651376146788991;;implisitt_pris_utenfor|kwh_uteligger
5021;Oppdal;2022;221;1740.0;34224.0;1940000.0;381000.0;863000.0;169000.0;2840000.0;1114.942528735632;218.9655172413793;495.97701149425285;400.0;97.1264367816092;82.98270219728845;1212.0689655172414;1295.05166771453;319000.0;183.33333333333334;1.0;1.1943573667711598;;
5022;Rennebu;2022;221;1074.0;22891.0;1119000.0;195000.0;462000.0;150000.0;70000.0;1041.8994413407822;181.56424581005587;430.16759776536315;430.16759776536315;139.66480446927375;3.057970381372592;1181.5642458100558;1184.6222161914284;199000.0;185.28864059590316;1.0;0.9798994974874372;;
5025;Røros - Rosse;2022;221;2367.0;35704.0;3531000.0;1397000.0;1136000.0;140000.0;4305000.0;1491.7617237008872;590.198563582594;479.9324038867765;421.63075623151667;59.14659907055344;120.57472552095004;1550.9083227714407;1671.4830482923908;588000.0;248.41571609632447;1.0;2.3758503401360542;;
5026;Holtålen;2022;221;850.0;13179.0;1192000.0;104000.0;513000.0;36000.0;742000.0;1402.3529411764705;122.3529411764706;603.5294117647059;676.4705882352941;42.35294117647059;56.301692085894224;1444.7058823529412;1501.0075744388355;185000.0;217.64705882352942;1.0;0.5621621621621622;;
5027;Midtre Gauldal;2022;221;4152.0;36604.0;2271000.0;187000.0;769000.0;105000.0;-18000.0;546.9653179190751;45.03853564547206;185.21194605009634;316.7148362235067;25.289017341040463;-0.4917495355698831;572.2543352601156;571.7625857245457;605000.0;145.71290944123314;1.0;0.3090909090909091;;implisitt_pris_utenfor
5028;Melhus;2022;221;9218.0;102648.0;9088000.0;1176000.0;3291000.0;2633000.0;11574000.0;985.8971577348666;127.57648079843784;357.01887611195485;501.30180082447384;285.6367975699718;112.75426700958616;1271.5339553048384;1384.2882223144245;1108000.0;120.19960945975265;1.0;1.0613718411552346;;
5029;Skaun;2022;221;5112.0;46711.0;6264000.0;628000.0;2335000.0;1183000.0;4607000.0;1225.3521126760563;122.84820031298905;456.7683881064163;645.735524256651;231.41627543035995;98.62773222581404;1456.7683881064163;1555.3961203322303;512000.0;100.1564945226917;1.0;1.2265625;;
5031;Malvik;2022;221;4849.0;61995.0;5652000.0;871000.0;1798000.0;4190000.0;5527000.0;1165.6011548772942;179.62466487935657;370.79810270158794;615.1783872963498;864.0956898329553;89.15235099604807;2029.6968447102495;2118.8491957062975;706000.0;145.59703031552897;1.0;1.2337110481586404;;
5032;Selbu;2022;221;3489.0;29532.0;4237000.0;570000.0;1400000.0;488000.0;1509000.0;1214.3880768128404;163.37059329320724;401.2611063341932;649.75637718544;139.8681570650616;51.09711499390492;1354.2562338779019;1405.3533488718067;616000.0;176.554886787045;1.0;0.9253246753246753;;
5033;Tydal;2022;221;588.0;13494.0;893000.0;101000.0;240000.0;128000.0;1357000.0;1518.7074829931973;171.7687074829932;408.16326530612247;938.7755102040817;217.68707482993196;100.56321327997628;1736.3945578231292;1836.9577711031054;121000.0;205.78231292517006;1.0;0.8347107438016529;;
5034;Meråker;2022;221;1800.0;16105.0;1457000.0;274000.0;621000.0;136000.0;1904000.0;809.4444444444445;152.22222222222223;345.0;312.22222222222223;75.55555555555556;118.22415398944428;885.0;1003.2241539894443;252000.0;140.0;0.9563492063492064;1.0873015873015874;;
5035;Stjørdal;2022;221;7500.0;145031.0;5484000.0;762000.0;2032000.0;515000.0;8831000.0;731.2;101.6;270.93333333333334;358.6666666666667;68.66666666666667;60.890430321793275;799.8666666666667;860.7570969884599;797000.0;106.26666666666667;1.0;0.9560853199498117;;
5036;Frosta;2022;221;1130.0;14410.0;1077000.0;124000.0;515000.0;164000.0;625000.0;953.0973451327434;109.73451327433628;455.75221238938053;387.6106194690266;145.13274336283186;43.37265787647467;1098.2300884955753;1141.60274637205;130000.0;115.04424778761062;1.0;0.9538461538461539;;
5037;Levanger;2022;221;6367.0;81531.0;6538000.0;989000.0;2375000.0;576000.0;11886000.0;1026.8572326056228;155.33218156117482;373.0171195225381;498.5079315219098;90.46646772420291;145.78503881959008;1117.3237003298257;1263.1087391494157;896000.0;140.72561645987122;1.0;1.1037946428571428;;
5038;Verdal;2022;221;4650.0;80600.0;4556000.0;732000.0;1700000.0;480000.0;2228000.0;979.7849462365591;157.41935483870967;365.59139784946234;456.7741935483871;103.2258064516129;27.642679900744415;1083.010752688172;1110.6534325889165;743000.0;159.78494623655914;1.0;0.9851951547779273;;
5041;Snåase - Snåsa;2022;221;708.0;18203.0;1310000.0;315000.0;457000.0;86000.0;2027000.0;1850.2824858757062;444.91525423728814;645.4802259887006;759.8870056497175;121.46892655367232;111.35527110915783;1971.7514124293784;2083.1066835385363;525000.0;741.5254237288135;1.0;0.6000000000000001;;kwh_urimelig_hoy
5042;Lierne;2022;221;724.0;16510.0;674000.0;87000.0;274000.0;95000.0;1230000.0;930.939226519337;120.1657458563536;378.45303867403317;432.3204419889503;131.21546961325967;74.50030284675954;1062.1546961325967;1136.6549989793562;166000.0;229.28176795580112;1.0;0.5240963855421686;;
5043;Raarvihke - Røyrvik;2022;221;265.0;8151.0;18000.0;0.0;0.0;5000.0;1349000.0;67.9245283018868;0.0;0.0;67.9245283018868;18.867924528301888;165.5011655011655;86.79245283018868;252.2936183313542;34000.0;128.30188679245282;1.0;0.0;areal_for_lite|drift_urimelig_lav|energi_urimelig_lav|renhold_urimelig_lav;areal_for_lite|implisitt_pris_utenfor
5044;Namsskogan;2022;221;920.0;12883.0;903000.0;69000.0;317000.0;21000.0;1040000.0;981.5217391304348;75.0;344.5652173913044;561.9565217391304;22.82608695652174;80.72653884964681;1004.3478260869565;1085.0743649366034;151000.0;164.1304347826087;1.0;0.45695364238410596;;implisitt_pris_utenfor
5045;Grong;2022;221;1667.0;21961.0;1120000.0;181000.0;506000.0;138000.0;2654000.0;671.865626874625;108.57828434313137;303.5392921415717;259.748050389922;82.78344331133773;120.8505987887619;754.6490701859628;875.4996689747247;319000.0;191.3617276544691;1.0;0.5673981191222571;;
5046;Høylandet;2022;221;667.0;11776.0;655000.0;94000.0;269000.0;55000.0;2330000.0;982.0089955022489;140.9295352323838;403.2983508245877;437.78110944527737;82.45877061469265;197.8600543478261;1064.4677661169414;1262.3278204647675;106000.0;158.92053973013492;1.0;0.8867924528301888;;
5047;Overhalla;2022;221;2709.0;29598.0;2702000.0;293000.0;1434000.0;284000.0;785000.0;997.4160206718346;108.15799187892212;529.3466223698782;359.91140642303435;104.83573274270948;26.522062301506857;1102.251753414544;1128.7738157160509;291000.0;107.41971207087487;1.0;1.006872852233677;;
5049;Flatanger;2022;221;1395.0;12367.0;536000.0;97000.0;76000.0;172000.0;104000.0;384.22939068100357;69.53405017921148;54.48028673835125;260.21505376344084;123.29749103942652;8.409476833508531;507.5268817204301;515.9363585539386;104000.0;74.55197132616487;1.0;0.9326923076923078;DV_uteligger_lav;
5052;Leka;2022;221;300.0;5220.0;542000.0;56000.0;214000.0;13000.0;282000.0;1806.6666666666667;186.66666666666666;713.3333333333334;906.6666666666666;43.333333333333336;54.02298850574713;1850.0;1904.0229885057472;45000.0;150.0;1.0;1.2444444444444445;areal_for_lite;areal_for_lite
5053;Inderøy;2022;221;3253.0;39345.0;3968000.0;625000.0;1790000.0;315000.0;3202000.0;1219.797110359668;192.130341223486;550.261297264064;477.405471872118;96.83369197663696;81.38264074215274;1316.630802336305;1398.0134430784576;425000.0;130.6486320319705;1.0;1.4705882352941175;;
5054;Indre Fosen;2022;221;4295.0;60980.0;3270000.0;515000.0;905000.0;558000.0;5292000.0;761.3504074505239;119.90686845168801;210.71012805587893;430.73341094295694;129.918509895227;86.78255165628075;891.2689173457509;978.0514690020316;620000.0;144.35389988358557;1.0;0.8306451612903226;;
5055;Heim;2022;221;2441.0;38550.0;2846000.0;268000.0;1081000.0;354000.0;2150000.0;1165.9156083572307;109.79106923392052;442.85129045473167;613.2732486685785;145.02253174928308;55.77172503242542;1310.9381401065136;1366.709865138939;424000.0;173.69930356411308;1.0;0.6320754716981132;;
5056;Hitra;2022;221;3052.0;30746.0;3684000.0;284000.0;1824000.0;364000.0;3388000.0;1207.0773263433814;93.05373525557012;597.6408912188729;516.3826998689384;119.26605504587155;110.19319586287646;1326.343381389253;1436.5365772521295;236000.0;77.32634338138925;1.0;1.2033898305084747;;
5057;Ørland;2022;221;4795.0;117886.0;3089000.0;729000.0;984000.0;376000.0;6336000.0;644.2127215849844;152.03336809176224;205.21376433785193;286.9655891553702;78.41501564129301;53.74684016761957;722.6277372262774;776.374577393897;792000.0;165.1720542231491;1.0;0.9204545454545454;;
5058;Åfjord;2022;221;2275.0;27250.0;3166000.0;645000.0;1249000.0;369000.0;1157000.0;1391.6483516483515;283.5164835164835;549.010989010989;559.1208791208791;162.1978021978022;42.45871559633027;1553.8461538461538;1596.304869442484;464000.0;203.95604395604394;1.0;1.3900862068965518;;
5059;Orkland;2022;221;10846.0;96033.0;12528000.0;1595000.0;5252000.0;1342000.0;9387000.0;1155.0802139037432;147.05882352941177;484.2338189194173;523.7875714549142;123.73225152129818;97.74764924557184;1278.8124654250414;1376.5601146706133;1775000.0;163.65480361423568;1.0;0.8985915492957746;;
5060;Nærøysund;2022;221;3292.0;89766.0;2389000.0;368000.0;1362000.0;152000.0;7921000.0;725.6986634264885;111.7861482381531;413.730255164034;200.18226002430134;46.172539489671934;88.24053650602679;771.8712029161604;860.1117394221872;360000.0;109.35601458080194;1.0;1.0222222222222224;;
5061;Rindal;2022;221;2401.0;15914.0;1800000.0;390000.0;1000.0;1496000.0;0.0;749.6876301541024;162.4323198667222;0.41649312786339027;586.8388171595169;623.0737192836318;0.0;1372.7613494377342;1372.7613494377342;438000.0;182.42399000416492;1.0;0.8904109589041096;renhold_urimelig_lav;
5401;Tromsø (2020-2023);2022;221;22216.0;330382.0;26313000.0;3361000.0;7156000.0;5114000.0;23163000.0;1184.4166366582642;151.28736046092905;322.11019085343895;711.0190853438963;230.19445444724522;70.10975174192299;1414.6110911055096;1484.7208428474326;9992000.0;449.76593446164924;1.0;0.336369095276221;;implisitt_pris_utenfor|kwh_uteligger
5402;Harstad (2020-2023);2022;221;11016.0;148707.0;9725000.0;1825000.0;3998000.0;1587000.0;12942000.0;882.8068264342775;165.66811909949166;362.9266521423384;354.21205519244734;144.0631808278867;87.03020032681717;1026.870007262164;1113.9002075889812;2076000.0;188.45315904139434;1.0;0.8790944123314066;;
5403;Alta (2020-2023);2022;221;5574.0;179115.0;4392000.0;400000.0;1930000.0;365000.0;7884000.0;787.9440258342304;71.76175098672408;346.25044851094367;369.9318263365626;65.48259777538571;44.0164140356754;853.4266236096161;897.4430376452915;1375000.0;246.681019016864;1.0;0.29090909090909095;;implisitt_pris_utenfor
5404;Vardø (2020-2023);2022;221;0.0;115.0;1073000.0;320000.0;437000.0;145000.0;607000.0;;;;;;;;;0.0;;;;areal_mangler;areal_mangler|kwh_mangler
5405;Vadsø (2020-2023);2022;221;2772.0;52843.0;2641000.0;789000.0;1264000.0;1000.0;958000.0;952.7417027417027;284.6320346320346;455.988455988456;212.12121212121212;0.36075036075036077;18.129175103608805;953.1024531024531;971.2316282060618;872000.0;314.5743145743146;1.0;0.9048165137614678;;
5406;Hammerfest (2020-2023);2022;221;7481.0;113507.0;8087000.0;751000.0;3907000.0;1201000.0;5990000.0;1081.0052132067906;100.3876487100655;522.2563828365192;458.36118166020583;160.54003475471194;52.77207573101219;1241.5452479615026;1294.3173236925147;1555000.0;207.85991177650047;1.0;0.4829581993569132;;implisitt_pris_utenfor
5411;Kvæfjord (2020-2023);2022;221;2246.0;29583.0;1551000.0;408000.0;375000.0;100000.0;771000.0;690.5609973285841;181.65627782724843;166.96349065004452;341.94122885129116;44.52359750667854;26.062265490315383;735.0845948352627;761.146860325578;210000.0;93.49955476402494;1.0;1.9428571428571426;;
5412;Tjeldsund (2020-2023);2022;221;4200.0;24100.0;3162000.0;615000.0;1382000.0;820000.0;1136000.0;752.8571428571429;146.42857142857142;329.04761904761904;277.3809523809524;195.23809523809524;47.136929460580916;948.0952380952381;995.2321675558189;533000.0;126.9047619047619;1.0;1.1538461538461537;;
5413;Ibestad (2020-2023);2022;221;700.0;10816.0;804000.0;209000.0;231000.0;45000.0;483000.0;1148.5714285714287;298.57142857142856;330.0;520.0;64.28571428571429;44.656065088757394;1212.857142857143;1257.5132079459004;307000.0;438.57142857142856;1.0;0.6807817589576547;;kwh_uteligger
5414;Gratangen (2020-2023);2022;221;698.0;11071.0;172000.0;42000.0;5000.0;93000.0;0.0;246.41833810888252;60.17191977077364;7.163323782234957;179.0830945558739;133.2378223495702;0.0;379.65616045845275;379.65616045845275;71000.0;101.71919770773638;1.0;0.591549295774648;renhold_urimelig_lav;
5415;Loabák - Lavangen (2020-2023);2022;221;616.0;9085.0;650000.0;129000.0;354000.0;58000.0;2123000.0;1055.1948051948052;209.41558441558442;574.6753246753246;271.1038961038961;94.15584415584415;233.68189323059988;1149.3506493506493;1383.0325425812491;187000.0;303.57142857142856;1.0;0.6898395721925135;;
5416;Bardu (2020-2023);2022;221;2973.0;24858.0;3376000.0;393000.0;1357000.0;945000.0;1757000.0;1135.5533131516986;132.18970736629666;456.44130507904475;546.9223007063572;317.86074672048437;70.68147075388205;1453.414059872183;1524.095530626065;536000.0;180.28927009754457;1.0;0.7332089552238805;;
5417;Salangen (2020-2023);2022;221;1522.0;16897.0;1298000.0;242000.0;392000.0;154000.0;606000.0;852.8252299605782;159.0013140604468;257.55584756898816;436.26806833114324;101.1826544021025;35.864354619163166;954.0078843626807;989.8722389818438;219000.0;143.88961892247045;1.0;1.1050228310502284;;
5418;Målselv (2020-2023);2022;221;3174.0;44810.0;4247000.0;678000.0;1625000.0;1929000.0;1762000.0;1338.0592312539382;213.61058601134215;511.97227473219914;612.4763705103969;607.750472589792;39.32158000446329;1945.8097038437304;1985.1312838481938;806000.0;253.93824826717076;1.0;0.8411910669975186;;
5419;Sørreisa (2020-2023);2022;221;2590.0;24183.0;1394000.0;249000.0;549000.0;78000.0;4186000.0;538.2239382239383;96.13899613899613;211.96911196911196;230.1158301158301;30.115830115830114;173.09680353967664;568.3397683397683;741.436571879445;479000.0;184.94208494208493;1.0;0.5198329853862212;;
5420;Dyrøy (2020-2023);2022;221;384.0;9114.0;868000.0;94000.0;428000.0;114000.0;2378000.0;2260.4166666666665;244.79166666666666;1114.5833333333333;901.0416666666666;296.875;260.91727013386;2557.2916666666665;2818.2089368005263;218000.0;567.7083333333334;0.5321100917431193;0.4311926605504587;areal_for_lite;areal_for_lite|kwh_urimelig_hoy|implisitt_pris_utenfor
5421;Senja (2020-2023);2022;221;8126.0;103565.0;7288000.0;1212000.0;3980000.0;2101000.0;14163000.0;896.8742308638937;149.15087373861678;489.785872507999;257.93748461727785;258.55279350233815;136.75469511900738;1155.4270243662318;1292.1817194852392;1634000.0;201.08294363770614;1.0;0.7417380660954712;;
5422;Balsfjord (2020-2023);2022;221;2529.0;41015.0;1870000.0;186000.0;1064000.0;164000.0;2955000.0;739.4226967180704;73.54685646500593;420.719652036378;245.15618821668645;64.84776591538157;72.04681214189931;804.270462633452;876.3172747753513;0.0;0.0;;;;kwh_null|kwh_urimelig_lav
5423;Karlsøy (2020-2023);2022;221;1193.0;13746.0;1489000.0;275000.0;860000.0;143000.0;2229000.0;1248.1139983235541;230.51131601005866;720.8717518860017;296.7309304274937;119.86588432523051;162.15626364033173;1367.9798826487845;1530.1361462891161;405000.0;339.4803017602682;1.0;0.6790123456790124;;
5424;Lyngen (2020-2023);2022;221;1730.0;26525.0;2024000.0;165000.0;874000.0;52000.0;995000.0;1169.942196531792;95.3757225433526;505.2023121387283;569.364161849711;30.057803468208093;37.51178133836004;1200.0;1237.51178133836;310000.0;179.1907514450867;1.0;0.532258064516129;;
5425;Storfjord - Omasvuotna - Omasvuono (2020-2023);2022;221;735.0;22486.0;865000.0;88000.0;386000.0;0.0;1272000.0;1176.8707482993198;119.72789115646259;525.1700680272108;531.9727891156463;0.0;56.56853153073023;1176.8707482993198;1233.43927983005;166000.0;225.85034013605443;1.0;0.5301204819277109;;
5426;Gáivuotna - Kåfjord - Kaivuono (2020-2023);2022;221;1078.0;16413.0;1995000.0;160000.0;913000.0;574000.0;1206000.0;1850.6493506493507;148.4230055658627;846.9387755102041;855.2875695732838;532.4675324675325;73.47834033997441;2383.116883116883;2456.595223456857;288000.0;267.1614100185529;1.0;0.5555555555555555;;
5427;Skjervøy (2020-2023);2022;221;2121.0;28698.0;1291000.0;138000.0;493000.0;131000.0;1690000.0;608.6751532296087;65.06364922206507;232.43752946723245;311.1739745403112;61.76331918906176;58.889121193114505;670.4384724186705;729.327593611785;292000.0;137.67090994813768;1.0;0.4726027397260274;;implisitt_pris_utenfor
5428;Nordreisa (2020-2023);2022;221;2599.0;36884.0;1507000.0;150000.0;943000.0;94000.0;2975000.0;579.8383993843786;57.71450557906887;362.83185840707966;159.2920353982301;36.16775682954983;80.65828001301378;616.0061562139284;696.6644362269421;208000.0;80.03078106964217;1.0;0.721153846153846;;
5429;Kvænangen (2020-2023);2022;221;815.0;12761.0;1455000.0;126000.0;1027000.0;122000.0;345000.0;1785.276073619632;154.60122699386503;1260.122699386503;370.55214723926383;149.69325153374234;27.03549878536165;1934.9693251533743;1962.0048239387359;168000.0;206.13496932515338;1.0;0.75;;
5430;Guovdageaidnu-Kautokeino (2020-2023);2022;221;1500.0;21128.0;1034000.0;200000.0;144000.0;157000.0;2182000.0;689.3333333333334;133.33333333333334;96.0;460.0;104.66666666666667;103.27527451722833;794.0;897.2752745172284;277000.0;184.66666666666666;1.0;0.7220216606498195;;
5432;Loppa (2020-2023);2022;221;1690.0;14705.0;1154000.0;108000.0;0.0;76000.0;497000.0;682.8402366863905;63.905325443786985;0.0;618.9349112426036;44.97041420118343;33.7980278816729;727.810650887574;761.6086787692468;275000.0;162.72189349112426;1.0;0.39272727272727276;renhold_urimelig_lav;implisitt_pris_utenfor
5433;Hasvik (2020-2023);2022;221;1130.0;9880.0;593000.0;133000.0;250000.0;161000.0;902000.0;524.7787610619469;117.69911504424779;221.23893805309734;185.84070796460176;142.47787610619469;91.29554655870446;667.2566371681415;758.552183726846;223000.0;197.34513274336283;1.0;0.5964125560538117;;
5434;Måsøy (2020-2023);2022;221;637.0;13756.0;990000.0;109000.0;403000.0;49000.0;0.0;1554.160125588697;171.11459968602827;632.6530612244898;750.392464678179;76.92307692307692;0.0;1631.0832025117738;1631.0832025117738;227000.0;356.3579277864992;1.0;0.48017621145374456;;implisitt_pris_utenfor|kwh_uteligger
5435;Nordkapp (2020-2023);2022;221;2609.0;27126.0;2105000.0;395000.0;792000.0;452000.0;0.0;806.8225373706401;151.39900344959756;303.5645841318513;351.8589497891913;173.24645458029897;0.0;980.0689919509391;980.0689919509391;771000.0;295.5155231889613;1.0;0.5123216601815823;;
5436;Porsanger - Porsángu - Porsanki  (2020-2023);2022;221;1670.0;35246.0;1144000.0;121000.0;487000.0;70000.0;2567000.0;685.0299401197605;72.45508982035928;291.6167664670659;320.9580838323353;41.91616766467066;72.83095954150825;726.9461077844311;799.7770673259394;269000.0;161.07784431137725;1.0;0.449814126394052;;implisitt_pris_utenfor
5437;Kárásjohka-Karasjok (2020-2023);2022;221;1563.0;25430.0;461000.0;140000.0;0.0;409000.0;988000.0;294.9456174024312;89.57133717210493;0.0;205.3742802303263;261.6762635956494;38.851749901690916;556.6218809980807;595.4736308997716;310000.0;198.3365323096609;1.0;0.4516129032258065;renhold_urimelig_lav;implisitt_pris_utenfor
5438;Lebesby (2020-2023);2022;221;559.0;12958.0;705000.0;47000.0;551000.0;23000.0;631000.0;1261.180679785331;84.07871198568873;985.6887298747764;191.41323792486583;41.14490161001789;48.695786386788086;1302.3255813953488;1351.0213677821368;120000.0;214.6690518783542;1.0;0.39166666666666666;;implisitt_pris_utenfor
5439;Gamvik (2020-2023);2022;221;962.0;16288.0;412000.0;41000.0;130000.0;24000.0;1420000.0;428.27442827442826;42.61954261954262;135.13513513513513;250.51975051975052;24.948024948024948;87.18074656188605;453.2224532224532;540.4031997843392;148000.0;153.84615384615384;1.0;0.27702702702702703;DV_uteligger_lav;implisitt_pris_utenfor
5440;Berlevåg (2020-2023);2022;221;420.0;10314.0;558000.0;98000.0;241000.0;26000.0;511000.0;1328.5714285714287;233.33333333333334;573.8095238095239;521.4285714285714;61.904761904761905;49.54430870661237;1390.4761904761904;1440.0204991828027;130000.0;309.5238095238095;1.0;0.7538461538461539;areal_for_lite;areal_for_lite
5441;Deatnu-Tana (2020-2023);2022;221;0.0;303.0;965000.0;228000.0;0.0;41000.0;2190000.0;;;;;;;;;0.0;;;;areal_mangler;areal_mangler|kwh_mangler
5442;Unjárga-Nesseby (2020-2023);2022;221;700.0;8863.0;521000.0;139000.0;246000.0;76000.0;483000.0;744.2857142857143;198.57142857142858;351.42857142857144;194.28571428571428;108.57142857142857;54.49622024145323;852.8571428571429;907.3533630985961;0.0;0.0;;;;kwh_null|kwh_urimelig_lav
5443;Båtsfjord (2020-2023);2022;221;1131.0;16687.0;1669000.0;134000.0;839000.0;32000.0;657000.0;1475.685234305924;118.47922192749779;741.8213969938108;615.3846153846154;28.293545534924846;39.37196620123449;1503.9787798408488;1543.3507460420833;204000.0;180.3713527851459;1.0;0.6568627450980392;;
5444;Sør-Varanger (2020-2023);2022;221;4894.0;70516.0;6070000.0;706000.0;1931000.0;1287000.0;1084000.0;1240.2942378422558;144.25827543931345;394.5647731916633;701.4711892112791;262.97507151614224;15.372397753701287;1503.269309358398;1518.6417071120993;843000.0;172.25173682059665;1.0;0.837485172004745;;
