kommune;kommunenavn;aargang;funksjon;eid_areal_m2;portefoljeareal_m2;drift_kr;energi_kr;renhold_kr;vedlikehold_kr;forvaltning_kr;drift_kr_m2;energi_kr_m2;renhold_kr_m2;ovrig_drift_kr_m2;vedlikehold_kr_m2;forvaltning_kr_m2;dv_kr_m2;fdv_kr_m2;energibruk_kwh;kwh_m2;fornybarandel;implisitt_energipris_kr_kwh;flagg_kostnad;flagg_energi
0301;Oslo - Oslove;2022;381;248893.0;2333925.0;511438000.0;29840000.0;23053000.0;89891000.0;485961000.0;2054.8508796952906;119.89087680248139;92.62213079516097;1842.3378720976484;361.16323078592006;208.21620232012597;2416.014110481211;2624.230312801337;42279000.0;169.86817628458815;1.0;0.705787743324109;;
1101;Eigersund;2022;381;4631.0;49539.0;9339000.0;3535000.0;963000.0;497000.0;9466000.0;2016.627078384798;763.3340531202764;207.94644785143598;1045.3465774130857;107.32023321096955;191.08177395587316;2123.9473115957676;2315.029085551641;1352000.0;291.9455841071043;1.0;2.614644970414201;;
1103;Stavanger;2022;381;104753.0;681196.0;84073000.0;28220000.0;4259000.0;11225000.0;69252000.0;802.5832195736638;269.39562590092885;40.65754680056896;492.53004687216594;107.15683560375359;101.66237030164592;909.7400551774174;1011.4024254790634;13094000.0;124.99880671675274;0.9883916297540858;2.155185581182221;renhold_urimelig_lav;
1106;Haugesund;2022;381;22991.0;135720.0;19569000.0;6488000.0;949000.0;2339000.0;3028000.0;851.1591492323083;282.19738158409814;41.27702144317342;527.6847462050367;101.73546170240529;22.310639552018863;952.8946109347136;975.2052504867324;3842000.0;167.1088686877474;0.5580426861009891;1.6887038001041124;renhold_urimelig_lav;
1108;Sandnes;2022;381;33580.0;315523.0;49990000.0;8196000.0;3777000.0;1344000.0;29226000.0;1488.68374032162;244.07385348421678;112.47766527695056;1132.1322215604528;40.023823704586064;92.62716188677211;1528.707564026206;1621.3347259129782;4877000.0;145.23525908278737;0.9741644453557515;1.6805413163830223;;
1111;Sokndal;2022;381;612.0;22443.0;57000.0;0.0;0.0;7000.0;877000.0;93.13725490196079;0.0;0.0;93.13725490196079;11.437908496732026;39.076772267522166;104.57516339869281;143.65193566621497;0.0;0.0;;;drift_urimelig_lav|energi_urimelig_lav|renhold_urimelig_lav;kwh_null|kwh_urimelig_lav
1112;Lund;2022;381;2550.0;23592.0;4567000.0;1730000.0;633000.0;20000.0;421000.0;1790.9803921568628;678.4313725490196;248.23529411764707;864.3137254901961;7.8431372549019605;17.845032214309935;1798.8235294117646;1816.6685616260745;706000.0;276.8627450980392;1.0;2.45042492917847;;
1114;Bjerkreim;2022;381;0.0;17774.0;155000.0;75000.0;0.0;0.0;406000.0;;;;;;;;;0.0;;;;areal_mangler;areal_mangler|kwh_mangler
1119;Hå;2022;381;0.0;88908.0;0.0;0.0;0.0;0.0;3283000.0;;;;;;;;;0.0;;;;areal_mangler|drift_null;areal_mangler|kwh_mangler
1120;Klepp;2022;381;11796.0;89364.0;9458000.0;1495000.0;817000.0;1186000.0;2338000.0;801.7972193964056;126.73787724652425;69.26076636147847;605.7985757884029;100.54255679891489;26.162660579204154;902.3397761953205;928.5024367745247;1538000.0;130.38318073923364;0.9570871261378413;0.9720416124837452;;
1121;Time;2022;381;5979.0;87088.0;5066000.0;895000.0;1332000.0;439000.0;8181000.0;847.2988794112728;149.69058370965044;222.77972905168087;474.8285666499415;73.42364943970564;93.93946353114092;920.7225288509784;1014.6619923821193;556000.0;92.99213915370463;1.0;1.6097122302158273;;
1122;Gjesdal;2022;381;4195.0;57501.0;2573000.0;1119000.0;484000.0;514000.0;3284000.0;613.3492252681764;266.74612634088203;115.37544696066746;231.22765196662695;122.52681764004768;57.11205022521347;735.8760429082241;792.9880931334376;962000.0;229.3206197854589;1.0;1.1632016632016633;;
1124;Sola;2022;381;18781.0;185461.0;21476000.0;7395000.0;1657000.0;2000000.0;13526000.0;1143.496086470369;393.7490016506043;88.2274639263085;661.5196208934561;106.49060220435547;72.93177541369883;1249.9866886747245;1322.9184640884234;4059000.0;216.12267717373942;0.7536338999753633;1.8218773096821876;;
1127;Randaberg;2022;381;4963.0;66126.0;8952000.0;2446000.0;507000.0;480000.0;98000.0;1803.7477332258713;492.8470683054604;102.15595406004432;1208.7447108603667;96.71569615152126;1.4820191755134138;1900.4634293773927;1901.945448552906;1086000.0;218.81926254281686;1.0;2.2523020257826887;;
1130;Strand;2022;381;8653.0;62752.0;3716000.0;1700000.0;581000.0;128000.0;4288000.0;429.44643476251014;196.46365422396858;67.14434300242691;165.83843753611464;14.792557494510575;68.33248342682305;444.2389922570207;512.5714756838438;218000.0;25.193574482838322;1.0;7.79816513761468;;kwh_urimelig_lav|implisitt_pris_utenfor
1133;Hjelmeland;2022;381;1790.0;26169.0;816000.0;769000.0;0.0;634000.0;1338000.0;455.8659217877095;429.60893854748605;0.0;26.256983240223462;354.1899441340782;51.12919867018228;810.0558659217877;861.18506459197;208000.0;116.20111731843575;1.0;3.697115384615385;renhold_urimelig_lav;implisitt_pris_utenfor
1134;Suldal;2022;381;5253.0;36909.0;6742000.0;2937000.0;1436000.0;1122000.0;1262000.0;1283.457072149248;559.109080525414;273.3675994669712;450.98039215686276;213.59223300970874;34.19220244384839;1497.0493051589567;1531.241507602805;1210000.0;230.3445650104702;1.0;2.4272727272727272;;
1135;Sauda;2022;381;6449.0;26048.0;13068000.0;6255000.0;185000.0;265000.0;114000.0;2026.3606760738098;969.9178167157698;28.686618080322532;1027.7562412777174;41.0916421150566;4.3765356265356266;2067.4523181888667;2071.8288538154025;2707000.0;419.755000775314;1.0;2.310676025120059;renhold_urimelig_lav;
1144;Kvitsøy;2022;381;1671.0;6644.0;76000.0;0.0;0.0;7000.0;203000.0;45.48174745661281;0.0;0.0;45.48174745661281;4.189108318372233;30.553883202889825;49.670855774985036;80.22473897787486;104000.0;62.23818073010174;1.0;0.0;drift_urimelig_lav|energi_urimelig_lav|renhold_urimelig_lav;implisitt_pris_utenfor
1145;Bokn;2022;381;3400.0;11283.0;703000.0;272000.0;210000.0;68000.0;439000.0;206.76470588235293;80.0;61.76470588235294;65.0;20.0;38.90809181955154;226.76470588235293;265.67279770190447;98000.0;28.823529411764707;1.0;2.7755102040816326;;kwh_urimelig_lav
1146;Tysvær;2022;381;4680.0;65010.0;7615000.0;487000.0;1870000.0;943000.0;5640000.0;1627.1367521367522;104.05982905982906;399.5726495726496;1123.5042735042734;201.4957264957265;86.75588371019843;1828.6324786324785;1915.388362342677;315000.0;67.3076923076923;0.6349206349206349;1.546031746031746;;
1149;Karmøy;2022;381;11417.0;186330.0;11003000.0;3366000.0;1088000.0;1156000.0;6726000.0;963.7382850135763;294.8235088026627;95.29648769378996;573.6182885171236;101.25251817465184;36.097246820157785;1064.990803188228;1101.0880500083858;2249000.0;196.98694928615222;0.6780791462872388;1.496665184526456;;
1151;Utsira;2022;381;990.0;3280.0;494000.0;30000.0;73000.0;136000.0;94000.0;498.989898989899;30.303030303030305;73.73737373737374;394.949494949495;137.37373737373738;28.658536585365855;636.3636363636364;665.0221729490022;91000.0;91.91919191919192;1.0;0.3296703296703297;energi_urimelig_lav;implisitt_pris_utenfor
1160;Vindafjord;2022;381;4680.0;56584.0;1327000.0;560000.0;127000.0;541000.0;2607000.0;283.54700854700855;119.65811965811966;27.136752136752136;136.75213675213675;115.5982905982906;46.07309486780716;399.14529914529913;445.21839401310626;238000.0;50.85470085470085;1.0;2.3529411764705883;renhold_urimelig_lav;
1505;Kristiansund;2022;381;9513.0;115530.0;3757000.0;1353000.0;0.0;913000.0;8716000.0;394.933249237885;142.22642699463893;0.0;252.70682224324608;95.97393041101651;75.44360772093829;490.9071796489015;566.3507873698397;2165000.0;227.58330705350573;1.0;0.6249422632794458;renhold_urimelig_lav;
1506;Molde;2022;381;24797.0;164145.0;20464000.0;3707000.0;2405000.0;1349000.0;11704000.0;825.2611202968101;149.49389038996654;96.98753881517925;578.7796910916643;54.40174214622736;71.3028115385787;879.6628624430375;950.9656739816162;3115000.0;125.62003468161471;1.0;1.190048154093098;;
1507;Ålesund (2020-2023);2022;381;14433.0;252510.0;13005000.0;2689000.0;1333000.0;2515000.0;16571000.0;901.0600706713781;186.30915263631954;92.3577911730063;622.3931268620522;174.25344696182358;65.62512375747495;1075.3135176332016;1140.9386413906766;3861000.0;267.51195177717733;1.0;0.6964516964516964;;
1511;Vanylven;2022;381;1856.0;23336.0;413000.0;149000.0;138000.0;30000.0;0.0;222.52155172413794;80.28017241379311;74.35344827586206;67.88793103448276;16.163793103448278;0.0;238.68534482758622;238.68534482758622;220000.0;118.53448275862068;1.0;0.6772727272727274;;
1514;Sande;2022;381;0.0;23289.0;0.0;0.0;0.0;0.0;1029000.0;;;;;;;;;0.0;;;;areal_mangler|drift_null;areal_mangler|kwh_mangler
1515;Herøy (Møre og Romsdal);2022;381;1400.0;47224.0;892000.0;47000.0;0.0;216000.0;2863000.0;637.1428571428571;33.57142857142857;0.0;603.5714285714286;154.28571428571428;60.62595290530239;791.4285714285714;852.0545243338738;308000.0;220.0;1.0;0.1525974025974026;energi_urimelig_lav|renhold_urimelig_lav;implisitt_pris_utenfor
1516;Ulstein;2022;381;19056.0;51946.0;13021000.0;1913000.0;1145000.0;1561000.0;5745000.0;683.3018471872376;100.38832913518053;60.08606213266163;522.8274559193954;81.91645675902603;110.59561852693182;765.2183039462636;875.8139224731955;3030000.0;159.00503778337531;1.0;0.6313531353135314;;
1517;Hareid;2022;381;6690.0;35472.0;1720000.0;390000.0;352000.0;235000.0;5594000.0;257.10014947683106;58.29596412556054;52.615844544095665;146.18834080717488;35.1270553064275;157.701849345963;292.22720478325857;449.9290541292216;;;;;;kwh_mangler
1520;Ørsta;2022;381;9894.0;65716.0;5067000.0;769000.0;1632000.0;348000.0;3265000.0;512.1285627653123;77.72387305437638;164.94845360824743;269.4562361026885;35.1728320194057;49.68348651774301;547.301394784718;596.9848813024611;984000.0;99.45421467556095;1.0;0.7815040650406503;;
1525;Stranda;2022;381;2830.0;32077.0;907000.0;214000.0;145000.0;109000.0;98000.0;320.4946996466431;75.61837455830388;51.236749116607776;193.63957597173146;38.51590106007067;3.055148548804439;359.0106007067138;362.0657492555182;;;;;;kwh_mangler
1528;Sykkylven;2022;381;3041.0;29485.0;2084000.0;210000.0;91000.0;370000.0;1337000.0;685.3008878658336;69.05623150279513;29.92436698454456;586.320289378494;121.67050312397238;45.345090724097;806.971390989806;852.3164817139029;569000.0;187.10950345281157;1.0;0.36906854130052724;renhold_urimelig_lav;implisitt_pris_utenfor
1531;Sula;2022;381;3911.0;57114.0;904000.0;103000.0;668000.0;0.0;5167000.0;231.1429301968806;26.33597545384812;170.8003068268985;34.00664791613398;0.0;90.46818643414925;231.1429301968806;321.61111663102986;198000.0;50.626438251086675;1.0;0.5202020202020202;energi_urimelig_lav;
1532;Giske;2022;381;7665.0;41930.0;843000.0;120000.0;0.0;158000.0;2426000.0;109.98043052837573;15.655577299412915;0.0;94.32485322896282;20.61317677756034;57.85833532077272;130.59360730593608;188.45194262670879;311000.0;40.57403783431181;1.0;0.3858520900321543;drift_urimelig_lav|energi_urimelig_lav|renhold_urimelig_lav;kwh_urimelig_lav|implisitt_pris_utenfor
1535;Vestnes;2022;381;6204.0;43894.0;1644000.0;384000.0;583000.0;262000.0;6378000.0;264.9903288201161;61.89555125725339;93.97163120567376;109.12314635718892;42.23081882656351;145.30459743928554;307.2211476466796;452.5257450859651;657000.0;105.89941972920697;1.0;0.5844748858447488;;
1539;Rauma;2022;381;6627.0;52539.0;3717000.0;668000.0;576000.0;254000.0;2108000.0;560.8872793119058;100.79975856345254;86.9171570846537;373.1703636637996;38.3280519088577;40.12257561049887;599.2153312207636;639.3379068312624;1230000.0;185.60434585785424;1.0;0.5430894308943089;;
1547;Aukra;2022;381;800.0;26386.0;1064000.0;153000.0;0.0;90000.0;577000.0;1330.0;191.25;0.0;1138.75;112.5;21.86765709088153;1442.5;1464.3676570908815;196000.0;245.0;1.0;0.7806122448979592;renhold_urimelig_lav;
1554;Averøy;2022;381;1825.0;21461.0;949000.0;347000.0;20000.0;517000.0;1036000.0;520.0;190.13698630136986;10.95890410958904;318.90410958904107;283.28767123287673;48.273612599599275;803.2876712328767;851.561283832476;174000.0;95.34246575342466;0.9885057471264368;1.9942528735632183;renhold_urimelig_lav;
1557;Gjemnes;2022;381;2395.0;18282.0;480000.0;63000.0;157000.0;8000.0;542000.0;200.41753653444675;26.304801670146137;65.55323590814196;108.55949895615866;3.3402922755741127;29.64664697516683;203.75782881002087;233.40447578518769;60000.0;25.052192066805844;1.0;1.05;energi_urimelig_lav;kwh_urimelig_lav
1560;Tingvoll;2022;381;6624.0;26517.0;1835000.0;326000.0;548000.0;252000.0;1662000.0;277.02294685990336;49.21497584541063;82.72946859903382;145.07850241545893;38.04347826086956;62.67677339065505;315.0664251207729;377.743198511428;358000.0;54.04589371980676;1.0;0.9106145251396648;;
1563;Sunndal;2022;381;5093.0;48587.0;7919000.0;1095000.0;499000.0;1257000.0;3003000.0;1554.8792460239545;215.00098173964264;97.97761633614765;1241.900647948164;246.809346161398;61.806656101426306;1801.6885921853525;1863.4952482867789;1525000.0;299.43059100726487;1.0;0.7180327868852459;;
1566;Surnadal;2022;381;2100.0;33305.0;2146000.0;281000.0;382000.0;650000.0;1147000.0;1021.9047619047619;133.8095238095238;181.9047619047619;706.1904761904761;309.5238095238095;34.43927338237502;1331.4285714285713;1365.8678448109463;236000.0;112.38095238095238;1.0;1.1906779661016949;;
1573;Smøla;2022;381;1890.0;15864.0;1159000.0;167000.0;209000.0;34000.0;0.0;613.2275132275132;88.35978835978835;110.58201058201058;414.2857142857143;17.98941798941799;0.0;631.2169312169312;631.2169312169312;165000.0;87.3015873015873;1.0;1.012121212121212;;
1576;Aure;2022;381;3730.0;24457.0;1562000.0;519000.0;615000.0;235000.0;0.0;418.7667560321716;139.14209115281503;164.8793565683646;114.74530831099196;63.002680965147455;0.0;481.769436997319;481.769436997319;370000.0;99.19571045576407;0.8216216216216217;1.4027027027027028;;
1577;Volda;2022;381;2955.0;48341.0;269000.0;137000.0;0.0;48000.0;12401000.0;91.0321489001692;46.36209813874788;0.0;44.67005076142132;16.243654822335024;256.53172255435345;107.27580372250424;363.8075262768577;324000.0;109.64467005076142;1.0;0.4228395061728395;drift_urimelig_lav|renhold_urimelig_lav;implisitt_pris_utenfor
1578;Fjord;2022;381;3923.0;31324.0;2695000.0;196000.0;242000.0;227000.0;0.0;686.974254397145;49.961763956156005;61.687484068315065;575.325006372674;57.86387968391537;0.0;744.8381340810604;744.8381340810604;285000.0;72.64848330359419;1.0;0.6877192982456141;;
1579;Hustadvika;2022;381;9129.0;68596.0;1636000.0;385000.0;266000.0;388000.0;3336000.0;179.20911381312303;42.173293898565014;29.137912148099463;107.89790776645854;42.50191696790448;48.63257332789084;221.7110307810275;270.3436041089183;419000.0;45.897688684412316;1.0;0.918854415274463;drift_urimelig_lav|renhold_urimelig_lav;kwh_urimelig_lav
1804;Bodø;2022;381;17782.0;245978.0;11950000.0;3539000.0;1495000.0;4028000.0;44654000.0;672.0278933753234;199.0214823979305;84.07378247666179;388.9326285007311;226.5212012147115;181.53656018017872;898.5490945900349;1080.0856547702135;2040000.0;114.72275334608031;1.0;1.7348039215686275;;
1806;Narvik;2022;381;23929.0;123762.0;15044000.0;3157000.0;0.0;288000.0;8316000.0;628.6932174349116;131.93196539763466;0.0;496.76125203727696;12.035605332441808;67.19348426819218;640.7288227673534;707.9223070355456;4494000.0;187.80559154164402;1.0;0.7024922118380061;renhold_urimelig_lav;
1811;Bindal;2022;381;2010.0;12312.0;0.0;0.0;0.0;0.0;356000.0;0.0;0.0;0.0;0.0;0.0;28.914879792072774;0.0;28.914879792072774;0.0;0.0;;;drift_null|drift_urimelig_lav|energi_urimelig_lav|renhold_urimelig_lav;kwh_null|kwh_urimelig_lav
1812;Sømna;2022;381;3558.0;16671.0;694000.0;128000.0;102000.0;118000.0;0.0;195.05340078695897;35.975267003934796;28.66779089376054;130.41034288926363;33.16469926925239;0.0;228.21810005621134;228.21810005621134;330000.0;92.7487352445194;1.0;0.3878787878787879;drift_urimelig_lav|energi_urimelig_lav|renhold_urimelig_lav;implisitt_pris_utenfor
1813;Brønnøy;2022;381;8743.0;48530.0;4465000.0;661000.0;0.0;517000.0;1756000.0;510.6942697014755;75.6033398147089;0.0;435.09092988676656;59.133020702276106;36.183803832680816;569.8272904037516;606.0110942364324;645000.0;73.77330435777193;1.0;1.0248062015503874;renhold_urimelig_lav;
1815;Vega;2022;381;0.0;12500.0;0.0;0.0;0.0;0.0;0.0;;;;;;;;;;;;;areal_mangler|drift_null;areal_mangler|kwh_mangler
1816;Vevelstad;2022;381;112.0;4662.0;0.0;0.0;0.0;0.0;0.0;0.0;0.0;0.0;0.0;0.0;0.0;0.0;0.0;0.0;0.0;;;areal_for_lite|drift_null|drift_urimelig_lav|energi_urimelig_lav|renhold_urimelig_lav;areal_for_lite|kwh_null|kwh_urimelig_lav
1818;Herøy (Nordland);2022;381;2231.0;12680.0;222000.0;87000.0;47000.0;65000.0;476000.0;99.50694755714926;38.99596593455849;21.066786194531602;39.44419542805917;29.1349170775437;37.53943217665615;128.64186463469295;166.1812968113491;325000.0;145.6745853877185;1.0;0.2676923076923077;drift_urimelig_lav|energi_urimelig_lav|renhold_urimelig_lav;implisitt_pris_utenfor
1820;Alstahaug;2022;381;10044.0;50832.0;7008000.0;535000.0;505000.0;544000.0;4956000.0;697.7299880525687;53.26563122262047;50.278773397052966;594.1855834328952;54.16168857029072;97.49763928234184;751.8916766228594;849.3893159052013;742000.0;73.87495021903624;1.0;0.7210242587601079;;
1822;Leirfjord;2022;381;1557.0;18898.0;448000.0;310000.0;66000.0;47000.0;230000.0;287.73281952472706;199.10083493898523;42.38921001926782;46.24277456647399;30.18625561978163;12.170600063498783;317.91907514450867;330.08967520800746;170000.0;109.18432883750803;1.0;1.8235294117647058;renhold_urimelig_lav;
1824;Vefsn;2022;381;10400.0;74993.0;14894000.0;1737000.0;221000.0;1132000.0;5756000.0;1432.1153846153845;167.01923076923077;21.25;1243.8461538461538;108.84615384615384;76.75383035750004;1540.9615384615386;1617.7153688190385;2138000.0;205.57692307692307;1.0;0.81244153414406;renhold_urimelig_lav;
1825;Grane;2022;381;230.0;13298.0;42000.0;17000.0;0.0;31000.0;0.0;182.6086956521739;73.91304347826087;0.0;108.69565217391305;134.7826086956522;0.0;317.39130434782606;317.39130434782606;15000.0;65.21739130434783;1.0;1.1333333333333333;areal_for_lite|drift_urimelig_lav|renhold_urimelig_lav;areal_for_lite
1826;Hattfjelldal - Aarborte;2022;381;1955.0;18371.0;305000.0;94000.0;0.0;34000.0;675000.0;156.01023017902813;48.08184143222506;0.0;107.92838874680307;17.391304347826086;36.7426922867563;173.40153452685422;210.14422681361052;111000.0;56.77749360613811;1.0;0.8468468468468467;drift_urimelig_lav|renhold_urimelig_lav;
1827;Dønna;2022;381;2504.0;13662.0;13000.0;7000.0;0.0;0.0;2387000.0;5.1916932907348246;2.7955271565495208;0.0;2.3961661341853033;0.0;174.71819645732688;5.1916932907348246;179.90988974806172;290000.0;115.814696485623;1.0;0.02413793103448276;drift_urimelig_lav|energi_urimelig_lav|renhold_urimelig_lav;implisitt_pris_utenfor
1828;Nesna;2022;381;0.0;9666.0;104000.0;21000.0;0.0;0.0;518000.0;;;;;;;;;5000.0;;1.0;;areal_mangler;areal_mangler
1832;Hemnes;2022;381;3716.0;37475.0;780000.0;219000.0;157000.0;618000.0;326000.0;209.90312163616792;58.934337997847145;42.2497308934338;108.71905274488698;166.30785791173304;8.699132755170114;376.210979547901;384.9101123030711;333000.0;89.6124865446717;1.0;0.6576576576576576;renhold_urimelig_lav;
1833;Rana;2022;381;10751.0;105893.0;10616000.0;1105000.0;506000.0;1534000.0;10713000.0;987.4430285554832;102.78113663845224;47.06538926611478;837.5965026509162;142.6844014510278;101.16816031276855;1130.127430006511;1231.2955903192797;2293000.0;213.28248535019998;1.0;0.48190143916266903;renhold_urimelig_lav;implisitt_pris_utenfor
1834;Lurøy;2022;381;1660.0;23500.0;196000.0;191000.0;0.0;422000.0;8000.0;118.07228915662651;115.06024096385542;0.0;3.0120481927710845;254.21686746987953;0.3404255319148936;372.28915662650604;372.62958215842093;356000.0;214.4578313253012;1.0;0.5365168539325842;drift_urimelig_lav|renhold_urimelig_lav;
1835;Træna;2022;381;1770.0;5050.0;206000.0;7000.0;134000.0;53000.0;126000.0;116.38418079096046;3.9548022598870056;75.70621468926554;36.72316384180791;29.943502824858758;24.95049504950495;146.3276836158192;171.27817866532416;149000.0;84.18079096045197;1.0;0.04697986577181208;drift_urimelig_lav|energi_urimelig_lav;implisitt_pris_utenfor
1836;Rødøy;2022;381;860.0;15719.0;207000.0;71000.0;88000.0;33000.0;0.0;240.69767441860466;82.55813953488372;102.32558139534883;55.81395348837209;38.372093023255815;0.0;279.06976744186045;279.06976744186045;46000.0;53.48837209302326;1.0;1.5434782608695652;;
1837;Meløy;2022;381;4515.0;42380.0;3616000.0;862000.0;0.0;319000.0;5245000.0;800.8859357696567;190.91915836101882;0.0;609.9667774086379;70.65337763012181;123.76120811703633;871.5393133997785;995.3005215168148;1498000.0;331.7829457364341;1.0;0.57543391188251;renhold_urimelig_lav;
1838;Gildeskål;2022;381;1510.0;20252.0;953000.0;191000.0;197000.0;4000.0;594000.0;631.1258278145696;126.49006622516556;130.46357615894038;374.17218543046357;2.6490066225165565;29.330436500098756;633.774834437086;663.1052709371847;266000.0;176.158940397351;1.0;0.7180451127819549;;
1839;Beiarn;2022;381;0.0;11383.0;0.0;0.0;0.0;0.0;416000.0;;;;;;;;;0.0;;;;areal_mangler|drift_null;areal_mangler|kwh_mangler
1840;Saltdal;2022;381;5737.0;32861.0;2881000.0;679000.0;283000.0;168000.0;1318000.0;502.1788391145198;118.35454070071467;49.32891755272791;334.4953808610772;29.283597699145894;40.10833510848727;531.4624368136657;571.570771922153;784000.0;136.65678926268083;1.0;0.8660714285714287;renhold_urimelig_lav;
1841;Fauske - Fuossko;2022;381;6251.0;41495.0;3596000.0;1233000.0;1097000.0;273000.0;13448000.0;575.2679571268598;197.24844024956008;175.4919212925932;202.52759558470646;43.673012318029116;324.0872394264369;618.9409694448888;943.0282088713257;1987000.0;317.86914093745;1.0;0.6205334675390035;;
1845;Sørfold;2022;381;4490.0;23702.0;1307000.0;338000.0;0.0;305000.0;185000.0;291.0913140311804;75.27839643652561;0.0;215.81291759465478;67.92873051224944;7.805248502236098;359.02004454342983;366.82529304566594;825000.0;183.74164810690422;1.0;0.4096969696969697;renhold_urimelig_lav;implisitt_pris_utenfor
1848;Steigen;2022;381;2835.0;21347.0;1370000.0;292000.0;132000.0;286000.0;13559000.0;483.24514991181655;102.99823633156967;46.560846560846564;333.68606701940035;100.88183421516754;635.171218438188;584.1269841269841;1219.2982025651722;412000.0;145.326278659612;1.0;0.7087378640776699;renhold_urimelig_lav;
1851;Lødingen;2022;381;4844.0;16936.0;1842000.0;660000.0;428000.0;79000.0;729000.0;380.26424442609414;136.25103220478942;88.35672997522708;155.65648224607762;16.30883567299752;43.044402456306095;396.57308009909167;439.61748255539777;;;;;;kwh_mangler
1853;Evenes - Evenássi;2022;381;2990.0;14741.0;689000.0;88000.0;325000.0;7000.0;419000.0;230.43478260869566;29.431438127090303;108.69565217391305;92.3076923076923;2.3411371237458196;28.424123193813173;232.77591973244148;261.20004292625464;144000.0;48.16053511705686;1.0;0.611111111111111;energi_urimelig_lav;kwh_urimelig_lav
1856;Røst;2022;381;3724.0;11081.0;394000.0;155000.0;34000.0;230000.0;406000.0;105.80021482277121;41.621911922663806;9.129967776584317;55.048335123523096;61.76154672395274;36.63929248262792;167.56176154672394;204.20105402935187;184000.0;49.40923737916219;1.0;0.8423913043478262;drift_urimelig_lav|renhold_urimelig_lav;kwh_urimelig_lav
1857;Værøy;2022;381;0.0;7950.0;80000.0;60000.0;0.0;0.0;136000.0;;;;;;;;;8000.0;;1.0;;areal_mangler;areal_mangler
1859;Flakstad;2022;381;0.0;5913.0;0.0;0.0;0.0;-23000.0;196000.0;;;;;;;;;0.0;;;;areal_mangler|drift_null|vedlikehold_negativ;areal_mangler|kwh_mangler
1860;Vestvågøy;2022;381;12160.0;63217.0;4000.0;0.0;0.0;0.0;1931000.0;0.32894736842105265;0.0;0.0;0.32894736842105265;0.0;30.54558109369315;0.32894736842105265;30.874528462114203;1381000.0;113.56907894736842;1.0;0.0;drift_urimelig_lav|energi_urimelig_lav|renhold_urimelig_lav;implisitt_pris_utenfor
1865;Vågan;2022;381;11095.0;61002.0;944000.0;847000.0;0.0;966000.0;3709000.0;85.0833708877873;76.34069400630915;0.0;8.742676881478143;87.06624605678233;60.80128520376381;172.14961694456963;232.95090214833345;808000.0;72.82559711581794;1.0;1.0482673267326732;drift_urimelig_lav|renhold_urimelig_lav;
1866;Hadsel;2022;381;5710.0;43529.0;698000.0;227000.0;0.0;248000.0;3163000.0;122.24168126094571;39.754816112084065;0.0;82.48686514886164;43.43257443082312;72.66420087757587;165.67425569176882;238.3384565693447;0.0;0.0;;;drift_urimelig_lav|energi_urimelig_lav|renhold_urimelig_lav;kwh_null|kwh_urimelig_lav
1867;Bø;2022;381;0.0;23899.0;0.0;0.0;0.0;0.0;0.0;;;;;;;;;0.0;;;;areal_mangler|drift_null;areal_mangler|kwh_mangler
1868;Øksnes;2022;381;3609.0;32064.0;2130000.0;581000.0;1014000.0;402000.0;2047000.0;590.1911886949293;160.98642283180936;280.96425602660014;148.2405098365198;111.3881961762261;63.84106786427146;701.5793848711554;765.4204527354269;756000.0;209.47630922693267;1.0;0.7685185185185185;;
1870;Sortland - Suortá;2022;381;15882.0;64239.0;6395000.0;1336000.0;740000.0;376000.0;4433000.0;402.6570960836167;84.12038786047097;46.59362800654829;271.9430802165974;23.674600176300213;69.00792353554694;426.3316962599169;495.3396197954638;1721000.0;108.36166729631029;1.0;0.7762928529924462;renhold_urimelig_lav;
1871;Andøy;2022;381;4115.0;25297.0;2060000.0;842000.0;334000.0;168000.0;48000.0;500.6075334143378;204.6172539489672;81.16646415552856;214.82381530984205;40.826245443499396;1.8974581966241055;541.4337788578372;543.3312370544613;1474000.0;358.20170109356013;1.0;0.57123473541384;;
1874;Moskenes;2022;381;466.0;5990.0;0.0;0.0;0.0;0.0;0.0;0.0;0.0;0.0;0.0;0.0;0.0;0.0;0.0;0.0;0.0;;;areal_for_lite|drift_null|drift_urimelig_lav|energi_urimelig_lav|renhold_urimelig_lav;areal_for_lite|kwh_null|kwh_urimelig_lav
1875;Hamarøy - Hábmer;2022;381;3265.0;22253.0;1217000.0;682000.0;0.0;79000.0;1503000.0;372.74119448698315;208.88208269525268;0.0;163.85911179173047;24.19601837672282;67.54145508470768;396.93721286370595;464.47866794841366;1023000.0;313.32312404287904;1.0;0.6666666666666666;renhold_urimelig_lav;
2111;Longyearbyen;2022;381;3200.0;16435.0;4801000.0;1013000.0;893000.0;763000.0;2924000.0;1500.3125;316.5625;279.0625;904.6875;238.4375;177.91299056890782;1738.75;1916.6629905689078;815000.0;254.6875;1.0;1.2429447852760735;;
3001;Halden (2020-2023);2022;381;8156.0;99574.0;6939000.0;3092000.0;585000.0;665000.0;9717000.0;850.7846983815596;379.107405590976;71.7263364394311;399.9509563511525;81.53506620892594;97.5857151465242;932.3197645904855;1029.9054797370097;1794000.0;219.96076508092202;1.0;1.7235228539576366;;
3002;Moss (2020-2023);2022;381;26893.0;185054.0;30102000.0;8229000.0;1370000.0;6737000.0;21318000.0;1119.3247313427287;305.9904064254639;50.94262447477038;762.3917004424943;250.51128546461905;115.19880683476174;1369.8360168073477;1485.0348236421096;4124000.0;153.3484549882869;1.0;1.9953928225024251;;
3003;Sarpsborg (2020-2023);2022;381;27221.0;230887.0;33849000.0;14310000.0;3580000.0;6830000.0;20455000.0;1243.4884831563866;525.6970721134418;131.51610888652144;586.2753021564233;250.9092244957937;88.59312131042458;1494.3977076521803;1582.9908289626048;6788000.0;249.36629807868925;1.0;2.108131997642899;;
3004;Fredrikstad (2020-2023);2022;381;45820.0;384690.0;30385000.0;18016000.0;5908000.0;12664000.0;32595000.0;663.1383675250983;393.1907463989524;128.9393278044522;141.00829332169357;276.3858577040594;84.73056227091944;939.5242252291575;1024.2547875000769;8622000.0;188.1711043212571;0.9679888656924147;2.089538390164695;;
3005;Drammen (2020-2023);2022;381;42305.0;387446.0;75255000.0;14262000.0;3642000.0;13867000.0;51720000.0;1778.8677461292991;337.1232714809124;86.08911476184848;1355.6553598865382;327.7863136745066;133.48957015945447;2106.654059803806;2240.1436299632605;7085000.0;167.47429381869756;1.0;2.012985179957657;;
3006;Kongsberg (2020-2023);2022;381;7455.0;94073.0;16868000.0;3348000.0;386000.0;1407000.0;20205000.0;2262.6425217974515;449.0945674044266;51.777330650570086;1761.7706237424547;188.73239436619718;214.7800112678452;2451.374916163649;2666.154927431494;1389000.0;186.317907444668;1.0;2.41036717062635;;
3007;Ringerike (2020-2023);2022;381;8836.0;115003.0;11944000.0;6258000.0;420000.0;1430000.0;6241000.0;1351.7428700769578;708.2390221819828;47.53282028066999;595.9710276143052;161.83793571751923;54.26814952653409;1513.580805794477;1567.848955321011;1886000.0;213.44499773653237;1.0;3.31813361611877;renhold_urimelig_lav;implisitt_pris_utenfor
3011;Hvaler (2020-2023);2022;381;3548.0;24408.0;1849000.0;266000.0;325000.0;287000.0;3830000.0;521.1386696730552;74.9718151071026;91.60090191657272;354.56595264937994;80.89064261555806;156.91576532284498;602.0293122886133;758.9450776114583;360000.0;101.46561443066517;1.0;0.7388888888888889;;
3012;Aremark (2020-2023);2022;381;1025.0;15974.0;817000.0;270000.0;185000.0;84000.0;288000.0;797.0731707317074;263.4146341463415;180.4878048780488;353.1707317073171;81.95121951219512;18.029297608613998;879.0243902439024;897.0536878525164;161000.0;157.0731707317073;1.0;1.677018633540373;;
3013;Marker (2020-2023);2022;381;1900.0;22820.0;1082000.0;254000.0;260000.0;85000.0;639000.0;569.4736842105264;133.68421052631578;136.8421052631579;298.94736842105266;44.73684210526316;28.001752848378615;614.2105263157895;642.2122791641681;115000.0;60.526315789473685;0.9565217391304348;2.2086956521739127;;
3014;Indre Østfold (2020-2023);2022;381;14784.0;175920.0;11341000.0;3307000.0;2089000.0;2166000.0;12498000.0;767.1130952380952;223.68777056277057;141.30140692640694;402.12391774891773;146.50974025974025;71.04365620736698;913.6228354978355;984.6664917052025;1601000.0;108.29274891774892;1.0;2.0655840099937537;;
3015;Skiptvet (2020-2023);2022;381;0.0;26884.0;1000.0;0.0;0.0;0.0;686000.0;;;;;;;;;0.0;;;;areal_mangler;areal_mangler|kwh_mangler
3016;Rakkestad (2020-2023);2022;381;0.0;39467.0;304000.0;51000.0;132000.0;20000.0;1421000.0;;;;;;;;;0.0;;;;areal_mangler;areal_mangler|kwh_mangler
3017;Råde (2020-2023);2022;381;4019.0;31433.0;1273000.0;218000.0;472000.0;228000.0;2080000.0;316.74545906942024;54.24234884299577;117.44214978850461;145.06096043791987;56.73052998258273;66.17249387586294;373.475989052003;439.6484829278659;612000.0;152.27668574272207;1.0;0.3562091503267974;;implisitt_pris_utenfor
3018;Våler (Viken) (2020-2023);2022;381;1430.0;26701.0;363000.0;46000.0;0.0;92000.0;1714000.0;253.84615384615384;32.16783216783217;0.0;221.67832167832168;64.33566433566433;64.19235234635407;318.1818181818182;382.3741705281723;402000.0;281.1188811188811;1.0;0.1144278606965174;energi_urimelig_lav|renhold_urimelig_lav;implisitt_pris_utenfor
3019;Vestby (2020-2023);2022;381;17255.0;88625.0;8805000.0;3337000.0;1855000.0;3071000.0;10944000.0;510.28687337003765;193.3932193567082;107.50507099391481;209.38858301941465;177.977397855694;123.48660084626235;688.2642712257317;811.7508720719941;2179000.0;126.28223703274413;1.0;1.5314364387333639;;
3020;Nordre Follo (2020-2023);2022;381;34153.0;253949.0;37713000.0;9212000.0;2855000.0;3049000.0;23668000.0;1104.2368166778906;269.7274031563845;83.59441337510614;750.9150001464001;89.27473428395749;93.19981571102859;1193.5115509618481;1286.7113666728767;5183000.0;151.75826428132228;1.0;1.7773490256608144;;
3021;Ås (2020-2023);2022;381;12792.0;118417.0;6649000.0;1439000.0;481000.0;1645000.0;12055000.0;519.7779862414009;112.49218261413384;37.60162601626016;369.6841776110069;128.59599749843653;101.80126164317623;648.3739837398374;750.1752453830136;1026000.0;80.2063789868668;1.0;1.4025341130604287;renhold_urimelig_lav;
3022;Frogn (2020-2023);2022;381;10875.0;76937.0;6502000.0;4685000.0;0.0;3575000.0;3964000.0;597.8850574712644;430.8045977011494;0.0;167.08045977011494;328.735632183908;51.52267439593434;926.6206896551724;978.1433640511068;2301000.0;211.58620689655172;1.0;2.036071273359409;renhold_urimelig_lav;
3023;Nesodden (2020-2023);2022;381;6429.0;70808.0;7102000.0;2013000.0;551000.0;1059000.0;7395000.0;1104.6819100948826;313.1124591693887;85.70539741794991;705.864053507544;164.72235184321045;104.437351711671;1269.404261938093;1373.841613649764;902000.0;140.3017576606004;1.0;2.231707317073171;;
3024;Bærum (2020-2023);2022;381;88500.0;599285.0;58803000.0;21612000.0;4846000.0;10863000.0;101619000.0;664.4406779661017;244.20338983050848;54.75706214689266;365.48022598870057;122.7457627118644;169.56706742201123;787.1864406779661;956.7535080999774;12326000.0;139.27683615819208;1.0;1.7533668667856566;;
3025;Asker (2020-2023);2022;381;82999.0;448887.0;97552000.0;21292000.0;6340000.0;6732000.0;69554000.0;1175.339461921228;256.53321124350896;76.38646248749986;842.4197881902192;81.10941095675851;154.94768171054184;1256.4488728779866;1411.3965545885285;15725000.0;189.46011397727685;1.0;1.3540222575516692;;
3026;Aurskog-Høland (2020-2023);2022;381;3188.0;88365.0;10770000.0;1334000.0;2000.0;195000.0;5960000.0;3378.2936010037643;418.44416562107904;0.6273525721455459;2959.2220828105396;61.166875784190715;67.44751881401007;3439.460476787955;3506.907995601965;1150000.0;360.72772898368885;1.0;1.16;renhold_urimelig_lav;
3027;Rælingen (2020-2023);2022;381;9889.0;100379.0;8687000.0;2420000.0;976000.0;1252000.0;6902000.0;878.4508039235515;244.71635150166853;98.69552027505308;535.0389321468298;126.60531904135908;68.75940186692435;1005.0561229649105;1073.8155248318349;1725000.0;174.4362422894125;1.0;1.4028985507246376;;
3028;Enebakk (2020-2023);2022;381;7600.0;63320.0;2347000.0;1195000.0;519000.0;181000.0;2777000.0;308.8157894736842;157.23684210526315;68.28947368421052;83.28947368421052;23.81578947368421;43.85660138976627;332.63157894736844;376.48818033713474;478000.0;62.89473684210526;1.0;2.5;;
3029;Lørenskog (2020-2023);2022;381;24125.0;181299.0;25357000.0;9277000.0;2094000.0;5563000.0;10527000.0;1051.0673575129533;384.5388601036269;86.79792746113989;579.7305699481865;230.59067357512953;58.06430261612033;1281.658031088083;1339.7223337042033;4606000.0;190.9222797927461;1.0;2.014112027789839;;
3030;Lillestrøm (2020-2023);2022;381;29467.0;393283.0;38656000.0;10301000.0;2716000.0;4673000.0;29120000.0;1311.8403637967897;349.5774934672685;92.17090304408322;870.0919672854379;158.58417891200327;74.04337334692829;1470.4245427087928;1544.4679160557212;6754000.0;229.20555197339397;0.9481788569736452;1.5251702694699438;;
3031;Nittedal (2020-2023);2022;381;18245.0;109060.0;9238000.0;3736000.0;1862000.0;852000.0;9035000.0;506.3305015072623;204.76842970676898;102.05535763222801;199.5067141682653;46.697725404220336;82.84430588666788;553.0282269114826;635.8725327981506;2619000.0;143.54617703480406;1.0;1.4264986636120656;;
3032;Gjerdrum (2020-2023);2022;381;0.0;33234.0;3000.0;0.0;0.0;0.0;9671000.0;;;;;;;;;0.0;;;;areal_mangler;areal_mangler|kwh_mangler
3033;Ullensaker (2020-2023);2022;381;31536.0;161828.0;29232000.0;10751000.0;4396000.0;3402000.0;14143000.0;926.9406392694063;340.91197361745304;139.39624556062913;446.6324200913242;107.87671232876713;87.39525916405071;1034.8173515981734;1122.2126107622241;5069000.0;160.73693556570268;1.0;2.1209311501282304;;
3034;Nes (2020-2023);2022;381;8639.0;81564.0;20784000.0;4783000.0;364000.0;1342000.0;10848000.0;2405.834008565806;553.6520430605394;42.134506308600535;1810.0474591966663;155.34205347841186;132.99985287626893;2561.1760620442183;2694.1759149204872;1915000.0;221.66917467299456;1.0;2.497650130548303;renhold_urimelig_lav;
3035;Eidsvoll (2020-2023);2022;381;14378.0;90364.0;11593000.0;4894000.0;954000.0;812000.0;10815000.0;806.3012936430658;340.3811378494923;66.3513701488385;399.568785644735;56.475170399221035;119.68261697136028;862.7764640422869;982.4590810136472;3009000.0;209.27806370844345;1.0;1.6264539714190762;;
3036;Nannestad (2020-2023);2022;381;4302.0;49728.0;3819000.0;1336000.0;472000.0;354000.0;3068000.0;887.7266387726639;310.5532310553231;109.7164109716411;467.45699674569966;82.28730822873082;61.6956241956242;970.0139470013947;1031.709571197019;902000.0;209.6699209669921;1.0;1.4811529933481153;;
3037;Hurdal (2020-2023);2022;381;1989.0;15171.0;1274000.0;1023000.0;0.0;17000.0;1772000.0;640.5228758169935;514.3288084464555;0.0;126.19406737053797;8.547008547008547;116.80179289433788;649.0698843640021;765.8716772583399;287000.0;144.29361488185017;1.0;3.5644599303135887;renhold_urimelig_lav;implisitt_pris_utenfor
3038;Hole (2020-2023);2022;381;1548.0;29973.0;1106000.0;335000.0;447000.0;219000.0;2874000.0;714.4702842377261;216.40826873385012;288.7596899224806;209.30232558139534;141.47286821705427;95.8862976679011;855.9431524547804;951.8294501226815;85000.0;54.90956072351421;1.0;3.941176470588235;;implisitt_pris_utenfor
3039;Flå (2020-2023);2022;381;2570.0;13494.0;303000.0;36000.0;103000.0;35000.0;839000.0;117.8988326848249;14.007782101167315;40.07782101167315;63.81322957198444;13.618677042801556;62.17578182896102;131.51750972762645;193.69329155658747;221000.0;85.99221789883268;1.0;0.16289592760180996;drift_urimelig_lav|energi_urimelig_lav|renhold_urimelig_lav;implisitt_pris_utenfor
3040;Nesbyen (2020-2023);2022;381;2450.0;34093.0;641000.0;166000.0;144000.0;1000.0;4748000.0;261.6326530612245;67.75510204081633;58.775510204081634;135.10204081632654;0.40816326530612246;139.26612501099933;262.0408163265306;401.3069413375299;299000.0;122.04081632653062;1.0;0.5551839464882943;;
3041;Gol (2020-2023);2022;381;4185.0;37004.0;3428000.0;470000.0;610000.0;58000.0;2531000.0;819.115890083632;112.30585424133811;145.75866188769413;561.0513739545997;13.859020310633214;68.39801102583505;832.9749103942652;901.3729214201003;444000.0;106.0931899641577;1.0;1.0585585585585586;;
3042;Hemsedal (2020-2023);2022;381;2795.0;21858.0;640000.0;98000.0;46000.0;715000.0;2225000.0;228.9803220035778;35.062611806797854;16.457960644007155;177.45974955277282;255.8139534883721;101.79339372312197;484.7942754919499;586.5876692150719;175000.0;62.61180679785331;1.0;0.5599999999999999;energi_urimelig_lav|renhold_urimelig_lav;
3043;Ål (2020-2023);2022;381;2295.0;38656.0;1373000.0;239000.0;0.0;452000.0;3676000.0;598.2570806100218;104.13943355119825;0.0;494.11764705882354;196.94989106753812;95.09519867549669;795.2069716775599;890.3021703530566;217000.0;94.55337690631808;1.0;1.1013824884792627;renhold_urimelig_lav;
3044;Hol (2020-2023);2022;381;3091.0;34127.0;1509000.0;193000.0;529000.0;60000.0;4518000.0;488.1915237787124;62.43934001941119;171.14202523455194;254.61015852474927;19.41119378841799;132.38784540100215;507.60271756713036;639.9905629681325;379000.0;122.61404076350695;1.0;0.5092348284960422;;
3045;Sigdal (2020-2023);2022;381;100.0;28782.0;225000.0;186000.0;0.0;52000.0;2821000.0;2250.0;1860.0;0.0;390.0;520.0;98.01264679313459;2770.0;2868.0126467931345;71000.0;710.0;1.0;2.619718309859155;areal_for_lite|renhold_urimelig_lav;areal_for_lite|kwh_urimelig_hoy
3046;Krødsherad (2020-2023);2022;381;360.0;19464.0;532000.0;219000.0;4000.0;1194000.0;1841000.0;1477.7777777777778;608.3333333333334;11.11111111111111;858.3333333333334;3316.6666666666665;94.58487464036169;4794.444444444444;4889.029319084806;60000.0;166.66666666666666;1.0;3.6500000000000004;areal_for_lite|renhold_urimelig_lav;areal_for_lite|implisitt_pris_utenfor
3047;Modum (2020-2023);2022;381;5182.0;78910.0;3549000.0;1462000.0;468000.0;617000.0;5165000.0;684.8707062910073;282.13045156310307;90.31262060980316;312.42763411810114;119.06599768429177;65.45431504245343;803.9367039752991;869.3910190177526;931000.0;179.66036279428792;1.0;1.5703544575725028;;
3048;Øvre Eiker (2020-2023);2022;381;0.0;88251.0;5207000.0;1155000.0;0.0;610000.0;9236000.0;;;;;;;;;0.0;;;;areal_mangler;areal_mangler|kwh_mangler
3049;Lier (2020-2023);2022;381;14395.0;120276.0;13390000.0;3598000.0;524000.0;625000.0;19443000.0;930.1840916985064;249.9478985758944;36.40152830844043;643.8346648141716;43.417853421326846;161.65319764541553;973.6019451198333;1135.2551427652488;1158000.0;80.44459881903438;1.0;3.1070811744386875;renhold_urimelig_lav;implisitt_pris_utenfor
3050;Flesberg (2020-2023);2022;381;572.0;27158.0;335000.0;101000.0;0.0;117000.0;1532000.0;585.6643356643357;176.5734265734266;0.0;409.09090909090907;204.54545454545453;56.410634067309815;790.2097902097902;846.6204242771;377000.0;659.0909090909091;1.0;0.26790450928381965;renhold_urimelig_lav;kwh_urimelig_hoy|implisitt_pris_utenfor
3051;Rollag (2020-2023);2022;381;3480.0;18541.0;1757000.0;989000.0;0.0;45000.0;2023000.0;504.88505747126436;284.1954022988506;0.0;220.68965517241378;12.931034482758621;109.10954101720512;517.816091954023;626.9256329712282;769000.0;220.97701149425288;1.0;1.2860858257477243;renhold_urimelig_lav;
3052;Nore og Uvdal (2020-2023);2022;381;4331.0;27490.0;380000.0;225000.0;43000.0;85000.0;3509000.0;87.73955206649734;51.951050565689215;9.928422996998384;25.860078503809742;19.625952435927037;127.64641687886504;107.36550450242439;235.01192138128943;150000.0;34.63403371045948;1.0;1.5;drift_urimelig_lav|renhold_urimelig_lav;kwh_urimelig_lav
3053;Jevnaker (2020-2023);2022;381;3423.0;40743.0;4180000.0;1810000.0;465000.0;107000.0;2927000.0;1221.1510371019574;528.7759275489337;135.84574934268187;556.5293602103418;31.259129418638622;71.84056156885845;1252.410166520596;1324.2507280894545;1591000.0;464.79696172947706;1.0;1.137649277184161;;
3054;Lunner (2020-2023);2022;381;3420.0;45869.0;2378000.0;445000.0;368000.0;305000.0;3121000.0;695.3216374269006;130.1169590643275;107.60233918128655;457.60233918128654;89.18128654970761;68.04159672109704;784.5029239766081;852.5445206977051;407000.0;119.00584795321637;1.0;1.0933660933660934;;
3401;Kongsvinger;2022;381;14752.0;78000.0;14067000.0;6373000.0;566000.0;374000.0;11680000.0;953.5656182212581;432.0092190889371;38.36767895878525;483.1887201735358;25.352494577006507;149.74358974358975;978.9181127982646;1128.6617025418543;5764000.0;390.72668112798266;1.0;1.1056557945870922;renhold_urimelig_lav;
3403;Hamar;2022;381;27439.0;193404.0;28426000.0;10558000.0;1838000.0;2914000.0;14028000.0;1035.970698640621;384.7807864718102;66.98494843106528;584.2049637377455;106.1992055104049;72.53210895327915;1142.169904151026;1214.7020131043053;6296000.0;229.45442618171217;1.0;1.6769377382465056;;
3405;Lillehammer;2022;381;17782.0;120279.0;14791000.0;5167000.0;583000.0;1736000.0;18147000.0;831.7961984028793;290.5747384996063;32.785963333708246;508.43549656956475;97.62681363176246;150.87421744444168;929.4230120346418;1080.2972294790834;3718000.0;209.08784163761106;1.0;1.3897256589564282;renhold_urimelig_lav;
3407;Gjøvik;2022;381;9700.0;144673.0;9389000.0;3436000.0;55000.0;780000.0;14467000.0;967.9381443298969;354.22680412371136;5.670103092783505;608.0412371134021;80.41237113402062;99.99792635806267;1048.3505154639174;1148.34844182198;2081000.0;214.53608247422682;1.0;1.6511292647765496;renhold_urimelig_lav;
3411;Ringsaker;2022;381;8445.0;157711.0;12891000.0;4041000.0;1733000.0;817000.0;19828000.0;1526.4653641207815;478.50799289520427;205.21018354055653;842.7471876850208;96.74363528715216;125.7236337351231;1623.2089994079338;1748.9326331430568;1961000.0;232.20840734162226;0.9913309535951046;2.0606833248342684;;
3412;Løten;2022;381;3020.0;38751.0;2221000.0;824000.0;238000.0;471000.0;1109000.0;735.4304635761589;272.8476821192053;78.80794701986756;383.7748344370861;155.96026490066225;28.618616293773062;891.3907284768212;920.0093447705942;271000.0;89.73509933774834;1.0;3.040590405904059;;implisitt_pris_utenfor
3413;Stange;2022;381;3185.0;96524.0;2134000.0;749000.0;539000.0;216000.0;10172000.0;670.0156985871272;235.16483516483515;169.23076923076923;265.62009419152275;67.81789638932496;105.38311715221084;737.8335949764521;843.216712128663;239000.0;75.03924646781789;1.0;3.1338912133891217;;implisitt_pris_utenfor
3414;Nord-Odal;2022;381;2402.0;28823.0;1554000.0;813000.0;319000.0;138000.0;3270000.0;646.9608659450458;338.46794338051626;132.8059950041632;175.68692756036637;57.452123230641135;113.45106338687853;704.4129891756869;817.8640525625655;240000.0;99.91673605328893;1.0;3.3875;;implisitt_pris_utenfor
3415;Sør-Odal;2022;381;3194.0;34464.0;1918000.0;859000.0;421000.0;197000.0;4344000.0;600.5009392611146;268.94176581089545;131.80964308077645;199.7495303694427;61.678146524733876;126.04456824512535;662.1790857858484;788.2236540309738;758000.0;237.31997495303693;1.0;1.133245382585752;;
3416;Eidskog;2022;381;3405.0;30032.0;1022000.0;189000.0;279000.0;419000.0;3518000.0;300.1468428781204;55.50660792951542;81.93832599118943;162.70190895741555;123.05433186490455;117.14171550346298;423.201174743025;540.342890246488;445000.0;130.69016152716594;1.0;0.42471910112359545;;implisitt_pris_utenfor
3417;Grue;2022;381;2637.0;20912.0;1001000.0;339000.0;351000.0;30000.0;1274000.0;379.5980280621919;128.5551763367463;133.10580204778157;117.937049677664;11.376564277588168;60.921958684009184;390.97459233978003;451.89655102378924;292000.0;110.73189230185817;1.0;1.1609589041095891;;
3418;Åsnes;2022;381;3200.0;41800.0;1872000.0;1082000.0;0.0;205000.0;2156000.0;585.0;338.125;0.0;246.875;64.0625;51.578947368421055;649.0625;700.641447368421;480000.0;150.0;1.0;2.254166666666667;renhold_urimelig_lav;
3419;Våler (Innlandet);2022;381;4430.0;26050.0;670000.0;583000.0;19000.0;0.0;2223000.0;151.2415349887133;131.60270880361173;4.288939051918736;15.349887133182845;0.0;85.3358925143954;151.2415349887133;236.5774275031087;314000.0;70.8803611738149;1.0;1.8566878980891717;drift_urimelig_lav|renhold_urimelig_lav;
3420;Elverum;2022;381;7213.0;105943.0;11095000.0;2554000.0;2043000.0;2173000.0;7434000.0;1538.1949258283655;354.0829058644115;283.2385969776792;900.8734229862748;301.2616109801747;70.16980829313876;1839.45653680854;1909.6263451016787;1713000.0;237.48786912519063;1.0;1.4909515469935786;;
3421;Trysil;2022;381;0.0;30860.0;30000.0;17000.0;0.0;0.0;1449000.0;;;;;;;;;6000.0;;1.0;;areal_mangler;areal_mangler
3422;Åmot;2022;381;2500.0;26728.0;371000.0;301000.0;0.0;42000.0;4412000.0;148.4;120.4;0.0;28.0;16.8;165.0703382220892;165.2;330.2703382220892;68000.0;27.2;1.0;4.426470588235294;drift_urimelig_lav|renhold_urimelig_lav;kwh_urimelig_lav|implisitt_pris_utenfor
3423;Stor-Elvdal;2022;381;2093.0;16987.0;481000.0;281000.0;92000.0;60000.0;1622000.0;229.8136645962733;134.25704730052556;43.956043956043956;51.60057333970377;28.66698518872432;95.48478248072055;258.48064978499764;353.96543226571816;184000.0;87.91208791208791;1.0;1.5271739130434783;renhold_urimelig_lav;
3424;Rendalen;2022;381;2305.0;15320.0;953000.0;695000.0;0.0;95000.0;9633000.0;413.4490238611714;301.5184381778742;0.0;111.93058568329718;41.21475054229935;628.7859007832898;454.6637744034707;1083.4496751867605;378000.0;163.99132321041213;0.9682539682539683;1.8386243386243388;renhold_urimelig_lav;
3425;Engerdal;2022;381;1500.0;14750.0;45000.0;0.0;0.0;54000.0;1850000.0;30.0;0.0;0.0;30.0;36.0;125.42372881355932;66.0;191.4237288135593;208000.0;138.66666666666666;1.0;0.0;drift_urimelig_lav|energi_urimelig_lav|renhold_urimelig_lav;implisitt_pris_utenfor
3426;Tolga;2022;381;1080.0;15619.0;532000.0;208000.0;86000.0;43000.0;1651000.0;492.5925925925926;192.59259259259258;79.62962962962963;220.37037037037038;39.81481481481482;105.7045905627761;532.4074074074074;638.1119979701834;284000.0;262.962962962963;1.0;0.732394366197183;;
3427;Tynset;2022;381;2170.0;48773.0;1188000.0;21000.0;485000.0;36000.0;2803000.0;547.4654377880184;9.67741935483871;223.50230414746545;314.2857142857143;16.589861751152075;57.47032169438009;564.0552995391705;621.5256212335506;721000.0;332.258064516129;1.0;0.02912621359223301;energi_urimelig_lav;implisitt_pris_utenfor
3428;Alvdal;2022;381;3075.0;23607.0;1512000.0;339000.0;383000.0;68000.0;0.0;491.7073170731707;110.2439024390244;124.55284552845528;256.9105691056911;22.11382113821138;0.0;513.8211382113822;513.8211382113822;283000.0;92.03252032520325;1.0;1.197879858657244;;
3429;Folldal;2022;381;1182.0;10547.0;0.0;0.0;0.0;0.0;352000.0;0.0;0.0;0.0;0.0;0.0;33.374419266142034;0.0;33.374419266142034;0.0;0.0;;;drift_null|drift_urimelig_lav|energi_urimelig_lav|renhold_urimelig_lav;kwh_null|kwh_urimelig_lav
3430;Os;2022;381;2852.0;14398.0;1592000.0;488000.0;0.0;156000.0;501000.0;558.2047685834502;171.10799438990182;0.0;387.0967741935484;54.698457223001405;34.79649951382137;612.9032258064516;647.6997253202729;256000.0;89.76157082748948;1.0;1.90625;renhold_urimelig_lav;
3431;Dovre;2022;381;1850.0;20099.0;549000.0;0.0;262000.0;0.0;1674000.0;296.7567567567568;0.0;141.6216216216216;155.13513513513513;0.0;83.28772575750037;296.7567567567568;380.04448251425714;330000.0;178.3783783783784;1.0;0.0;energi_urimelig_lav;implisitt_pris_utenfor
3432;Lesja;2022;381;1700.0;21230.0;119000.0;0.0;0.0;110000.0;890000.0;70.0;0.0;0.0;70.0;64.70588235294117;41.921808761187;134.7058823529412;176.6276911141282;668000.0;392.94117647058823;1.0;0.0;drift_urimelig_lav|energi_urimelig_lav|renhold_urimelig_lav;implisitt_pris_utenfor
3433;Skjåk;2022;381;3100.0;19390.0;2526000.0;730000.0;494000.0;95000.0;1840000.0;814.8387096774194;235.48387096774192;159.3548387096774;420.0;30.64516129032258;94.89427539969056;845.483870967742;940.3781463674325;798000.0;257.4193548387097;1.0;0.9147869674185463;;
3434;Lom;2022;381;0.0;0.0;161000.0;0.0;0.0;249000.0;1367000.0;;;;;;;;;371000.0;;1.0;;areal_mangler;areal_mangler
3435;Vågå;2022;381;1900.0;23647.0;1284000.0;261000.0;238000.0;376000.0;1678000.0;675.7894736842105;137.3684210526316;125.26315789473684;413.1578947368421;197.89473684210526;70.9603755233222;873.6842105263158;944.6445860496381;475000.0;250.0;1.0;0.5494736842105263;;
3436;Nord-Fron;2022;381;2312.0;55119.0;5437000.0;1629000.0;514000.0;258000.0;3102000.0;2351.6435986159167;704.5847750865051;222.318339100346;1424.7404844290656;111.5916955017301;56.27823436564524;2463.235294117647;2519.5135284832922;31000.0;13.408304498269896;1.0;52.54838709677419;;kwh_urimelig_lav|implisitt_pris_utenfor
3437;Sel;2022;381;5900.0;40770.0;4345000.0;1521000.0;768000.0;828000.0;1972000.0;736.4406779661017;257.79661016949154;130.16949152542372;348.47457627118644;140.33898305084745;48.36889870002453;876.7796610169491;925.1485597169736;1617000.0;274.06779661016947;1.0;0.9406307977736551;;
3438;Sør-Fron;2022;381;4216.0;31943.0;0.0;0.0;0.0;0.0;284000.0;0.0;0.0;0.0;0.0;0.0;8.890836803055443;0.0;8.890836803055443;965000.0;228.88994307400378;1.0;0.0;drift_null|drift_urimelig_lav|energi_urimelig_lav|renhold_urimelig_lav;implisitt_pris_utenfor
3439;Ringebu;2022;381;1990.0;25646.0;1451000.0;989000.0;90000.0;82000.0;1945000.0;729.1457286432161;496.9849246231156;45.22613065326633;186.93467336683418;41.20603015075377;75.84028698432505;770.3517587939698;846.1920457782949;224000.0;112.56281407035176;1.0;4.415178571428571;renhold_urimelig_lav;implisitt_pris_utenfor
3440;Øyer;2022;381;4681.0;35522.0;2049000.0;811000.0;527000.0;31000.0;607000.0;437.72698141422774;173.25357829523605;112.58278145695364;151.89062166203803;6.622516556291391;17.088001801700354;444.3494979705191;461.43749977221944;362000.0;77.33390301217689;1.0;2.240331491712707;;
3441;Gausdal;2022;381;2547.0;36197.0;2779000.0;847000.0;1099000.0;341000.0;4639000.0;1091.0875539850804;332.5480957989792;431.4880251276011;327.0514330585002;133.88299960738124;128.15979224797636;1224.9705535924618;1353.1303458404382;123000.0;48.29210836277974;1.0;6.8861788617886175;;kwh_urimelig_lav|implisitt_pris_utenfor
3442;Østre Toten;2022;381;1406.0;65313.0;1293000.0;0.0;639000.0;273000.0;9187000.0;919.6301564722618;0.0;454.48079658605974;465.149359886202;194.1678520625889;140.66112412536555;1113.7980085348506;1254.4591326602163;220000.0;156.47226173541964;1.0;0.0;energi_urimelig_lav;implisitt_pris_utenfor
3443;Vestre Toten;2022;381;14850.0;75284.0;2130000.0;1169000.0;295000.0;137000.0;6660000.0;143.43434343434345;78.72053872053873;19.865319865319865;44.84848484848485;9.225589225589225;88.46501248605281;152.65993265993265;241.12494514598546;2999000.0;201.95286195286195;1.0;0.3897965988662888;drift_urimelig_lav|renhold_urimelig_lav;implisitt_pris_utenfor
3446;Gran;2022;381;2945.0;74189.0;2260000.0;387000.0;5000.0;198000.0;4213000.0;767.402376910017;131.40916808149404;1.697792869269949;634.295415959253;67.23259762308999;56.7873943576541;834.634974533107;891.422368890761;340000.0;115.44991511035654;0.6676470588235294;1.1382352941176468;renhold_urimelig_lav;
3447;Søndre Land;2022;381;2555.0;28150.0;1361000.0;580000.0;304000.0;84000.0;1005000.0;532.6810176125244;227.00587084148728;118.98238747553816;186.69275929549903;32.87671232876713;35.701598579040855;565.5577299412915;601.2593285203324;365000.0;142.85714285714286;1.0;1.5890410958904109;;
3448;Nordre Land;2022;381;5430.0;49357.0;1086000.0;529000.0;217000.0;102000.0;2591000.0;200.0;97.42173112338858;39.96316758747698;62.61510128913444;18.784530386740332;52.49508681645967;218.78453038674033;271.2796172032;393000.0;72.37569060773481;1.0;1.3460559796437659;renhold_urimelig_lav;
3449;Sør-Aurdal;2022;381;4000.0;26128.0;2274000.0;1380000.0;46000.0;315000.0;1437000.0;568.5;345.0;11.5;212.0;78.75;54.998469075321495;647.25;702.2484690753215;572000.0;143.0;1.0;2.4125874125874125;renhold_urimelig_lav;
3450;Etnedal;2022;381;4140.0;12405.0;754000.0;380000.0;51000.0;112000.0;1112000.0;182.1256038647343;91.78743961352657;12.318840579710145;78.01932367149759;27.053140096618357;89.64127367996775;209.17874396135267;298.8200176413204;289000.0;69.80676328502416;1.0;1.314878892733564;drift_urimelig_lav|renhold_urimelig_lav;
3451;Nord-Aurdal;2022;381;5988.0;26813.0;4010000.0;1218000.0;705000.0;908000.0;2256000.0;669.6726786907147;203.4068136272545;117.73547094188376;348.5303941215765;151.63660654642618;84.13829112743818;821.3092852371409;905.447576364579;860000.0;143.62057448229794;1.0;1.4162790697674417;;
3452;Vestre Slidre;2022;381;627.0;11388.0;859000.0;317000.0;207000.0;88000.0;0.0;1370.0159489633174;505.5821371610845;330.14354066985646;534.2902711323763;140.35087719298247;0.0;1510.3668261562998;1510.3668261562998;125000.0;199.36204146730464;1.0;2.5359999999999996;;
3453;Øystre Slidre;2022;381;170.0;26231.0;29000.0;19000.0;0.0;46000.0;480000.0;170.58823529411765;111.76470588235294;0.0;58.8235294117647;270.5882352941176;18.298959246692846;441.1764705882353;459.47542983492815;9000.0;52.94117647058823;1.0;2.111111111111111;areal_for_lite|drift_urimelig_lav|renhold_urimelig_lav;areal_for_lite
3454;Vang;2022;381;1400.0;18100.0;140000.0;0.0;0.0;5000.0;852000.0;100.0;0.0;0.0;100.0;3.5714285714285716;47.07182320441989;103.57142857142857;150.64325177584846;0.0;0.0;;;drift_urimelig_lav|energi_urimelig_lav|renhold_urimelig_lav;kwh_null|kwh_urimelig_lav
3801;Horten (2020-2023);2022;381;13441.0;128901.0;4696000.0;2201000.0;725000.0;458000.0;7224000.0;349.3787664608288;163.75269697195148;53.93943902983409;131.68663045904322;34.07484562160553;56.043009751669885;383.45361208243435;439.49662183410425;1820000.0;135.4065917714456;1.0;1.209340659340659;;
3802;Holmestrand (2020-2023);2022;381;9900.0;109877.0;6157000.0;1759000.0;1180000.0;413000.0;10858000.0;621.9191919191919;177.67676767676767;119.1919191919192;325.050505050505;41.717171717171716;98.81958917698881;663.6363636363636;762.4559528133525;1109000.0;112.02020202020202;1.0;1.5861136158701532;;
3803;Tønsberg (2020-2023);2022;381;42605.0;230238.0;38811000.0;9101000.0;4474000.0;4716000.0;15171000.0;910.9494190822674;213.61342565426594;105.01114892618237;592.324844501819;110.69123342330712;65.89268496077972;1021.6406525055745;1087.5333374663542;6630000.0;155.6155380823847;0.9978883861236802;1.3726998491704376;;
3804;Sandefjord (2020-2023);2022;381;30711.0;269636.0;31651000.0;10869000.0;1689000.0;3043000.0;14397000.0;1030.6079254990068;353.91227898798473;54.99658102959852;621.6990654814236;99.08501839731692;53.3942055215179;1129.6929438963239;1183.0871494178418;3690000.0;120.1523883950376;1.0;2.9455284552845526;;
3805;Larvik (2020-2023);2022;381;20178.0;179907.0;13361000.0;3276000.0;2064000.0;1498000.0;6230000.0;662.1568044404797;162.3550401427297;102.28962236098721;397.5121419367628;74.23927049261572;34.62900276253842;736.3960749330954;771.0250776956339;2031000.0;100.65417781742492;1.0;1.6129985228951256;;
3806;Porsgrunn (2020-2023);2022;381;30401.0;194946.0;11486000.0;3780000.0;2555000.0;3881000.0;8978000.0;377.81651919344756;124.33801519686853;84.04328804973521;169.43521594684384;127.66027433308115;46.05377899520893;505.47679352652875;551.5305725217377;2730000.0;89.79967764218283;1.0;1.3846153846153846;;
3807;Skien (2020-2023);2022;381;34825.0;238824.0;57466000.0;9984000.0;2661000.0;4360000.0;16557000.0;1650.1363962670496;286.69059583632446;76.41062455132807;1287.035175879397;125.19741564967696;69.32720329615114;1775.3338119167265;1844.6610152128776;914000.0;26.24551328068916;1.0;10.923413566739606;;kwh_urimelig_lav|implisitt_pris_utenfor
3808;Notodden (2020-2023);2022;381;5619.0;57199.0;7763000.0;3436000.0;511000.0;2011000.0;1879000.0;1381.5625556148782;611.496707599217;90.94144865634455;679.1243993593166;357.8928634988432;32.85022465427717;1739.4554191137213;1772.3056437679984;558000.0;99.3059263214095;1.0;6.157706093189964;;implisitt_pris_utenfor
3811;Færder (2020-2023);2022;381;9533.0;84923.0;4123000.0;1326000.0;1152000.0;750000.0;13585000.0;432.4976397776146;139.09577257946083;120.84338613238225;172.55848106577153;78.67407951326969;159.96844200040036;511.1717192908843;671.1401612912847;958000.0;100.49302423161649;1.0;1.384133611691023;;
3812;Siljan (2020-2023);2022;381;0.0;10933.0;0.0;0.0;0.0;9000.0;294000.0;;;;;;;;;0.0;;;;areal_mangler|drift_null;areal_mangler|kwh_mangler
3813;Bamble (2020-2023);2022;381;7744.0;71266.0;6987000.0;491000.0;928000.0;103000.0;7068000.0;902.2469008264463;63.40392561983471;119.83471074380165;719.00826446281;13.300619834710744;99.17772851008897;915.547520661157;1014.725249171246;818000.0;105.6301652892562;1.0;0.6002444987775061;;
3814;Kragerø (2020-2023);2022;381;6017.0;49934.0;4358000.0;1775000.0;383000.0;542000.0;3412000.0;724.2812032574373;294.9975070633206;63.65298321422636;365.6307129798903;90.0781120159548;68.33019585853326;814.3593152733921;882.6895111319253;983000.0;163.37045039056008;1.0;1.8056968463886063;;
3815;Drangedal (2020-2023);2022;381;2830.0;21191.0;1630000.0;803000.0;0.0;68000.0;197000.0;575.9717314487633;283.74558303886926;0.0;292.226148409894;24.02826855123675;9.296399414845926;600.0;609.296399414846;360000.0;127.20848056537102;1.0;2.2305555555555556;renhold_urimelig_lav;
3816;Nome (2020-2023);2022;381;5317.0;38384.0;2140000.0;823000.0;312000.0;611000.0;2126000.0;402.4826029716005;154.7865337596389;58.67970660146699;189.01636261049464;114.91442542787286;55.38766152563568;517.3970283994734;572.784689925109;917000.0;172.46567613315779;1.0;0.8974918211559434;;
3817;Midt-Telemark (2020-2023);2022;381;437.0;40881.0;2210000.0;2120000.0;0.0;20000.0;4360000.0;5057.20823798627;4851.258581235698;0.0;205.94965675057207;45.76659038901602;106.65101147232211;5102.974828375286;5209.625839847608;41000.0;93.82151029748283;1.0;51.70731707317074;areal_for_lite|renhold_urimelig_lav;areal_for_lite|implisitt_pris_utenfor
3818;Tinn (2020-2023);2022;381;6688.0;48157.0;2506000.0;885000.0;494000.0;340000.0;3071000.0;374.70095693779905;132.32655502392345;73.86363636363636;168.51076555023923;50.83732057416268;63.770583715763024;425.5382775119617;489.3088612277247;2475000.0;370.0657894736842;1.0;0.35757575757575755;;implisitt_pris_utenfor
3819;Hjartdal (2020-2023);2022;381;0.0;10139.0;0.0;0.0;0.0;0.0;229000.0;;;;;;;;;0.0;;;;areal_mangler|drift_null;areal_mangler|kwh_mangler
3820;Seljord (2020-2023);2022;381;1025.0;13650.0;1100000.0;272000.0;206000.0;309000.0;1788000.0;1073.1707317073171;265.3658536585366;200.97560975609755;606.829268292683;301.4634146341463;130.98901098901098;1374.6341463414635;1505.6231573304744;;;;;;kwh_mangler
3821;Kviteseid (2020-2023);2022;381;2700.0;16887.0;1450000.0;500000.0;307000.0;515000.0;432000.0;537.0370370370371;185.1851851851852;113.70370370370371;238.14814814814815;190.74074074074073;25.581808491739206;727.7777777777778;753.3595862695171;241000.0;89.25925925925925;1.0;2.074688796680498;;
3822;Nissedal (2020-2023);2022;381;516.0;11270.0;439000.0;208000.0;124000.0;15000.0;457000.0;850.7751937984497;403.1007751937984;240.31007751937983;207.36434108527132;29.069767441860463;40.55013309671695;879.8449612403101;920.3950943370271;;;;;;kwh_mangler
3823;Fyresdal (2020-2023);2022;381;2368.0;13421.0;2835000.0;1254000.0;717000.0;161000.0;76000.0;1197.212837837838;529.5608108108108;302.7871621621622;364.86486486486484;67.98986486486487;5.662767304969823;1265.2027027027027;1270.8654700076725;343000.0;144.84797297297297;1.0;3.65597667638484;;implisitt_pris_utenfor
3824;Tokke (2020-2023);2022;381;2400.0;25540.0;1787000.0;267000.0;178000.0;226000.0;809000.0;744.5833333333334;111.25;74.16666666666667;559.1666666666666;94.16666666666667;31.675802662490213;838.75;870.4258026624902;314000.0;130.83333333333334;1.0;0.8503184713375795;;
3825;Vinje (2020-2023);2022;381;12410.0;40097.0;748000.0;0.0;0.0;0.0;559000.0;60.273972602739725;0.0;0.0;60.273972602739725;0.0;13.94119260792578;60.273972602739725;74.2151652106655;2300000.0;185.33440773569703;1.0;0.0;drift_urimelig_lav|energi_urimelig_lav|renhold_urimelig_lav;implisitt_pris_utenfor
4201;Risør;2022;381;5494.0;38927.0;3583000.0;1961000.0;632000.0;742000.0;4000000.0;652.1659992719331;356.9348380050965;115.0345831816527;180.19657808518383;135.05642519111757;102.75644154442932;787.2224244630506;889.97886600748;1110000.0;202.03858755005461;1.0;1.7666666666666666;;
4202;Grimstad;2022;381;9389.0;88133.0;8289000.0;2587000.0;295000.0;627000.0;10443000.0;882.841623176057;275.5352007668548;31.419746511875598;575.8866758973267;66.78027478964746;118.49137099610816;949.6218979657045;1068.1132689618128;1516000.0;161.46554478645223;1.0;1.7064643799472294;renhold_urimelig_lav;
4203;Arendal;2022;381;29726.0;177642.0;23335000.0;8819000.0;4239000.0;5509000.0;15458000.0;785.00302765256;296.6763103007468;142.60243557828164;345.7242817735316;185.32597725896522;87.0177097758413;970.3290049115253;1057.3467146873666;3471000.0;116.76646706586827;1.0;2.540766349755114;;
4204;Kristiansand;2022;381;91285.0;489831.0;59356000.0;16499000.0;5727000.0;3781000.0;59101000.0;650.2273100728488;180.74163334611382;62.737580106260616;406.7480966204743;41.419729418853045;120.65589968785153;691.6470394917018;812.3029391795533;10461000.0;114.59714082269814;0.9959850874677373;1.5771914730905268;;
4205;Lindesnes;2022;381;30271.0;139546.0;16618000.0;4011000.0;2261000.0;2635000.0;6225000.0;548.9742657989495;132.50305572990652;74.69194939050577;341.77926067853724;87.04700868818341;44.6089461539564;636.0212744871329;680.6302206410893;1022000.0;33.761686102210035;1.0;3.9246575342465757;;kwh_urimelig_lav|implisitt_pris_utenfor
4206;Farsund;2022;381;12099.0;49219.0;6457000.0;1480000.0;283000.0;137000.0;4532000.0;533.680469460286;122.32415902140673;23.390362839904125;387.9659475989751;11.323249855359947;92.07826245961925;545.0037193156459;637.0819817752651;1722000.0;142.3258120505827;1.0;0.8594657375145179;renhold_urimelig_lav;
4207;Flekkefjord;2022;381;10440.0;51181.0;9371000.0;2355000.0;1150000.0;604000.0;1091000.0;897.6053639846743;225.57471264367817;110.15325670498085;561.8773946360153;57.8544061302682;21.31650417146988;955.4597701149426;976.7762742864124;718000.0;68.77394636015326;1.0;3.279944289693593;;implisitt_pris_utenfor
4211;Gjerstad;2022;381;3715.0;19789.0;27000.0;20000.0;0.0;6000.0;46000.0;7.267833109017497;5.383580080753701;0.0;1.8842530282637955;1.6150740242261103;2.3245237253019355;8.882907133243608;11.207430858545543;0.0;0.0;;;drift_urimelig_lav|energi_urimelig_lav|renhold_urimelig_lav;kwh_null|kwh_urimelig_lav
4212;Vegårshei;2022;381;2000.0;15651.0;1150000.0;396000.0;357000.0;106000.0;235000.0;575.0;198.0;178.5;198.5;53.0;15.015015015015015;628.0;643.015015015015;270000.0;135.0;1.0;1.4666666666666666;;
4213;Tvedestrand;2022;381;7825.0;33137.0;4131000.0;812000.0;1357000.0;685000.0;2542000.0;527.923322683706;103.76996805111821;173.4185303514377;250.73482428115017;87.53993610223642;76.71183269457103;615.4632587859425;692.1750914805135;319000.0;40.766773162939295;1.0;2.545454545454546;;kwh_urimelig_lav
4214;Froland;2022;381;10309.0;36228.0;14723000.0;3625000.0;560000.0;841000.0;3096000.0;1428.1695605781356;351.63449413134157;54.32146667960035;1022.2135997671937;81.57920263847124;85.4587611791984;1509.748763216607;1595.2075243958052;671000.0;65.08875739644971;0.9061102831594635;5.402384500745156;;implisitt_pris_utenfor
4215;Lillesand;2022;381;8803.0;65892.0;4866000.0;1534000.0;1146000.0;932000.0;2696000.0;552.7661024650687;174.25877541747133;130.18289219584233;248.3244348517551;105.87299784164489;40.915437382383296;658.6391003067137;699.554537689097;956000.0;108.59934113370441;1.0;1.6046025104602513;;
4216;Birkenes;2022;381;2520.0;57422.0;371000.0;19000.0;149000.0;25000.0;750000.0;147.22222222222223;7.5396825396825395;59.12698412698413;80.55555555555556;9.920634920634921;13.061196057260284;157.14285714285714;170.20405320011741;102000.0;40.476190476190474;1.0;0.18627450980392157;drift_urimelig_lav|energi_urimelig_lav;kwh_urimelig_lav|implisitt_pris_utenfor
4217;Åmli;2022;381;2835.0;14216.0;863000.0;437000.0;46000.0;33000.0;449000.0;304.4091710758377;154.14462081128747;16.225749559082892;134.03880070546737;11.640211640211641;31.58413055711874;316.04938271604937;347.6335132731681;225000.0;79.36507936507937;1.0;1.942222222222222;renhold_urimelig_lav;
4218;Iveland;2022;381;2808.0;11494.0;1198000.0;402000.0;237000.0;433000.0;1619000.0;426.6381766381766;143.16239316239316;84.4017094017094;199.07407407407408;154.20227920227921;140.85609883417436;580.8404558404559;721.6965546746303;237000.0;84.4017094017094;1.0;1.6962025316455698;;
4219;Evje og Hornnes;2022;381;2275.0;27367.0;351000.0;155000.0;87000.0;262000.0;725000.0;154.28571428571428;68.13186813186813;38.24175824175824;47.91208791208791;115.16483516483517;26.491760149084666;269.45054945054943;295.9423095996341;296000.0;130.1098901098901;1.0;0.5236486486486487;drift_urimelig_lav|renhold_urimelig_lav;
4220;Bygland;2022;381;1730.0;14707.0;1648000.0;169000.0;743000.0;66000.0;571000.0;952.6011560693642;97.6878612716763;429.4797687861272;425.4335260115607;38.15028901734104;38.82504929625348;990.7514450867052;1029.5764943829586;139000.0;80.34682080924856;0.7050359712230215;1.2158273381294964;;
4221;Valle;2022;381;3000.0;14237.0;1865000.0;997000.0;250000.0;96000.0;1033000.0;621.6666666666666;332.3333333333333;83.33333333333333;206.0;32.0;72.55742080494487;653.6666666666666;726.2240874716115;479000.0;159.66666666666666;1.0;2.081419624217119;;
4222;Bykle;2022;381;2435.0;20819.0;1479000.0;586000.0;0.0;879000.0;90000.0;607.3921971252566;240.6570841889117;0.0;366.735112936345;360.98562628336754;4.322974206253902;968.3778234086242;972.7007976148781;637000.0;261.6016427104723;1.0;0.9199372056514914;renhold_urimelig_lav;
4223;Vennesla;2022;381;9433.0;73166.0;6185000.0;1863000.0;845000.0;798000.0;4243000.0;655.6768790416622;197.4981448107707;89.57913707198134;368.5995971589102;84.59662885614333;57.99141677828499;740.2735078978055;798.2649246760906;1071000.0;113.53758083324499;1.0;1.7394957983193278;;
4224;Åseral;2022;381;4447.0;13596.0;554000.0;448000.0;0.0;0.0;377000.0;124.57836743872274;100.74207330784799;0.0;23.836294130874748;0.0;27.728743748161225;124.57836743872274;152.30711118688396;244000.0;54.86845064088149;1.0;1.8360655737704918;drift_urimelig_lav|renhold_urimelig_lav;
4225;Lyngdal;2022;381;4138.0;60983.0;1873000.0;742000.0;233000.0;94000.0;31000.0;452.6341227646206;179.31367810536491;56.307394876752056;217.01304978250363;22.716288061865637;0.5083383893872063;475.3504108264862;475.85874921587344;212000.0;51.23247945867569;1.0;3.5;;implisitt_pris_utenfor
4226;Hægebostad;2022;381;0.0;11693.0;15000.0;0.0;0.0;32000.0;237000.0;;;;;;;;;0.0;;;;areal_mangler;areal_mangler|kwh_mangler
4227;Kvinesdal;2022;381;6650.0;50100.0;7835000.0;1486000.0;635000.0;658000.0;290000.0;1178.1954887218046;223.45864661654136;95.48872180451127;859.2481203007519;98.94736842105263;5.788423153692615;1277.142857142857;1282.9312802965496;1072000.0;161.203007518797;1.0;1.3861940298507462;;
4228;Sirdal;2022;381;7136.0;51238.0;3884000.0;0.0;142000.0;477000.0;3641000.0;544.2825112107623;0.0;19.89910313901345;524.3834080717489;66.84417040358744;71.06054100472306;611.1266816143498;682.1872226190728;493000.0;69.08632286995515;1.0;0.0;energi_urimelig_lav|renhold_urimelig_lav;implisitt_pris_utenfor
4601;Bergen;2022;381;100075.0;919541.0;160443000.0;54248000.0;590000.0;21648000.0;114749000.0;1603.2275793155134;542.0734449163127;5.895578316262803;1055.2585560829377;216.31776167874094;124.78943298884987;1819.5453409942543;1944.3347739831042;23170000.0;231.52635523357483;1.0;2.341303409581355;renhold_urimelig_lav;
4602;Kinn;2022;381;14402.0;85569.0;4597000.0;214000.0;791000.0;937000.0;3041000.0;319.1917789195945;14.859047354534093;54.92292737119845;249.40980419386196;65.06040827662825;35.53857121153689;384.25218719622274;419.79075840775965;1470000.0;102.06915706151923;1.0;0.145578231292517;energi_urimelig_lav;implisitt_pris_utenfor
4611;Etne;2022;381;651.0;31432.0;50000.0;27000.0;1000.0;90000.0;473000.0;76.80491551459293;41.474654377880185;1.5360983102918586;33.794162826420894;138.24884792626727;15.048358360906082;215.05376344086022;230.10212180176632;14000.0;21.50537634408602;1.0;1.9285714285714288;drift_urimelig_lav|renhold_urimelig_lav;kwh_urimelig_lav
4612;Sveio;2022;381;1900.0;32418.0;230000.0;22000.0;0.0;26000.0;865000.0;121.05263157894737;11.578947368421053;0.0;109.47368421052632;13.68421052631579;26.682707138009746;134.73684210526315;161.4195492432729;759000.0;399.4736842105263;1.0;0.028985507246376815;drift_urimelig_lav|energi_urimelig_lav|renhold_urimelig_lav;implisitt_pris_utenfor
4613;Bømlo;2022;381;5063.0;63996.0;1708000.0;954000.0;167000.0;899000.0;2456000.0;337.34939759036143;188.4258344854829;32.98439660280466;115.93916650207387;177.5627098558167;38.37739858741171;514.9121074461782;553.2895060335899;398000.0;78.60952004740273;1.0;2.3969849246231156;renhold_urimelig_lav;
4614;Stord;2022;381;11300.0;87940.0;11015000.0;5551000.0;667000.0;528000.0;5007000.0;974.7787610619469;491.23893805309734;59.02654867256637;424.5132743362832;46.72566371681416;56.93654764612236;1021.5044247787611;1078.4409724248835;1586000.0;140.35398230088495;0.691046658259773;3.5;;implisitt_pris_utenfor
4615;Fitjar;2022;381;567.0;13477.0;0.0;0.0;0.0;0.0;0.0;0.0;0.0;0.0;0.0;0.0;0.0;0.0;0.0;0.0;0.0;;;drift_null|drift_urimelig_lav|energi_urimelig_lav|renhold_urimelig_lav;kwh_null|kwh_urimelig_lav
4616;Tysnes;2022;381;2360.0;19479.0;954000.0;657000.0;0.0;332000.0;562000.0;404.23728813559325;278.3898305084746;0.0;125.84745762711864;140.67796610169492;28.85158375686637;544.9152542372881;573.7668379941545;349000.0;147.88135593220338;1.0;1.882521489971347;renhold_urimelig_lav;
4617;Kvinnherad;2022;381;1926.0;83242.0;264000.0;184000.0;0.0;144000.0;1758000.0;137.07165109034267;95.53478712357217;0.0;41.53686396677051;74.76635514018692;21.119146584656782;211.8380062305296;232.9571528151864;260000.0;134.99480789200416;1.0;0.7076923076923076;drift_urimelig_lav|renhold_urimelig_lav;
4618;Ullensvang;2022;381;8765.0;78818.0;9475000.0;3719000.0;478000.0;1374000.0;7561000.0;1081.003993154592;424.3011979463776;54.53508271534512;602.1677124928693;156.7598402738163;95.92986373670989;1237.7638334284084;1333.6936971651182;1073000.0;122.4187107815174;1.0;3.4659832246039137;;implisitt_pris_utenfor
4619;Eidfjord;2022;381;2381.0;14038.0;959000.0;372000.0;0.0;667000.0;578000.0;402.7719445611088;156.23687526249475;0.0;246.53506929861402;280.13439731205375;41.17395640404616;682.9063418731625;724.0802982772087;155000.0;65.09869802603949;1.0;2.4;renhold_urimelig_lav;
4620;Ulvik;2022;381;350.0;12202.0;82000.0;37000.0;8000.0;28000.0;0.0;234.28571428571428;105.71428571428571;22.857142857142858;105.71428571428571;80.0;0.0;314.2857142857143;314.2857142857143;20000.0;57.142857142857146;1.0;1.8499999999999999;areal_for_lite|renhold_urimelig_lav;areal_for_lite
4621;Voss;2022;381;14805.0;103935.0;16333000.0;3562000.0;1031000.0;1415000.0;15048000.0;1103.208375548801;240.59439378588314;69.63863559608241;792.9753461668355;95.5758189800743;144.78279694039543;1198.7841945288753;1343.5669914692708;1866000.0;126.0385005065856;1.0;1.9088960342979635;;
4622;Kvam;2022;381;11229.0;56446.0;2928000.0;1560000.0;248000.0;389000.0;2829000.0;260.7534063585359;138.92599519102325;22.0856710303678;99.74174013714489;34.64244367263336;50.11869751621018;295.3958500311693;345.5145475473795;1111000.0;98.94024401104284;1.0;1.4041404140414042;renhold_urimelig_lav;
4623;Samnanger;2022;381;522.0;13885.0;189000.0;73000.0;42000.0;368000.0;409000.0;362.0689655172414;139.84674329501917;80.45977011494253;141.7624521072797;704.9808429118774;29.456247749369822;1067.0498084291187;1096.5060561784885;54000.0;103.44827586206897;1.0;1.3518518518518519;;
4624;Bjørnafjorden;2022;381;22417.0;112168.0;770000.0;0.0;186000.0;97000.0;6736000.0;34.34893161439979;0.0;8.297274389971896;26.05165722442789;4.32707320337244;60.0527779758933;38.676004817772224;98.72878279366552;2761000.0;123.16545478877637;1.0;0.0;drift_urimelig_lav|energi_urimelig_lav|renhold_urimelig_lav;implisitt_pris_utenfor
4625;Austevoll;2022;381;8800.0;33930.0;9786000.0;2651000.0;0.0;450000.0;1743000.0;1112.0454545454545;301.25;0.0;810.7954545454545;51.13636363636363;51.37046861184792;1163.1818181818182;1214.552286793666;1239000.0;140.79545454545453;1.0;2.139628732849072;renhold_urimelig_lav;
4626;Øygarden;2022;381;22477.0;167932.0;17896000.0;5053000.0;3237000.0;1519000.0;8285000.0;796.1916625884237;224.80758108288472;144.01388085598612;427.3702006495529;67.58019308626596;49.335445299287805;863.7718556746897;913.1073009739775;2826000.0;125.72852248965609;0.9493984430290163;1.7880396319886767;;
4627;Askøy;2022;381;9955.0;115981.0;13650000.0;3104000.0;0.0;510000.0;13027000.0;1371.1702661978904;311.80311401305875;0.0;1059.3671521848316;51.230537418382724;112.32012139919469;1422.4008036162732;1534.7209250154679;1890000.0;189.85434455047715;1.0;1.6423280423280422;renhold_urimelig_lav;
4628;Vaksdal;2022;381;4032.0;29957.0;936000.0;267000.0;1000.0;278000.0;1640000.0;232.14285714285714;66.2202380952381;0.24801587301587302;165.67460317460316;68.9484126984127;54.74513469306005;301.0912698412698;355.83640453432986;539000.0;133.68055555555554;1.0;0.4953617810760669;renhold_urimelig_lav;implisitt_pris_utenfor
4629;Modalen;2022;381;0.0;7749.0;78000.0;6000.0;40000.0;13000.0;370000.0;;;;;;;;;0.0;;;;areal_mangler;areal_mangler|kwh_mangler
4630;Osterøy;2022;381;0.0;0.0;162000.0;128000.0;0.0;126000.0;119000.0;;;;;;;;;0.0;;;;areal_mangler;areal_mangler|kwh_mangler
4631;Alver;2022;381;22094.0;156397.0;7123000.0;2082000.0;1161000.0;1279000.0;14959000.0;322.395220421834;94.23372861410337;52.548203132072054;175.61328867565854;57.88901964334208;95.6476147240676;380.28424006517605;475.93185478924363;;;;;;kwh_mangler
4632;Austrheim;2022;381;2738.0;16568.0;2057000.0;680000.0;369000.0;356000.0;89000.0;751.2783053323594;248.35646457268078;134.7699050401753;368.1519357195033;130.02191380569758;5.37180106228875;881.300219138057;886.6720202003457;309000.0;112.85609934258584;1.0;2.200647249190938;;
4633;Fedje;2022;381;1471.0;6067.0;688000.0;207000.0;137000.0;98000.0;518000.0;467.7090414683889;140.7205982324949;93.13392250169953;233.85452073419444;66.62134602311353;85.37992417999011;534.3303874915024;619.7103116714925;;;;;;kwh_mangler
4634;Masfjorden;2022;381;2700.0;22465.0;1054000.0;561000.0;79000.0;128000.0;14000.0;390.3703703703704;207.77777777777777;29.25925925925926;153.33333333333334;47.407407407407405;0.6231916314266637;437.77777777777777;438.40096940920444;305000.0;112.96296296296296;1.0;1.839344262295082;renhold_urimelig_lav;
4635;Gulen;2022;381;0.0;17310.0;0.0;0.0;0.0;0.0;2937000.0;;;;;;;;;0.0;;;;areal_mangler|drift_null;areal_mangler|kwh_mangler
4636;Solund;2022;381;1325.0;6913.0;536000.0;34000.0;62000.0;370000.0;1069000.0;404.52830188679246;25.660377358490567;46.79245283018868;332.07547169811323;279.24528301886795;154.6361926804571;683.7735849056604;838.4097775861176;295000.0;222.64150943396226;1.0;0.11525423728813561;energi_urimelig_lav|renhold_urimelig_lav;implisitt_pris_utenfor
4637;Hyllestad;2022;381;2878.0;15556.0;804000.0;12000.0;206000.0;111000.0;241000.0;279.36066712995137;4.169562195969423;71.57748436414177;203.61362056984018;38.56845031271717;15.492414502442788;317.92911744266854;333.4215319451113;126000.0;43.780403057678946;1.0;0.09523809523809523;energi_urimelig_lav;kwh_urimelig_lav|implisitt_pris_utenfor
4638;Høyanger;2022;381;4584.0;26619.0;6873000.0;920000.0;1184000.0;393000.0;2480000.0;1499.34554973822;200.6980802792321;258.28970331588135;1040.3577661431063;85.73298429319372;93.16653518163717;1585.0785340314137;1678.2450692130508;1178000.0;256.98080279232113;1.0;0.7809847198641765;;
4639;Vik;2022;381;2019.0;16737.0;0.0;0.0;0.0;0.0;394000.0;0.0;0.0;0.0;0.0;0.0;23.540658421461433;0.0;23.540658421461433;289000.0;143.14016840019812;1.0;0.0;drift_null|drift_urimelig_lav|energi_urimelig_lav|renhold_urimelig_lav;implisitt_pris_utenfor
4641;Aurland;2022;381;7416.0;22592.0;3440000.0;780000.0;936000.0;777000.0;1110000.0;463.8619201725998;105.1779935275081;126.2135922330097;232.470334412082;104.77346278317152;49.13243626062323;568.6353829557713;617.7678192163945;967000.0;130.39374325782092;1.0;0.8066184074457085;;
4642;Lærdal;2022;381;1909.0;13358.0;483000.0;188000.0;0.0;24000.0;0.0;253.0120481927711;98.48088004190676;0.0;154.53116815086432;12.572027239392352;0.0;265.58407543216344;265.58407543216344;676000.0;354.1121005762179;1.0;0.2781065088757396;renhold_urimelig_lav;implisitt_pris_utenfor
4643;Årdal;2022;381;5950.0;39566.0;6566000.0;2423000.0;200000.0;641000.0;4062000.0;1103.5294117647059;407.2268907563025;33.61344537815126;662.6890756302521;107.73109243697479;102.66390335136228;1211.2605042016808;1313.924407553043;1395000.0;234.45378151260505;0.996415770609319;1.7369175627240143;renhold_urimelig_lav;
4644;Luster;2022;381;2999.0;36149.0;10709000.0;1166000.0;2000.0;911000.0;2657000.0;3570.856952317439;388.7962654218073;0.6668889629876625;3181.3937979326442;303.7679226408803;73.50134166920246;3874.6248749583197;3948.126216627522;2005000.0;668.5561853951317;1.0;0.5815461346633417;renhold_urimelig_lav;kwh_urimelig_hoy
4645;Askvoll;2022;381;2203.0;16987.0;320000.0;214000.0;0.0;122000.0;1748000.0;145.25646845211077;97.14026327734906;0.0;48.11620517476169;55.379028597367224;102.9022193442044;200.63549704947798;303.5377163936824;314000.0;142.5329096686337;1.0;0.6815286624203821;drift_urimelig_lav|renhold_urimelig_lav;
4646;Fjaler;2022;381;5727.0;28018.0;260000.0;9000.0;61000.0;71000.0;286000.0;45.39898725336127;1.571503404924044;10.651300855596299;33.17618299284093;12.397415749956346;10.207723606253124;57.79640300331762;68.00412660957075;51000.0;8.90518596123625;1.0;0.1764705882352941;drift_urimelig_lav|energi_urimelig_lav|renhold_urimelig_lav;kwh_urimelig_lav|implisitt_pris_utenfor
4647;Sunnfjord;2022;381;21589.0;146618.0;9384000.0;988000.0;2656000.0;338000.0;6574000.0;434.66580202881096;45.764046505164664;123.02561489647506;265.87614062717125;15.656121172819491;44.837605205363595;450.32192320163045;495.15952840699407;776000.0;35.94423085830747;1.0;1.2731958762886597;;kwh_urimelig_lav
4649;Stad;2022;381;4118.0;57606.0;2434000.0;159000.0;318000.0;128000.0;4001000.0;591.0636231180184;38.61097620203982;77.22195240407964;475.230694511899;31.083050024283633;69.45457070444051;622.1466731423021;691.6012438467426;802000.0;194.75473530840213;1.0;0.19825436408977554;energi_urimelig_lav;implisitt_pris_utenfor
4650;Gloppen;2022;381;6639.0;33775.0;1997000.0;0.0;0.0;2000.0;2759000.0;300.7983129989456;0.0;0.0;300.7983129989456;0.3012501882813677;81.68763878608438;301.099563187227;382.78720197331137;784000.0;118.09007380629613;1.0;0.0;energi_urimelig_lav|renhold_urimelig_lav;implisitt_pris_utenfor
4651;Stryn;2022;381;3515.0;40985.0;2941000.0;719000.0;340000.0;310000.0;2455000.0;836.6998577524894;204.55192034139404;96.72830725462305;535.4196301564723;88.19345661450924;59.89996340124436;924.8933143669985;984.7932777682429;1019000.0;289.90042674253203;1.0;0.7055937193326791;;
5001;Trondheim - Tråante;2022;381;62214.0;845696.0;60865000.0;2779000.0;5726000.0;5660000.0;74801000.0;978.3167775741795;44.66840261034494;92.03716205355708;841.6112129102775;90.9763075835021;88.44904079007114;1069.2930851576816;1157.7421259477528;8660000.0;139.19696531327355;1.0;0.32090069284064665;;implisitt_pris_utenfor
5006;Steinkjer - Stïentje;2022;381;0.0;122451.0;2611000.0;1259000.0;0.0;620000.0;19199000.0;;;;;;;;;0.0;;;;areal_mangler;areal_mangler|kwh_mangler
5007;Namsos - Nåavmesjenjaelmie;2022;381;19408.0;83428.0;7407000.0;1815000.0;608000.0;2475000.0;5726000.0;381.6467436108821;93.51813685078318;31.327287716405607;256.8013190436933;127.5247320692498;68.63403173994342;509.1714756801319;577.8055074200753;2201000.0;113.40684253915911;1.0;0.8246251703771013;renhold_urimelig_lav;
5014;Frøya;2022;381;1800.0;29673.0;4577000.0;804000.0;546000.0;454000.0;796000.0;2542.777777777778;446.6666666666667;303.3333333333333;1792.7777777777778;252.22222222222223;26.82573383210326;2795.0;2821.825733832103;180000.0;100.0;1.0;4.466666666666667;;implisitt_pris_utenfor
5020;Osen;2022;381;1082.0;7958.0;315000.0;112000.0;0.0;0.0;287000.0;291.1275415896488;103.51201478743069;0.0;187.6155268022181;0.0;36.06433777330988;291.1275415896488;327.1918793629587;117000.0;108.13308687615528;1.0;0.9572649572649572;renhold_urimelig_lav;
5021;Oppdal;2022;381;3025.0;34224.0;3653000.0;395000.0;383000.0;403000.0;2840000.0;1207.603305785124;130.5785123966942;126.61157024793388;950.4132231404959;133.22314049586777;82.98270219728845;1340.8264462809918;1423.8091484782803;320000.0;105.78512396694215;1.0;1.234375;;
5022;Rennebu;2022;381;3872.0;22891.0;2770000.0;788000.0;406000.0;92000.0;70000.0;715.3925619834711;203.51239669421489;104.85537190082644;407.02479338842977;23.760330578512395;3.057970381372592;739.1528925619834;742.210862943356;753000.0;194.47314049586777;1.0;1.046480743691899;;
5025;Røros - Rosse;2022;381;382.0;35704.0;0.0;0.0;0.0;0.0;4305000.0;0.0;0.0;0.0;0.0;0.0;120.57472552095004;0.0;120.57472552095004;53000.0;138.7434554973822;1.0;0.0;areal_for_lite|drift_null|drift_urimelig_lav|energi_urimelig_lav|renhold_urimelig_lav;areal_for_lite|implisitt_pris_utenfor
5026;Holtålen;2022;381;0.0;13179.0;0.0;0.0;0.0;0.0;742000.0;;;;;;;;;0.0;;;;areal_mangler|drift_null;areal_mangler|kwh_mangler
5027;Midtre Gauldal;2022;381;4115.0;36604.0;3499000.0;541000.0;336000.0;135000.0;-18000.0;850.3037667071688;131.47023086269743;81.65249088699879;637.1810449574726;32.806804374240585;-0.4917495355698831;883.1105710814095;882.6188215458396;652000.0;158.44471445929526;1.0;0.8297546012269938;;
5028;Melhus;2022;381;15895.0;102648.0;11113000.0;1546000.0;1878000.0;1114000.0;11574000.0;699.1506763133061;97.26329034287512;118.15036174897767;483.7370242214533;70.0849323686694;112.75426700958616;769.2356086819755;881.9898756915616;919000.0;57.8169235608682;0.8541893362350381;1.6822633297062024;;
5029;Skaun;2022;381;2500.0;46711.0;1138000.0;262000.0;201000.0;255000.0;4607000.0;455.2;104.8;80.4;270.0;102.0;98.62773222581404;557.2;655.8277322258141;156000.0;62.4;1.0;1.6794871794871795;;
5031;Malvik;2022;381;5444.0;61995.0;7178000.0;1405000.0;866000.0;408000.0;5527000.0;1318.5157972079353;258.0822924320353;159.07421013960322;901.3592946362968;74.94489346069066;89.15235099604807;1393.460690668626;1482.613041664674;1176000.0;216.017634092579;1.0;1.1947278911564625;;
5032;Selbu;2022;381;3236.0;29532.0;1699000.0;437000.0;393000.0;50000.0;1509000.0;525.0309023485785;135.04326328800988;121.44622991347343;268.5414091470952;15.451174289245984;51.09711499390492;540.4820766378244;591.5791916317294;433000.0;133.8071693448702;1.0;1.0092378752886837;;
5033;Tydal;2022;381;3000.0;13494.0;1420000.0;390000.0;273000.0;184000.0;1357000.0;473.3333333333333;130.0;91.0;252.33333333333334;61.333333333333336;100.56321327997628;534.6666666666666;635.2298799466429;448000.0;149.33333333333334;1.0;0.8705357142857142;;
5034;Meråker;2022;381;450.0;16105.0;663000.0;0.0;281000.0;1000.0;1904000.0;1473.3333333333333;0.0;624.4444444444445;848.8888888888889;2.2222222222222223;118.22415398944428;1475.5555555555557;1593.7797095449998;0.0;0.0;;;areal_for_lite|energi_urimelig_lav;areal_for_lite|kwh_null|kwh_urimelig_lav
5035;Stjørdal;2022;381;20912.0;145031.0;18847000.0;2052000.0;2488000.0;3061000.0;8831000.0;901.2528691660291;98.12547819433819;118.97475133894415;684.1526396327467;146.3752869166029;60.890430321793275;1047.628156082632;1108.5185864044252;2420000.0;115.7230298393267;1.0;0.8479338842975207;;
5036;Frosta;2022;381;0.0;14410.0;0.0;0.0;0.0;0.0;625000.0;;;;;;;;;0.0;;;;areal_mangler|drift_null;areal_mangler|kwh_mangler
5037;Levanger;2022;381;5172.0;81531.0;20014000.0;3298000.0;1562000.0;501000.0;11886000.0;3869.6829079659706;637.6643464810518;302.0108275328693;2930.0077339520494;96.8677494199536;145.78503881959008;3966.5506573859243;4112.335696205514;759000.0;146.75174013921114;1.0;4.345191040843215;DV_uteligger_hoy;implisitt_pris_utenfor
5038;Verdal;2022;381;1500.0;80600.0;3931000.0;192000.0;0.0;268000.0;2228000.0;2620.6666666666665;128.0;0.0;2492.6666666666665;178.66666666666666;27.642679900744415;2799.3333333333335;2826.976013234078;154000.0;102.66666666666667;1.0;1.2467532467532467;renhold_urimelig_lav;
5041;Snåase - Snåsa;2022;381;1810.0;18203.0;132000.0;117000.0;5000.0;53000.0;2027000.0;72.92817679558011;64.64088397790056;2.7624309392265194;5.524861878453039;29.281767955801104;111.35527110915783;102.20994475138122;213.56521586053904;129000.0;71.2707182320442;1.0;0.9069767441860466;drift_urimelig_lav|renhold_urimelig_lav;
5042;Lierne;2022;381;4363.0;16510.0;345000.0;113000.0;129000.0;112000.0;1230000.0;79.07403162961265;25.899610359844143;29.56681182672473;23.607609443043778;25.670410268164108;74.50030284675954;104.74444189777675;179.2447447445363;685000.0;157.00206280082512;1.0;0.16496350364963502;drift_urimelig_lav|energi_urimelig_lav|renhold_urimelig_lav;implisitt_pris_utenfor
5043;Raarvihke - Røyrvik;2022;381;2137.0;8151.0;1161000.0;212000.0;145000.0;51000.0;1349000.0;543.2849789424426;99.20449227889564;67.85212915301825;376.2283575105288;23.865231633130556;165.5011655011655;567.1502105755733;732.6513760767388;512000.0;239.58820776789892;1.0;0.4140625;;implisitt_pris_utenfor
5044;Namsskogan;2022;381;2412.0;12883.0;14000.0;0.0;0.0;0.0;1040000.0;5.804311774461028;0.0;0.0;5.804311774461028;0.0;80.72653884964681;5.804311774461028;86.53085062410784;398000.0;165.00829187396351;1.0;0.0;drift_urimelig_lav|energi_urimelig_lav|renhold_urimelig_lav;implisitt_pris_utenfor
5045;Grong;2022;381;4496.0;21961.0;1787000.0;626000.0;490000.0;36000.0;2654000.0;397.4644128113879;139.23487544483984;108.98576512455516;149.24377224199287;8.00711743772242;120.8505987887619;405.47153024911034;526.3221290378723;542000.0;120.55160142348754;1.0;1.154981549815498;;
5046;Høylandet;2022;381;3951.0;11776.0;1172000.0;151000.0;328000.0;111000.0;2330000.0;296.63376360415083;38.218172614527965;83.0169577322197;175.3986332574032;28.09415337889142;197.8600543478261;324.7279169830423;522.5879713308684;228000.0;57.70690964312832;1.0;0.6622807017543859;energi_urimelig_lav;
5047;Overhalla;2022;381;1916.0;29598.0;725000.0;202000.0;168000.0;104000.0;785000.0;378.39248434237993;105.42797494780794;87.68267223382045;185.28183716075156;54.27974947807933;26.522062301506857;432.67223382045927;459.19429612196615;296000.0;154.48851774530272;1.0;0.6824324324324325;;
5049;Flatanger;2022;381;1768.0;12367.0;179000.0;0.0;0.0;33000.0;104000.0;101.24434389140272;0.0;0.0;101.24434389140272;18.665158371040725;8.409476833508531;119.90950226244344;128.31897909595196;430000.0;243.21266968325793;1.0;0.0;drift_urimelig_lav|energi_urimelig_lav|renhold_urimelig_lav;implisitt_pris_utenfor
5052;Leka;2022;381;0.0;5220.0;127000.0;0.0;0.0;15000.0;282000.0;;;;;;;;;0.0;;;;areal_mangler;areal_mangler|kwh_mangler
5053;Inderøy;2022;381;0.0;39345.0;281000.0;11000.0;0.0;28000.0;3202000.0;;;;;;;;;8000.0;;1.0;;areal_mangler;areal_mangler
5054;Indre Fosen;2022;381;6186.0;60980.0;4033000.0;699000.0;1506000.0;633000.0;5292000.0;651.9560297445845;112.99709020368574;243.4529582929195;295.5059812479793;102.3278370514064;86.78255165628075;754.283866795991;841.0664184522717;853000.0;137.89201422567086;1.0;0.8194607268464245;;
5055;Heim;2022;381;5917.0;38550.0;4538000.0;457000.0;1309000.0;261000.0;2150000.0;766.9427074531012;77.23508534730438;221.22697312827447;468.4806489775224;44.11019097515633;55.77172503242542;811.0528984282575;866.8246234606829;636000.0;107.48690214635795;1.0;0.7185534591194969;;
5056;Hitra;2022;381;0.0;30746.0;218000.0;0.0;0.0;4000.0;3388000.0;;;;;;;;;0.0;;;;areal_mangler;areal_mangler|kwh_mangler
5057;Ørland;2022;381;21234.0;117886.0;10458000.0;2517000.0;1906000.0;1399000.0;6336000.0;492.5120090421023;118.53630969200339;89.76170292926439;284.2139964208345;65.88490157294905;53.74684016761957;558.3969106150513;612.1437507826708;1659000.0;78.12941508900819;1.0;1.5171790235081375;;
5058;Åfjord;2022;381;5942.0;27250.0;7496000.0;983000.0;1331000.0;865000.0;1157000.0;1261.5281050151464;165.43251430494783;223.99865365196902;872.0969370582295;145.57388084819925;42.45871559633027;1407.1019858633456;1449.5607014596758;454000.0;76.40525075732077;1.0;2.1651982378854626;;
5059;Orkland;2022;381;20001.0;96033.0;2057000.0;619000.0;121000.0;426000.0;9387000.0;102.84485775711214;30.948452577371132;6.049697515124244;65.84670766461677;21.298935053247337;97.74764924557184;124.14379281035949;221.89144205593132;4454000.0;222.68886555672216;0.9779973057925461;0.1389762011674899;drift_urimelig_lav|energi_urimelig_lav|renhold_urimelig_lav;implisitt_pris_utenfor
5060;Nærøysund;2022;381;20400.0;89766.0;13164000.0;2922000.0;2132000.0;738000.0;7921000.0;645.2941176470588;143.23529411764707;104.50980392156863;397.54901960784315;36.1764705882353;88.24053650602679;681.4705882352941;769.7111247413209;2400000.0;117.6470588235294;1.0;1.2175000000000002;;
5061;Rindal;2022;381;2316.0;15914.0;0.0;0.0;0.0;0.0;0.0;0.0;0.0;0.0;0.0;0.0;0.0;0.0;0.0;319000.0;137.73747841105353;1.0;0.0;drift_null|drift_urimelig_lav|energi_urimelig_lav|renhold_urimelig_lav;implisitt_pris_utenfor
5401;Tromsø (2020-2023);2022;381;45986.0;330382.0;53097000.0;5579000.0;1793000.0;3040000.0;23163000.0;1154.6340190492758;121.31953203148784;38.99012743008742;994.3243595877007;66.10707606662898;70.10975174192299;1220.7410951159047;1290.8508468578277;15999000.0;347.9102335493411;1.0;0.34870929433089565;renhold_urimelig_lav;implisitt_pris_utenfor
5402;Harstad (2020-2023);2022;381;19279.0;148707.0;7264000.0;1821000.0;296000.0;1576000.0;12942000.0;376.78302816536126;94.4551065926656;15.35349343845635;266.9744281342393;81.74697857772706;87.03020032681717;458.53000674308834;545.5602070699055;3224000.0;167.2285906945381;1.0;0.5648263027295286;renhold_urimelig_lav;
5403;Alta (2020-2023);2022;381;16559.0;179115.0;7305000.0;1393000.0;4000.0;769000.0;7884000.0;441.1498278881575;84.12343740564043;0.2415604807053566;356.7848300018117;46.44000241560481;44.0164140356754;487.5898303037623;531.6062443394377;6634000.0;400.62805724983394;1.0;0.20997889659330718;renhold_urimelig_lav;implisitt_pris_utenfor
5404;Vardø (2020-2023);2022;381;0.0;115.0;2703000.0;745000.0;0.0;142000.0;607000.0;;;;;;;;;0.0;;;;areal_mangler;areal_mangler|kwh_mangler
5405;Vadsø (2020-2023);2022;381;9100.0;52843.0;3490000.0;902000.0;273000.0;424000.0;958000.0;383.5164835164835;99.12087912087912;30.0;254.3956043956044;46.59340659340659;18.129175103608805;430.1098901098901;448.2390652134989;1540000.0;169.23076923076923;1.0;0.5857142857142857;renhold_urimelig_lav;
5406;Hammerfest (2020-2023);2022;381;24137.0;113507.0;9841000.0;1427000.0;1250000.0;1774000.0;5990000.0;407.714297551477;59.12085180428388;51.78771181174131;296.80573393545177;73.49712060322327;52.77207573101219;481.21141815470025;533.9834938857124;3563000.0;147.61569374818743;1.0;0.4005051922537188;;implisitt_pris_utenfor
5411;Kvæfjord (2020-2023);2022;381;5480.0;29583.0;2980000.0;585000.0;2000.0;99000.0;771000.0;543.7956204379562;106.75182481751825;0.36496350364963503;436.6788321167883;18.065693430656935;26.062265490315383;561.8613138686131;587.9235793589285;1145000.0;208.94160583941607;1.0;0.5109170305676856;renhold_urimelig_lav;
5412;Tjeldsund (2020-2023);2022;381;0.0;24100.0;1673000.0;432000.0;612000.0;79000.0;1136000.0;;;;;;;;;1650000.0;;1.0;;areal_mangler;areal_mangler
5413;Ibestad (2020-2023);2022;381;2000.0;10816.0;316000.0;185000.0;0.0;135000.0;483000.0;158.0;92.5;0.0;65.5;67.5;44.656065088757394;225.5;270.1560650887574;206000.0;103.0;1.0;0.8980582524271845;drift_urimelig_lav|renhold_urimelig_lav;
5414;Gratangen (2020-2023);2022;381;593.0;11071.0;0.0;0.0;0.0;0.0;0.0;0.0;0.0;0.0;0.0;0.0;0.0;0.0;0.0;46000.0;77.57166947723441;1.0;0.0;drift_null|drift_urimelig_lav|energi_urimelig_lav|renhold_urimelig_lav;implisitt_pris_utenfor
5415;Loabák - Lavangen (2020-2023);2022;381;1963.0;9085.0;0.0;0.0;0.0;0.0;2123000.0;0.0;0.0;0.0;0.0;0.0;233.68189323059988;0.0;233.68189323059988;303000.0;154.3555781966378;1.0;0.0;drift_null|drift_urimelig_lav|energi_urimelig_lav|renhold_urimelig_lav;implisitt_pris_utenfor
5416;Bardu (2020-2023);2022;381;5030.0;24858.0;4386000.0;679000.0;402000.0;607000.0;1757000.0;871.9681908548707;134.99005964214712;79.92047713717695;657.0576540755467;120.67594433399603;70.68147075388205;992.6441351888668;1063.3256059427488;1234000.0;245.32803180914513;1.0;0.5502431118314425;;
5417;Salangen (2020-2023);2022;381;2164.0;16897.0;1642000.0;287000.0;392000.0;39000.0;606000.0;758.7800369685767;132.62476894639556;181.14602587800368;445.00924214417745;18.02218114602588;35.864354619163166;776.8022181146026;812.6665727337657;398000.0;183.91866913123846;1.0;0.7211055276381909;;
5418;Målselv (2020-2023);2022;381;4845.0;44810.0;3939000.0;813000.0;310000.0;286000.0;1762000.0;813.0030959752322;167.80185758513932;63.98348813209494;581.217750257998;59.02992776057791;39.32158000446329;872.0330237358102;911.3546037402734;1006000.0;207.63673890608874;1.0;0.8081510934393639;;
5419;Sørreisa (2020-2023);2022;381;3384.0;24183.0;2822000.0;336000.0;586000.0;18000.0;4186000.0;833.9243498817967;99.29078014184397;173.1678486997636;561.4657210401891;5.319148936170213;173.09680353967664;839.243498817967;1012.3403023576436;574000.0;169.62174940898345;1.0;0.5853658536585366;;
5420;Dyrøy (2020-2023);2022;381;0.0;9114.0;0.0;0.0;0.0;0.0;2378000.0;;;;;;;;;0.0;;;;areal_mangler|drift_null;areal_mangler|kwh_mangler
5421;Senja (2020-2023);2022;381;8585.0;103565.0;693000.0;213000.0;132000.0;764000.0;14163000.0;80.72218986604543;24.81071636575422;15.375655212580082;40.53581828771112;88.99242865463017;136.75469511900738;169.7146185206756;306.469313639683;626000.0;72.91788002329645;1.0;0.3402555910543131;drift_urimelig_lav|energi_urimelig_lav|renhold_urimelig_lav;implisitt_pris_utenfor
5422;Balsfjord (2020-2023);2022;381;2750.0;41015.0;387000.0;0.0;0.0;0.0;2955000.0;140.72727272727272;0.0;0.0;140.72727272727272;0.0;72.04681214189931;140.72727272727272;212.77408486917204;0.0;0.0;;;drift_urimelig_lav|energi_urimelig_lav|renhold_urimelig_lav;kwh_null|kwh_urimelig_lav
5423;Karlsøy (2020-2023);2022;381;1898.0;13746.0;888000.0;288000.0;0.0;437000.0;2229000.0;467.8609062170706;151.7386722866175;0.0;316.1222339304531;230.24236037934668;162.15626364033173;698.1032665964173;860.259530236749;613000.0;322.9715489989463;1.0;0.46982055464926586;renhold_urimelig_lav;implisitt_pris_utenfor
5424;Lyngen (2020-2023);2022;381;2500.0;26525.0;931000.0;163000.0;112000.0;56000.0;995000.0;372.4;65.2;44.8;262.4;22.4;37.51178133836004;394.8;432.31178133836005;259000.0;103.6;1.0;0.6293436293436294;renhold_urimelig_lav;
5425;Storfjord - Omasvuotna - Omasvuono (2020-2023);2022;381;1916.0;22486.0;372000.0;111000.0;0.0;20000.0;1272000.0;194.1544885177453;57.93319415448852;0.0;136.2212943632568;10.438413361169102;56.56853153073023;204.5929018789144;261.16143340964464;212000.0;110.64718162839249;1.0;0.5235849056603773;drift_urimelig_lav|renhold_urimelig_lav;
5426;Gáivuotna - Kåfjord - Kaivuono (2020-2023);2022;381;2327.0;16413.0;410000.0;89000.0;341000.0;38000.0;1206000.0;176.19252256123764;38.24666953158573;146.54061022776108;-8.594757198109154;16.33003867640739;73.47834033997441;192.52256123764505;266.00090157761946;326000.0;140.0945423291792;1.0;0.27300613496932513;drift_mindre_enn_delposter|drift_urimelig_lav|energi_urimelig_lav;implisitt_pris_utenfor
5427;Skjervøy (2020-2023);2022;381;2023.0;28698.0;280000.0;3000.0;144000.0;29000.0;1690000.0;138.4083044982699;1.4829461196243203;71.18141374196738;65.7439446366782;14.335145823035097;58.889121193114505;152.743450321305;211.6325715144195;529000.0;261.4928324270885;1.0;0.005671077504725897;drift_urimelig_lav|energi_urimelig_lav;implisitt_pris_utenfor
5428;Nordreisa (2020-2023);2022;381;4148.0;36884.0;760000.0;151000.0;272000.0;42000.0;2975000.0;183.22082931533268;36.40308582449373;65.57377049180327;81.24397299903568;10.12536162005786;80.65828001301378;193.34619093539055;274.00447094840433;790000.0;190.45323047251688;1.0;0.1911392405063291;drift_urimelig_lav|energi_urimelig_lav;implisitt_pris_utenfor
5429;Kvænangen (2020-2023);2022;381;1400.0;12761.0;0.0;0.0;0.0;0.0;345000.0;0.0;0.0;0.0;0.0;0.0;27.03549878536165;0.0;27.03549878536165;0.0;0.0;;;drift_null|drift_urimelig_lav|energi_urimelig_lav|renhold_urimelig_lav;kwh_null|kwh_urimelig_lav
5430;Guovdageaidnu-Kautokeino (2020-2023);2022;381;3959.0;21128.0;777000.0;181000.0;41000.0;204000.0;2182000.0;196.26168224299064;45.71861581207376;10.35615054306643;140.18691588785046;51.52816367769639;103.27527451722833;247.78984592068704;351.06512043791537;367000.0;92.70017681232635;1.0;0.49318801089918257;drift_urimelig_lav|renhold_urimelig_lav;implisitt_pris_utenfor
5432;Loppa (2020-2023);2022;381;0.0;14705.0;0.0;0.0;0.0;0.0;497000.0;;;;;;;;;0.0;;;;areal_mangler|drift_null;areal_mangler|kwh_mangler
5433;Hasvik (2020-2023);2022;381;0.0;9880.0;36000.0;24000.0;3000.0;6000.0;902000.0;;;;;;;;;0.0;;;;areal_mangler;areal_mangler|kwh_mangler
5434;Måsøy (2020-2023);2022;381;1572.0;13756.0;475000.0;229000.0;17000.0;16000.0;0.0;302.16284987277356;145.67430025445293;10.814249363867685;145.67430025445293;10.178117048346056;0.0;312.3409669211196;312.3409669211196;308000.0;195.92875318066157;1.0;0.7435064935064936;renhold_urimelig_lav;
5435;Nordkapp (2020-2023);2022;381;8136.0;27126.0;1777000.0;268000.0;439000.0;1904000.0;0.0;218.4119960668633;32.94001966568338;53.95771878072763;131.5142576204523;234.02163225172075;0.0;452.43362831858406;452.43362831858406;298000.0;36.627335299901674;1.0;0.8993288590604026;energi_urimelig_lav;kwh_urimelig_lav
5436;Porsanger - Porsángu - Porsanki  (2020-2023);2022;381;3790.0;35246.0;235000.0;7000.0;2000.0;82000.0;2567000.0;62.00527704485488;1.8469656992084433;0.5277044854881267;59.63060686015831;21.63588390501319;72.83095954150825;83.64116094986808;156.47212049137633;276000.0;72.82321899736148;1.0;0.025362318840579712;drift_urimelig_lav|energi_urimelig_lav|renhold_urimelig_lav;implisitt_pris_utenfor
5437;Kárásjohka-Karasjok (2020-2023);2022;381;3262.0;25430.0;2215000.0;586000.0;0.0;390000.0;988000.0;679.0312691600245;179.64438994481912;0.0;499.3868792152054;119.55855303494789;38.851749901690916;798.5898221949724;837.4415720966633;1011000.0;309.93255671367257;1.0;0.579624134520277;renhold_urimelig_lav;
5438;Lebesby (2020-2023);2022;381;2850.0;12958.0;923000.0;205000.0;235000.0;94000.0;631000.0;323.859649122807;71.9298245614035;82.45614035087719;169.47368421052633;32.98245614035088;48.695786386788086;356.8421052631579;405.537891649946;571000.0;200.35087719298247;1.0;0.3590192644483362;;implisitt_pris_utenfor
5439;Gamvik (2020-2023);2022;381;2904.0;16288.0;840000.0;216000.0;217000.0;191000.0;1420000.0;289.25619834710744;74.3801652892562;74.72451790633609;140.15151515151516;65.77134986225896;87.18074656188605;355.0275482093664;442.20829477125244;393000.0;135.3305785123967;1.0;0.549618320610687;;
5440;Berlevåg (2020-2023);2022;381;2610.0;10314.0;1271000.0;342000.0;199000.0;361000.0;511000.0;486.97318007662835;131.0344827586207;76.24521072796935;279.69348659003833;138.31417624521072;49.54430870661237;625.2873563218391;674.8316650284514;416000.0;159.38697318007664;1.0;0.8221153846153846;;
5441;Deatnu-Tana (2020-2023);2022;381;0.0;303.0;2525000.0;497000.0;0.0;459000.0;2190000.0;;;;;;;;;0.0;;;;areal_mangler;areal_mangler|kwh_mangler
5442;Unjárga-Nesseby (2020-2023);2022;381;300.0;8863.0;120000.0;77000.0;0.0;79000.0;483000.0;400.0;256.6666666666667;0.0;143.33333333333334;263.3333333333333;54.49622024145323;663.3333333333334;717.8295535747866;152000.0;506.6666666666667;1.0;0.506578947368421;areal_for_lite|renhold_urimelig_lav;areal_for_lite|kwh_urimelig_hoy
5443;Båtsfjord (2020-2023);2022;381;2595.0;16687.0;1227000.0;631000.0;238000.0;147000.0;657000.0;472.8323699421965;243.15992292870905;91.71483622350674;137.95761078998072;56.64739884393064;39.37196620123449;529.4797687861271;568.8517349873616;423000.0;163.0057803468208;1.0;1.4917257683215128;;
5444;Sør-Varanger (2020-2023);2022;381;11508.0;70516.0;13605000.0;1804000.0;0.0;948000.0;1084000.0;1182.2210636079249;156.760514424748;0.0;1025.460549183177;82.37747653806048;15.372397753701287;1264.5985401459855;1279.9709378996868;2511000.0;218.19603753910323;1.0;0.7184388689765034;renhold_urimelig_lav;
